"vendas","descontos","venda_líquida","qtd_unidades","lucro","custo_entrega","custo_implicito","prioridades_pedidos","categorias_produto","sub_categorias_produto","modo_entrega"
124.56,0.04,119.5776,32,-14.33,2.0,131.9076,MEDIUM,OFFICE SUPPLIES,RUBBER BANDS,REGULAR AIR
196.85,0.01,194.8815,45,-166.85,6.18,355.5515,MEDIUM,OFFICE SUPPLIES,PAPER,REGULAR AIR
4679.1,0.05,4445.145,26,111.52,29.21,4304.415,CRITICAL,FURNITURE,TABLES,DELIVERY TRUCK
823.63,0.03,798.9211,44,375.02,3.77,420.13110000000006,NOT SPECIFIED,FURNITURE,OFFICE FURNISHINGS,REGULAR AIR
286.73,0.05,272.3935,42,-141.51,7.49,406.4135,NOT SPECIFIED,OFFICE SUPPLIES,PAPER,REGULAR AIR
3819.42,0.1,3437.478,44,-821.87,42.0,4217.348,LOW,FURNITURE,CHAIRS & CHAIRMATS,DELIVERY TRUCK
208.78,0.05,198.341,42,24.87,2.03,171.441,LOW,FURNITURE,OFFICE FURNISHINGS,REGULAR AIR
2692.6895,0.03,2611.908815,49,768.32,4.2,1839.3888149999998,MEDIUM,TECHNOLOGY,TELEPHONES AND COMMUNICATION,REGULAR AIR
151.19,0.03,146.6543,38,60.63,0.71,85.3143,MEDIUM,OFFICE SUPPLIES,RUBBER BANDS,REGULAR AIR
102.73,0.03,99.6481,16,16.33,2.5,80.8181,NOT SPECIFIED,OFFICE SUPPLIES,ENVELOPES,REGULAR AIR
167.37,0.1,150.633,4,-132.15,4.0,278.783,HIGH,TECHNOLOGY,COMPUTER PERIPHERALS,REGULAR AIR
1026.6385,0.0,1026.6385,18,-201.05,19.99,1207.6985,HIGH,TECHNOLOGY,TELEPHONES AND COMMUNICATION,REGULAR AIR
2405.4575,0.01,2381.402925,40,571.54,7.69,1802.1729249999999,CRITICAL,TECHNOLOGY,TELEPHONES AND COMMUNICATION,REGULAR AIR
2162.8165,0.01,2141.188335,20,223.25,8.99,1908.948335,NOT SPECIFIED,TECHNOLOGY,TELEPHONES AND COMMUNICATION,REGULAR AIR
399.76,0.04,383.76959999999997,27,48.13,3.5,332.1396,MEDIUM,OFFICE SUPPLIES,APPLIANCES,REGULAR AIR
5393.27,0.1,4853.943,22,353.72,28.06,4472.163,MEDIUM,TECHNOLOGY,OFFICE MACHINES,DELIVERY TRUCK
264.63,0.02,259.3374,9,-66.78,4.0,322.1174,HIGH,TECHNOLOGY,COMPUTER PERIPHERALS,EXPRESS AIR
239.3,0.06,224.942,34,41.31,2.83,180.802,CRITICAL,FURNITURE,OFFICE FURNISHINGS,REGULAR AIR
260.41,0.0,260.41,38,-45.75,5.35,300.81000000000006,CRITICAL,OFFICE SUPPLIES,PAPER,EXPRESS AIR
3075.83,0.03,2983.5551,50,1207.91,1.99,1773.6551000000002,NOT SPECIFIED,TECHNOLOGY,COMPUTER PERIPHERALS,REGULAR AIR
73.37,0.04,70.43520000000001,24,16.1,0.99,53.34520000000001,NOT SPECIFIED,OFFICE SUPPLIES,LABELS,REGULAR AIR
527.6,0.0,527.6,50,221.59,1.79,304.22,NOT SPECIFIED,OFFICE SUPPLIES,PAPER,REGULAR AIR
271.33,0.07,252.33689999999999,29,-191.09,9.45,433.9769,LOW,OFFICE SUPPLIES,STORAGE & ORGANIZATION,REGULAR AIR
1115.2,0.09,1014.8320000000001,41,301.31,1.99,711.5320000000002,CRITICAL,TECHNOLOGY,COMPUTER PERIPHERALS,REGULAR AIR
36.75,0.06,34.545,19,-9.82,1.49,42.875,CRITICAL,OFFICE SUPPLIES,BINDERS AND BINDER ACCESSORIES,REGULAR AIR
97.86,0.04,93.9456,6,-21.09,8.99,106.04560000000001,CRITICAL,FURNITURE,OFFICE FURNISHINGS,REGULAR AIR
173.44,0.05,164.768,42,-172.4,6.6,330.568,LOW,FURNITURE,OFFICE FURNISHINGS,REGULAR AIR
7477.78,0.09,6804.7798,31,883.29,41.91,5879.5798,HIGH,FURNITURE,BOOKCASES,DELIVERY TRUCK
270.39,0.01,267.6861,24,-30.42,7.94,290.16610000000003,HIGH,FURNITURE,OFFICE FURNISHINGS,REGULAR AIR
201.35,0.02,197.323,30,-107.37,7.5,297.193,HIGH,OFFICE SUPPLIES,PAPER,EXPRESS AIR
15.38,0.01,15.2262,5,1.61,0.5,13.116200000000001,HIGH,OFFICE SUPPLIES,LABELS,REGULAR AIR
43.97,0.04,42.2112,22,-9.05,1.49,49.77119999999999,LOW,OFFICE SUPPLIES,BINDERS AND BINDER ACCESSORIES,REGULAR AIR
6152.52,0.08,5660.3184,39,768.06,30.0,4862.258400000001,NOT SPECIFIED,FURNITURE,CHAIRS & CHAIRMATS,DELIVERY TRUCK
20.17,0.05,19.1615,5,-15.42,3.97,30.6115,NOT SPECIFIED,OFFICE SUPPLIES,PENS & ART SUPPLIES,REGULAR AIR
235.98,0.03,228.9006,21,11.82,3.37,213.7106,NOT SPECIFIED,OFFICE SUPPLIES,"SCISSORS, RULERS AND TRIMMERS",REGULAR AIR
195.96,0.1,176.364,19,-104.82,6.5,274.68399999999997,LOW,TECHNOLOGY,COMPUTER PERIPHERALS,REGULAR AIR
6607.92,0.06,6211.4448,34,1462.72,24.49,4724.2348,NOT SPECIFIED,TECHNOLOGY,COPIERS AND FAX,REGULAR AIR
278.94,0.01,276.1506,30,-143.7,9.86,409.9906,MEDIUM,OFFICE SUPPLIES,PAPER,REGULAR AIR
670.94,0.02,657.5212,15,87.51,1.99,568.0212,HIGH,TECHNOLOGY,COMPUTER PERIPHERALS,REGULAR AIR
32.92,0.05,31.274,8,-7.73,2.0,37.004000000000005,HIGH,OFFICE SUPPLIES,RUBBER BANDS,REGULAR AIR
36.86,0.07,34.2798,5,-32.82,8.49,58.6098,MEDIUM,OFFICE SUPPLIES,BINDERS AND BINDER ACCESSORIES,REGULAR AIR
336.91,0.1,303.21900000000005,11,42.5,8.74,251.97900000000004,CRITICAL,OFFICE SUPPLIES,PAPER,REGULAR AIR
138.52,0.03,134.36440000000002,20,-895.24,49.0,980.6044,MEDIUM,OFFICE SUPPLIES,APPLIANCES,REGULAR AIR
30.85,0.03,29.924500000000002,4,-12.88,5.79,37.014500000000005,CRITICAL,OFFICE SUPPLIES,PAPER,REGULAR AIR
443.35,0.02,434.483,37,-21.73,4.98,451.233,CRITICAL,OFFICE SUPPLIES,APPLIANCES,REGULAR AIR
392.61,0.08,361.20120000000003,41,-100.15,7.29,454.0612,CRITICAL,FURNITURE,OFFICE FURNISHINGS,EXPRESS AIR
1081.22,0.08,994.7224,25,130.8,8.99,854.9323999999999,HIGH,OFFICE SUPPLIES,PENS & ART SUPPLIES,REGULAR AIR
36.41,0.01,36.045899999999996,14,-31.45,4.57,62.9259,HIGH,FURNITURE,OFFICE FURNISHINGS,REGULAR AIR
5205.83,0.08,4789.3636,45,-818.77,51.94,5556.1936000000005,NOT SPECIFIED,FURNITURE,TABLES,DELIVERY TRUCK
3416.38,0.01,3382.2162000000003,32,-1142.2,57.38,4467.0362000000005,LOW,FURNITURE,BOOKCASES,DELIVERY TRUCK
142.81,0.01,141.3819,14,39.64,2.27,99.47189999999999,LOW,OFFICE SUPPLIES,PAPER,REGULAR AIR
4636.62,0.1,4172.958,24,-318.45,69.0,4422.407999999999,HIGH,FURNITURE,TABLES,REGULAR AIR
100.11,0.07,93.1023,20,-41.7,4.7,130.1023,HIGH,OFFICE SUPPLIES,PAPER,REGULAR AIR
5140.08,0.06,4831.6752,36,-582.43,51.92,5362.1852,LOW,FURNITURE,TABLES,DELIVERY TRUCK
633.08,0.04,607.7568,14,145.48,4.62,457.6568,CRITICAL,OFFICE SUPPLIES,APPLIANCES,EXPRESS AIR
110.42,0.09,100.4822,22,-36.6,3.63,133.4522,CRITICAL,FURNITURE,OFFICE FURNISHINGS,REGULAR AIR
25.34,0.1,22.806,5,-21.29,6.89,37.206,LOW,OFFICE SUPPLIES,APPLIANCES,REGULAR AIR
178.57,0.05,169.6415,11,-37.39,10.91,196.12150000000003,LOW,OFFICE SUPPLIES,BINDERS AND BINDER ACCESSORIES,REGULAR AIR
265.35,0.02,260.043,24,-128.69,11.59,377.14300000000003,LOW,OFFICE SUPPLIES,PAPER,REGULAR AIR
1993.94,0.02,1954.0612,41,931.7,5.79,1016.5712000000001,LOW,OFFICE SUPPLIES,PAPER,REGULAR AIR
24.73,0.04,23.7408,3,-10.77,4.91,29.6008,LOW,OFFICE SUPPLIES,PAPER,REGULAR AIR
5407.31,0.04,5191.0176,24,1068.48,28.16,4094.3776000000003,CRITICAL,FURNITURE,CHAIRS & CHAIRMATS,DELIVERY TRUCK
1809.0125,0.01,1790.922375,25,795.05,2.5,993.3723750000001,MEDIUM,TECHNOLOGY,TELEPHONES AND COMMUNICATION,REGULAR AIR
31.96,0.01,31.6404,1,-74.64,1.99,104.2904,LOW,TECHNOLOGY,COMPUTER PERIPHERALS,REGULAR AIR
767.26,0.07,713.5518,25,-29.56,4.0,739.1117999999999,MEDIUM,TECHNOLOGY,COMPUTER PERIPHERALS,REGULAR AIR
253.89,0.09,231.0399,40,-103.77,6.22,328.5899,MEDIUM,OFFICE SUPPLIES,PAPER,REGULAR AIR
127.9,0.07,118.947,20,-80.41,7.37,191.987,MEDIUM,OFFICE SUPPLIES,PAPER,REGULAR AIR
73.64,0.07,68.4852,44,-58.87,1.99,125.36520000000002,HIGH,TECHNOLOGY,COMPUTER PERIPHERALS,REGULAR AIR
603.347,0.08,555.07924,13,142.98,1.25,410.84924,MEDIUM,TECHNOLOGY,TELEPHONES AND COMMUNICATION,REGULAR AIR
770.53,0.04,739.7088,44,30.17,6.25,703.2888,MEDIUM,OFFICE SUPPLIES,STORAGE & ORGANIZATION,REGULAR AIR
164.92,0.04,158.32319999999999,31,-54.36,4.86,207.82319999999999,LOW,OFFICE SUPPLIES,PAPER,REGULAR AIR
74.3,0.08,68.356,34,-129.01,5.33,192.036,LOW,FURNITURE,OFFICE FURNISHINGS,REGULAR AIR
181.13,0.0,181.13,47,-11.39,2.5,190.01999999999998,HIGH,OFFICE SUPPLIES,ENVELOPES,REGULAR AIR
206.04,0.0,206.04,9,-49.81,14.39,241.45999999999998,CRITICAL,FURNITURE,OFFICE FURNISHINGS,REGULAR AIR
668.39,0.07,621.6027,22,344.61,3.92,273.07270000000005,HIGH,FURNITURE,OFFICE FURNISHINGS,REGULAR AIR
4657.35,0.05,4424.4825,16,322.66,18.06,4083.7625,HIGH,TECHNOLOGY,OFFICE MACHINES,DELIVERY TRUCK
246.0,0.1,221.4,44,-207.36,7.96,420.8,LOW,OFFICE SUPPLIES,PAPER,REGULAR AIR
871.32,0.1,784.1880000000001,23,315.16,5.86,463.16800000000006,HIGH,OFFICE SUPPLIES,PAPER,REGULAR AIR
468.49,0.03,454.4353,8,-6.37,13.22,447.58529999999996,HIGH,OFFICE SUPPLIES,APPLIANCES,REGULAR AIR
446.53,0.04,428.6688,48,-261.45,10.16,679.9587999999999,HIGH,FURNITURE,OFFICE FURNISHINGS,EXPRESS AIR
217.85,0.02,213.493,5,-25.31,17.48,221.323,HIGH,OFFICE SUPPLIES,PAPER,EXPRESS AIR
4260.73,0.07,3962.4788999999996,44,251.58,56.14,3654.7589,NOT SPECIFIED,TECHNOLOGY,OFFICE MACHINES,DELIVERY TRUCK
196.75,0.03,190.8475,22,0.13,4.95,185.7675,CRITICAL,FURNITURE,OFFICE FURNISHINGS,EXPRESS AIR
1477.39,0.03,1433.0683000000001,40,641.4,2.99,788.6783000000001,CRITICAL,OFFICE SUPPLIES,BINDERS AND BINDER ACCESSORIES,REGULAR AIR
740.14,0.06,695.7316,37,29.73,10.49,655.5115999999999,NOT SPECIFIED,FURNITURE,OFFICE FURNISHINGS,REGULAR AIR
16.47,0.1,14.822999999999999,8,-6.82,1.49,20.153,MEDIUM,OFFICE SUPPLIES,BINDERS AND BINDER ACCESSORIES,REGULAR AIR
173.62,0.09,157.9942,5,-88.64,19.19,227.44420000000002,MEDIUM,FURNITURE,CHAIRS & CHAIRMATS,DELIVERY TRUCK
690.97,0.03,670.2409,50,-16.94,8.78,678.4009000000001,MEDIUM,FURNITURE,OFFICE FURNISHINGS,REGULAR AIR
2024.0285,0.1,1821.62565,21,4.9,8.8,1807.92565,MEDIUM,TECHNOLOGY,TELEPHONES AND COMMUNICATION,REGULAR AIR
4054.058,0.09,3689.19278,40,914.19,2.5,2772.50278,LOW,TECHNOLOGY,TELEPHONES AND COMMUNICATION,REGULAR AIR
2833.19,0.06,2663.1986,34,1409.87,5.01,1248.3186,LOW,OFFICE SUPPLIES,ENVELOPES,EXPRESS AIR
669.02,0.02,655.6396,28,-1274.02,53.03,1876.6296,LOW,OFFICE SUPPLIES,STORAGE & ORGANIZATION,DELIVERY TRUCK
4452.65,0.09,4051.9114999999997,30,-265.12,60.0,4257.0315,LOW,FURNITURE,TABLES,DELIVERY TRUCK
321.95,0.03,312.2915,29,20.76,3.37,288.1615,HIGH,OFFICE SUPPLIES,"SCISSORS, RULERS AND TRIMMERS",EXPRESS AIR
1193.62,0.08,1098.1304,13,-304.47,42.0,1360.6004,MEDIUM,FURNITURE,CHAIRS & CHAIRMATS,DELIVERY TRUCK
363.23,0.05,345.06850000000003,47,40.58,4.0,300.48850000000004,MEDIUM,FURNITURE,OFFICE FURNISHINGS,REGULAR AIR
2780.88,0.07,2586.2184,27,595.38,24.49,1966.3484000000003,NOT SPECIFIED,FURNITURE,OFFICE FURNISHINGS,EXPRESS AIR
33.76,0.04,32.4096,16,-7.15,1.49,38.0696,MEDIUM,OFFICE SUPPLIES,BINDERS AND BINDER ACCESSORIES,REGULAR AIR
3537.39,0.0,3537.39,19,232.78,30.0,3274.6099999999997,MEDIUM,FURNITURE,CHAIRS & CHAIRMATS,DELIVERY TRUCK
986.24,0.02,966.5152,18,68.9,5.5,892.1152000000001,MEDIUM,TECHNOLOGY,COMPUTER PERIPHERALS,EXPRESS AIR
81.66,0.05,77.577,15,-31.99,5.02,104.547,MEDIUM,OFFICE SUPPLIES,PAPER,REGULAR AIR
716.84,0.0,716.84,32,134.72,5.94,576.18,NOT SPECIFIED,OFFICE SUPPLIES,APPLIANCES,REGULAR AIR
1143.49,0.08,1052.0108,40,-193.44,19.99,1225.4608,CRITICAL,OFFICE SUPPLIES,LABELS,REGULAR AIR
49.74,0.0,49.74,13,17.7,0.5,31.540000000000003,CRITICAL,OFFICE SUPPLIES,LABELS,REGULAR AIR
480.39,0.01,475.5861,21,144.66,8.99,321.9361,LOW,FURNITURE,OFFICE FURNISHINGS,REGULAR AIR
332.95,0.05,316.3025,33,-28.16,6.22,338.2425,NOT SPECIFIED,FURNITURE,OFFICE FURNISHINGS,REGULAR AIR
447.36,0.01,442.88640000000004,42,40.92,2.89,399.07640000000004,LOW,OFFICE SUPPLIES,PENS & ART SUPPLIES,REGULAR AIR
53.93,0.04,51.7728,26,-10.95,1.49,61.2328,LOW,OFFICE SUPPLIES,BINDERS AND BINDER ACCESSORIES,REGULAR AIR
43.26,0.1,38.934,9,3.9,1.49,33.544,MEDIUM,OFFICE SUPPLIES,BINDERS AND BINDER ACCESSORIES,REGULAR AIR
174.03,0.02,170.5494,25,-42.37,5.74,207.1794,MEDIUM,OFFICE SUPPLIES,PAPER,REGULAR AIR
1190.8,0.07,1107.444,44,502.49,1.49,603.4639999999999,MEDIUM,OFFICE SUPPLIES,BINDERS AND BINDER ACCESSORIES,REGULAR AIR
121.65,0.05,115.56750000000001,42,30.76,0.99,83.81750000000001,NOT SPECIFIED,OFFICE SUPPLIES,LABELS,REGULAR AIR
103.105,0.09,93.82555,2,-316.32,2.5,407.64555,NOT SPECIFIED,TECHNOLOGY,TELEPHONES AND COMMUNICATION,REGULAR AIR
19.02,0.05,18.069,2,10.73,5.33,2.0089999999999986,NOT SPECIFIED,FURNITURE,OFFICE FURNISHINGS,EXPRESS AIR
78.08,0.01,77.2992,46,-43.1,1.57,118.82920000000001,CRITICAL,OFFICE SUPPLIES,PENS & ART SUPPLIES,REGULAR AIR
263.8,0.0,263.8,7,165.33,5.02,93.45000000000002,MEDIUM,FURNITURE,OFFICE FURNISHINGS,REGULAR AIR
1546.3965,0.07,1438.148745,28,226.72,5.26,1206.168745,MEDIUM,TECHNOLOGY,TELEPHONES AND COMMUNICATION,EXPRESS AIR
1935.1,0.01,1915.7489999999998,11,-42.96,35.89,1922.8189999999997,LOW,FURNITURE,BOOKCASES,DELIVERY TRUCK
447.89,0.0,447.89,48,-26.78,6.19,468.48,NOT SPECIFIED,OFFICE SUPPLIES,BINDERS AND BINDER ACCESSORIES,REGULAR AIR
189.19,0.08,174.0548,12,-56.71,8.34,222.4248,NOT SPECIFIED,OFFICE SUPPLIES,STORAGE & ORGANIZATION,REGULAR AIR
697.5,0.02,683.55,28,169.89,6.3,507.36,LOW,TECHNOLOGY,OFFICE MACHINES,REGULAR AIR
198.72,0.01,196.7328,4,-34.43,14.45,216.71280000000002,CRITICAL,FURNITURE,OFFICE FURNISHINGS,EXPRESS AIR
5297.47,0.02,5191.5206,19,-158.93,50.0,5300.4506,CRITICAL,FURNITURE,CHAIRS & CHAIRMATS,DELIVERY TRUCK
109.37,0.1,98.433,10,-21.66,4.5,115.593,LOW,OFFICE SUPPLIES,APPLIANCES,REGULAR AIR
1461.1,0.01,1446.4889999999998,43,674.46,1.99,770.0389999999998,LOW,TECHNOLOGY,COMPUTER PERIPHERALS,REGULAR AIR
184.07,0.04,176.7072,8,75.63,7.58,93.49719999999999,NOT SPECIFIED,FURNITURE,OFFICE FURNISHINGS,REGULAR AIR
573.97,0.05,545.2715000000001,29,55.82,9.54,479.9115000000001,NOT SPECIFIED,OFFICE SUPPLIES,PAPER,REGULAR AIR
223.79,0.01,221.5521,39,-89.88,5.66,305.7721,NOT SPECIFIED,OFFICE SUPPLIES,PAPER,REGULAR AIR
129.16,0.07,120.1188,20,-56.15,6.22,170.0488,NOT SPECIFIED,OFFICE SUPPLIES,PAPER,REGULAR AIR
843.55,0.08,776.0659999999999,29,168.76,8.74,598.5659999999999,MEDIUM,OFFICE SUPPLIES,PAPER,REGULAR AIR
260.96,0.09,237.47359999999998,40,-96.7,6.22,327.9536,MEDIUM,OFFICE SUPPLIES,PAPER,REGULAR AIR
263.81,0.03,255.8957,47,-237.54,7.78,485.6557,NOT SPECIFIED,OFFICE SUPPLIES,BINDERS AND BINDER ACCESSORIES,REGULAR AIR
95.3,0.0,95.3,20,29.68,1.22,64.4,CRITICAL,OFFICE SUPPLIES,PAPER,REGULAR AIR
60.76,0.03,58.9372,16,5.25,1.61,52.0772,CRITICAL,FURNITURE,OFFICE FURNISHINGS,REGULAR AIR
3636.91,0.0,3636.91,29,-1284.24,70.2,4850.95,LOW,FURNITURE,CHAIRS & CHAIRMATS,DELIVERY TRUCK
2744.361,0.01,2716.91739,16,201.03,8.99,2506.89739,NOT SPECIFIED,TECHNOLOGY,TELEPHONES AND COMMUNICATION,REGULAR AIR
1201.934,0.03,1165.87598,49,47.42,8.59,1109.86598,NOT SPECIFIED,TECHNOLOGY,TELEPHONES AND COMMUNICATION,REGULAR AIR
395.84,0.0,395.84,38,8.42,6.02,381.4,NOT SPECIFIED,FURNITURE,OFFICE FURNISHINGS,REGULAR AIR
206.54,0.02,202.4092,31,-178.82,9.68,371.5492,CRITICAL,OFFICE SUPPLIES,PAPER,REGULAR AIR
318.14,0.01,314.9586,25,49.67,5.09,260.1986,NOT SPECIFIED,OFFICE SUPPLIES,PAPER,REGULAR AIR
177.05,0.0,177.05,5,-50.67,1.99,225.73000000000002,LOW,TECHNOLOGY,COMPUTER PERIPHERALS,REGULAR AIR
1184.03,0.04,1136.6688,40,-20.79,4.0,1153.4587999999999,MEDIUM,TECHNOLOGY,COMPUTER PERIPHERALS,REGULAR AIR
318.7585,0.1,286.88265,49,-160.95,5.03,442.80265,HIGH,TECHNOLOGY,TELEPHONES AND COMMUNICATION,REGULAR AIR
460.68,0.01,456.0732,40,-116.76,7.46,565.3732,HIGH,OFFICE SUPPLIES,STORAGE & ORGANIZATION,REGULAR AIR
130.16,0.1,117.14399999999999,23,-49.53,5.14,161.534,CRITICAL,OFFICE SUPPLIES,PAPER,REGULAR AIR
5.06,0.01,5.009399999999999,1,-2.64,1.92,5.7294,LOW,OFFICE SUPPLIES,"SCISSORS, RULERS AND TRIMMERS",REGULAR AIR
103.9,0.07,96.62700000000001,4,-19.26,7.58,108.30700000000002,CRITICAL,FURNITURE,OFFICE FURNISHINGS,EXPRESS AIR
1327.59,0.05,1261.2105,35,371.28,2.9,887.0304999999998,NOT SPECIFIED,OFFICE SUPPLIES,PENS & ART SUPPLIES,EXPRESS AIR
3401.8,0.09,3095.6380000000004,39,-508.87,19.99,3584.5180000000005,NOT SPECIFIED,OFFICE SUPPLIES,STORAGE & ORGANIZATION,EXPRESS AIR
181.61,0.03,176.16170000000002,44,-150.26,5.34,321.0817,LOW,OFFICE SUPPLIES,BINDERS AND BINDER ACCESSORIES,REGULAR AIR
111.55,0.05,105.9725,35,-54.25,1.92,158.3025,LOW,OFFICE SUPPLIES,"SCISSORS, RULERS AND TRIMMERS",REGULAR AIR
1435.95,0.05,1364.1525000000001,36,486.9,1.99,875.2625000000002,LOW,TECHNOLOGY,COMPUTER PERIPHERALS,REGULAR AIR
961.06,0.05,913.007,28,361.82,5.02,546.1669999999999,LOW,FURNITURE,OFFICE FURNISHINGS,REGULAR AIR
146.63,0.01,145.1637,19,-30.06,6.22,169.0037,CRITICAL,OFFICE SUPPLIES,PAPER,EXPRESS AIR
1020.61,0.04,979.7856,47,-209.61,13.99,1175.4056,NOT SPECIFIED,OFFICE SUPPLIES,APPLIANCES,REGULAR AIR
2506.2675,0.03,2431.079475,35,1160.58,3.3,1267.199475,CRITICAL,TECHNOLOGY,TELEPHONES AND COMMUNICATION,REGULAR AIR
188.54,0.09,171.57139999999998,23,9.82,1.99,159.76139999999998,NOT SPECIFIED,TECHNOLOGY,COMPUTER PERIPHERALS,REGULAR AIR
359.68,0.07,334.5024,19,187.15,3.77,143.58240000000004,NOT SPECIFIED,FURNITURE,OFFICE FURNISHINGS,REGULAR AIR
131.55,0.06,123.65700000000001,7,-43.74,8.51,158.887,NOT SPECIFIED,TECHNOLOGY,OFFICE MACHINES,REGULAR AIR
258.11,0.1,232.299,26,9.95,4.78,217.56900000000002,NOT SPECIFIED,OFFICE SUPPLIES,PAPER,EXPRESS AIR
1288.515,0.08,1185.4338,9,-382.57,8.99,1559.0138,NOT SPECIFIED,TECHNOLOGY,TELEPHONES AND COMMUNICATION,EXPRESS AIR
277.88,0.09,252.8708,36,-64.41,6.16,311.12080000000003,NOT SPECIFIED,OFFICE SUPPLIES,BINDERS AND BINDER ACCESSORIES,REGULAR AIR
925.3,0.04,888.288,47,257.31,5.77,625.2080000000001,NOT SPECIFIED,OFFICE SUPPLIES,PAPER,REGULAR AIR
3939.89,0.05,3742.8954999999996,13,598.24,48.8,3095.8554999999997,NOT SPECIFIED,FURNITURE,CHAIRS & CHAIRMATS,DELIVERY TRUCK
3419.1505,0.0,3419.1505,34,858.58,5.92,2554.6505,HIGH,TECHNOLOGY,TELEPHONES AND COMMUNICATION,REGULAR AIR
268.34,0.09,244.18939999999998,44,-240.83,8.88,476.1394,LOW,OFFICE SUPPLIES,PAPER,REGULAR AIR
1859.01,0.09,1691.6991,32,-588.9,30.0,2250.5991,HIGH,FURNITURE,CHAIRS & CHAIRMATS,DELIVERY TRUCK
1781.11,0.1,1602.9989999999998,19,51.44,19.99,1531.5689999999997,HIGH,TECHNOLOGY,COMPUTER PERIPHERALS,REGULAR AIR
185.32,0.03,179.7604,44,-192.56,6.92,365.4004,HIGH,FURNITURE,OFFICE FURNISHINGS,REGULAR AIR
43.66,0.04,41.913599999999995,28,5.77,0.7,35.44359999999999,HIGH,OFFICE SUPPLIES,RUBBER BANDS,REGULAR AIR
73.41,0.08,67.5372,15,-44.79,4.97,107.3572,HIGH,OFFICE SUPPLIES,BINDERS AND BINDER ACCESSORIES,REGULAR AIR
130.11,0.03,126.20670000000001,16,-47.69,2.83,171.06670000000003,CRITICAL,TECHNOLOGY,COMPUTER PERIPHERALS,REGULAR AIR
4012.58,0.05,3811.951,15,-425.14,35.0,4202.091,CRITICAL,OFFICE SUPPLIES,STORAGE & ORGANIZATION,EXPRESS AIR
1295.54,0.06,1217.8075999999999,31,214.23,17.48,986.0975999999998,CRITICAL,OFFICE SUPPLIES,PAPER,REGULAR AIR
238.25,0.05,226.3375,24,-83.55,7.28,302.6075,MEDIUM,OFFICE SUPPLIES,STORAGE & ORGANIZATION,REGULAR AIR
403.73,0.06,379.50620000000004,39,-44.13,4.5,419.13620000000003,NOT SPECIFIED,OFFICE SUPPLIES,APPLIANCES,REGULAR AIR
209.0,0.08,192.28,6,12.32,7.5,172.46,LOW,OFFICE SUPPLIES,PAPER,REGULAR AIR
1795.49,0.05,1705.7155,15,-626.04,58.72,2273.0355,HIGH,FURNITURE,BOOKCASES,DELIVERY TRUCK
38.76,0.1,34.884,4,-12.13,6.97,40.044000000000004,MEDIUM,OFFICE SUPPLIES,BINDERS AND BINDER ACCESSORIES,EXPRESS AIR
551.44,0.0,551.44,36,28.7,7.51,515.23,NOT SPECIFIED,TECHNOLOGY,OFFICE MACHINES,REGULAR AIR
834.0625,0.01,825.721875,27,192.29,1.25,632.181875,CRITICAL,TECHNOLOGY,TELEPHONES AND COMMUNICATION,REGULAR AIR
417.88,0.08,384.4496,15,-13.95,8.99,389.40959999999995,MEDIUM,OFFICE SUPPLIES,PENS & ART SUPPLIES,EXPRESS AIR
493.56,0.06,463.9464,42,12.73,5.99,445.22639999999996,CRITICAL,TECHNOLOGY,OFFICE MACHINES,REGULAR AIR
360.24,0.04,345.8304,18,-36.24,4.0,378.0704,CRITICAL,TECHNOLOGY,COMPUTER PERIPHERALS,EXPRESS AIR
1463.27,0.09,1331.5756999999999,46,104.22,8.22,1219.1356999999998,CRITICAL,OFFICE SUPPLIES,STORAGE & ORGANIZATION,REGULAR AIR
210.46,0.03,204.14620000000002,44,50.04,1.49,152.61620000000002,LOW,OFFICE SUPPLIES,BINDERS AND BINDER ACCESSORIES,EXPRESS AIR
195.57,0.09,177.96869999999998,32,-132.93,7.5,303.39869999999996,CRITICAL,OFFICE SUPPLIES,PAPER,REGULAR AIR
501.32,0.04,481.2672,30,-119.08,13.18,587.1672,NOT SPECIFIED,OFFICE SUPPLIES,BINDERS AND BINDER ACCESSORIES,REGULAR AIR
2756.17,0.04,2645.9232,37,-1561.72,69.0,4138.6432,CRITICAL,FURNITURE,TABLES,REGULAR AIR
691.52,0.03,670.7744,47,107.02,5.3,558.4544000000001,CRITICAL,FURNITURE,OFFICE FURNISHINGS,REGULAR AIR
5159.3725,0.02,5056.18505,29,1252.48,8.08,3795.62505,CRITICAL,TECHNOLOGY,TELEPHONES AND COMMUNICATION,EXPRESS AIR
307.65,0.07,286.11449999999996,36,91.73,2.01,192.37449999999995,NOT SPECIFIED,OFFICE SUPPLIES,PAPER,REGULAR AIR
558.62,0.03,541.8614,11,118.32,3.99,419.5514,HIGH,OFFICE SUPPLIES,APPLIANCES,REGULAR AIR
556.45,0.08,511.934,21,-124.42,14.36,621.994,CRITICAL,FURNITURE,CHAIRS & CHAIRMATS,DELIVERY TRUCK
61.46,0.08,56.5432,11,-47.83,4.93,99.44319999999999,HIGH,TECHNOLOGY,COMPUTER PERIPHERALS,EXPRESS AIR
2137.1,0.05,2030.245,31,-686.01,46.74,2669.515,CRITICAL,FURNITURE,BOOKCASES,DELIVERY TRUCK
571.17,0.05,542.6115,48,129.87,2.36,410.38149999999996,CRITICAL,OFFICE SUPPLIES,PENS & ART SUPPLIES,REGULAR AIR
135.88,0.1,122.292,24,-75.39,5.59,192.09199999999998,CRITICAL,OFFICE SUPPLIES,BINDERS AND BINDER ACCESSORIES,REGULAR AIR
857.95,0.08,789.3140000000001,20,51.85,4.0,733.464,MEDIUM,TECHNOLOGY,COMPUTER PERIPHERALS,EXPRESS AIR
275.16,0.05,261.40200000000004,23,43.35,5.01,213.04200000000006,NOT SPECIFIED,OFFICE SUPPLIES,PAPER,EXPRESS AIR
662.21,0.01,655.5879,33,256.57,3.62,395.3979,CRITICAL,FURNITURE,OFFICE FURNISHINGS,REGULAR AIR
100.68,0.0,100.68,36,-45.21,2.4,143.49,CRITICAL,OFFICE SUPPLIES,PENS & ART SUPPLIES,REGULAR AIR
846.35,0.04,812.496,22,341.53,5.08,465.88599999999997,LOW,OFFICE SUPPLIES,PAPER,EXPRESS AIR
1976.3945,0.0,1976.3945,26,473.36,2.79,1500.2445000000002,LOW,TECHNOLOGY,TELEPHONES AND COMMUNICATION,REGULAR AIR
442.72,0.07,411.7296,44,-168.38,7.94,572.1696,CRITICAL,FURNITURE,OFFICE FURNISHINGS,REGULAR AIR
326.893,0.07,304.01048999999995,6,-223.21,5.31,521.91049,CRITICAL,TECHNOLOGY,TELEPHONES AND COMMUNICATION,REGULAR AIR
22.78,0.01,22.552200000000003,6,3.96,0.5,18.092200000000002,NOT SPECIFIED,OFFICE SUPPLIES,LABELS,REGULAR AIR
1806.43,0.04,1734.1728,38,134.85,3.61,1595.7128000000002,MEDIUM,TECHNOLOGY,COMPUTER PERIPHERALS,REGULAR AIR
1669.88,0.02,1636.4824,29,548.92,14.3,1073.2624,HIGH,OFFICE SUPPLIES,PAPER,REGULAR AIR
2018.45,0.08,1856.9740000000002,29,-812.25,37.58,2631.6440000000002,CRITICAL,FURNITURE,OFFICE FURNISHINGS,REGULAR AIR
1474.33,0.04,1415.3568,31,114.46,3.61,1297.2868,NOT SPECIFIED,TECHNOLOGY,COMPUTER PERIPHERALS,REGULAR AIR
1302.99,0.02,1276.9302,37,545.49,5.09,726.3502000000001,NOT SPECIFIED,OFFICE SUPPLIES,PAPER,REGULAR AIR
87.68,0.03,85.04960000000001,29,23.14,0.99,60.91960000000002,LOW,OFFICE SUPPLIES,LABELS,REGULAR AIR
3732.25,0.1,3359.025,46,-1255.86,60.0,4554.885,LOW,FURNITURE,TABLES,DELIVERY TRUCK
144.55,0.07,134.4315,23,-60.17,5.94,188.6615,MEDIUM,OFFICE SUPPLIES,PAPER,REGULAR AIR
75.89,0.09,69.0599,13,-31.01,5.15,94.9199,LOW,OFFICE SUPPLIES,PAPER,REGULAR AIR
586.11,0.11,521.6379000000001,43,98.44,4.98,418.21790000000004,CRITICAL,FURNITURE,OFFICE FURNISHINGS,REGULAR AIR
75.14,0.05,71.383,42,0.82,0.7,69.863,CRITICAL,OFFICE SUPPLIES,PENS & ART SUPPLIES,REGULAR AIR
3874.12,0.0,3874.12,27,-305.98,54.74,4125.360000000001,CRITICAL,FURNITURE,BOOKCASES,DELIVERY TRUCK
840.07,0.0,840.07,34,-83.75,16.92,906.9000000000001,CRITICAL,OFFICE SUPPLIES,PAPER,REGULAR AIR
4789.89,0.09,4358.7999,48,421.15,26.22,3911.4298999999996,HIGH,FURNITURE,BOOKCASES,DELIVERY TRUCK
430.88,0.05,409.336,40,39.0,5.25,365.086,CRITICAL,OFFICE SUPPLIES,ENVELOPES,REGULAR AIR
82.06,0.07,76.3158,7,-26.99,7.19,96.1158,NOT SPECIFIED,OFFICE SUPPLIES,BINDERS AND BINDER ACCESSORIES,REGULAR AIR
913.41,0.01,904.2759,29,237.14,1.25,665.8859,CRITICAL,TECHNOLOGY,TELEPHONES AND COMMUNICATION,REGULAR AIR
213.71,0.06,200.8874,49,-208.02,6.72,402.1874,NOT SPECIFIED,OFFICE SUPPLIES,PAPER,REGULAR AIR
133.66,0.07,124.3038,23,-5.6,2.27,127.6338,NOT SPECIFIED,OFFICE SUPPLIES,PENS & ART SUPPLIES,REGULAR AIR
127.74,0.04,122.6304,7,-5.57,4.0,124.2004,HIGH,TECHNOLOGY,COMPUTER PERIPHERALS,EXPRESS AIR
325.92,0.03,316.1424,33,-36.47,7.29,345.3224,HIGH,FURNITURE,OFFICE FURNISHINGS,REGULAR AIR
325.24,0.05,308.978,50,-79.42,5.27,383.12800000000004,MEDIUM,OFFICE SUPPLIES,BINDERS AND BINDER ACCESSORIES,REGULAR AIR
1414.05,0.09,1286.7855,42,161.48,14.72,1110.5855,HIGH,OFFICE SUPPLIES,BINDERS AND BINDER ACCESSORIES,REGULAR AIR
1765.05,0.05,1676.7975,40,749.22,2.99,924.5874999999999,HIGH,OFFICE SUPPLIES,BINDERS AND BINDER ACCESSORIES,REGULAR AIR
12.8,0.0,12.8,4,-2.21,0.7,14.310000000000002,CRITICAL,OFFICE SUPPLIES,PENS & ART SUPPLIES,REGULAR AIR
978.77,0.06,920.0438,25,220.91,13.26,685.8738000000001,LOW,OFFICE SUPPLIES,PAPER,REGULAR AIR
129.44,0.02,126.85119999999999,46,-5.54,1.3,131.0912,CRITICAL,OFFICE SUPPLIES,PENS & ART SUPPLIES,EXPRESS AIR
1829.387,0.02,1792.79926,32,482.45,3.9,1306.4492599999999,CRITICAL,TECHNOLOGY,TELEPHONES AND COMMUNICATION,REGULAR AIR
813.535,0.0,813.535,42,435.95,0.99,376.59499999999997,HIGH,TECHNOLOGY,TELEPHONES AND COMMUNICATION,EXPRESS AIR
1880.8,0.07,1749.144,47,775.88,1.99,971.274,NOT SPECIFIED,TECHNOLOGY,COMPUTER PERIPHERALS,REGULAR AIR
5350.61,0.09,4869.0551,34,-1059.2,60.49,5867.7651,CRITICAL,FURNITURE,BOOKCASES,DELIVERY TRUCK
1058.45,0.01,1047.8655,36,-386.02,19.99,1413.8955,LOW,OFFICE SUPPLIES,STORAGE & ORGANIZATION,REGULAR AIR
118.98,0.05,113.031,8,-12.77,7.27,118.531,LOW,OFFICE SUPPLIES,BINDERS AND BINDER ACCESSORIES,REGULAR AIR
820.5645,0.09,746.7136949999999,5,-800.25,8.99,1537.973695,LOW,TECHNOLOGY,TELEPHONES AND COMMUNICATION,REGULAR AIR
3332.06,0.09,3032.1746,35,412.63,19.99,2599.5546,LOW,TECHNOLOGY,OFFICE MACHINES,REGULAR AIR
881.32,0.02,863.6936000000001,18,373.67,5.09,484.9336,LOW,OFFICE SUPPLIES,PAPER,REGULAR AIR
22.77,0.03,22.0869,5,-6.2,1.6,26.686899999999998,LOW,OFFICE SUPPLIES,PENS & ART SUPPLIES,REGULAR AIR
220.7875,0.09,200.916625,5,-305.32,5.0,501.236625,CRITICAL,TECHNOLOGY,TELEPHONES AND COMMUNICATION,REGULAR AIR
160.29,0.01,158.6871,20,1.35,4.0,153.3371,CRITICAL,FURNITURE,OFFICE FURNISHINGS,REGULAR AIR
124.81,0.06,117.3214,3,-11.94,2.99,126.2714,CRITICAL,OFFICE SUPPLIES,BINDERS AND BINDER ACCESSORIES,REGULAR AIR
706.68,0.1,636.012,47,6.6,5.45,623.9619999999999,LOW,OFFICE SUPPLIES,PENS & ART SUPPLIES,REGULAR AIR
310.87,0.07,289.1091,15,-21.48,4.0,306.58910000000003,LOW,TECHNOLOGY,COMPUTER PERIPHERALS,REGULAR AIR
6408.3,0.1,5767.47,24,539.54,35.67,5192.26,NOT SPECIFIED,FURNITURE,TABLES,DELIVERY TRUCK
63.71,0.01,63.072900000000004,27,-96.03,5.33,153.7729,HIGH,FURNITURE,OFFICE FURNISHINGS,REGULAR AIR
1751.68,0.1,1576.5120000000002,43,771.83,2.99,801.6920000000001,CRITICAL,OFFICE SUPPLIES,BINDERS AND BINDER ACCESSORIES,EXPRESS AIR
86.47,0.07,80.4171,17,-9.35,2.99,86.7771,CRITICAL,OFFICE SUPPLIES,BINDERS AND BINDER ACCESSORIES,REGULAR AIR
684.5,0.02,670.81,31,-27.99,8.99,689.81,CRITICAL,OFFICE SUPPLIES,PENS & ART SUPPLIES,REGULAR AIR
435.27,0.05,413.50649999999996,27,-147.51,8.99,552.0264999999999,HIGH,TECHNOLOGY,COMPUTER PERIPHERALS,REGULAR AIR
723.82,0.05,687.629,26,-40.98,19.46,709.149,HIGH,FURNITURE,OFFICE FURNISHINGS,REGULAR AIR
1684.96,0.08,1550.1632,16,-553.06,35.0,2068.2232,NOT SPECIFIED,OFFICE SUPPLIES,STORAGE & ORGANIZATION,REGULAR AIR
5015.051,0.05,4764.29845,30,1090.43,4.2,3669.66845,NOT SPECIFIED,TECHNOLOGY,TELEPHONES AND COMMUNICATION,REGULAR AIR
168.66,0.08,155.1672,45,-167.06,5.13,317.09720000000004,NOT SPECIFIED,OFFICE SUPPLIES,APPLIANCES,REGULAR AIR
2560.59,0.07,2381.3487,34,670.96,7.18,1703.2087000000001,MEDIUM,TECHNOLOGY,COMPUTER PERIPHERALS,REGULAR AIR
189.04,0.08,173.9168,16,-74.77,8.6,240.08679999999998,MEDIUM,OFFICE SUPPLIES,STORAGE & ORGANIZATION,REGULAR AIR
2116.62,0.06,1989.6227999999999,37,745.45,13.88,1230.2927999999997,CRITICAL,OFFICE SUPPLIES,PAPER,REGULAR AIR
27.05,0.0,27.05,12,1.0,0.83,25.220000000000002,HIGH,OFFICE SUPPLIES,PENS & ART SUPPLIES,EXPRESS AIR
455.34,0.06,428.01959999999997,20,-932.55,53.03,1307.5396,MEDIUM,OFFICE SUPPLIES,STORAGE & ORGANIZATION,DELIVERY TRUCK
1584.1,0.07,1473.213,27,-478.22,36.61,1914.823,NOT SPECIFIED,FURNITURE,BOOKCASES,DELIVERY TRUCK
2329.646,0.1,2096.6814000000004,35,-310.24,0.99,2405.9314000000004,MEDIUM,TECHNOLOGY,TELEPHONES AND COMMUNICATION,EXPRESS AIR
275.06,0.05,261.307,36,-237.87,11.15,488.02700000000004,HIGH,OFFICE SUPPLIES,PAPER,REGULAR AIR
3699.22,0.05,3514.259,45,565.18,30.06,2919.0190000000002,HIGH,TECHNOLOGY,OFFICE MACHINES,DELIVERY TRUCK
48.93,0.0,48.93,6,-38.72,10.05,77.6,HIGH,OFFICE SUPPLIES,PAPER,REGULAR AIR
397.55,0.08,365.746,5,-152.47,6.13,512.086,LOW,TECHNOLOGY,COMPUTER PERIPHERALS,REGULAR AIR
676.26,0.06,635.6844,34,181.98,5.77,447.9344,LOW,OFFICE SUPPLIES,PAPER,REGULAR AIR
451.32,0.04,433.2672,42,1.16,5.16,426.94719999999995,HIGH,FURNITURE,OFFICE FURNISHINGS,REGULAR AIR
217.66,0.1,195.894,15,-24.91,6.75,214.054,HIGH,OFFICE SUPPLIES,APPLIANCES,EXPRESS AIR
1374.67,0.08,1264.6964,5,-126.34,23.19,1367.8464,HIGH,OFFICE SUPPLIES,APPLIANCES,DELIVERY TRUCK
283.58,0.03,275.07259999999997,42,-14.23,4.95,284.3526,NOT SPECIFIED,FURNITURE,OFFICE FURNISHINGS,REGULAR AIR
82.15,0.03,79.6855,35,-6.33,1.12,84.8955,NOT SPECIFIED,OFFICE SUPPLIES,PENS & ART SUPPLIES,REGULAR AIR
76.42,0.02,74.8916,12,20.44,0.83,53.6216,HIGH,OFFICE SUPPLIES,PENS & ART SUPPLIES,EXPRESS AIR
4891.86,0.02,4794.0228,27,253.14,55.24,4485.6428,HIGH,OFFICE SUPPLIES,APPLIANCES,DELIVERY TRUCK
6039.1,0.01,5978.709000000001,37,-345.92,66.27,6258.359,HIGH,FURNITURE,BOOKCASES,DELIVERY TRUCK
206.49,0.05,196.1655,31,80.07,1.34,114.75550000000001,HIGH,OFFICE SUPPLIES,PAPER,REGULAR AIR
80.54,0.01,79.7346,41,-18.72,0.76,97.6946,HIGH,OFFICE SUPPLIES,RUBBER BANDS,REGULAR AIR
1217.62,0.03,1181.0913999999998,8,-221.5,36.09,1366.5013999999999,NOT SPECIFIED,FURNITURE,BOOKCASES,DELIVERY TRUCK
1725.0325,0.08,1587.0299,32,206.35,8.99,1371.6899,NOT SPECIFIED,TECHNOLOGY,TELEPHONES AND COMMUNICATION,REGULAR AIR
82.97,0.04,79.6512,20,32.5,0.5,46.6512,CRITICAL,OFFICE SUPPLIES,LABELS,REGULAR AIR
512.83,0.01,507.7017,24,-221.56,11.52,717.7417,LOW,OFFICE SUPPLIES,STORAGE & ORGANIZATION,REGULAR AIR
41.23,0.09,37.519299999999994,35,-21.51,0.7,58.32929999999999,CRITICAL,OFFICE SUPPLIES,RUBBER BANDS,REGULAR AIR
5403.37,0.06,5079.1678,39,948.79,17.85,4112.5278,NOT SPECIFIED,TECHNOLOGY,OFFICE MACHINES,DELIVERY TRUCK
381.1995,0.08,350.70354,7,-233.56,8.99,575.2735399999999,CRITICAL,TECHNOLOGY,TELEPHONES AND COMMUNICATION,EXPRESS AIR
135.2,0.02,132.49599999999998,32,59.4,0.5,72.59599999999998,HIGH,OFFICE SUPPLIES,LABELS,REGULAR AIR
5428.49,0.05,5157.0655,35,-1046.78,60.2,6143.6455,HIGH,FURNITURE,CHAIRS & CHAIRMATS,DELIVERY TRUCK
5178.17,0.03,5022.8249,41,531.69,30.0,4461.134899999999,HIGH,FURNITURE,CHAIRS & CHAIRMATS,DELIVERY TRUCK
535.24,0.01,529.8876,32,216.43,3.73,309.7276,HIGH,FURNITURE,OFFICE FURNISHINGS,REGULAR AIR
563.08,0.1,506.77200000000005,32,112.97,5.23,388.572,CRITICAL,OFFICE SUPPLIES,BINDERS AND BINDER ACCESSORIES,REGULAR AIR
2788.04,0.01,2760.1596,34,-849.18,35.0,3574.3396,MEDIUM,OFFICE SUPPLIES,STORAGE & ORGANIZATION,REGULAR AIR
192.12,0.04,184.4352,5,-74.85,1.99,257.2952,MEDIUM,TECHNOLOGY,COMPUTER PERIPHERALS,REGULAR AIR
3917.61,0.08,3604.2012,33,40.76,56.14,3507.3012,MEDIUM,TECHNOLOGY,OFFICE MACHINES,DELIVERY TRUCK
56.47,0.05,53.646499999999996,4,-29.9,4.59,78.9565,MEDIUM,OFFICE SUPPLIES,"SCISSORS, RULERS AND TRIMMERS",REGULAR AIR
216.25,0.09,196.7875,19,58.84,2.85,135.0975,LOW,FURNITURE,OFFICE FURNISHINGS,REGULAR AIR
2066.16,0.02,2024.8367999999998,50,372.36,17.48,1634.9968,HIGH,OFFICE SUPPLIES,PAPER,REGULAR AIR
937.62,0.03,909.4914,42,187.2,5.94,716.3514,NOT SPECIFIED,OFFICE SUPPLIES,APPLIANCES,REGULAR AIR
1861.36,0.0,1861.36,40,627.85,4.62,1228.8899999999999,NOT SPECIFIED,OFFICE SUPPLIES,APPLIANCES,REGULAR AIR
33.02,0.08,30.378400000000003,11,8.4,0.5,21.4784,NOT SPECIFIED,OFFICE SUPPLIES,LABELS,REGULAR AIR
199.16,0.1,179.244,5,-64.87,1.99,242.124,NOT SPECIFIED,TECHNOLOGY,COMPUTER PERIPHERALS,REGULAR AIR
967.27,0.07,899.5611,28,309.31,7.5,582.7511,LOW,OFFICE SUPPLIES,PAPER,REGULAR AIR
483.74,0.02,474.0652,45,206.27,1.79,266.00519999999995,NOT SPECIFIED,OFFICE SUPPLIES,PAPER,REGULAR AIR
159.65,0.06,150.071,27,-1.79,2.27,149.59099999999998,NOT SPECIFIED,OFFICE SUPPLIES,PENS & ART SUPPLIES,REGULAR AIR
7452.137,0.02,7303.09426,43,2028.36,5.99,5268.74426,MEDIUM,TECHNOLOGY,TELEPHONES AND COMMUNICATION,REGULAR AIR
173.11,0.02,169.64780000000002,37,-121.58,5.15,286.0778,HIGH,OFFICE SUPPLIES,APPLIANCES,REGULAR AIR
86.68,0.08,79.74560000000001,11,-474.91,49.0,505.65560000000005,HIGH,OFFICE SUPPLIES,APPLIANCES,REGULAR AIR
833.51,0.05,791.8344999999999,41,364.99,1.49,425.3544999999999,HIGH,OFFICE SUPPLIES,BINDERS AND BINDER ACCESSORIES,REGULAR AIR
80.61,0.02,78.9978,15,-4.72,2.99,80.7278,NOT SPECIFIED,OFFICE SUPPLIES,BINDERS AND BINDER ACCESSORIES,REGULAR AIR
4605.36,0.02,4513.252799999999,18,678.26,43.32,3791.6727999999994,CRITICAL,FURNITURE,CHAIRS & CHAIRMATS,DELIVERY TRUCK
1031.06,0.03,1000.1282,9,39.36,1.99,958.7782,CRITICAL,TECHNOLOGY,COMPUTER PERIPHERALS,REGULAR AIR
138.31,0.07,128.6283,14,-31.16,6.02,153.7683,CRITICAL,FURNITURE,OFFICE FURNISHINGS,REGULAR AIR
30.62,0.01,30.3138,17,-1.56,0.7,31.1738,MEDIUM,OFFICE SUPPLIES,PENS & ART SUPPLIES,REGULAR AIR
2266.7,0.07,2108.031,12,180.8,23.76,1903.4709999999998,HIGH,FURNITURE,CHAIRS & CHAIRMATS,DELIVERY TRUCK
38.99,0.09,35.480900000000005,23,-33.52,1.99,67.0109,HIGH,TECHNOLOGY,COMPUTER PERIPHERALS,REGULAR AIR
80.33,0.09,73.1003,48,-12.95,0.83,85.22030000000001,CRITICAL,OFFICE SUPPLIES,PENS & ART SUPPLIES,REGULAR AIR
6244.18,0.09,5682.2038,42,470.3,30.0,5181.9038,LOW,FURNITURE,CHAIRS & CHAIRMATS,DELIVERY TRUCK
239.75,0.09,218.1725,41,105.91,0.5,111.76250000000002,LOW,OFFICE SUPPLIES,LABELS,REGULAR AIR
150.2,0.0,150.2,30,62.46,0.8,86.93999999999997,LOW,OFFICE SUPPLIES,PAPER,REGULAR AIR
1753.51,0.02,1718.4398,42,155.72,9.2,1553.5198,CRITICAL,FURNITURE,OFFICE FURNISHINGS,REGULAR AIR
55.81,0.03,54.1357,7,-35.04,8.73,80.44569999999999,HIGH,OFFICE SUPPLIES,PAPER,REGULAR AIR
373.07,0.07,346.9551,38,149.53,1.09,196.33510000000004,HIGH,OFFICE SUPPLIES,PENS & ART SUPPLIES,REGULAR AIR
161.02,0.08,148.13840000000002,37,32.19,1.49,114.45840000000001,NOT SPECIFIED,OFFICE SUPPLIES,BINDERS AND BINDER ACCESSORIES,REGULAR AIR
679.95,0.08,625.5540000000001,39,-93.3,8.65,710.2040000000001,LOW,OFFICE SUPPLIES,PENS & ART SUPPLIES,REGULAR AIR
1579.56,0.01,1563.7644,44,699.64,4.92,859.2044,LOW,OFFICE SUPPLIES,PAPER,REGULAR AIR
265.88,0.05,252.58599999999998,46,-90.9,5.01,338.476,NOT SPECIFIED,OFFICE SUPPLIES,BINDERS AND BINDER ACCESSORIES,REGULAR AIR
426.34,0.0,426.34,31,73.53,5.16,347.65,CRITICAL,FURNITURE,OFFICE FURNISHINGS,REGULAR AIR
3093.864,0.07,2877.29352,19,286.4,5.26,2585.63352,NOT SPECIFIED,TECHNOLOGY,TELEPHONES AND COMMUNICATION,REGULAR AIR
232.21,0.0,232.21,6,-14.03,14.72,231.52,NOT SPECIFIED,OFFICE SUPPLIES,ENVELOPES,REGULAR AIR
88.3,0.09,80.353,16,-12.14,2.27,90.223,NOT SPECIFIED,OFFICE SUPPLIES,PENS & ART SUPPLIES,REGULAR AIR
938.86,0.05,891.917,29,22.21,17.08,852.627,LOW,OFFICE SUPPLIES,PAPER,REGULAR AIR
191.55,0.08,176.226,26,7.17,3.68,165.376,LOW,FURNITURE,OFFICE FURNISHINGS,REGULAR AIR
503.17,0.01,498.1383,46,-10.21,4.68,503.6683,NOT SPECIFIED,OFFICE SUPPLIES,"SCISSORS, RULERS AND TRIMMERS",REGULAR AIR
453.99,0.05,431.2905,14,14.61,8.99,407.6905,LOW,OFFICE SUPPLIES,PENS & ART SUPPLIES,REGULAR AIR
284.58,0.03,276.0426,37,33.81,4.0,238.2326,MEDIUM,FURNITURE,OFFICE FURNISHINGS,REGULAR AIR
1010.26,0.01,1000.1573999999999,9,271.5,19.99,708.6673999999999,MEDIUM,OFFICE SUPPLIES,PAPER,REGULAR AIR
990.5,0.04,950.88,23,323.73,1.99,625.16,NOT SPECIFIED,TECHNOLOGY,COMPUTER PERIPHERALS,REGULAR AIR
651.9,0.16,547.596,49,-74.51,6.85,615.256,CRITICAL,FURNITURE,OFFICE FURNISHINGS,REGULAR AIR
1837.44,0.01,1819.0656000000001,36,-1414.41,54.11,3179.3656,HIGH,FURNITURE,BOOKCASES,DELIVERY TRUCK
2575.01,0.09,2343.2591,27,231.46,19.99,2091.8091000000004,LOW,TECHNOLOGY,COMPUTER PERIPHERALS,REGULAR AIR
85.49,0.08,78.65079999999999,32,5.72,0.7,72.23079999999999,LOW,OFFICE SUPPLIES,PENS & ART SUPPLIES,REGULAR AIR
926.3,0.09,842.933,15,-503.8,35.0,1311.733,LOW,OFFICE SUPPLIES,STORAGE & ORGANIZATION,REGULAR AIR
68.66,0.06,64.54039999999999,2,-29.6,5.76,88.3804,HIGH,OFFICE SUPPLIES,PAPER,REGULAR AIR
201.09,0.08,185.0028,30,-56.22,5.66,235.5628,CRITICAL,OFFICE SUPPLIES,PAPER,REGULAR AIR
191.67,0.03,185.91989999999998,17,6.02,3.37,176.52989999999997,HIGH,OFFICE SUPPLIES,"SCISSORS, RULERS AND TRIMMERS",REGULAR AIR
2752.0,0.06,2586.88,28,336.47,19.99,2230.42,NOT SPECIFIED,TECHNOLOGY,COMPUTER PERIPHERALS,EXPRESS AIR
72.82,0.02,71.36359999999999,12,5.03,2.5,63.83359999999999,NOT SPECIFIED,OFFICE SUPPLIES,ENVELOPES,REGULAR AIR
64.46,0.01,63.8154,13,25.16,0.5,38.1554,LOW,OFFICE SUPPLIES,LABELS,REGULAR AIR
298.12,0.09,271.2892,50,137.67,0.5,133.1192,MEDIUM,OFFICE SUPPLIES,LABELS,REGULAR AIR
4411.5,0.1,3970.35,37,-1799.35,70.2,5699.5,CRITICAL,FURNITURE,CHAIRS & CHAIRMATS,DELIVERY TRUCK
3722.29,0.04,3573.3984,36,950.68,13.99,2608.7284000000004,HIGH,FURNITURE,OFFICE FURNISHINGS,EXPRESS AIR
213.35,0.01,211.2165,29,63.78,2.0,145.4365,LOW,OFFICE SUPPLIES,PAPER,REGULAR AIR
447.42,0.05,425.04900000000004,44,41.3,4.78,378.96900000000005,CRITICAL,OFFICE SUPPLIES,PAPER,REGULAR AIR
90.88,0.04,87.2448,41,8.06,0.78,78.4048,CRITICAL,OFFICE SUPPLIES,RUBBER BANDS,REGULAR AIR
29.05,0.08,26.726,4,-20.9,4.32,43.306,MEDIUM,TECHNOLOGY,COMPUTER PERIPHERALS,EXPRESS AIR
1314.64,0.03,1275.2008,23,575.38,6.79,693.0308000000001,HIGH,OFFICE SUPPLIES,PAPER,EXPRESS AIR
638.91,0.02,626.1318,49,77.48,3.14,545.5118,CRITICAL,OFFICE SUPPLIES,"SCISSORS, RULERS AND TRIMMERS",REGULAR AIR
2332.23,0.02,2285.5854,46,1085.93,7.23,1192.4253999999999,NOT SPECIFIED,OFFICE SUPPLIES,PAPER,EXPRESS AIR
4610.35,0.08,4241.522,33,751.58,17.85,3472.0919999999996,LOW,TECHNOLOGY,OFFICE MACHINES,DELIVERY TRUCK
610.07,0.07,567.3651,18,-157.56,19.19,705.7350999999999,LOW,FURNITURE,CHAIRS & CHAIRMATS,DELIVERY TRUCK
181.49,0.1,163.341,14,-29.54,5.5,187.381,LOW,OFFICE SUPPLIES,STORAGE & ORGANIZATION,REGULAR AIR
28.05,0.09,25.5255,4,-5.41,2.17,28.7655,HIGH,OFFICE SUPPLIES,PAPER,REGULAR AIR
248.86,0.08,228.9512,41,-168.67,7.5,390.1212,MEDIUM,OFFICE SUPPLIES,PAPER,REGULAR AIR
278.01,0.03,269.6697,42,-202.31,8.73,463.24969999999996,MEDIUM,OFFICE SUPPLIES,PAPER,REGULAR AIR
281.81,0.07,262.0833,50,42.45,0.96,218.67330000000004,MEDIUM,OFFICE SUPPLIES,PENS & ART SUPPLIES,REGULAR AIR
243.23,0.07,226.20389999999998,14,35.33,1.99,188.88389999999998,CRITICAL,TECHNOLOGY,COMPUTER PERIPHERALS,REGULAR AIR
1326.51,0.03,1286.7147,24,58.17,8.99,1219.5547,CRITICAL,TECHNOLOGY,TELEPHONES AND COMMUNICATION,REGULAR AIR
127.9,0.07,118.947,31,54.21,0.5,64.237,HIGH,OFFICE SUPPLIES,LABELS,REGULAR AIR
110.74,0.09,100.7734,17,-70.31,7.49,163.5934,MEDIUM,OFFICE SUPPLIES,PAPER,REGULAR AIR
73.82,0.08,67.9144,26,2.01,1.49,64.4144,HIGH,OFFICE SUPPLIES,BINDERS AND BINDER ACCESSORIES,REGULAR AIR
154.85,0.05,147.1075,38,-136.55,5.13,278.52750000000003,MEDIUM,OFFICE SUPPLIES,APPLIANCES,REGULAR AIR
4941.7725,0.1,4447.59525,32,704.89,8.99,3733.7152500000007,MEDIUM,TECHNOLOGY,TELEPHONES AND COMMUNICATION,REGULAR AIR
1155.5835,0.04,1109.36016,24,-127.0,5.0,1231.36016,LOW,TECHNOLOGY,TELEPHONES AND COMMUNICATION,REGULAR AIR
311.44,0.04,298.9824,32,74.07,1.99,222.92239999999998,LOW,TECHNOLOGY,COMPUTER PERIPHERALS,REGULAR AIR
77.57,0.0,77.57,19,-67.49,5.47,139.58999999999997,CRITICAL,OFFICE SUPPLIES,BINDERS AND BINDER ACCESSORIES,REGULAR AIR
12689.87,0.04,12182.2752,44,-169.23,154.12,12197.385199999999,CRITICAL,FURNITURE,TABLES,DELIVERY TRUCK
905.32,0.02,887.2136,24,389.07,5.09,493.0536,MEDIUM,OFFICE SUPPLIES,PAPER,REGULAR AIR
1702.499,0.08,1566.29908,16,162.11,5.26,1398.9290799999999,MEDIUM,TECHNOLOGY,TELEPHONES AND COMMUNICATION,REGULAR AIR
90.96,0.02,89.1408,48,-30.11,1.56,117.6908,LOW,OFFICE SUPPLIES,RUBBER BANDS,REGULAR AIR
632.55,0.05,600.9224999999999,27,165.35,8.99,426.58249999999987,LOW,FURNITURE,OFFICE FURNISHINGS,REGULAR AIR
1997.13,0.05,1897.2735,32,720.45,14.48,1162.3435,LOW,FURNITURE,OFFICE FURNISHINGS,REGULAR AIR
64.13,0.1,57.717,10,-28.97,5.27,81.417,LOW,OFFICE SUPPLIES,BINDERS AND BINDER ACCESSORIES,REGULAR AIR
492.71,0.02,482.8558,24,67.01,8.68,407.1658,MEDIUM,OFFICE SUPPLIES,PAPER,REGULAR AIR
760.2485,0.04,729.83856,16,29.8,3.3,696.7385600000001,CRITICAL,TECHNOLOGY,TELEPHONES AND COMMUNICATION,REGULAR AIR
215.65,0.01,213.4935,17,77.38,2.85,133.26350000000002,LOW,FURNITURE,OFFICE FURNISHINGS,EXPRESS AIR
5041.46,0.06,4738.9724,43,-2136.66,70.2,6805.4324,CRITICAL,FURNITURE,CHAIRS & CHAIRMATS,DELIVERY TRUCK
282.98,0.06,266.00120000000004,45,-237.47,8.88,494.5912000000001,CRITICAL,OFFICE SUPPLIES,PAPER,REGULAR AIR
1140.26,0.04,1094.6496,39,387.2,8.55,698.8996,NOT SPECIFIED,FURNITURE,OFFICE FURNISHINGS,EXPRESS AIR
2645.8,0.0,2645.8,31,-684.78,35.0,3295.58,NOT SPECIFIED,OFFICE SUPPLIES,STORAGE & ORGANIZATION,REGULAR AIR
3202.25,0.09,2914.0475,44,991.26,19.99,1902.7975000000004,MEDIUM,FURNITURE,OFFICE FURNISHINGS,REGULAR AIR
35.64,0.05,33.858000000000004,10,-0.71,1.63,32.938,MEDIUM,OFFICE SUPPLIES,RUBBER BANDS,REGULAR AIR
41.97,0.05,39.8715,12,-37.03,4.2,72.7015,MEDIUM,OFFICE SUPPLIES,PENS & ART SUPPLIES,REGULAR AIR
57.17,0.08,52.5964,18,-24.03,2.31,74.3164,MEDIUM,OFFICE SUPPLIES,PENS & ART SUPPLIES,REGULAR AIR
81.25,0.01,80.4375,11,-44.54,7.86,117.1175,MEDIUM,OFFICE SUPPLIES,PAPER,REGULAR AIR
121.12,0.1,109.00800000000001,3,-118.82,1.99,225.83800000000002,HIGH,TECHNOLOGY,COMPUTER PERIPHERALS,REGULAR AIR
750.66,0.0,750.66,33,120.05,4.0,626.61,LOW,TECHNOLOGY,COMPUTER PERIPHERALS,REGULAR AIR
254.32,0.01,251.77679999999998,8,-117.39,6.5,362.66679999999997,LOW,TECHNOLOGY,COMPUTER PERIPHERALS,REGULAR AIR
2149.37,0.03,2084.8889,42,217.87,19.99,1847.0289000000002,LOW,FURNITURE,OFFICE FURNISHINGS,REGULAR AIR
5661.08,0.0,5661.08,33,1055.47,30.0,4575.61,LOW,FURNITURE,CHAIRS & CHAIRMATS,DELIVERY TRUCK
334.71,0.01,331.36289999999997,25,31.74,6.47,293.15289999999993,HIGH,OFFICE SUPPLIES,PAPER,REGULAR AIR
1981.26,0.07,1842.5718,49,100.8,8.66,1733.1118,MEDIUM,FURNITURE,OFFICE FURNISHINGS,EXPRESS AIR
1756.46,0.01,1738.8954,15,-101.19,30.0,1810.0854000000002,LOW,FURNITURE,CHAIRS & CHAIRMATS,DELIVERY TRUCK
49.04,0.02,48.0592,8,9.29,1.39,37.3792,CRITICAL,OFFICE SUPPLIES,ENVELOPES,REGULAR AIR
139.54,0.01,138.1446,26,-54.08,4.95,187.27460000000002,NOT SPECIFIED,OFFICE SUPPLIES,BINDERS AND BINDER ACCESSORIES,REGULAR AIR
300.2,0.0,300.2,8,6.41,8.22,285.56999999999994,NOT SPECIFIED,OFFICE SUPPLIES,STORAGE & ORGANIZATION,REGULAR AIR
1364.8025,0.07,1269.266325,29,-183.68,5.0,1447.9463250000001,NOT SPECIFIED,TECHNOLOGY,TELEPHONES AND COMMUNICATION,REGULAR AIR
199.52,0.08,183.5584,28,13.44,4.0,166.1184,NOT SPECIFIED,FURNITURE,OFFICE FURNISHINGS,REGULAR AIR
85.66,0.04,82.2336,39,6.67,0.78,74.78359999999999,NOT SPECIFIED,OFFICE SUPPLIES,RUBBER BANDS,REGULAR AIR
35.48,0.09,32.2868,14,-9.19,1.3,40.1768,HIGH,OFFICE SUPPLIES,PENS & ART SUPPLIES,REGULAR AIR
1758.41,0.06,1652.9054,18,238.52,15.66,1398.7254,NOT SPECIFIED,OFFICE SUPPLIES,APPLIANCES,DELIVERY TRUCK
2766.818,0.03,2683.8134600000003,47,846.95,5.92,1830.9434600000002,HIGH,TECHNOLOGY,TELEPHONES AND COMMUNICATION,REGULAR AIR
689.67,0.07,641.3931,38,51.47,8.99,580.9331,LOW,FURNITURE,OFFICE FURNISHINGS,REGULAR AIR
2219.79,0.1,1997.811,30,-9.45,33.6,1973.661,NOT SPECIFIED,TECHNOLOGY,OFFICE MACHINES,DELIVERY TRUCK
237.36,0.07,220.7448,25,-117.86,9.86,328.7448,NOT SPECIFIED,OFFICE SUPPLIES,PAPER,REGULAR AIR
195.23,0.08,179.61159999999998,35,-72.46,5.57,246.5016,HIGH,FURNITURE,OFFICE FURNISHINGS,REGULAR AIR
4051.8,0.1,3646.62,35,-684.07,51.94,4278.75,HIGH,FURNITURE,TABLES,DELIVERY TRUCK
1815.49,0.03,1761.0253,46,782.91,3.04,975.0753000000001,MEDIUM,FURNITURE,OFFICE FURNISHINGS,REGULAR AIR
128.21,0.05,121.79950000000001,19,-55.13,6.57,170.3595,MEDIUM,OFFICE SUPPLIES,PAPER,REGULAR AIR
1307.88,0.06,1229.4072,13,206.86,7.18,1015.3672,MEDIUM,TECHNOLOGY,COMPUTER PERIPHERALS,REGULAR AIR
104.51,0.04,100.3296,13,-9.28,4.71,104.8996,CRITICAL,OFFICE SUPPLIES,BINDERS AND BINDER ACCESSORIES,REGULAR AIR
1064.7865,0.1,958.3078499999999,12,-181.01,2.5,1136.81785,LOW,TECHNOLOGY,TELEPHONES AND COMMUNICATION,REGULAR AIR
131.09,0.01,129.7791,10,10.94,2.85,115.98910000000001,CRITICAL,FURNITURE,OFFICE FURNISHINGS,REGULAR AIR
1817.9,0.06,1708.826,33,700.31,10.75,997.7660000000001,CRITICAL,OFFICE SUPPLIES,PAPER,REGULAR AIR
124.06,0.09,112.8946,17,15.74,2.5,94.6546,CRITICAL,OFFICE SUPPLIES,ENVELOPES,REGULAR AIR
138.05,0.09,125.62550000000002,19,-100.49,5.53,220.58550000000002,LOW,TECHNOLOGY,COMPUTER PERIPHERALS,REGULAR AIR
433.44,0.1,390.096,29,147.46,3.73,238.90599999999998,NOT SPECIFIED,FURNITURE,OFFICE FURNISHINGS,REGULAR AIR
55.59,0.03,53.92230000000001,8,-17.95,5.74,66.1323,MEDIUM,OFFICE SUPPLIES,BINDERS AND BINDER ACCESSORIES,EXPRESS AIR
481.049,0.09,437.75459,16,46.51,1.1,390.14459,MEDIUM,TECHNOLOGY,TELEPHONES AND COMMUNICATION,REGULAR AIR
112.36,0.08,103.3712,33,-159.74,6.27,256.8412,MEDIUM,OFFICE SUPPLIES,BINDERS AND BINDER ACCESSORIES,REGULAR AIR
252.79,0.09,230.03889999999998,9,58.23,2.99,168.81889999999999,NOT SPECIFIED,OFFICE SUPPLIES,BINDERS AND BINDER ACCESSORIES,REGULAR AIR
562.8,0.02,551.544,36,-17.45,9.73,559.264,HIGH,OFFICE SUPPLIES,BINDERS AND BINDER ACCESSORIES,REGULAR AIR
5544.99,0.04,5323.1903999999995,43,-3404.24,130.0,8597.4304,CRITICAL,FURNITURE,CHAIRS & CHAIRMATS,DELIVERY TRUCK
2011.6355,0.01,1991.519145,12,-53.69,3.99,2041.219145,CRITICAL,TECHNOLOGY,TELEPHONES AND COMMUNICATION,EXPRESS AIR
260.59,0.09,237.13689999999997,43,-157.76,7.03,387.8669,HIGH,OFFICE SUPPLIES,PAPER,REGULAR AIR
75.27,0.06,70.7538,13,-1.84,2.99,69.6038,MEDIUM,OFFICE SUPPLIES,BINDERS AND BINDER ACCESSORIES,REGULAR AIR
1184.53,0.05,1125.3035,31,-26.49,7.12,1144.6735,MEDIUM,TECHNOLOGY,COMPUTER PERIPHERALS,REGULAR AIR
3683.73,0.09,3352.1943,35,708.76,8.99,2634.4443,MEDIUM,TECHNOLOGY,TELEPHONES AND COMMUNICATION,REGULAR AIR
364.8,0.01,361.152,42,149.45,1.39,210.312,CRITICAL,OFFICE SUPPLIES,ENVELOPES,REGULAR AIR
1118.82,0.04,1074.0672,8,-320.3,36.09,1358.2772,MEDIUM,FURNITURE,BOOKCASES,DELIVERY TRUCK
79.75,0.1,71.775,48,-41.32,1.56,111.535,MEDIUM,OFFICE SUPPLIES,RUBBER BANDS,REGULAR AIR
4.99,0.04,4.7904,1,-3.06,1.32,6.5304,NOT SPECIFIED,OFFICE SUPPLIES,"SCISSORS, RULERS AND TRIMMERS",REGULAR AIR
50.97,0.09,46.3827,10,4.45,0.73,41.2027,NOT SPECIFIED,OFFICE SUPPLIES,PENS & ART SUPPLIES,REGULAR AIR
10006.28,0.1,9005.652,36,-760.98,61.76,9704.872,NOT SPECIFIED,FURNITURE,TABLES,DELIVERY TRUCK
407.17,0.04,390.8832,36,-12.82,6.97,396.73319999999995,NOT SPECIFIED,OFFICE SUPPLIES,ENVELOPES,REGULAR AIR
199.93,0.1,179.937,14,-105.33,13.32,271.947,HIGH,OFFICE SUPPLIES,APPLIANCES,REGULAR AIR
834.81,0.03,809.7656999999999,22,1.98,12.9,794.8856999999999,CRITICAL,OFFICE SUPPLIES,STORAGE & ORGANIZATION,REGULAR AIR
148.31,0.03,143.8607,20,37.33,2.17,104.36070000000002,NOT SPECIFIED,OFFICE SUPPLIES,PAPER,REGULAR AIR
335.35,0.05,318.58250000000004,39,-134.97,8.29,445.26250000000005,NOT SPECIFIED,OFFICE SUPPLIES,ENVELOPES,REGULAR AIR
1925.83,0.09,1752.5053,10,359.83,0.99,1391.6853,NOT SPECIFIED,OFFICE SUPPLIES,APPLIANCES,REGULAR AIR
605.1,0.04,580.8960000000001,15,92.81,5.33,482.75600000000003,NOT SPECIFIED,OFFICE SUPPLIES,APPLIANCES,EXPRESS AIR
113.5,0.05,107.825,15,-46.35,6.28,147.895,HIGH,OFFICE SUPPLIES,BINDERS AND BINDER ACCESSORIES,REGULAR AIR
357.43,0.08,328.8356,17,-135.98,6.5,458.3156,HIGH,TECHNOLOGY,COMPUTER PERIPHERALS,REGULAR AIR
4754.08,0.0,4754.08,21,299.88,28.66,4425.54,HIGH,OFFICE SUPPLIES,STORAGE & ORGANIZATION,DELIVERY TRUCK
1601.32,0.04,1537.2672,13,377.81,14.0,1145.4572,HIGH,TECHNOLOGY,OFFICE MACHINES,DELIVERY TRUCK
264.75,0.08,243.57,43,-212.51,8.4,447.67999999999995,CRITICAL,OFFICE SUPPLIES,PAPER,REGULAR AIR
3367.24,0.07,3131.5332,44,-1183.69,48.2,4267.0232,NOT SPECIFIED,FURNITURE,OFFICE FURNISHINGS,REGULAR AIR
5723.24,0.0,5723.24,37,-194.97,51.92,5866.29,NOT SPECIFIED,FURNITURE,TABLES,DELIVERY TRUCK
188.07,0.0,188.07,27,-101.85,7.86,282.05999999999995,HIGH,OFFICE SUPPLIES,PAPER,REGULAR AIR
1281.28,0.05,1217.216,43,415.85,6.27,795.0959999999999,CRITICAL,OFFICE SUPPLIES,BINDERS AND BINDER ACCESSORIES,REGULAR AIR
430.848,0.06,404.99712,4,-492.77,5.63,892.13712,CRITICAL,TECHNOLOGY,TELEPHONES AND COMMUNICATION,REGULAR AIR
933.21,0.05,886.5495000000001,40,207.18,7.58,671.7895000000001,MEDIUM,FURNITURE,OFFICE FURNISHINGS,REGULAR AIR
748.25,0.05,710.8375,10,-86.99,26.74,771.0875,CRITICAL,FURNITURE,BOOKCASES,DELIVERY TRUCK
260.39,0.09,236.95489999999998,15,-48.57,12.39,273.13489999999996,HIGH,OFFICE SUPPLIES,ENVELOPES,REGULAR AIR
3904.12,0.07,3630.8316,50,-1508.46,55.81,5083.4816,CRITICAL,FURNITURE,BOOKCASES,DELIVERY TRUCK
343.64,0.06,323.0216,41,13.29,3.44,306.29159999999996,CRITICAL,FURNITURE,OFFICE FURNISHINGS,REGULAR AIR
256.64,0.03,248.9408,42,-28.29,3.37,273.8608,LOW,OFFICE SUPPLIES,RUBBER BANDS,REGULAR AIR
185.64,0.1,167.076,25,-69.87,6.28,230.666,CRITICAL,OFFICE SUPPLIES,BINDERS AND BINDER ACCESSORIES,REGULAR AIR
225.98,0.01,223.72019999999998,34,-135.74,7.86,351.6002,CRITICAL,OFFICE SUPPLIES,PAPER,REGULAR AIR
518.8,0.1,466.91999999999996,17,54.63,11.63,400.65999999999997,CRITICAL,OFFICE SUPPLIES,BINDERS AND BINDER ACCESSORIES,REGULAR AIR
42.67,0.06,40.1098,10,-12.72,2.99,49.8398,LOW,OFFICE SUPPLIES,BINDERS AND BINDER ACCESSORIES,REGULAR AIR
690.88,0.08,635.6096,32,119.25,7.58,508.77959999999996,MEDIUM,FURNITURE,OFFICE FURNISHINGS,REGULAR AIR
18.37,0.01,18.1863,6,-4.06,1.2,21.0463,HIGH,OFFICE SUPPLIES,PENS & ART SUPPLIES,REGULAR AIR
1943.72,0.03,1885.4084,47,-1003.58,34.2,2854.7884,HIGH,FURNITURE,OFFICE FURNISHINGS,REGULAR AIR
824.24,0.1,741.816,32,-127.23,5.89,863.1560000000001,NOT SPECIFIED,TECHNOLOGY,COMPUTER PERIPHERALS,REGULAR AIR
438.47,0.02,429.7006,14,157.89,2.99,268.8206,NOT SPECIFIED,OFFICE SUPPLIES,BINDERS AND BINDER ACCESSORIES,EXPRESS AIR
230.72,0.08,212.2624,11,-68.76,5.99,275.0324,NOT SPECIFIED,TECHNOLOGY,COMPUTER PERIPHERALS,REGULAR AIR
293.47,0.06,275.8618,45,-205.38,8.4,472.84180000000003,NOT SPECIFIED,OFFICE SUPPLIES,PAPER,REGULAR AIR
142.15,0.09,129.3565,10,-58.18,9.37,178.1665,NOT SPECIFIED,OFFICE SUPPLIES,STORAGE & ORGANIZATION,REGULAR AIR
88.7,0.06,83.378,33,-89.13,4.28,168.228,NOT SPECIFIED,OFFICE SUPPLIES,PENS & ART SUPPLIES,REGULAR AIR
262.78,0.04,252.26879999999997,23,19.36,3.37,229.53879999999998,NOT SPECIFIED,OFFICE SUPPLIES,"SCISSORS, RULERS AND TRIMMERS",REGULAR AIR
330.22,0.07,307.1046,21,-51.72,10.91,347.91459999999995,NOT SPECIFIED,OFFICE SUPPLIES,BINDERS AND BINDER ACCESSORIES,REGULAR AIR
321.71,0.1,289.539,6,-2.73,16.11,276.159,NOT SPECIFIED,OFFICE SUPPLIES,BINDERS AND BINDER ACCESSORIES,REGULAR AIR
5198.12,0.01,5146.1388,48,1481.67,15.66,3648.8088,NOT SPECIFIED,OFFICE SUPPLIES,APPLIANCES,DELIVERY TRUCK
188.53,0.0,188.53,23,-27.49,5.96,210.06,NOT SPECIFIED,OFFICE SUPPLIES,PAPER,REGULAR AIR
718.41,0.1,646.569,19,23.94,17.48,605.1489999999999,NOT SPECIFIED,OFFICE SUPPLIES,PAPER,REGULAR AIR
6175.777,0.07,5743.47261,49,1881.58,3.9,3857.9926100000002,HIGH,TECHNOLOGY,TELEPHONES AND COMMUNICATION,EXPRESS AIR
436.98,0.07,406.39140000000003,35,75.61,4.98,325.8014,LOW,FURNITURE,OFFICE FURNISHINGS,REGULAR AIR
136.68,0.01,135.3132,4,-125.16,4.0,256.4732,NOT SPECIFIED,TECHNOLOGY,COMPUTER PERIPHERALS,EXPRESS AIR
1452.48,0.07,1350.8064,24,376.52,10.84,963.4464,NOT SPECIFIED,FURNITURE,OFFICE FURNISHINGS,EXPRESS AIR
3555.29,0.09,3235.3139,19,183.28,19.99,3032.0439,NOT SPECIFIED,OFFICE SUPPLIES,STORAGE & ORGANIZATION,EXPRESS AIR
71.12,0.1,64.00800000000001,38,-21.89,0.7,85.19800000000001,MEDIUM,OFFICE SUPPLIES,RUBBER BANDS,REGULAR AIR
691.09,0.08,635.8028,9,364.03,19.99,251.78280000000007,HIGH,FURNITURE,OFFICE FURNISHINGS,REGULAR AIR
713.7,0.02,699.426,33,176.09,2.87,520.466,HIGH,OFFICE SUPPLIES,PENS & ART SUPPLIES,REGULAR AIR
333.3,0.03,323.301,15,71.04,1.99,250.27099999999996,HIGH,TECHNOLOGY,COMPUTER PERIPHERALS,REGULAR AIR
85.77,0.03,83.1969,27,-102.02,5.44,179.7769,NOT SPECIFIED,OFFICE SUPPLIES,BINDERS AND BINDER ACCESSORIES,REGULAR AIR
149.31,0.0,149.31,13,7.77,5.14,136.4,NOT SPECIFIED,OFFICE SUPPLIES,BINDERS AND BINDER ACCESSORIES,REGULAR AIR
54.3,0.1,48.87,6,1.27,2.03,45.56999999999999,CRITICAL,OFFICE SUPPLIES,PAPER,REGULAR AIR
157.97,0.01,156.3903,6,-42.38,16.87,181.9003,MEDIUM,OFFICE SUPPLIES,PAPER,REGULAR AIR
9843.11,0.07,9154.0923,35,-384.6,57.0,9481.6923,LOW,FURNITURE,CHAIRS & CHAIRMATS,DELIVERY TRUCK
3701.5205,0.05,3516.4444750000002,38,894.06,5.92,2616.464475,NOT SPECIFIED,TECHNOLOGY,TELEPHONES AND COMMUNICATION,REGULAR AIR
7333.45,0.07,6820.1085,27,-207.28,35.0,6992.3885,CRITICAL,OFFICE SUPPLIES,STORAGE & ORGANIZATION,REGULAR AIR
503.08,0.01,498.0492,12,-102.74,6.5,594.2891999999999,HIGH,TECHNOLOGY,COMPUTER PERIPHERALS,REGULAR AIR
4256.51,0.03,4128.8147,41,1653.96,7.18,2467.6746999999996,HIGH,TECHNOLOGY,COMPUTER PERIPHERALS,REGULAR AIR
76.94,0.0,76.94,15,29.67,0.99,46.28,HIGH,OFFICE SUPPLIES,LABELS,EXPRESS AIR
252.99,0.08,232.7508,37,28.76,2.35,201.6408,NOT SPECIFIED,OFFICE SUPPLIES,PENS & ART SUPPLIES,REGULAR AIR
794.32,0.08,730.7744,20,67.61,17.48,645.6844,HIGH,OFFICE SUPPLIES,PAPER,REGULAR AIR
144.84,0.09,131.80440000000002,25,-120.99,8.09,244.70440000000002,CRITICAL,OFFICE SUPPLIES,PAPER,REGULAR AIR
115.45,0.07,107.3685,12,23.53,2.06,81.7785,HIGH,OFFICE SUPPLIES,PAPER,REGULAR AIR
163.89,0.02,160.61219999999997,31,-108.55,4.93,264.2322,HIGH,TECHNOLOGY,COMPUTER PERIPHERALS,REGULAR AIR
154.94,0.09,140.9954,2,-358.43,4.0,495.42539999999997,HIGH,TECHNOLOGY,COMPUTER PERIPHERALS,REGULAR AIR
1642.642,0.08,1511.23064,44,314.84,4.99,1191.40064,HIGH,TECHNOLOGY,TELEPHONES AND COMMUNICATION,EXPRESS AIR
270.43,0.07,251.4999,37,-83.16,6.16,328.4999,NOT SPECIFIED,OFFICE SUPPLIES,BINDERS AND BINDER ACCESSORIES,REGULAR AIR
1339.25,0.03,1299.0725,24,142.51,13.22,1143.3425,LOW,OFFICE SUPPLIES,APPLIANCES,REGULAR AIR
404.24,0.02,396.15520000000004,23,-76.99,13.18,459.96520000000004,LOW,OFFICE SUPPLIES,BINDERS AND BINDER ACCESSORIES,EXPRESS AIR
1381.88,0.09,1257.5108,32,598.2,6.77,652.5408,LOW,FURNITURE,OFFICE FURNISHINGS,EXPRESS AIR
1307.35,0.05,1241.9824999999998,43,-154.24,8.65,1387.5724999999998,LOW,TECHNOLOGY,COMPUTER PERIPHERALS,EXPRESS AIR
127.16,0.09,115.7156,20,12.88,1.56,101.2756,CRITICAL,OFFICE SUPPLIES,PENS & ART SUPPLIES,REGULAR AIR
257.97,0.03,250.23090000000002,19,33.18,4.98,212.07090000000002,HIGH,OFFICE SUPPLIES,BINDERS AND BINDER ACCESSORIES,REGULAR AIR
619.77,0.02,607.3746,42,50.24,7.17,549.9646,CRITICAL,OFFICE SUPPLIES,BINDERS AND BINDER ACCESSORIES,REGULAR AIR
2853.8835,0.06,2682.65049,27,492.24,7.69,2182.7204899999997,HIGH,TECHNOLOGY,TELEPHONES AND COMMUNICATION,REGULAR AIR
240.63,0.02,235.8174,31,-117.92,5.53,348.2074,MEDIUM,TECHNOLOGY,COMPUTER PERIPHERALS,REGULAR AIR
192.33,0.01,190.4067,44,48.54,1.2,140.66670000000002,LOW,OFFICE SUPPLIES,PENS & ART SUPPLIES,REGULAR AIR
8.6,0.09,7.826,3,-2.03,0.5,9.356,MEDIUM,OFFICE SUPPLIES,LABELS,REGULAR AIR
1663.83,0.1,1497.447,13,-484.64,54.74,1927.3469999999998,NOT SPECIFIED,FURNITURE,BOOKCASES,DELIVERY TRUCK
265.35,0.02,260.043,24,-128.69,11.59,377.14300000000003,HIGH,OFFICE SUPPLIES,PAPER,REGULAR AIR
248.26,0.07,230.8818,16,93.8,1.39,135.6918,NOT SPECIFIED,OFFICE SUPPLIES,ENVELOPES,REGULAR AIR
945.36,0.1,850.8240000000001,25,219.85,9.83,621.144,HIGH,OFFICE SUPPLIES,ENVELOPES,REGULAR AIR
9046.33,0.0,9046.33,46,1398.03,55.24,7593.06,LOW,OFFICE SUPPLIES,APPLIANCES,DELIVERY TRUCK
367.96,0.06,345.88239999999996,43,-16.11,3.5,358.4924,LOW,OFFICE SUPPLIES,APPLIANCES,REGULAR AIR
159.05,0.04,152.68800000000002,27,21.46,2.5,128.728,LOW,OFFICE SUPPLIES,ENVELOPES,REGULAR AIR
116.14,0.01,114.9786,39,50.44,0.5,64.0386,LOW,OFFICE SUPPLIES,LABELS,REGULAR AIR
3344.11,0.03,3243.7867,18,588.54,26.2,2629.0467000000003,LOW,FURNITURE,CHAIRS & CHAIRMATS,DELIVERY TRUCK
463.0,0.07,430.59,32,24.61,7.17,398.80999999999995,LOW,OFFICE SUPPLIES,BINDERS AND BINDER ACCESSORIES,REGULAR AIR
90.75,0.02,88.935,6,-26.39,14.37,100.955,NOT SPECIFIED,FURNITURE,OFFICE FURNISHINGS,REGULAR AIR
113.09,0.04,108.5664,39,29.76,0.81,77.9964,HIGH,OFFICE SUPPLIES,PENS & ART SUPPLIES,REGULAR AIR
1603.27,0.01,1587.2373,27,452.49,3.99,1130.7573,NOT SPECIFIED,OFFICE SUPPLIES,APPLIANCES,REGULAR AIR
41.53,0.04,39.8688,4,-15.53,6.19,49.208800000000004,HIGH,OFFICE SUPPLIES,BINDERS AND BINDER ACCESSORIES,REGULAR AIR
618.1965,0.02,605.83257,11,-132.53,8.8,729.56257,LOW,TECHNOLOGY,TELEPHONES AND COMMUNICATION,REGULAR AIR
74.02,0.07,68.8386,11,-28.45,5.74,91.5486,MEDIUM,OFFICE SUPPLIES,PAPER,REGULAR AIR
198.08,0.02,194.1184,47,32.69,0.94,160.4884,CRITICAL,OFFICE SUPPLIES,PENS & ART SUPPLIES,REGULAR AIR
1553.66,0.03,1507.0502000000001,28,547.48,0.99,958.5802000000001,CRITICAL,OFFICE SUPPLIES,APPLIANCES,REGULAR AIR
3276.9965,0.0,3276.9965,30,653.06,8.99,2614.9465000000005,CRITICAL,TECHNOLOGY,TELEPHONES AND COMMUNICATION,REGULAR AIR
363.16,0.08,334.10720000000003,26,3.92,7.27,322.91720000000004,MEDIUM,OFFICE SUPPLIES,BINDERS AND BINDER ACCESSORIES,EXPRESS AIR
633.56,0.09,576.5396,31,-158.87,6.5,728.9096,NOT SPECIFIED,TECHNOLOGY,COMPUTER PERIPHERALS,REGULAR AIR
128.86,0.0,128.86,21,24.53,1.2,103.13000000000001,MEDIUM,OFFICE SUPPLIES,PENS & ART SUPPLIES,EXPRESS AIR
54.8,0.0,54.8,5,-15.3,1.99,68.11,CRITICAL,TECHNOLOGY,COMPUTER PERIPHERALS,REGULAR AIR
1038.19,0.07,965.5167,40,230.69,4.08,730.7466999999999,CRITICAL,OFFICE SUPPLIES,PENS & ART SUPPLIES,REGULAR AIR
51.75,0.05,49.1625,9,4.16,0.7,44.302499999999995,MEDIUM,OFFICE SUPPLIES,PENS & ART SUPPLIES,REGULAR AIR
772.56,0.04,741.6576,34,143.87,4.5,593.2876,NOT SPECIFIED,OFFICE SUPPLIES,APPLIANCES,EXPRESS AIR
108.73,0.04,104.38080000000001,16,-22.21,5.22,121.3708,LOW,FURNITURE,OFFICE FURNISHINGS,REGULAR AIR
309.46,0.08,284.7032,49,-82.64,2.74,364.60319999999996,LOW,TECHNOLOGY,COMPUTER PERIPHERALS,REGULAR AIR
1168.28,0.02,1144.9144,22,126.07,14.19,1004.6543999999999,LOW,FURNITURE,CHAIRS & CHAIRMATS,DELIVERY TRUCK
644.4,0.04,618.624,27,-97.28,16.87,699.034,LOW,OFFICE SUPPLIES,PAPER,REGULAR AIR
614.35,0.02,602.063,31,78.89,9.03,514.143,LOW,OFFICE SUPPLIES,PAPER,EXPRESS AIR
3.63,0.03,3.5210999999999997,1,-1.56,0.7,4.3811,LOW,OFFICE SUPPLIES,PENS & ART SUPPLIES,REGULAR AIR
172.99,0.05,164.34050000000002,31,61.51,1.0,101.83050000000003,LOW,OFFICE SUPPLIES,PENS & ART SUPPLIES,REGULAR AIR
1935.25,0.04,1857.84,29,652.19,11.55,1194.1,HIGH,OFFICE SUPPLIES,BINDERS AND BINDER ACCESSORIES,REGULAR AIR
278.5,0.1,250.65,13,-6.23,5.53,251.35,HIGH,OFFICE SUPPLIES,PENS & ART SUPPLIES,REGULAR AIR
5423.58,0.01,5369.3442,42,1361.56,19.99,3987.7942,HIGH,OFFICE SUPPLIES,STORAGE & ORGANIZATION,REGULAR AIR
1196.7915,0.07,1113.016095,26,265.39,1.25,846.376095,NOT SPECIFIED,TECHNOLOGY,TELEPHONES AND COMMUNICATION,REGULAR AIR
325.97,0.02,319.4506,46,-255.22,8.37,566.3006,NOT SPECIFIED,OFFICE SUPPLIES,"SCISSORS, RULERS AND TRIMMERS",REGULAR AIR
49.65,0.02,48.657,10,8.27,1.49,38.89699999999999,NOT SPECIFIED,OFFICE SUPPLIES,BINDERS AND BINDER ACCESSORIES,REGULAR AIR
1375.3765,0.03,1334.115205,45,592.22,3.3,738.5952050000001,CRITICAL,TECHNOLOGY,TELEPHONES AND COMMUNICATION,REGULAR AIR
642.1,0.0,642.1,42,41.56,7.51,593.03,CRITICAL,TECHNOLOGY,OFFICE MACHINES,REGULAR AIR
1211.98,0.1,1090.782,7,-80.83,26.2,1145.4119999999998,HIGH,FURNITURE,CHAIRS & CHAIRMATS,DELIVERY TRUCK
945.86,0.1,851.274,47,31.59,5.53,814.154,NOT SPECIFIED,OFFICE SUPPLIES,PENS & ART SUPPLIES,REGULAR AIR
94.39,0.07,87.7827,33,12.31,0.7,74.7727,HIGH,OFFICE SUPPLIES,PENS & ART SUPPLIES,REGULAR AIR
249.59,0.06,234.6146,32,101.82,1.39,131.40460000000002,CRITICAL,OFFICE SUPPLIES,ENVELOPES,REGULAR AIR
110.36,0.05,104.842,39,8.6,0.93,95.312,CRITICAL,OFFICE SUPPLIES,PENS & ART SUPPLIES,REGULAR AIR
58.98,0.0,58.98,9,-17.79,4.97,71.8,NOT SPECIFIED,OFFICE SUPPLIES,BINDERS AND BINDER ACCESSORIES,REGULAR AIR
1455.04,0.06,1367.7376,9,-7.58,19.99,1355.3275999999998,CRITICAL,OFFICE SUPPLIES,STORAGE & ORGANIZATION,REGULAR AIR
73.55,0.09,66.9305,32,7.95,0.78,58.20049999999999,MEDIUM,OFFICE SUPPLIES,RUBBER BANDS,EXPRESS AIR
4804.0385,0.08,4419.7154199999995,46,1077.92,8.8,3332.9954199999993,MEDIUM,TECHNOLOGY,TELEPHONES AND COMMUNICATION,REGULAR AIR
3316.08,0.08,3050.7936,27,-514.32,30.0,3535.1136,NOT SPECIFIED,FURNITURE,CHAIRS & CHAIRMATS,DELIVERY TRUCK
76.06,0.02,74.53880000000001,14,-35.99,5.68,104.84880000000001,LOW,OFFICE SUPPLIES,PAPER,EXPRESS AIR
372.69,0.01,368.9631,42,-177.03,8.94,537.0531,LOW,OFFICE SUPPLIES,BINDERS AND BINDER ACCESSORIES,EXPRESS AIR
65.5,0.08,60.26,11,-55.94,4.38,111.82,HIGH,TECHNOLOGY,COMPUTER PERIPHERALS,REGULAR AIR
136.85,0.01,135.48149999999998,14,-4.43,5.6,134.3115,NOT SPECIFIED,OFFICE SUPPLIES,BINDERS AND BINDER ACCESSORIES,REGULAR AIR
185.79,0.02,182.0742,5,-159.68,7.53,334.2242,MEDIUM,TECHNOLOGY,COMPUTER PERIPHERALS,REGULAR AIR
186.67,0.02,182.9366,9,2.06,8.68,172.1966,MEDIUM,OFFICE SUPPLIES,PAPER,REGULAR AIR
196.41,0.01,194.4459,9,27.91,11.17,155.3659,MEDIUM,FURNITURE,OFFICE FURNISHINGS,REGULAR AIR
480.73,0.1,432.65700000000004,12,148.2,2.99,281.46700000000004,CRITICAL,OFFICE SUPPLIES,BINDERS AND BINDER ACCESSORIES,REGULAR AIR
159.0,0.1,143.1,25,-98.15,7.37,233.88,CRITICAL,OFFICE SUPPLIES,PAPER,REGULAR AIR
171.52,0.1,154.368,32,46.61,1.39,106.36800000000001,LOW,OFFICE SUPPLIES,ENVELOPES,REGULAR AIR
207.08,0.09,188.4428,48,-131.82,5.17,315.0928,CRITICAL,OFFICE SUPPLIES,PAPER,REGULAR AIR
234.28,0.09,213.1948,8,-65.42,13.99,264.6248,CRITICAL,OFFICE SUPPLIES,STORAGE & ORGANIZATION,REGULAR AIR
1779.8915,0.09,1619.701265,41,-250.17,5.0,1864.871265,CRITICAL,TECHNOLOGY,TELEPHONES AND COMMUNICATION,REGULAR AIR
84.01,0.06,78.96940000000001,16,-34.12,5.72,107.36940000000001,MEDIUM,FURNITURE,OFFICE FURNISHINGS,REGULAR AIR
445.17,0.02,436.26660000000004,23,38.11,9.03,389.12660000000005,HIGH,OFFICE SUPPLIES,PAPER,REGULAR AIR
2329.4,0.08,2143.0480000000002,37,189.77,6.88,1946.3980000000001,MEDIUM,OFFICE SUPPLIES,STORAGE & ORGANIZATION,REGULAR AIR
106.05,0.02,103.929,9,-14.52,6.12,112.329,CRITICAL,OFFICE SUPPLIES,APPLIANCES,REGULAR AIR
698.1,0.01,691.119,45,336.25,1.39,353.47900000000004,CRITICAL,OFFICE SUPPLIES,ENVELOPES,REGULAR AIR
1370.49,0.08,1260.8508,40,-244.63,19.99,1485.4908,CRITICAL,FURNITURE,OFFICE FURNISHINGS,REGULAR AIR
11.01,0.09,10.0191,3,-1.42,5.33,6.1091,HIGH,FURNITURE,OFFICE FURNISHINGS,REGULAR AIR
39.44,0.0,39.44,5,-0.94,2.99,37.38999999999999,HIGH,OFFICE SUPPLIES,BINDERS AND BINDER ACCESSORIES,REGULAR AIR
195.51,0.03,189.6447,26,-105.72,7.72,287.6447,LOW,OFFICE SUPPLIES,BINDERS AND BINDER ACCESSORIES,REGULAR AIR
377.13,0.02,369.5874,38,-10.29,6.02,373.85740000000004,LOW,FURNITURE,OFFICE FURNISHINGS,REGULAR AIR
170.45,0.09,155.1095,4,-30.27,4.62,180.7595,MEDIUM,OFFICE SUPPLIES,APPLIANCES,REGULAR AIR
114.12,0.05,108.414,30,15.73,1.49,91.194,NOT SPECIFIED,OFFICE SUPPLIES,BINDERS AND BINDER ACCESSORIES,REGULAR AIR
350.42,0.03,339.9074,28,-37.3,5.81,371.3974,MEDIUM,OFFICE SUPPLIES,PENS & ART SUPPLIES,REGULAR AIR
69.66,0.07,64.7838,40,-51.42,1.99,114.21379999999999,MEDIUM,TECHNOLOGY,COMPUTER PERIPHERALS,REGULAR AIR
112.4,0.1,101.16,6,-46.75,8.51,139.39999999999998,HIGH,TECHNOLOGY,OFFICE MACHINES,REGULAR AIR
249.64,0.08,229.66879999999998,23,-91.65,7.46,313.8588,HIGH,OFFICE SUPPLIES,STORAGE & ORGANIZATION,REGULAR AIR
411.56,0.09,374.5196,46,-188.02,7.28,555.2596000000001,LOW,OFFICE SUPPLIES,STORAGE & ORGANIZATION,EXPRESS AIR
46.46,0.1,41.814,3,-25.13,6.75,60.194,NOT SPECIFIED,OFFICE SUPPLIES,APPLIANCES,REGULAR AIR
303.59,0.1,273.231,32,-45.99,6.22,313.001,MEDIUM,FURNITURE,OFFICE FURNISHINGS,REGULAR AIR
191.6,0.04,183.936,36,-150.74,7.44,327.236,MEDIUM,OFFICE SUPPLIES,PAPER,REGULAR AIR
317.59,0.06,298.53459999999995,36,-46.12,6.19,338.46459999999996,NOT SPECIFIED,OFFICE SUPPLIES,BINDERS AND BINDER ACCESSORIES,REGULAR AIR
48.37,0.02,47.4026,16,18.02,0.5,28.8826,NOT SPECIFIED,OFFICE SUPPLIES,LABELS,REGULAR AIR
436.05,0.09,396.8055,15,-92.58,4.0,485.3855,NOT SPECIFIED,TECHNOLOGY,COMPUTER PERIPHERALS,REGULAR AIR
1005.74,0.1,905.1659999999999,47,199.3,8.99,696.876,LOW,FURNITURE,OFFICE FURNISHINGS,REGULAR AIR
6477.7395,0.01,6412.962105,37,1653.97,8.99,4750.002105,LOW,TECHNOLOGY,TELEPHONES AND COMMUNICATION,REGULAR AIR
244.85,0.06,230.159,14,38.06,8.99,183.10899999999998,MEDIUM,FURNITURE,OFFICE FURNISHINGS,EXPRESS AIR
316.35,0.06,297.369,21,117.91,3.73,175.729,NOT SPECIFIED,FURNITURE,OFFICE FURNISHINGS,REGULAR AIR
109.37,0.07,101.7141,11,25.96,1.79,73.9641,CRITICAL,OFFICE SUPPLIES,PAPER,REGULAR AIR
6206.16,0.03,6019.9752,50,1416.27,19.99,4583.715200000001,MEDIUM,OFFICE SUPPLIES,STORAGE & ORGANIZATION,REGULAR AIR
1637.457,0.09,1490.08587,31,118.15,8.99,1362.94587,CRITICAL,TECHNOLOGY,TELEPHONES AND COMMUNICATION,REGULAR AIR
1554.53,0.0,1554.53,16,474.66,19.99,1059.8799999999999,MEDIUM,OFFICE SUPPLIES,ENVELOPES,REGULAR AIR
112.86,0.04,108.3456,17,-56.78,4.07,161.0556,MEDIUM,TECHNOLOGY,COMPUTER PERIPHERALS,REGULAR AIR
2063.42,0.03,2001.5174000000002,38,989.95,5.15,1006.4174,MEDIUM,OFFICE SUPPLIES,PAPER,REGULAR AIR
116.82,0.02,114.4836,24,-42.05,2.39,154.1436,NOT SPECIFIED,TECHNOLOGY,COMPUTER PERIPHERALS,REGULAR AIR
5247.4835,0.0,5247.4835,49,1465.87,8.08,3773.5335000000005,NOT SPECIFIED,TECHNOLOGY,TELEPHONES AND COMMUNICATION,REGULAR AIR
483.64,0.1,435.27599999999995,45,28.39,3.37,403.51599999999996,NOT SPECIFIED,OFFICE SUPPLIES,"SCISSORS, RULERS AND TRIMMERS",REGULAR AIR
33.64,0.07,31.2852,4,-35.17,2.83,63.6252,NOT SPECIFIED,TECHNOLOGY,COMPUTER PERIPHERALS,REGULAR AIR
701.94,0.01,694.9206,29,158.91,6.3,529.7106000000001,NOT SPECIFIED,TECHNOLOGY,OFFICE MACHINES,REGULAR AIR
126.88,0.05,120.536,33,12.63,1.61,106.296,CRITICAL,FURNITURE,OFFICE FURNISHINGS,REGULAR AIR
906.64,0.07,843.1752,42,-148.93,15.1,977.0052000000001,CRITICAL,OFFICE SUPPLIES,BINDERS AND BINDER ACCESSORIES,EXPRESS AIR
882.96,0.06,829.9824,45,11.65,4.0,814.3324,CRITICAL,TECHNOLOGY,COMPUTER PERIPHERALS,REGULAR AIR
58.14,0.01,57.5586,3,-96.25,4.81,148.9986,CRITICAL,TECHNOLOGY,TELEPHONES AND COMMUNICATION,REGULAR AIR
1538.33,0.03,1492.1801,39,471.35,1.99,1018.8401,HIGH,TECHNOLOGY,COMPUTER PERIPHERALS,REGULAR AIR
147.46,0.06,138.6124,39,14.13,1.93,122.5524,HIGH,OFFICE SUPPLIES,PAPER,REGULAR AIR
4462.23,0.04,4283.7408,44,440.72,26.22,3816.800799999999,CRITICAL,FURNITURE,BOOKCASES,DELIVERY TRUCK
173.417,0.0,173.417,9,18.23,0.99,154.197,NOT SPECIFIED,TECHNOLOGY,TELEPHONES AND COMMUNICATION,REGULAR AIR
849.031,0.07,789.5988299999999,50,-133.31,3.3,919.6088299999999,MEDIUM,TECHNOLOGY,TELEPHONES AND COMMUNICATION,REGULAR AIR
270.73,0.1,243.657,32,-54.57,6.28,291.947,HIGH,OFFICE SUPPLIES,BINDERS AND BINDER ACCESSORIES,EXPRESS AIR
251.11,0.03,243.57670000000002,30,10.04,4.71,228.82670000000002,NOT SPECIFIED,OFFICE SUPPLIES,BINDERS AND BINDER ACCESSORIES,REGULAR AIR
64.44,0.0,64.44,21,-89.02,6.35,147.10999999999999,LOW,OFFICE SUPPLIES,ENVELOPES,REGULAR AIR
77.96,0.05,74.062,16,16.65,0.71,56.702000000000005,LOW,OFFICE SUPPLIES,PENS & ART SUPPLIES,REGULAR AIR
45.64,0.08,41.9888,2,-0.11,1.39,40.7088,LOW,OFFICE SUPPLIES,ENVELOPES,EXPRESS AIR
2954.14,0.04,2835.9744,21,-522.94,35.0,3323.9144,NOT SPECIFIED,OFFICE SUPPLIES,STORAGE & ORGANIZATION,EXPRESS AIR
3375.3075,0.1,3037.77675,34,562.13,8.08,2467.56675,NOT SPECIFIED,TECHNOLOGY,TELEPHONES AND COMMUNICATION,REGULAR AIR
85.56,0.03,82.9932,15,-41.58,5.66,118.9132,CRITICAL,OFFICE SUPPLIES,PAPER,REGULAR AIR
754.6555,0.01,747.108945,8,-212.55,2.5,957.1589449999999,CRITICAL,TECHNOLOGY,TELEPHONES AND COMMUNICATION,REGULAR AIR
108.21,0.08,99.55319999999999,19,-50.02,5.66,143.9132,CRITICAL,OFFICE SUPPLIES,PAPER,EXPRESS AIR
388.15,0.0,388.15,18,-44.21,14.87,417.48999999999995,HIGH,FURNITURE,OFFICE FURNISHINGS,REGULAR AIR
231.27,0.03,224.33190000000002,11,89.29,6.67,128.37190000000004,LOW,FURNITURE,OFFICE FURNISHINGS,REGULAR AIR
150.33,0.08,138.30360000000002,15,-98.23,9.45,227.08360000000005,MEDIUM,OFFICE SUPPLIES,STORAGE & ORGANIZATION,EXPRESS AIR
240.18,0.06,225.7692,40,-160.21,7.64,378.3392,NOT SPECIFIED,OFFICE SUPPLIES,PAPER,REGULAR AIR
529.28,0.1,476.352,45,-30.27,4.81,501.81199999999995,NOT SPECIFIED,OFFICE SUPPLIES,STORAGE & ORGANIZATION,EXPRESS AIR
887.45,0.1,798.705,47,365.79,1.49,431.425,NOT SPECIFIED,OFFICE SUPPLIES,BINDERS AND BINDER ACCESSORIES,REGULAR AIR
355.97,0.03,345.2909,7,-4.46,19.99,329.7609,NOT SPECIFIED,OFFICE SUPPLIES,PAPER,REGULAR AIR
256.12,0.03,248.4364,21,-18.19,4.98,261.6464,CRITICAL,OFFICE SUPPLIES,APPLIANCES,REGULAR AIR
9499.3,0.01,9404.306999999999,44,618.36,64.2,8721.746999999998,NOT SPECIFIED,FURNITURE,CHAIRS & CHAIRMATS,DELIVERY TRUCK
2544.985,0.07,2366.83605,36,-113.06,0.99,2478.90605,CRITICAL,TECHNOLOGY,TELEPHONES AND COMMUNICATION,REGULAR AIR
728.025,0.04,698.904,13,20.0,2.5,676.404,LOW,TECHNOLOGY,TELEPHONES AND COMMUNICATION,REGULAR AIR
79.25,0.0,79.25,9,-13.25,5.83,86.67,LOW,OFFICE SUPPLIES,PAPER,EXPRESS AIR
1495.184,0.0,1495.184,26,211.09,8.99,1275.104,HIGH,TECHNOLOGY,TELEPHONES AND COMMUNICATION,REGULAR AIR
23.84,0.02,23.3632,7,5.88,0.5,16.9832,MEDIUM,OFFICE SUPPLIES,LABELS,REGULAR AIR
59.76,0.1,53.784,19,-33.11,1.92,84.97399999999999,MEDIUM,OFFICE SUPPLIES,"SCISSORS, RULERS AND TRIMMERS",EXPRESS AIR
7548.65,0.03,7322.1905,45,1385.35,30.0,5906.8405,LOW,FURNITURE,CHAIRS & CHAIRMATS,DELIVERY TRUCK
1318.8685,0.03,1279.302445,24,172.33,3.99,1102.982445,LOW,TECHNOLOGY,TELEPHONES AND COMMUNICATION,REGULAR AIR
387.0,0.01,383.13,30,-31.45,6.13,408.45,LOW,OFFICE SUPPLIES,STORAGE & ORGANIZATION,EXPRESS AIR
4514.86,0.09,4108.522599999999,23,-641.09,55.96,4693.652599999999,HIGH,FURNITURE,BOOKCASES,DELIVERY TRUCK
79.14,0.09,72.0174,30,-4.73,0.97,75.7774,HIGH,OFFICE SUPPLIES,PENS & ART SUPPLIES,REGULAR AIR
112.57,0.08,103.56439999999999,17,-28.53,5.14,126.95439999999999,HIGH,OFFICE SUPPLIES,PAPER,REGULAR AIR
1562.69,0.0,1562.69,43,287.74,8.22,1266.73,HIGH,OFFICE SUPPLIES,STORAGE & ORGANIZATION,REGULAR AIR
1974.66,0.06,1856.1804000000002,32,-929.68,35.0,2750.8604,NOT SPECIFIED,OFFICE SUPPLIES,STORAGE & ORGANIZATION,EXPRESS AIR
12.11,0.02,11.867799999999999,3,-0.98,0.5,12.3478,MEDIUM,OFFICE SUPPLIES,LABELS,REGULAR AIR
2667.92,0.01,2641.2408,33,1049.02,19.99,1572.2308000000003,HIGH,FURNITURE,OFFICE FURNISHINGS,REGULAR AIR
2236.15,0.05,2124.3425,15,-310.95,51.92,2383.3725,HIGH,FURNITURE,TABLES,DELIVERY TRUCK
4165.04,0.0,4165.04,45,135.68,30.0,3999.36,HIGH,FURNITURE,CHAIRS & CHAIRMATS,DELIVERY TRUCK
1143.45,0.06,1074.843,31,304.42,1.99,768.433,HIGH,TECHNOLOGY,COMPUTER PERIPHERALS,REGULAR AIR
117.33,0.07,109.1169,17,10.31,3.1,95.7069,LOW,OFFICE SUPPLIES,PAPER,REGULAR AIR
5347.13,0.08,4919.3596,44,1886.41,19.99,3012.9596,NOT SPECIFIED,OFFICE SUPPLIES,BINDERS AND BINDER ACCESSORIES,REGULAR AIR
4581.41,0.04,4398.1536,36,-904.73,54.74,5248.143599999999,LOW,FURNITURE,BOOKCASES,DELIVERY TRUCK
430.55,0.0,430.55,35,120.01,2.85,307.69,HIGH,FURNITURE,OFFICE FURNISHINGS,REGULAR AIR
191.36,0.05,181.792,37,-82.09,4.97,258.91200000000003,NOT SPECIFIED,OFFICE SUPPLIES,BINDERS AND BINDER ACCESSORIES,REGULAR AIR
65.7,0.01,65.043,11,13.41,0.83,50.80300000000001,NOT SPECIFIED,OFFICE SUPPLIES,PENS & ART SUPPLIES,REGULAR AIR
127.33,0.02,124.7834,22,5.3,2.99,116.49340000000001,CRITICAL,OFFICE SUPPLIES,BINDERS AND BINDER ACCESSORIES,REGULAR AIR
990.1,0.03,960.397,24,310.22,7.47,642.707,CRITICAL,OFFICE SUPPLIES,BINDERS AND BINDER ACCESSORIES,REGULAR AIR
42.31,0.06,39.7714,2,-53.08,8.51,84.3414,MEDIUM,TECHNOLOGY,OFFICE MACHINES,REGULAR AIR
28.32,0.09,25.7712,5,-14.35,4.75,35.3712,NOT SPECIFIED,OFFICE SUPPLIES,PAPER,REGULAR AIR
213.75,0.03,207.3375,42,-188.77,5.14,390.96750000000003,MEDIUM,TECHNOLOGY,COMPUTER PERIPHERALS,REGULAR AIR
311.98,0.09,283.90180000000004,15,-9.78,5.53,288.15180000000004,HIGH,OFFICE SUPPLIES,PENS & ART SUPPLIES,REGULAR AIR
14.49,0.09,13.1859,3,-12.58,5.0,20.765900000000002,MEDIUM,OFFICE SUPPLIES,PENS & ART SUPPLIES,REGULAR AIR
755.6,0.05,717.82,22,223.44,7.5,486.88000000000005,NOT SPECIFIED,OFFICE SUPPLIES,PAPER,REGULAR AIR
243.51,0.02,238.63979999999998,18,-159.86,14.37,384.1298,NOT SPECIFIED,FURNITURE,OFFICE FURNISHINGS,REGULAR AIR
592.73,0.02,580.8754,45,75.01,3.14,502.72540000000004,NOT SPECIFIED,OFFICE SUPPLIES,"SCISSORS, RULERS AND TRIMMERS",REGULAR AIR
100.87,0.09,91.7917,36,8.4,0.7,82.6917,CRITICAL,OFFICE SUPPLIES,PENS & ART SUPPLIES,REGULAR AIR
796.08,0.05,756.2760000000001,39,30.29,4.0,721.9860000000001,MEDIUM,TECHNOLOGY,COMPUTER PERIPHERALS,REGULAR AIR
152.67,0.04,146.5632,11,12.76,4.98,128.8232,MEDIUM,OFFICE SUPPLIES,BINDERS AND BINDER ACCESSORIES,REGULAR AIR
69.98,0.06,65.7812,12,-58.33,6.98,117.13119999999999,HIGH,OFFICE SUPPLIES,BINDERS AND BINDER ACCESSORIES,REGULAR AIR
418.34,0.08,384.8728,35,73.57,5.16,306.14279999999997,HIGH,FURNITURE,OFFICE FURNISHINGS,REGULAR AIR
45.61,0.1,41.049,12,9.18,0.7,31.168999999999997,HIGH,OFFICE SUPPLIES,PENS & ART SUPPLIES,REGULAR AIR
17.7,0.06,16.637999999999998,3,-10.37,4.79,22.217999999999996,HIGH,OFFICE SUPPLIES,PAPER,REGULAR AIR
129.33,0.04,124.15680000000002,28,48.25,0.99,74.91680000000002,HIGH,OFFICE SUPPLIES,LABELS,EXPRESS AIR
2461.23,0.06,2313.5562,46,748.2,14.3,1551.0561999999998,HIGH,OFFICE SUPPLIES,PAPER,REGULAR AIR
8295.29,0.08,7631.666800000001,48,2267.22,19.99,5344.456800000002,CRITICAL,OFFICE SUPPLIES,STORAGE & ORGANIZATION,REGULAR AIR
6477.459,0.05,6153.58605,43,1836.46,8.99,4308.13605,HIGH,TECHNOLOGY,TELEPHONES AND COMMUNICATION,REGULAR AIR
295.45,0.03,286.5865,31,-4.36,4.93,286.0165,NOT SPECIFIED,FURNITURE,OFFICE FURNISHINGS,REGULAR AIR
16.24,0.01,16.077599999999997,5,0.35,0.99,14.737599999999997,CRITICAL,OFFICE SUPPLIES,LABELS,REGULAR AIR
28.65,0.02,28.076999999999998,16,-23.86,1.99,49.947,HIGH,TECHNOLOGY,COMPUTER PERIPHERALS,REGULAR AIR
82.61,0.08,76.0012,49,-46.25,1.57,120.6812,NOT SPECIFIED,OFFICE SUPPLIES,PENS & ART SUPPLIES,REGULAR AIR
201.535,0.09,183.39685,12,-122.62,3.3,302.71685,HIGH,TECHNOLOGY,TELEPHONES AND COMMUNICATION,REGULAR AIR
81.68,0.08,75.1456,13,-25.22,5.15,95.2156,HIGH,OFFICE SUPPLIES,PAPER,REGULAR AIR
147.16,0.01,145.6884,21,-92.55,8.4,229.83839999999998,MEDIUM,OFFICE SUPPLIES,PAPER,REGULAR AIR
50.07,0.03,48.5679,19,-0.53,0.86,48.2379,MEDIUM,OFFICE SUPPLIES,PENS & ART SUPPLIES,REGULAR AIR
6982.87,0.05,6633.7265,32,875.55,29.1,5729.076499999999,MEDIUM,FURNITURE,TABLES,DELIVERY TRUCK
464.59,0.07,432.0687,17,168.22,1.49,262.3587,NOT SPECIFIED,OFFICE SUPPLIES,BINDERS AND BINDER ACCESSORIES,REGULAR AIR
316.68,0.06,297.67920000000004,47,-161.0,7.49,451.1892,NOT SPECIFIED,OFFICE SUPPLIES,PAPER,REGULAR AIR
172.9,0.0,172.9,23,51.43,2.0,119.47,MEDIUM,OFFICE SUPPLIES,PAPER,REGULAR AIR
32.72,0.09,29.775199999999998,4,-22.59,8.19,44.175200000000004,LOW,OFFICE SUPPLIES,PAPER,REGULAR AIR
517.93,0.06,486.85419999999993,46,-94.73,6.96,574.6242,NOT SPECIFIED,OFFICE SUPPLIES,APPLIANCES,REGULAR AIR
2443.85,0.08,2248.342,24,-120.85,35.84,2333.352,LOW,FURNITURE,BOOKCASES,DELIVERY TRUCK
789.94,0.1,710.946,31,-190.41,14.36,886.996,MEDIUM,FURNITURE,CHAIRS & CHAIRMATS,DELIVERY TRUCK
233.43,0.03,226.4271,36,-71.9,5.36,292.96709999999996,NOT SPECIFIED,OFFICE SUPPLIES,BINDERS AND BINDER ACCESSORIES,REGULAR AIR
1265.497,0.1,1138.9473,13,-161.12,3.0,1297.0673000000002,HIGH,TECHNOLOGY,TELEPHONES AND COMMUNICATION,REGULAR AIR
5.68,0.02,5.5664,1,-1.82,0.88,6.5064,HIGH,OFFICE SUPPLIES,PAPER,REGULAR AIR
174.59,0.08,160.6228,42,25.88,0.94,133.80280000000002,HIGH,OFFICE SUPPLIES,PENS & ART SUPPLIES,REGULAR AIR
57.04,0.05,54.188,8,-29.06,6.81,76.438,CRITICAL,OFFICE SUPPLIES,PAPER,REGULAR AIR
146.1,0.06,137.334,18,51.14,1.43,84.764,CRITICAL,OFFICE SUPPLIES,PAPER,EXPRESS AIR
1505.57,0.02,1475.4586,47,-54.63,19.99,1510.0986,MEDIUM,OFFICE SUPPLIES,LABELS,EXPRESS AIR
126.38,0.08,116.2696,33,26.64,1.3,88.3296,NOT SPECIFIED,OFFICE SUPPLIES,PAPER,REGULAR AIR
33.1,0.06,31.114,4,-24.15,8.74,46.524,NOT SPECIFIED,OFFICE SUPPLIES,PAPER,REGULAR AIR
435.24,0.08,400.4208,42,174.89,1.79,223.74079999999998,LOW,OFFICE SUPPLIES,PAPER,EXPRESS AIR
288.55,0.03,279.8935,37,-133.7,5.53,408.06350000000003,HIGH,TECHNOLOGY,COMPUTER PERIPHERALS,REGULAR AIR
357.96,0.06,336.4824,29,10.44,6.47,319.57239999999996,MEDIUM,OFFICE SUPPLIES,PAPER,REGULAR AIR
582.59,0.07,541.8087,4,-121.75,7.07,656.4887,HIGH,OFFICE SUPPLIES,STORAGE & ORGANIZATION,REGULAR AIR
1297.4485,0.04,1245.55056,18,4.21,10.78,1230.56056,MEDIUM,TECHNOLOGY,TELEPHONES AND COMMUNICATION,REGULAR AIR
79.44,0.06,74.6736,27,29.85,0.5,44.32359999999999,CRITICAL,OFFICE SUPPLIES,LABELS,REGULAR AIR
110.03,0.06,103.4282,5,-31.33,10.49,124.26820000000001,CRITICAL,FURNITURE,OFFICE FURNISHINGS,REGULAR AIR
2451.41,0.07,2279.8113,50,773.36,10.17,1496.2812999999996,HIGH,TECHNOLOGY,OFFICE MACHINES,REGULAR AIR
851.24,0.1,766.116,11,-149.46,33.6,881.976,HIGH,TECHNOLOGY,OFFICE MACHINES,DELIVERY TRUCK
3505.6,0.03,3400.432,26,1019.7,12.65,2368.0819999999994,LOW,FURNITURE,CHAIRS & CHAIRMATS,REGULAR AIR
96.75,0.04,92.88,22,-72.91,5.41,160.38,HIGH,OFFICE SUPPLIES,BINDERS AND BINDER ACCESSORIES,REGULAR AIR
115.1,0.02,112.79799999999999,23,53.13,0.5,59.167999999999985,CRITICAL,OFFICE SUPPLIES,LABELS,REGULAR AIR
473.7,0.05,450.015,8,72.51,10.29,367.215,MEDIUM,OFFICE SUPPLIES,BINDERS AND BINDER ACCESSORIES,REGULAR AIR
5051.89,0.02,4950.8522,47,1708.84,5.81,3236.2021999999997,HIGH,FURNITURE,OFFICE FURNISHINGS,REGULAR AIR
842.6135,0.1,758.35215,29,-208.43,5.0,961.78215,HIGH,TECHNOLOGY,TELEPHONES AND COMMUNICATION,REGULAR AIR
117.97,0.1,106.173,44,44.59,0.5,61.083,MEDIUM,OFFICE SUPPLIES,LABELS,REGULAR AIR
2237.76,0.1,2013.9840000000002,12,151.86,23.76,1838.364,LOW,FURNITURE,CHAIRS & CHAIRMATS,DELIVERY TRUCK
20.59,0.02,20.1782,4,1.19,0.83,18.1582,LOW,OFFICE SUPPLIES,PENS & ART SUPPLIES,EXPRESS AIR
281.74,0.06,264.8356,19,25.67,3.5,235.66559999999998,LOW,OFFICE SUPPLIES,APPLIANCES,REGULAR AIR
2746.57,0.03,2664.1729,15,617.4,19.99,2026.7829000000002,LOW,OFFICE SUPPLIES,STORAGE & ORGANIZATION,REGULAR AIR
217.35,0.0,217.35,23,-67.19,8.29,276.25,LOW,OFFICE SUPPLIES,ENVELOPES,REGULAR AIR
256.77,0.04,246.49919999999997,4,173.89,12.23,60.3792,LOW,FURNITURE,OFFICE FURNISHINGS,REGULAR AIR
154.44,0.06,145.1736,33,54.62,0.88,89.6736,HIGH,OFFICE SUPPLIES,PAPER,REGULAR AIR
553.5625,0.08,509.2775,33,-76.86,1.25,584.8874999999999,MEDIUM,TECHNOLOGY,TELEPHONES AND COMMUNICATION,REGULAR AIR
822.91,0.09,748.8480999999999,17,-94.76,19.99,823.6180999999999,LOW,OFFICE SUPPLIES,APPLIANCES,REGULAR AIR
1540.285,0.05,1463.2707500000001,50,829.65,1.25,632.3707500000002,MEDIUM,TECHNOLOGY,TELEPHONES AND COMMUNICATION,REGULAR AIR
89.18,0.04,85.61280000000001,31,21.73,0.81,63.0728,MEDIUM,OFFICE SUPPLIES,PENS & ART SUPPLIES,REGULAR AIR
87.23,0.09,79.3793,14,-69.53,7.78,141.1293,NOT SPECIFIED,OFFICE SUPPLIES,BINDERS AND BINDER ACCESSORIES,EXPRESS AIR
187.14,0.02,183.3972,21,21.07,1.99,160.3372,MEDIUM,TECHNOLOGY,COMPUTER PERIPHERALS,REGULAR AIR
385.7,0.0,385.7,12,-109.91,6.5,489.11,MEDIUM,TECHNOLOGY,COMPUTER PERIPHERALS,REGULAR AIR
1048.39,0.06,985.4866000000001,46,206.56,7.58,771.3466000000001,MEDIUM,FURNITURE,OFFICE FURNISHINGS,EXPRESS AIR
45.87,0.02,44.9526,9,-38.9,6.89,76.9626,NOT SPECIFIED,OFFICE SUPPLIES,LABELS,REGULAR AIR
321.91,0.06,302.59540000000004,22,-24.96,8.4,319.15540000000004,NOT SPECIFIED,OFFICE SUPPLIES,BINDERS AND BINDER ACCESSORIES,REGULAR AIR
3268.7515,0.04,3138.00144,24,562.91,8.08,2567.01144,NOT SPECIFIED,TECHNOLOGY,TELEPHONES AND COMMUNICATION,REGULAR AIR
2227.34,0.09,2026.8794000000003,20,-609.09,35.0,2600.9694000000004,LOW,OFFICE SUPPLIES,STORAGE & ORGANIZATION,REGULAR AIR
54.78,0.02,53.684400000000004,32,-30.54,1.57,82.65440000000001,MEDIUM,OFFICE SUPPLIES,PENS & ART SUPPLIES,REGULAR AIR
1965.21,0.0,1965.21,24,830.75,19.99,1114.47,HIGH,FURNITURE,OFFICE FURNISHINGS,REGULAR AIR
2004.6,0.02,1964.5079999999998,42,230.3,3.61,1730.598,HIGH,TECHNOLOGY,COMPUTER PERIPHERALS,EXPRESS AIR
28.11,0.03,27.2667,3,-31.62,2.83,56.056700000000006,MEDIUM,TECHNOLOGY,COMPUTER PERIPHERALS,REGULAR AIR
27.06,0.0,27.06,14,-0.06,0.7,26.419999999999998,MEDIUM,OFFICE SUPPLIES,PENS & ART SUPPLIES,REGULAR AIR
132.72,0.05,126.084,14,-9.18,5.6,129.66400000000002,NOT SPECIFIED,OFFICE SUPPLIES,BINDERS AND BINDER ACCESSORIES,REGULAR AIR
400.25,0.02,392.245,46,-37.5,3.62,426.125,LOW,TECHNOLOGY,COMPUTER PERIPHERALS,REGULAR AIR
611.71,0.02,599.4758,18,93.23,12.62,493.6258,NOT SPECIFIED,OFFICE SUPPLIES,BINDERS AND BINDER ACCESSORIES,REGULAR AIR
135.86,0.04,130.4256,27,-73.42,5.49,198.3556,LOW,OFFICE SUPPLIES,PAPER,REGULAR AIR
4913.7,0.0,4913.7,33,1054.93,17.85,3840.919999999999,CRITICAL,TECHNOLOGY,OFFICE MACHINES,DELIVERY TRUCK
304.83,0.1,274.347,47,23.82,2.35,248.17699999999996,MEDIUM,OFFICE SUPPLIES,PENS & ART SUPPLIES,REGULAR AIR
119.63,0.03,116.0411,22,-27.39,3.63,139.80110000000002,CRITICAL,FURNITURE,OFFICE FURNISHINGS,REGULAR AIR
177.92,0.0,177.92,40,-167.92,6.72,339.12,CRITICAL,OFFICE SUPPLIES,PAPER,REGULAR AIR
1592.0415,0.0,1592.0415,27,-52.7,19.99,1624.7515,HIGH,TECHNOLOGY,TELEPHONES AND COMMUNICATION,REGULAR AIR
230.29,0.0,230.29,41,14.48,2.99,212.82,HIGH,OFFICE SUPPLIES,BINDERS AND BINDER ACCESSORIES,REGULAR AIR
150.13,0.09,136.6183,13,1.73,4.86,130.0283,NOT SPECIFIED,OFFICE SUPPLIES,PAPER,REGULAR AIR
338.89,0.07,315.16769999999997,6,45.76,10.75,258.6577,MEDIUM,OFFICE SUPPLIES,PAPER,REGULAR AIR
362.52,0.07,337.1436,25,-68.49,7.51,398.1236,MEDIUM,OFFICE SUPPLIES,STORAGE & ORGANIZATION,REGULAR AIR
607.597,0.07,565.06521,11,-112.24,5.99,671.31521,HIGH,TECHNOLOGY,TELEPHONES AND COMMUNICATION,REGULAR AIR
117.78,0.09,107.1798,32,20.82,1.3,85.0598,LOW,OFFICE SUPPLIES,PAPER,REGULAR AIR
2463.2405,0.07,2290.8136649999997,35,310.57,10.78,1969.4636649999995,LOW,TECHNOLOGY,TELEPHONES AND COMMUNICATION,EXPRESS AIR
2251.9135,0.04,2161.83696,41,655.91,2.5,1503.4269600000002,HIGH,TECHNOLOGY,TELEPHONES AND COMMUNICATION,REGULAR AIR
1041.72,0.03,1010.4684,29,437.61,4.92,567.9384,HIGH,OFFICE SUPPLIES,PAPER,REGULAR AIR
705.44,0.04,677.2224000000001,48,165.9,5.3,506.0224000000002,HIGH,FURNITURE,OFFICE FURNISHINGS,REGULAR AIR
211.88,0.1,190.692,14,78.45,1.39,110.85200000000002,MEDIUM,OFFICE SUPPLIES,ENVELOPES,REGULAR AIR
1031.23,0.07,959.0439,32,-138.54,19.99,1077.5939,MEDIUM,FURNITURE,OFFICE FURNISHINGS,REGULAR AIR
116.57,0.07,108.4101,23,-43.18,4.72,146.8701,CRITICAL,OFFICE SUPPLIES,PAPER,REGULAR AIR
3323.44,0.03,3223.7368,21,99.88,4.0,3119.8568,NOT SPECIFIED,TECHNOLOGY,COMPUTER PERIPHERALS,REGULAR AIR
27.9,0.02,27.342,5,-22.82,6.72,43.442,NOT SPECIFIED,OFFICE SUPPLIES,PAPER,REGULAR AIR
47.48,0.07,44.1564,33,3.35,0.7,40.106399999999994,LOW,OFFICE SUPPLIES,RUBBER BANDS,REGULAR AIR
618.9,0.09,563.199,17,54.92,13.89,494.38899999999995,NOT SPECIFIED,OFFICE SUPPLIES,PENS & ART SUPPLIES,REGULAR AIR
21.46,0.05,20.387,3,-14.22,6.26,28.347,CRITICAL,OFFICE SUPPLIES,PAPER,REGULAR AIR
1388.628,0.03,1346.9691599999999,24,261.52,5.26,1080.18916,CRITICAL,TECHNOLOGY,TELEPHONES AND COMMUNICATION,REGULAR AIR
2920.83,0.02,2862.4134,24,1068.16,14.0,1780.2533999999998,NOT SPECIFIED,TECHNOLOGY,OFFICE MACHINES,DELIVERY TRUCK
262.3,0.09,238.693,42,-255.2,9.68,484.21299999999997,NOT SPECIFIED,OFFICE SUPPLIES,PAPER,REGULAR AIR
103.72,0.02,101.6456,17,-72.06,6.98,166.7256,MEDIUM,OFFICE SUPPLIES,BINDERS AND BINDER ACCESSORIES,REGULAR AIR
6628.55,0.1,5965.695,50,1081.65,17.85,4866.195,CRITICAL,TECHNOLOGY,OFFICE MACHINES,DELIVERY TRUCK
128.5,0.02,125.93,17,-44.69,6.93,163.69,MEDIUM,OFFICE SUPPLIES,PAPER,EXPRESS AIR
6739.92,0.01,6672.5208,35,957.29,30.0,5685.2308,LOW,FURNITURE,CHAIRS & CHAIRMATS,DELIVERY TRUCK
2723.1,0.07,2532.4829999999997,16,-446.31,35.0,2943.7929999999997,MEDIUM,OFFICE SUPPLIES,STORAGE & ORGANIZATION,REGULAR AIR
347.2675,0.06,326.43145,20,-71.09,0.99,396.53144999999995,MEDIUM,TECHNOLOGY,TELEPHONES AND COMMUNICATION,EXPRESS AIR
1665.0395,0.02,1631.73871,35,366.51,3.3,1261.9287100000001,LOW,TECHNOLOGY,TELEPHONES AND COMMUNICATION,REGULAR AIR
5.7,0.1,5.13,1,-2.34,2.0,5.47,LOW,OFFICE SUPPLIES,RUBBER BANDS,REGULAR AIR
26.23,0.0,26.23,3,-13.72,6.6,33.35,LOW,OFFICE SUPPLIES,PAPER,REGULAR AIR
33.39,0.03,32.3883,8,-35.51,6.27,61.628299999999996,NOT SPECIFIED,OFFICE SUPPLIES,BINDERS AND BINDER ACCESSORIES,REGULAR AIR
187.13,0.09,170.2883,9,12.4,14.39,143.4983,NOT SPECIFIED,FURNITURE,OFFICE FURNISHINGS,REGULAR AIR
2255.1945,0.03,2187.538665,46,74.51,5.0,2108.028665,NOT SPECIFIED,TECHNOLOGY,TELEPHONES AND COMMUNICATION,REGULAR AIR
70.25,0.1,63.225,34,-133.06,5.33,190.955,LOW,FURNITURE,OFFICE FURNISHINGS,REGULAR AIR
59.03,0.04,56.668800000000005,11,-25.21,4.86,77.0188,MEDIUM,OFFICE SUPPLIES,PAPER,REGULAR AIR
987.54,0.07,918.4122,10,-396.84,35.0,1280.2522,LOW,OFFICE SUPPLIES,STORAGE & ORGANIZATION,REGULAR AIR
1823.04,0.09,1658.9664,27,-190.78,26.74,1823.0064,HIGH,FURNITURE,BOOKCASES,DELIVERY TRUCK
256.6,0.0,256.6,6,-106.76,7.12,356.24,HIGH,TECHNOLOGY,COMPUTER PERIPHERALS,REGULAR AIR
39.42,0.08,36.266400000000004,19,-29.02,1.99,63.296400000000006,MEDIUM,TECHNOLOGY,COMPUTER PERIPHERALS,REGULAR AIR
1049.79,0.08,965.8068,21,135.79,19.99,810.0268,LOW,FURNITURE,OFFICE FURNISHINGS,REGULAR AIR
1305.31,0.03,1266.1507,45,589.2,1.99,674.9606999999999,MEDIUM,TECHNOLOGY,COMPUTER PERIPHERALS,REGULAR AIR
238.74,0.1,214.866,8,-38.89,8.99,244.76600000000002,NOT SPECIFIED,OFFICE SUPPLIES,PENS & ART SUPPLIES,REGULAR AIR
134.81,0.1,121.32900000000001,46,52.36,0.49,68.47900000000001,LOW,OFFICE SUPPLIES,LABELS,REGULAR AIR
5488.5265,0.05,5214.100175,34,1382.45,4.2,3827.450175,LOW,TECHNOLOGY,TELEPHONES AND COMMUNICATION,REGULAR AIR
52.38,0.06,49.2372,13,11.72,0.99,36.5272,NOT SPECIFIED,OFFICE SUPPLIES,RUBBER BANDS,REGULAR AIR
522.97,0.04,502.05120000000005,48,29.98,5.4,466.67120000000006,HIGH,FURNITURE,OFFICE FURNISHINGS,REGULAR AIR
199.46,0.08,183.5032,48,-121.2,4.79,299.9132,HIGH,OFFICE SUPPLIES,PAPER,REGULAR AIR
513.74,0.02,503.4652,32,-28.68,10.13,522.0151999999999,NOT SPECIFIED,OFFICE SUPPLIES,BINDERS AND BINDER ACCESSORIES,REGULAR AIR
36.8,0.0,36.8,4,14.19,5.21,17.4,NOT SPECIFIED,FURNITURE,OFFICE FURNISHINGS,REGULAR AIR
817.18,0.1,735.462,16,103.38,5.08,627.002,LOW,OFFICE SUPPLIES,STORAGE & ORGANIZATION,REGULAR AIR
2609.53,0.0,2609.53,27,911.66,19.99,1677.8800000000006,HIGH,OFFICE SUPPLIES,ENVELOPES,REGULAR AIR
1576.223,0.05,1497.41185,29,286.12,3.99,1207.3018499999998,MEDIUM,TECHNOLOGY,TELEPHONES AND COMMUNICATION,REGULAR AIR
5352.9345,0.09,4871.170395,33,1343.21,4.2,3523.7603950000002,HIGH,TECHNOLOGY,TELEPHONES AND COMMUNICATION,REGULAR AIR
1646.47,0.05,1564.1465,33,743.59,5.81,814.7465000000001,LOW,OFFICE SUPPLIES,PAPER,REGULAR AIR
260.37,0.02,255.1626,45,44.15,1.99,209.02259999999998,NOT SPECIFIED,OFFICE SUPPLIES,PENS & ART SUPPLIES,REGULAR AIR
3268.56,0.03,3170.5032,33,-1181.71,74.35,4277.8632,CRITICAL,FURNITURE,CHAIRS & CHAIRMATS,DELIVERY TRUCK
115.54,0.04,110.9184,24,43.35,0.8,66.76840000000001,MEDIUM,OFFICE SUPPLIES,PAPER,REGULAR AIR
166.8,0.03,161.79600000000002,23,44.59,1.71,115.49600000000001,HIGH,OFFICE SUPPLIES,PAPER,REGULAR AIR
465.83,0.1,419.24699999999996,49,-79.72,6.22,492.74699999999996,HIGH,FURNITURE,OFFICE FURNISHINGS,REGULAR AIR
261.38,0.05,248.311,38,-172.35,8.74,411.921,HIGH,OFFICE SUPPLIES,PAPER,REGULAR AIR
103.39,0.05,98.2205,20,29.17,0.71,68.3405,HIGH,OFFICE SUPPLIES,PENS & ART SUPPLIES,EXPRESS AIR
435.39,0.01,431.0361,28,-48.97,7.69,472.3161,HIGH,OFFICE SUPPLIES,STORAGE & ORGANIZATION,REGULAR AIR
29.66,0.04,28.4736,5,-32.78,4.32,56.9336,MEDIUM,TECHNOLOGY,COMPUTER PERIPHERALS,REGULAR AIR
280.43,0.1,252.387,25,39.52,2.36,210.50699999999998,MEDIUM,OFFICE SUPPLIES,PENS & ART SUPPLIES,REGULAR AIR
88.17,0.1,79.35300000000001,13,-572.49,49.0,602.8430000000001,NOT SPECIFIED,OFFICE SUPPLIES,APPLIANCES,REGULAR AIR
1502.66,0.07,1397.4738,27,637.6,1.49,758.3838,HIGH,OFFICE SUPPLIES,BINDERS AND BINDER ACCESSORIES,REGULAR AIR
3812.73,0.02,3736.4754,32,1470.3,1.99,2264.1854000000003,CRITICAL,TECHNOLOGY,COMPUTER PERIPHERALS,REGULAR AIR
834.904,0.06,784.80976,15,-11.68,5.26,791.2297599999999,LOW,TECHNOLOGY,TELEPHONES AND COMMUNICATION,REGULAR AIR
241.706,0.0,241.706,13,-92.96,3.3,331.366,LOW,TECHNOLOGY,TELEPHONES AND COMMUNICATION,REGULAR AIR
2029.75,0.06,1907.965,47,320.37,8.99,1578.605,CRITICAL,OFFICE SUPPLIES,PENS & ART SUPPLIES,REGULAR AIR
1118.396,0.06,1051.29224,11,-212.33,8.08,1255.54224,CRITICAL,TECHNOLOGY,TELEPHONES AND COMMUNICATION,REGULAR AIR
1239.6315,0.0,1239.6315,16,-172.55,0.99,1411.1915,LOW,TECHNOLOGY,TELEPHONES AND COMMUNICATION,REGULAR AIR
356.7,0.02,349.566,45,-48.97,5.21,393.326,HIGH,FURNITURE,OFFICE FURNISHINGS,REGULAR AIR
4913.69,0.02,4815.4162,39,-1153.9,58.64,5910.6762,HIGH,FURNITURE,BOOKCASES,DELIVERY TRUCK
464.77,0.01,460.1223,24,29.42,9.54,421.16229999999996,HIGH,OFFICE SUPPLIES,PAPER,REGULAR AIR
173.2,0.01,171.468,18,-10.9,3.98,178.388,HIGH,OFFICE SUPPLIES,"SCISSORS, RULERS AND TRIMMERS",REGULAR AIR
125.16,0.02,122.65679999999999,18,-23.48,5.14,140.99679999999998,NOT SPECIFIED,OFFICE SUPPLIES,PAPER,REGULAR AIR
1246.52,0.01,1234.0548,50,52.48,12.98,1168.5947999999999,CRITICAL,OFFICE SUPPLIES,BINDERS AND BINDER ACCESSORIES,REGULAR AIR
132.07,0.06,124.1458,38,14.0,1.63,108.5158,LOW,OFFICE SUPPLIES,RUBBER BANDS,REGULAR AIR
341.36,0.09,310.6376,41,-52.48,3.62,359.49760000000003,CRITICAL,TECHNOLOGY,COMPUTER PERIPHERALS,REGULAR AIR
275.91,0.1,248.31900000000002,44,-162.37,5.03,405.659,HIGH,TECHNOLOGY,TELEPHONES AND COMMUNICATION,REGULAR AIR
6693.28,0.02,6559.4144,23,40.32,69.0,6450.0944,HIGH,FURNITURE,TABLES,REGULAR AIR
1482.81,0.03,1438.3256999999999,24,-678.63,49.0,2067.9557,HIGH,OFFICE SUPPLIES,APPLIANCES,REGULAR AIR
1297.304,0.0,1297.304,15,149.82,4.9,1142.584,NOT SPECIFIED,TECHNOLOGY,TELEPHONES AND COMMUNICATION,REGULAR AIR
2047.58,0.01,2027.1042,49,902.62,1.99,1122.4942,HIGH,TECHNOLOGY,COMPUTER PERIPHERALS,REGULAR AIR
186.44,0.0,186.44,45,-157.18,5.13,338.49,CRITICAL,OFFICE SUPPLIES,APPLIANCES,REGULAR AIR
102.56,0.06,96.4064,40,36.62,0.5,59.28640000000001,MEDIUM,OFFICE SUPPLIES,LABELS,REGULAR AIR
15.87,0.01,15.7113,3,2.53,0.76,12.4213,MEDIUM,OFFICE SUPPLIES,RUBBER BANDS,EXPRESS AIR
34.59,0.04,33.2064,14,-60.13,5.0,88.3364,LOW,OFFICE SUPPLIES,"SCISSORS, RULERS AND TRIMMERS",REGULAR AIR
5029.216,0.02,4928.63168,29,-752.83,69.64,5611.82168,LOW,FURNITURE,TABLES,DELIVERY TRUCK
3363.14,0.1,3026.826,14,98.75,41.91,2886.166,LOW,FURNITURE,BOOKCASES,DELIVERY TRUCK
30.83,0.04,29.596799999999998,2,7.27,1.39,20.936799999999998,HIGH,OFFICE SUPPLIES,ENVELOPES,EXPRESS AIR
507.98,0.05,482.581,9,170.9,4.86,306.821,LOW,OFFICE SUPPLIES,PAPER,EXPRESS AIR
142.97,0.1,128.673,31,-12.26,0.7,140.233,LOW,OFFICE SUPPLIES,RUBBER BANDS,EXPRESS AIR
17.12,0.03,16.6064,4,-2.55,1.49,17.6664,LOW,OFFICE SUPPLIES,BINDERS AND BINDER ACCESSORIES,REGULAR AIR
259.72,0.07,241.53960000000004,27,78.05,2.06,161.42960000000005,HIGH,OFFICE SUPPLIES,PAPER,REGULAR AIR
54.69,0.07,50.8617,34,-35.75,1.57,85.04169999999999,HIGH,OFFICE SUPPLIES,PENS & ART SUPPLIES,REGULAR AIR
1143.35,0.04,1097.616,38,411.1,8.55,677.966,LOW,FURNITURE,OFFICE FURNISHINGS,EXPRESS AIR
391.42,0.04,375.76320000000004,38,25.03,5.12,345.6132,NOT SPECIFIED,OFFICE SUPPLIES,PAPER,REGULAR AIR
49.04,0.02,48.0592,6,7.74,5.21,35.109199999999994,NOT SPECIFIED,FURNITURE,OFFICE FURNISHINGS,REGULAR AIR
3730.54,0.07,3469.4022,32,1369.09,16.8,2083.5122,HIGH,TECHNOLOGY,OFFICE MACHINES,DELIVERY TRUCK
121.66,0.03,118.0102,13,-11.8,5.6,124.2102,CRITICAL,OFFICE SUPPLIES,BINDERS AND BINDER ACCESSORIES,REGULAR AIR
352.55,0.09,320.82050000000004,29,128.99,1.49,190.34050000000002,LOW,OFFICE SUPPLIES,BINDERS AND BINDER ACCESSORIES,REGULAR AIR
719.64,0.01,712.4436,32,-245.62,11.52,946.5436,LOW,OFFICE SUPPLIES,STORAGE & ORGANIZATION,REGULAR AIR
3821.039,0.05,3629.98705,38,1057.89,5.99,2566.1070500000005,MEDIUM,TECHNOLOGY,TELEPHONES AND COMMUNICATION,EXPRESS AIR
2508.673,0.03,2433.41281,23,417.47,7.69,2008.2528099999997,MEDIUM,TECHNOLOGY,TELEPHONES AND COMMUNICATION,REGULAR AIR
4888.14,0.07,4545.970200000001,47,1545.09,5.81,2995.0702,LOW,FURNITURE,OFFICE FURNISHINGS,REGULAR AIR
63.87,0.09,58.1217,27,-149.93,7.09,200.9617,LOW,OFFICE SUPPLIES,PAPER,REGULAR AIR
120.53,0.1,108.477,10,49.26,2.85,56.36700000000001,HIGH,FURNITURE,OFFICE FURNISHINGS,REGULAR AIR
5261.73,0.05,4998.643499999999,34,650.3,43.71,4304.633499999999,NOT SPECIFIED,FURNITURE,CHAIRS & CHAIRMATS,DELIVERY TRUCK
75.72,0.02,74.2056,7,20.29,6.02,47.89560000000001,NOT SPECIFIED,FURNITURE,OFFICE FURNISHINGS,REGULAR AIR
225.21,0.06,211.69740000000002,38,-66.16,5.2,272.65740000000005,NOT SPECIFIED,OFFICE SUPPLIES,PAPER,REGULAR AIR
108.42,0.02,106.2516,16,-50.82,6.81,150.2616,CRITICAL,OFFICE SUPPLIES,PAPER,REGULAR AIR
78.47,0.06,73.7618,27,17.99,0.99,54.781800000000004,CRITICAL,OFFICE SUPPLIES,LABELS,REGULAR AIR
194.29,0.09,176.8039,29,-177.17,8.37,345.60389999999995,LOW,OFFICE SUPPLIES,"SCISSORS, RULERS AND TRIMMERS",REGULAR AIR
1621.1,0.07,1507.6229999999998,33,-971.36,35.0,2443.9829999999997,LOW,OFFICE SUPPLIES,STORAGE & ORGANIZATION,EXPRESS AIR
156.47,0.01,154.9053,20,-39.23,6.05,188.0853,HIGH,OFFICE SUPPLIES,BINDERS AND BINDER ACCESSORIES,REGULAR AIR
1559.5,0.01,1543.905,38,515.83,1.99,1026.085,CRITICAL,TECHNOLOGY,COMPUTER PERIPHERALS,REGULAR AIR
1002.77,0.07,932.5761,21,295.6,10.25,626.7261,NOT SPECIFIED,FURNITURE,OFFICE FURNISHINGS,REGULAR AIR
178.14,0.01,176.3586,17,56.3,2.06,117.9986,NOT SPECIFIED,FURNITURE,OFFICE FURNISHINGS,REGULAR AIR
457.68,0.07,425.6424,16,107.38,6.27,311.99240000000003,LOW,OFFICE SUPPLIES,BINDERS AND BINDER ACCESSORIES,REGULAR AIR
434.77,0.02,426.0746,37,-155.21,11.25,570.0346,HIGH,OFFICE SUPPLIES,PAPER,REGULAR AIR
218.77,0.03,212.20690000000002,38,-188.13,7.78,392.55690000000004,MEDIUM,OFFICE SUPPLIES,BINDERS AND BINDER ACCESSORIES,REGULAR AIR
63.34,0.03,61.439800000000005,17,-76.02,6.27,131.1898,CRITICAL,OFFICE SUPPLIES,BINDERS AND BINDER ACCESSORIES,REGULAR AIR
151.35,0.07,140.75549999999998,42,8.33,1.93,130.49549999999996,CRITICAL,OFFICE SUPPLIES,PAPER,EXPRESS AIR
153.44,0.05,145.768,12,-6.15,6.02,145.898,CRITICAL,FURNITURE,OFFICE FURNISHINGS,REGULAR AIR
4335.34,0.07,4031.8662,46,524.09,19.99,3487.7862,MEDIUM,TECHNOLOGY,COMPUTER PERIPHERALS,EXPRESS AIR
1150.5345,0.01,1139.029155,15,361.65,1.25,776.129155,MEDIUM,TECHNOLOGY,TELEPHONES AND COMMUNICATION,REGULAR AIR
199.8,0.08,183.816,31,-96.59,6.81,273.596,CRITICAL,OFFICE SUPPLIES,PAPER,EXPRESS AIR
68.97,0.02,67.5906,24,0.77,0.97,65.8506,CRITICAL,OFFICE SUPPLIES,PENS & ART SUPPLIES,REGULAR AIR
1735.94,0.1,1562.346,13,-432.54,53.48,1941.406,CRITICAL,FURNITURE,BOOKCASES,DELIVERY TRUCK
2348.66,0.02,2301.6868,50,921.41,5.1,1375.1768000000002,LOW,OFFICE SUPPLIES,APPLIANCES,REGULAR AIR
9579.62,0.1,8621.658000000001,49,-3465.07,110.2,11976.528,LOW,FURNITURE,TABLES,DELIVERY TRUCK
2657.12,0.05,2524.264,19,-373.09,36.09,2861.264,LOW,FURNITURE,BOOKCASES,DELIVERY TRUCK
2671.21,0.06,2510.9374000000003,14,636.18,15.59,1859.1674000000003,CRITICAL,TECHNOLOGY,OFFICE MACHINES,DELIVERY TRUCK
1210.02,0.06,1137.4188,48,-279.44,14.36,1402.4988,CRITICAL,FURNITURE,CHAIRS & CHAIRMATS,DELIVERY TRUCK
111.66,0.06,104.96039999999999,21,-53.33,5.49,152.8004,MEDIUM,OFFICE SUPPLIES,PAPER,REGULAR AIR
231.95,0.03,224.9915,24,44.14,1.99,178.86149999999998,MEDIUM,TECHNOLOGY,COMPUTER PERIPHERALS,REGULAR AIR
156.15,0.08,143.65800000000002,10,-37.6,7.42,173.83800000000002,HIGH,OFFICE SUPPLIES,"SCISSORS, RULERS AND TRIMMERS",EXPRESS AIR
1968.47,0.04,1889.7312,47,327.9,8.99,1552.8411999999998,LOW,OFFICE SUPPLIES,PENS & ART SUPPLIES,REGULAR AIR
1082.43,0.06,1017.4842000000001,23,23.97,3.61,989.9042000000001,CRITICAL,TECHNOLOGY,COMPUTER PERIPHERALS,REGULAR AIR
482.91,0.1,434.619,29,-16.59,6.25,444.959,CRITICAL,OFFICE SUPPLIES,STORAGE & ORGANIZATION,REGULAR AIR
2969.6365,0.04,2850.85104,23,383.45,8.99,2458.4110400000004,CRITICAL,TECHNOLOGY,TELEPHONES AND COMMUNICATION,EXPRESS AIR
165.37,0.06,155.4478,26,-80.11,4.07,231.4878,LOW,TECHNOLOGY,COMPUTER PERIPHERALS,REGULAR AIR
1785.74,0.03,1732.1678,38,739.48,7.23,985.4577999999999,LOW,FURNITURE,OFFICE FURNISHINGS,EXPRESS AIR
531.66,0.08,489.12719999999996,26,135.65,1.99,351.4871999999999,LOW,TECHNOLOGY,COMPUTER PERIPHERALS,REGULAR AIR
317.85,0.06,298.779,28,-13.95,6.97,305.75899999999996,LOW,OFFICE SUPPLIES,ENVELOPES,REGULAR AIR
2339.52,0.1,2105.568,44,886.03,10.75,1208.7880000000002,MEDIUM,OFFICE SUPPLIES,PAPER,REGULAR AIR
533.25,0.07,495.9225,46,-88.32,5.81,578.4325,MEDIUM,OFFICE SUPPLIES,PENS & ART SUPPLIES,REGULAR AIR
101.82,0.08,93.67439999999999,15,-52.55,7.03,139.19439999999997,NOT SPECIFIED,OFFICE SUPPLIES,PAPER,REGULAR AIR
102.06,0.1,91.854,18,36.23,0.5,55.124,NOT SPECIFIED,OFFICE SUPPLIES,LABELS,REGULAR AIR
686.2,0.04,658.7520000000001,37,290.2,3.62,364.9320000000001,NOT SPECIFIED,FURNITURE,OFFICE FURNISHINGS,REGULAR AIR
1274.5155,0.05,1210.789725,42,444.15,5.99,760.6497250000001,NOT SPECIFIED,TECHNOLOGY,TELEPHONES AND COMMUNICATION,REGULAR AIR
10341.47,0.03,10031.2259,48,865.02,68.02,9098.185899999999,LOW,FURNITURE,CHAIRS & CHAIRMATS,DELIVERY TRUCK
55.21,0.08,50.7932,2,-45.3,8.79,87.3032,LOW,FURNITURE,CHAIRS & CHAIRMATS,REGULAR AIR
38.3,0.01,37.916999999999994,9,-42.49,6.27,74.137,LOW,FURNITURE,OFFICE FURNISHINGS,REGULAR AIR
2431.13,0.01,2406.8187000000003,22,660.63,13.99,1732.1987000000004,LOW,FURNITURE,OFFICE FURNISHINGS,REGULAR AIR
163.08,0.09,148.4028,42,66.17,0.5,81.73280000000001,LOW,OFFICE SUPPLIES,LABELS,REGULAR AIR
113.4,0.05,107.73,27,-5.02,2.0,110.75,LOW,OFFICE SUPPLIES,RUBBER BANDS,EXPRESS AIR
515.65,0.0,515.65,12,123.5,3.99,388.15999999999997,HIGH,OFFICE SUPPLIES,APPLIANCES,REGULAR AIR
5023.2535,0.01,4973.020965,46,1665.23,5.26,3302.5309649999995,LOW,TECHNOLOGY,TELEPHONES AND COMMUNICATION,REGULAR AIR
25.52,0.01,25.2648,2,21.77,6.22,-2.7251999999999974,LOW,FURNITURE,OFFICE FURNISHINGS,REGULAR AIR
1562.97,0.01,1547.3403,34,501.59,4.62,1041.1303000000003,CRITICAL,OFFICE SUPPLIES,APPLIANCES,EXPRESS AIR
66.19,0.02,64.86619999999999,22,15.84,0.99,48.036199999999994,MEDIUM,OFFICE SUPPLIES,LABELS,REGULAR AIR
141.49,0.03,137.24530000000001,39,59.92,0.5,76.82530000000001,NOT SPECIFIED,OFFICE SUPPLIES,LABELS,REGULAR AIR
211.55,0.05,200.97250000000003,31,-120.95,7.91,314.01250000000005,NOT SPECIFIED,OFFICE SUPPLIES,PAPER,EXPRESS AIR
136.2,0.09,123.942,32,-154.31,7.01,271.24199999999996,MEDIUM,OFFICE SUPPLIES,BINDERS AND BINDER ACCESSORIES,EXPRESS AIR
883.15,0.01,874.3185,39,-1148.19,35.0,1987.5085,MEDIUM,OFFICE SUPPLIES,STORAGE & ORGANIZATION,REGULAR AIR
81.43,0.08,74.91560000000001,12,-44.66,7.03,112.54560000000001,MEDIUM,OFFICE SUPPLIES,PAPER,REGULAR AIR
103.07,0.1,92.76299999999999,38,-0.95,1.34,92.37299999999999,HIGH,OFFICE SUPPLIES,PENS & ART SUPPLIES,REGULAR AIR
750.03,0.07,697.5278999999999,35,-1072.97,35.0,1735.4978999999998,NOT SPECIFIED,OFFICE SUPPLIES,STORAGE & ORGANIZATION,REGULAR AIR
971.82,0.07,903.7926,22,326.39,1.99,575.4126,NOT SPECIFIED,TECHNOLOGY,COMPUTER PERIPHERALS,REGULAR AIR
2206.991,0.04,2118.71136,13,-1.63,5.26,2115.0813599999997,HIGH,TECHNOLOGY,TELEPHONES AND COMMUNICATION,REGULAR AIR
2703.37,0.09,2460.0667,18,-231.6,57.2,2634.4667,NOT SPECIFIED,FURNITURE,CHAIRS & CHAIRMATS,DELIVERY TRUCK
1538.17,0.02,1507.4066,39,-1119.64,35.0,2592.0466,NOT SPECIFIED,OFFICE SUPPLIES,STORAGE & ORGANIZATION,REGULAR AIR
281.71,0.02,276.07579999999996,36,117.38,1.39,157.30579999999998,MEDIUM,OFFICE SUPPLIES,ENVELOPES,REGULAR AIR
37.3,0.0,37.3,7,5.03,0.71,31.559999999999995,HIGH,OFFICE SUPPLIES,PENS & ART SUPPLIES,REGULAR AIR
1446.97,0.0,1446.97,47,531.47,1.99,913.51,HIGH,TECHNOLOGY,COMPUTER PERIPHERALS,REGULAR AIR
711.1,0.08,654.212,36,241.08,2.99,410.14199999999994,NOT SPECIFIED,OFFICE SUPPLIES,BINDERS AND BINDER ACCESSORIES,REGULAR AIR
2480.9205,0.01,2456.111295,18,313.58,8.99,2133.5412950000004,LOW,TECHNOLOGY,TELEPHONES AND COMMUNICATION,REGULAR AIR
17.19,0.0,17.19,1,-35.34,1.99,50.540000000000006,HIGH,TECHNOLOGY,COMPUTER PERIPHERALS,REGULAR AIR
498.16,0.03,483.21520000000004,48,40.61,5.12,437.4852,NOT SPECIFIED,OFFICE SUPPLIES,PAPER,REGULAR AIR
158.78,0.04,152.4288,24,-38.38,5.41,185.3988,NOT SPECIFIED,FURNITURE,OFFICE FURNISHINGS,REGULAR AIR
3296.062,0.06,3098.29828,46,591.91,10.78,2495.60828,NOT SPECIFIED,TECHNOLOGY,TELEPHONES AND COMMUNICATION,REGULAR AIR
351.49,0.03,340.94530000000003,8,107.32,2.99,230.63530000000003,NOT SPECIFIED,OFFICE SUPPLIES,BINDERS AND BINDER ACCESSORIES,REGULAR AIR
74.13,0.08,68.19959999999999,16,-69.34,6.72,130.81959999999998,NOT SPECIFIED,OFFICE SUPPLIES,PAPER,REGULAR AIR
195.03,0.09,177.4773,45,-148.87,5.74,320.6073,NOT SPECIFIED,OFFICE SUPPLIES,PAPER,REGULAR AIR
3220.58,0.04,3091.7568,22,1046.69,13.99,2031.0768000000003,NOT SPECIFIED,TECHNOLOGY,OFFICE MACHINES,REGULAR AIR
2367.99,0.04,2273.2704,14,320.1,11.87,1941.3004,NOT SPECIFIED,OFFICE SUPPLIES,STORAGE & ORGANIZATION,REGULAR AIR
1218.08,0.1,1096.272,37,99.79,8.99,987.492,HIGH,OFFICE SUPPLIES,PENS & ART SUPPLIES,REGULAR AIR
199.12,0.01,197.1288,24,73.33,0.96,122.8388,CRITICAL,FURNITURE,OFFICE FURNISHINGS,REGULAR AIR
2689.48,0.04,2581.9008,27,399.93,19.99,2161.9808000000003,HIGH,TECHNOLOGY,COMPUTER PERIPHERALS,REGULAR AIR
15.31,0.01,15.1569,2,-8.15,4.86,18.4469,HIGH,OFFICE SUPPLIES,PAPER,REGULAR AIR
63.14,0.06,59.3516,19,-53.75,3.97,109.13159999999999,CRITICAL,OFFICE SUPPLIES,PENS & ART SUPPLIES,REGULAR AIR
268.94,0.02,263.5612,39,-87.52,6.41,344.67119999999994,CRITICAL,OFFICE SUPPLIES,PAPER,REGULAR AIR
847.82,0.05,805.4290000000001,38,-1348.5,45.0,2108.929,CRITICAL,OFFICE SUPPLIES,STORAGE & ORGANIZATION,DELIVERY TRUCK
1992.45,0.05,1892.8275,40,-1609.92,54.11,3448.6375000000003,HIGH,FURNITURE,BOOKCASES,DELIVERY TRUCK
103.62,0.1,93.25800000000001,15,39.98,0.49,52.78800000000002,LOW,OFFICE SUPPLIES,LABELS,REGULAR AIR
124.84,0.08,114.8528,20,10.56,1.56,102.7328,LOW,OFFICE SUPPLIES,PENS & ART SUPPLIES,REGULAR AIR
633.13,0.05,601.4735,10,-203.9,36.61,768.7634999999999,MEDIUM,FURNITURE,BOOKCASES,DELIVERY TRUCK
10.33,0.04,9.9168,3,-3.86,1.58,12.1968,NOT SPECIFIED,OFFICE SUPPLIES,RUBBER BANDS,REGULAR AIR
14.39,0.07,13.3827,2,-10.24,3.37,20.252699999999997,NOT SPECIFIED,OFFICE SUPPLIES,RUBBER BANDS,REGULAR AIR
270.63,0.1,243.567,13,7.07,8.32,228.17700000000002,HIGH,OFFICE SUPPLIES,PAPER,REGULAR AIR
6583.913,0.09,5991.36083,43,1459.79,3.99,4527.58083,HIGH,TECHNOLOGY,TELEPHONES AND COMMUNICATION,REGULAR AIR
54.99,0.06,51.6906,14,8.07,1.3,42.320600000000006,HIGH,OFFICE SUPPLIES,PAPER,REGULAR AIR
42.21,0.0,42.21,9,18.21,0.99,23.009999999999998,HIGH,OFFICE SUPPLIES,LABELS,EXPRESS AIR
514.86,0.09,468.5226,50,-53.18,4.5,517.2026,CRITICAL,OFFICE SUPPLIES,APPLIANCES,REGULAR AIR
3925.9715,0.06,3690.41321,39,671.95,8.8,3009.6632099999997,HIGH,TECHNOLOGY,TELEPHONES AND COMMUNICATION,REGULAR AIR
894.64,0.01,885.6936,31,-27.79,19.46,894.0235999999999,NOT SPECIFIED,FURNITURE,OFFICE FURNISHINGS,REGULAR AIR
158.97,0.08,146.2524,39,-30.27,2.99,173.5324,MEDIUM,OFFICE SUPPLIES,BINDERS AND BINDER ACCESSORIES,REGULAR AIR
138.96,0.03,134.7912,49,19.87,0.7,114.22120000000001,MEDIUM,OFFICE SUPPLIES,PENS & ART SUPPLIES,REGULAR AIR
3028.86,0.04,2907.7056000000002,40,-2595.65,69.0,5434.355600000001,NOT SPECIFIED,FURNITURE,TABLES,REGULAR AIR
75.19,0.06,70.6786,22,-59.12,3.97,125.8286,NOT SPECIFIED,FURNITURE,OFFICE FURNISHINGS,REGULAR AIR
51.14,0.08,47.0488,28,-81.96,4.08,124.9288,HIGH,FURNITURE,OFFICE FURNISHINGS,REGULAR AIR
1737.06,0.02,1702.3188,42,339.17,9.2,1353.9488,HIGH,FURNITURE,OFFICE FURNISHINGS,REGULAR AIR
2430.34,0.08,2235.9128,46,752.87,13.88,1469.1628,HIGH,OFFICE SUPPLIES,PAPER,REGULAR AIR
218.6,0.05,207.67,36,-46.43,4.96,249.14,HIGH,OFFICE SUPPLIES,PAPER,EXPRESS AIR
1401.75,0.02,1373.715,31,426.44,4.62,942.655,MEDIUM,OFFICE SUPPLIES,APPLIANCES,REGULAR AIR
80.53,0.01,79.7247,28,10.01,0.7,69.01469999999999,CRITICAL,OFFICE SUPPLIES,PENS & ART SUPPLIES,REGULAR AIR
236.45,0.06,222.26299999999998,32,-259.02,9.69,471.59299999999996,HIGH,OFFICE SUPPLIES,STORAGE & ORGANIZATION,REGULAR AIR
2283.22,0.03,2214.7234,48,1006.72,5.97,1202.0334,NOT SPECIFIED,OFFICE SUPPLIES,PAPER,REGULAR AIR
11365.616,0.08,10456.36672,49,229.22,54.12,10173.02672,NOT SPECIFIED,FURNITURE,TABLES,DELIVERY TRUCK
4610.2895,0.0,4610.2895,41,1432.86,2.5,3174.9295,NOT SPECIFIED,TECHNOLOGY,TELEPHONES AND COMMUNICATION,REGULAR AIR
258.54,0.05,245.61300000000003,37,-116.37,7.3,354.683,NOT SPECIFIED,OFFICE SUPPLIES,PAPER,REGULAR AIR
110.38,0.05,104.86099999999999,39,-4.86,1.2,108.52099999999999,LOW,OFFICE SUPPLIES,PENS & ART SUPPLIES,REGULAR AIR
1003.31,0.01,993.2769,23,51.9,14.45,926.9268999999999,CRITICAL,FURNITURE,OFFICE FURNISHINGS,REGULAR AIR
848.92,0.04,814.9631999999999,49,296.06,1.99,516.9132,MEDIUM,TECHNOLOGY,COMPUTER PERIPHERALS,REGULAR AIR
2219.7325,0.04,2130.9432,13,-69.78,5.0,2195.7232000000004,MEDIUM,TECHNOLOGY,TELEPHONES AND COMMUNICATION,EXPRESS AIR
101.19,0.06,95.1186,28,32.47,0.71,61.93860000000001,LOW,OFFICE SUPPLIES,RUBBER BANDS,REGULAR AIR
311.65,0.03,302.3005,45,-71.25,5.48,368.0705,LOW,OFFICE SUPPLIES,BINDERS AND BINDER ACCESSORIES,REGULAR AIR
981.9,0.06,922.986,26,11.38,12.9,898.706,NOT SPECIFIED,OFFICE SUPPLIES,STORAGE & ORGANIZATION,REGULAR AIR
1567.51,0.01,1551.8349,40,711.74,5.08,835.0149000000001,CRITICAL,OFFICE SUPPLIES,PAPER,EXPRESS AIR
1914.65,0.01,1895.5035,17,73.45,8.64,1813.4134999999999,CRITICAL,OFFICE SUPPLIES,STORAGE & ORGANIZATION,REGULAR AIR
87.31,0.05,82.9445,43,-15.09,1.49,96.54450000000001,NOT SPECIFIED,OFFICE SUPPLIES,BINDERS AND BINDER ACCESSORIES,REGULAR AIR
83.31,0.06,78.3114,13,22.8,1.34,54.171400000000006,NOT SPECIFIED,OFFICE SUPPLIES,PAPER,REGULAR AIR
235.09,0.08,216.2828,43,-1987.49,49.0,2154.7728,LOW,OFFICE SUPPLIES,APPLIANCES,REGULAR AIR
187.46,0.0,187.46,10,49.85,8.99,128.62,LOW,FURNITURE,OFFICE FURNISHINGS,REGULAR AIR
4598.73,0.04,4414.7807999999995,45,1049.45,19.99,3345.3408,MEDIUM,TECHNOLOGY,COMPUTER PERIPHERALS,REGULAR AIR
2673.08,0.01,2646.3492,45,-1363.12,52.2,3957.2692,MEDIUM,FURNITURE,OFFICE FURNISHINGS,REGULAR AIR
396.69,0.09,360.98789999999997,12,-18.45,8.74,370.69789999999995,MEDIUM,OFFICE SUPPLIES,STORAGE & ORGANIZATION,EXPRESS AIR
610.65,0.09,555.6915,30,60.27,8.83,486.5915,MEDIUM,OFFICE SUPPLIES,BINDERS AND BINDER ACCESSORIES,EXPRESS AIR
1298.81,0.04,1246.8576,50,-250.55,14.36,1483.0476,CRITICAL,FURNITURE,CHAIRS & CHAIRMATS,DELIVERY TRUCK
442.57,0.01,438.1443,27,-60.73,8.78,490.09430000000003,NOT SPECIFIED,OFFICE SUPPLIES,STORAGE & ORGANIZATION,REGULAR AIR
53.737,0.05,51.05015,5,-28.44,5.03,74.46015,NOT SPECIFIED,TECHNOLOGY,TELEPHONES AND COMMUNICATION,EXPRESS AIR
3051.27,0.1,2746.143,41,121.48,33.6,2591.063,CRITICAL,TECHNOLOGY,OFFICE MACHINES,DELIVERY TRUCK
52.0965,0.0,52.0965,1,-232.8,2.5,282.3965,MEDIUM,TECHNOLOGY,TELEPHONES AND COMMUNICATION,REGULAR AIR
3945.95,0.03,3827.5715,31,1031.32,12.65,2783.6014999999998,MEDIUM,FURNITURE,CHAIRS & CHAIRMATS,REGULAR AIR
5394.4,0.01,5340.455999999999,33,788.79,30.0,4521.665999999999,MEDIUM,FURNITURE,CHAIRS & CHAIRMATS,DELIVERY TRUCK
233.92,0.1,210.528,27,-80.75,8.54,282.738,MEDIUM,FURNITURE,OFFICE FURNISHINGS,REGULAR AIR
1642.05,0.03,1592.7884999999999,28,829.73,4.86,758.1985,MEDIUM,OFFICE SUPPLIES,PAPER,REGULAR AIR
279.327,0.05,265.36065,16,75.21,0.99,189.16065000000003,MEDIUM,TECHNOLOGY,TELEPHONES AND COMMUNICATION,REGULAR AIR
539.206,0.05,512.2457,5,-452.39,8.8,955.8357000000001,MEDIUM,TECHNOLOGY,TELEPHONES AND COMMUNICATION,REGULAR AIR
125.46,0.07,116.67779999999999,34,-129.63,5.47,240.8378,NOT SPECIFIED,OFFICE SUPPLIES,BINDERS AND BINDER ACCESSORIES,REGULAR AIR
9633.59,0.06,9055.5746,47,176.67,64.2,8814.7046,LOW,FURNITURE,CHAIRS & CHAIRMATS,DELIVERY TRUCK
47.99,0.06,45.110600000000005,33,3.86,0.7,40.5506,MEDIUM,OFFICE SUPPLIES,RUBBER BANDS,REGULAR AIR
829.617,0.1,746.6552999999999,23,25.53,4.99,716.1352999999999,MEDIUM,TECHNOLOGY,TELEPHONES AND COMMUNICATION,REGULAR AIR
616.1055,0.03,597.622335,5,-458.74,4.2,1052.162335,LOW,TECHNOLOGY,TELEPHONES AND COMMUNICATION,REGULAR AIR
33.21,0.06,31.2174,18,-0.85,0.75,31.317400000000003,LOW,OFFICE SUPPLIES,RUBBER BANDS,REGULAR AIR
583.56,0.02,571.8888,26,-94.59,6.5,659.9788,LOW,TECHNOLOGY,COMPUTER PERIPHERALS,REGULAR AIR
281.47,0.1,253.32300000000004,47,-190.57,7.37,436.523,LOW,OFFICE SUPPLIES,PAPER,REGULAR AIR
539.06,0.05,512.107,42,-123.07,4.59,630.587,CRITICAL,OFFICE SUPPLIES,"SCISSORS, RULERS AND TRIMMERS",REGULAR AIR
751.52,0.09,683.8832,25,67.11,12.62,604.1532,MEDIUM,OFFICE SUPPLIES,BINDERS AND BINDER ACCESSORIES,EXPRESS AIR
220.48,0.04,211.6608,36,81.91,1.02,128.7308,MEDIUM,OFFICE SUPPLIES,PAPER,REGULAR AIR
1259.4535,0.02,1234.2644300000002,21,168.24,8.99,1057.0344300000002,MEDIUM,TECHNOLOGY,TELEPHONES AND COMMUNICATION,EXPRESS AIR
3758.77,0.0,3758.77,26,753.61,24.49,2980.67,LOW,FURNITURE,CHAIRS & CHAIRMATS,REGULAR AIR
450.39,0.07,418.86269999999996,23,152.79,6.15,259.92269999999996,MEDIUM,FURNITURE,OFFICE FURNISHINGS,REGULAR AIR
1193.1195,0.08,1097.66994,17,137.59,0.99,959.08994,MEDIUM,TECHNOLOGY,TELEPHONES AND COMMUNICATION,EXPRESS AIR
3596.36,0.0,3596.36,47,326.25,12.14,3257.9700000000003,NOT SPECIFIED,TECHNOLOGY,COMPUTER PERIPHERALS,EXPRESS AIR
16.6,0.1,14.940000000000001,4,-2.06,0.99,16.01,HIGH,OFFICE SUPPLIES,LABELS,REGULAR AIR
25.1,0.04,24.096,5,2.98,0.49,20.626,HIGH,OFFICE SUPPLIES,LABELS,REGULAR AIR
553.02,0.1,497.71799999999996,38,-49.38,6.5,540.598,NOT SPECIFIED,TECHNOLOGY,COMPUTER PERIPHERALS,REGULAR AIR
437.86,0.04,420.3456,38,-4.17,6.97,417.5456,CRITICAL,OFFICE SUPPLIES,ENVELOPES,REGULAR AIR
155.17,0.08,142.75639999999999,17,2.12,4.39,136.2464,NOT SPECIFIED,OFFICE SUPPLIES,PAPER,REGULAR AIR
145.93,0.0,145.93,27,-113.32,7.44,251.81,CRITICAL,OFFICE SUPPLIES,PAPER,REGULAR AIR
143.78,0.04,138.0288,6,75.3,8.99,53.73879999999998,MEDIUM,FURNITURE,OFFICE FURNISHINGS,REGULAR AIR
3351.55,0.04,3217.4880000000003,37,-1036.92,56.2,4198.2080000000005,LOW,FURNITURE,OFFICE FURNISHINGS,EXPRESS AIR
532.11,0.01,526.7889,30,59.47,8.13,459.1889,CRITICAL,OFFICE SUPPLIES,ENVELOPES,EXPRESS AIR
216.79,0.07,201.6147,32,57.55,2.83,141.23469999999998,MEDIUM,FURNITURE,OFFICE FURNISHINGS,REGULAR AIR
258.13,0.03,250.3861,41,84.1,1.82,164.4661,LOW,OFFICE SUPPLIES,RUBBER BANDS,REGULAR AIR
1035.95,0.08,953.0740000000001,30,342.41,1.99,608.674,HIGH,TECHNOLOGY,COMPUTER PERIPHERALS,REGULAR AIR
5382.24,0.1,4844.016,37,14.85,4.0,4825.165999999999,HIGH,TECHNOLOGY,COMPUTER PERIPHERALS,REGULAR AIR
233.03,0.05,221.3785,26,-86.34,8.29,299.4285,HIGH,OFFICE SUPPLIES,ENVELOPES,EXPRESS AIR
18.7,0.1,16.83,3,-14.69,5.83,25.689999999999998,CRITICAL,OFFICE SUPPLIES,BINDERS AND BINDER ACCESSORIES,REGULAR AIR
140.74,0.01,139.3326,39,-92.29,3.97,227.6526,CRITICAL,OFFICE SUPPLIES,PENS & ART SUPPLIES,REGULAR AIR
304.98,0.08,280.58160000000004,27,2.73,5.63,272.2216,NOT SPECIFIED,OFFICE SUPPLIES,BINDERS AND BINDER ACCESSORIES,REGULAR AIR
104.24,0.0,104.24,34,10.59,1.34,92.30999999999999,NOT SPECIFIED,OFFICE SUPPLIES,PENS & ART SUPPLIES,EXPRESS AIR
4366.348,0.05,4148.0306,25,940.57,3.0,3204.4606,NOT SPECIFIED,TECHNOLOGY,TELEPHONES AND COMMUNICATION,REGULAR AIR
198.13,0.01,196.1487,27,-219.92,9.69,406.3787,NOT SPECIFIED,OFFICE SUPPLIES,STORAGE & ORGANIZATION,REGULAR AIR
10123.02,0.07,9414.4086,49,457.81,68.02,8888.5786,HIGH,OFFICE SUPPLIES,APPLIANCES,DELIVERY TRUCK
59.03,0.1,53.127,13,26.92,0.5,25.707,NOT SPECIFIED,OFFICE SUPPLIES,LABELS,EXPRESS AIR
440.92,0.05,418.874,22,-65.18,10.49,473.564,CRITICAL,FURNITURE,OFFICE FURNISHINGS,EXPRESS AIR
476.06,0.04,457.0176,33,-120.48,9.37,568.1276,MEDIUM,OFFICE SUPPLIES,STORAGE & ORGANIZATION,REGULAR AIR
1756.11,0.1,1580.4989999999998,29,-888.07,35.0,2433.569,LOW,OFFICE SUPPLIES,STORAGE & ORGANIZATION,REGULAR AIR
1136.47,0.1,1022.823,10,323.32,9.07,690.433,CRITICAL,OFFICE SUPPLIES,BINDERS AND BINDER ACCESSORIES,EXPRESS AIR
325.81,0.02,319.2938,2,-522.78,6.5,835.5737999999999,CRITICAL,TECHNOLOGY,COMPUTER PERIPHERALS,EXPRESS AIR
608.29,0.02,596.1242,48,-39.27,5.81,629.5842,HIGH,OFFICE SUPPLIES,PENS & ART SUPPLIES,REGULAR AIR
307.42,0.05,292.04900000000004,39,104.09,1.69,186.26900000000003,HIGH,OFFICE SUPPLIES,PAPER,REGULAR AIR
1009.8,0.07,939.1139999999999,45,352.64,1.99,584.4839999999999,CRITICAL,TECHNOLOGY,COMPUTER PERIPHERALS,REGULAR AIR
29.71,0.09,27.0361,12,-23.17,1.92,48.286100000000005,CRITICAL,OFFICE SUPPLIES,"SCISSORS, RULERS AND TRIMMERS",REGULAR AIR
4587.926,0.1,4129.133400000001,30,687.41,4.2,3437.523400000001,NOT SPECIFIED,TECHNOLOGY,TELEPHONES AND COMMUNICATION,REGULAR AIR
4541.924,0.01,4496.50476,42,1222.14,8.08,3266.2847599999996,NOT SPECIFIED,TECHNOLOGY,TELEPHONES AND COMMUNICATION,REGULAR AIR
6163.52,0.02,6040.2496,26,755.95,28.66,5255.6396,HIGH,OFFICE SUPPLIES,STORAGE & ORGANIZATION,DELIVERY TRUCK
1278.6465,0.01,1265.8600350000002,7,-396.17,4.2,1657.8300350000002,NOT SPECIFIED,TECHNOLOGY,TELEPHONES AND COMMUNICATION,REGULAR AIR
66.63,0.0,66.63,5,-16.92,4.98,78.57,CRITICAL,OFFICE SUPPLIES,APPLIANCES,REGULAR AIR
345.19,0.1,310.671,12,111.59,1.49,197.59099999999998,LOW,OFFICE SUPPLIES,BINDERS AND BINDER ACCESSORIES,REGULAR AIR
13.44,0.08,12.364799999999999,2,-8.88,5.17,16.0748,HIGH,OFFICE SUPPLIES,PAPER,REGULAR AIR
1049.49,0.05,997.0155,24,-5.41,16.36,986.0654999999999,HIGH,OFFICE SUPPLIES,STORAGE & ORGANIZATION,REGULAR AIR
2354.4,0.0,2354.4,41,246.54,6.55,2101.31,LOW,TECHNOLOGY,COMPUTER PERIPHERALS,EXPRESS AIR
35.6405,0.05,33.858475000000006,2,-110.4,1.25,143.008475,LOW,TECHNOLOGY,TELEPHONES AND COMMUNICATION,REGULAR AIR
127.56,0.03,123.7332,22,-60.72,5.63,178.82319999999999,CRITICAL,OFFICE SUPPLIES,BINDERS AND BINDER ACCESSORIES,REGULAR AIR
81.58,0.04,78.3168,7,-7.78,3.37,82.7268,CRITICAL,OFFICE SUPPLIES,"SCISSORS, RULERS AND TRIMMERS",REGULAR AIR
467.5,0.08,430.1,40,-33.34,4.98,458.46000000000004,HIGH,OFFICE SUPPLIES,APPLIANCES,REGULAR AIR
593.32,0.03,575.5204,29,28.99,4.0,542.5304,NOT SPECIFIED,TECHNOLOGY,COMPUTER PERIPHERALS,REGULAR AIR
38.56,0.03,37.403200000000005,8,4.08,1.49,31.833200000000005,HIGH,OFFICE SUPPLIES,BINDERS AND BINDER ACCESSORIES,REGULAR AIR
22.06,0.05,20.956999999999997,3,-15.6,7.44,29.116999999999997,LOW,OFFICE SUPPLIES,PAPER,REGULAR AIR
1760.35,0.01,1742.7465,48,-17.08,7.53,1752.2965,HIGH,TECHNOLOGY,COMPUTER PERIPHERALS,EXPRESS AIR
5797.68,0.04,5565.772800000001,35,1366.57,4.2,4195.002800000001,HIGH,TECHNOLOGY,TELEPHONES AND COMMUNICATION,REGULAR AIR
1436.94,0.0,1436.94,37,639.66,5.08,792.2000000000002,HIGH,OFFICE SUPPLIES,PAPER,REGULAR AIR
125.8,0.03,122.026,18,-35.98,5.87,152.136,HIGH,OFFICE SUPPLIES,PAPER,REGULAR AIR
941.13,0.1,847.017,20,344.95,7.23,494.83700000000005,MEDIUM,OFFICE SUPPLIES,PAPER,REGULAR AIR
693.06,0.06,651.4763999999999,18,148.3,9.83,493.34639999999985,LOW,OFFICE SUPPLIES,ENVELOPES,REGULAR AIR
4475.03,0.08,4117.027599999999,41,-167.83,56.14,4228.7176,LOW,TECHNOLOGY,OFFICE MACHINES,DELIVERY TRUCK
299.68,0.06,281.6992,35,-29.36,5.6,305.4592,CRITICAL,OFFICE SUPPLIES,BINDERS AND BINDER ACCESSORIES,REGULAR AIR
257.46,0.09,234.28859999999997,37,-18.66,4.23,248.71859999999998,LOW,OFFICE SUPPLIES,PAPER,EXPRESS AIR
626.07,0.03,607.2879,26,185.32,6.71,415.2579,NOT SPECIFIED,OFFICE SUPPLIES,ENVELOPES,EXPRESS AIR
311.21,0.09,283.2011,27,-14.03,6.47,290.76109999999994,HIGH,OFFICE SUPPLIES,PAPER,REGULAR AIR
340.6885,0.0,340.6885,18,-10.85,4.81,346.7285,NOT SPECIFIED,TECHNOLOGY,TELEPHONES AND COMMUNICATION,EXPRESS AIR
709.91,0.09,646.0181,37,-93.43,12.79,726.6581000000001,MEDIUM,OFFICE SUPPLIES,BINDERS AND BINDER ACCESSORIES,REGULAR AIR
365.24,0.09,332.3684,44,-163.13,8.29,487.2084,HIGH,OFFICE SUPPLIES,ENVELOPES,REGULAR AIR
99.36,0.0,99.36,18,-51.2,5.68,144.88,LOW,OFFICE SUPPLIES,BINDERS AND BINDER ACCESSORIES,REGULAR AIR
510.15,0.04,489.74399999999997,49,-362.11,12.52,839.3340000000001,LOW,FURNITURE,OFFICE FURNISHINGS,REGULAR AIR
735.09,0.1,661.581,27,153.5,7.87,500.211,LOW,FURNITURE,OFFICE FURNISHINGS,REGULAR AIR
211.7435,0.04,203.27376,7,-33.31,1.25,235.33376,NOT SPECIFIED,TECHNOLOGY,TELEPHONES AND COMMUNICATION,REGULAR AIR
167.46,0.09,152.3886,40,-134.3,5.41,281.2786,NOT SPECIFIED,OFFICE SUPPLIES,BINDERS AND BINDER ACCESSORIES,REGULAR AIR
141.7,0.02,138.86599999999999,33,-103.21,5.26,236.81599999999997,NOT SPECIFIED,OFFICE SUPPLIES,BINDERS AND BINDER ACCESSORIES,REGULAR AIR
557.23,0.09,507.0793,24,-42.99,12.98,537.0893,LOW,OFFICE SUPPLIES,BINDERS AND BINDER ACCESSORIES,REGULAR AIR
1772.2245,0.02,1736.78001,31,390.86,4.99,1340.93001,MEDIUM,TECHNOLOGY,TELEPHONES AND COMMUNICATION,REGULAR AIR
396.04,0.08,364.3568,13,230.02,3.92,130.4168,HIGH,FURNITURE,OFFICE FURNISHINGS,REGULAR AIR
167.41,0.05,159.0395,38,-161.57,6.72,313.8895,HIGH,OFFICE SUPPLIES,PAPER,REGULAR AIR
1612.93,0.0,1612.93,11,321.25,13.99,1277.69,CRITICAL,TECHNOLOGY,OFFICE MACHINES,REGULAR AIR
393.31,0.04,377.5776,20,84.3,5.86,287.4176,HIGH,OFFICE SUPPLIES,PAPER,REGULAR AIR
845.7,0.02,828.7860000000001,20,221.6,1.99,605.196,MEDIUM,TECHNOLOGY,COMPUTER PERIPHERALS,EXPRESS AIR
467.0,0.04,448.32,25,69.97,8.99,369.36,MEDIUM,FURNITURE,OFFICE FURNISHINGS,REGULAR AIR
64.43,0.07,59.919900000000005,36,-18.64,1.49,77.0699,MEDIUM,FURNITURE,TABLES,REGULAR AIR
37.8,0.06,35.532,7,-18.31,4.7,49.141999999999996,MEDIUM,OFFICE SUPPLIES,PAPER,REGULAR AIR
183.28,0.04,175.9488,30,33.88,1.17,140.89880000000002,MEDIUM,OFFICE SUPPLIES,PENS & ART SUPPLIES,REGULAR AIR
2826.9,0.07,2629.017,16,337.29,26.2,2265.527,HIGH,FURNITURE,CHAIRS & CHAIRMATS,DELIVERY TRUCK
7834.77,0.04,7521.3792,37,297.79,64.2,7159.3892000000005,HIGH,FURNITURE,CHAIRS & CHAIRMATS,DELIVERY TRUCK
261.88,0.08,240.9296,7,-59.2,1.99,298.1396,HIGH,TECHNOLOGY,COMPUTER PERIPHERALS,REGULAR AIR
127.56,0.01,126.2844,18,-57.11,4.07,179.32440000000003,HIGH,TECHNOLOGY,COMPUTER PERIPHERALS,REGULAR AIR
385.99,0.09,351.2509,48,-40.72,3.5,388.47090000000003,HIGH,OFFICE SUPPLIES,APPLIANCES,REGULAR AIR
97.93,0.07,91.0749,14,-616.81,49.0,658.8848999999999,MEDIUM,OFFICE SUPPLIES,APPLIANCES,REGULAR AIR
25.52,0.07,23.7336,4,-1.99,1.49,24.2336,MEDIUM,OFFICE SUPPLIES,BINDERS AND BINDER ACCESSORIES,REGULAR AIR
487.5,0.05,463.125,46,-25.88,4.68,484.325,MEDIUM,OFFICE SUPPLIES,"SCISSORS, RULERS AND TRIMMERS",REGULAR AIR
146.15,0.02,143.227,35,-180.26,6.89,316.597,MEDIUM,OFFICE SUPPLIES,APPLIANCES,REGULAR AIR
877.47,0.07,816.0471,14,151.24,19.99,644.8171,MEDIUM,OFFICE SUPPLIES,ENVELOPES,REGULAR AIR
269.57,0.0,269.57,24,33.47,5.4,230.70000000000002,LOW,FURNITURE,OFFICE FURNISHINGS,EXPRESS AIR
98.94,0.1,89.04599999999999,18,-12.59,2.27,99.366,LOW,OFFICE SUPPLIES,PENS & ART SUPPLIES,REGULAR AIR
203.4,0.04,195.264,29,24.59,2.35,168.324,NOT SPECIFIED,OFFICE SUPPLIES,PENS & ART SUPPLIES,REGULAR AIR
6057.27,0.0,6057.27,36,1585.5,4.2,4467.570000000001,CRITICAL,TECHNOLOGY,TELEPHONES AND COMMUNICATION,REGULAR AIR
67.87,0.07,63.1191,29,-112.54,5.0,170.65910000000002,HIGH,OFFICE SUPPLIES,APPLIANCES,REGULAR AIR
542.24,0.02,531.3952,33,268.53,1.39,261.4752000000001,HIGH,OFFICE SUPPLIES,ENVELOPES,REGULAR AIR
593.73,0.04,569.9808,15,108.01,13.26,448.71080000000006,HIGH,OFFICE SUPPLIES,PAPER,REGULAR AIR
1084.12,0.04,1040.7551999999998,45,294.43,6.3,740.0251999999998,HIGH,TECHNOLOGY,OFFICE MACHINES,REGULAR AIR
235.12,0.09,213.9592,49,-29.62,3.05,240.5292,HIGH,FURNITURE,OFFICE FURNISHINGS,REGULAR AIR
318.56,0.08,293.0752,30,-30.97,4.5,319.5452,LOW,OFFICE SUPPLIES,APPLIANCES,EXPRESS AIR
1511.7,0.02,1481.4660000000001,43,221.63,7.73,1252.1060000000002,CRITICAL,OFFICE SUPPLIES,PENS & ART SUPPLIES,REGULAR AIR
7286.65,0.03,7068.050499999999,43,474.89,35.02,6558.140499999999,MEDIUM,FURNITURE,BOOKCASES,DELIVERY TRUCK
30.38,0.08,27.9496,15,-59.18,4.79,82.3396,MEDIUM,OFFICE SUPPLIES,BINDERS AND BINDER ACCESSORIES,REGULAR AIR
121.19,0.09,110.2829,30,-152.13,7.01,255.4029,LOW,OFFICE SUPPLIES,BINDERS AND BINDER ACCESSORIES,EXPRESS AIR
48.01,0.1,43.208999999999996,21,-6.85,1.12,48.939,CRITICAL,OFFICE SUPPLIES,PENS & ART SUPPLIES,EXPRESS AIR
120.77,0.03,117.1469,49,19.86,1.02,96.2669,HIGH,OFFICE SUPPLIES,RUBBER BANDS,REGULAR AIR
3900.531,0.08,3588.48852,42,1144.63,2.5,2441.3585199999998,CRITICAL,TECHNOLOGY,TELEPHONES AND COMMUNICATION,REGULAR AIR
248.42,0.02,243.45159999999998,35,-58.81,4.42,297.84159999999997,CRITICAL,OFFICE SUPPLIES,"SCISSORS, RULERS AND TRIMMERS",REGULAR AIR
109.78,0.06,103.1932,31,43.77,0.5,58.9232,LOW,OFFICE SUPPLIES,LABELS,REGULAR AIR
191.43,0.06,179.9442,20,39.5,2.99,137.4542,LOW,OFFICE SUPPLIES,BINDERS AND BINDER ACCESSORIES,EXPRESS AIR
1234.85,0.03,1197.8045,34,212.2,8.22,977.3844999999999,LOW,OFFICE SUPPLIES,STORAGE & ORGANIZATION,REGULAR AIR
105.85,0.1,95.26499999999999,17,-44.86,2.74,137.385,LOW,TECHNOLOGY,COMPUTER PERIPHERALS,REGULAR AIR
179.33,0.0,179.33,19,-58.76,8.29,229.8,LOW,OFFICE SUPPLIES,ENVELOPES,REGULAR AIR
378.08,0.0,378.08,17,70.48,1.99,305.60999999999996,HIGH,TECHNOLOGY,COMPUTER PERIPHERALS,REGULAR AIR
731.71,0.0,731.71,24,175.82,1.99,553.9000000000001,HIGH,TECHNOLOGY,COMPUTER PERIPHERALS,REGULAR AIR
285.06,0.08,262.2552,34,-211.54,10.16,463.6352,MEDIUM,FURNITURE,OFFICE FURNISHINGS,REGULAR AIR
795.74,0.0,795.74,22,-127.39,19.19,903.9399999999999,NOT SPECIFIED,FURNITURE,CHAIRS & CHAIRMATS,DELIVERY TRUCK
311.66,0.04,299.1936,37,-63.81,6.19,356.8136,LOW,OFFICE SUPPLIES,BINDERS AND BINDER ACCESSORIES,REGULAR AIR
126.62,0.03,122.82140000000001,34,44.8,0.71,77.31140000000002,CRITICAL,OFFICE SUPPLIES,RUBBER BANDS,REGULAR AIR
1575.14,0.0,1575.14,37,160.68,7.12,1407.3400000000001,HIGH,TECHNOLOGY,COMPUTER PERIPHERALS,REGULAR AIR
187.78,0.08,172.7576,16,-21.82,5.99,188.58759999999998,HIGH,TECHNOLOGY,OFFICE MACHINES,REGULAR AIR
86.29,0.05,81.97550000000001,7,-14.03,6.97,89.03550000000001,MEDIUM,OFFICE SUPPLIES,ENVELOPES,REGULAR AIR
1753.75,0.07,1630.9875,46,215.11,9.2,1406.6774999999998,HIGH,FURNITURE,OFFICE FURNISHINGS,REGULAR AIR
580.56,0.1,522.5039999999999,42,163.63,2.99,355.8839999999999,NOT SPECIFIED,OFFICE SUPPLIES,BINDERS AND BINDER ACCESSORIES,REGULAR AIR
1507.16,0.02,1477.0168,50,724.14,1.99,750.8868000000001,MEDIUM,TECHNOLOGY,COMPUTER PERIPHERALS,REGULAR AIR
371.95,0.08,342.19399999999996,49,-10.33,4.71,347.81399999999996,MEDIUM,OFFICE SUPPLIES,BINDERS AND BINDER ACCESSORIES,EXPRESS AIR
96.07,0.06,90.30579999999999,22,-4.36,2.5,92.16579999999999,MEDIUM,OFFICE SUPPLIES,ENVELOPES,REGULAR AIR
251.75,0.07,234.1275,31,22.46,1.99,209.67749999999998,NOT SPECIFIED,TECHNOLOGY,COMPUTER PERIPHERALS,REGULAR AIR
3460.5625,0.1,3114.50625,39,573.06,5.92,2535.52625,CRITICAL,TECHNOLOGY,TELEPHONES AND COMMUNICATION,REGULAR AIR
7341.96,0.0,7341.96,32,764.95,64.2,6512.81,HIGH,FURNITURE,CHAIRS & CHAIRMATS,DELIVERY TRUCK
269.28,0.08,247.7376,28,113.63,0.99,133.11759999999998,HIGH,OFFICE SUPPLIES,LABELS,REGULAR AIR
2536.18,0.1,2282.562,19,350.62,19.99,1911.9520000000002,NOT SPECIFIED,OFFICE SUPPLIES,STORAGE & ORGANIZATION,REGULAR AIR
38.56,0.07,35.860800000000005,20,-10.25,1.49,44.6208,NOT SPECIFIED,OFFICE SUPPLIES,BINDERS AND BINDER ACCESSORIES,REGULAR AIR
764.32,0.02,749.0336000000001,35,-34.59,8.99,774.6336000000001,NOT SPECIFIED,OFFICE SUPPLIES,PENS & ART SUPPLIES,REGULAR AIR
136.49,0.1,122.84100000000001,15,36.23,1.09,85.52100000000002,NOT SPECIFIED,OFFICE SUPPLIES,PENS & ART SUPPLIES,REGULAR AIR
205.3,0.0,205.3,25,-89.56,5.53,289.33000000000004,LOW,TECHNOLOGY,COMPUTER PERIPHERALS,EXPRESS AIR
125.7,0.04,120.672,4,-62.77,1.99,181.452,LOW,TECHNOLOGY,COMPUTER PERIPHERALS,REGULAR AIR
2701.69,0.05,2566.6055,33,-926.33,55.81,3437.1255,MEDIUM,FURNITURE,BOOKCASES,DELIVERY TRUCK
30.47,0.02,29.860599999999998,4,-10.7,5.15,35.4106,HIGH,OFFICE SUPPLIES,PAPER,REGULAR AIR
97.48,0.05,92.60600000000001,21,-5.77,0.7,97.676,NOT SPECIFIED,OFFICE SUPPLIES,RUBBER BANDS,REGULAR AIR
697.41,0.04,669.5136,36,81.71,9.03,578.7736,CRITICAL,OFFICE SUPPLIES,PAPER,REGULAR AIR
2230.97,0.06,2097.1117999999997,12,273.27,26.2,1797.6417999999999,MEDIUM,FURNITURE,CHAIRS & CHAIRMATS,DELIVERY TRUCK
200.77,0.01,198.7623,25,-60.61,7.98,251.39230000000003,MEDIUM,FURNITURE,OFFICE FURNISHINGS,REGULAR AIR
71.57,0.02,70.1386,13,-30.69,4.95,95.87859999999999,HIGH,FURNITURE,BOOKCASES,REGULAR AIR
2062.75,0.01,2042.1225,32,559.59,19.99,1462.5425,HIGH,FURNITURE,TABLES,EXPRESS AIR
1435.32,0.02,1406.6136,49,485.95,1.99,918.6735999999999,HIGH,TECHNOLOGY,COMPUTER PERIPHERALS,REGULAR AIR
4581.54,0.05,4352.463,34,-614.37,54.74,4912.093,NOT SPECIFIED,FURNITURE,BOOKCASES,DELIVERY TRUCK
11266.4,0.08,10365.088,50,1902.99,43.32,8418.778,MEDIUM,FURNITURE,CHAIRS & CHAIRMATS,DELIVERY TRUCK
71.61,0.1,64.449,15,-70.31,4.93,129.829,MEDIUM,TECHNOLOGY,COMPUTER PERIPHERALS,REGULAR AIR
10.43,0.07,9.6999,2,-4.72,0.8,13.619899999999998,MEDIUM,OFFICE SUPPLIES,PAPER,REGULAR AIR
4684.9,0.01,4638.0509999999995,30,-549.27,66.27,5121.0509999999995,NOT SPECIFIED,FURNITURE,BOOKCASES,DELIVERY TRUCK
129.71,0.08,119.3332,30,-100.61,5.68,214.26319999999998,HIGH,OFFICE SUPPLIES,PAPER,REGULAR AIR
161.67,0.08,148.7364,45,-7.71,2.2,154.24640000000002,MEDIUM,OFFICE SUPPLIES,PAPER,REGULAR AIR
36.65,0.03,35.5505,6,0.43,0.91,34.2105,MEDIUM,OFFICE SUPPLIES,PENS & ART SUPPLIES,REGULAR AIR
964.09,0.02,944.8082,44,105.37,5.53,833.9082000000001,MEDIUM,OFFICE SUPPLIES,PENS & ART SUPPLIES,REGULAR AIR
564.98,0.1,508.482,26,-107.51,15.1,600.892,HIGH,OFFICE SUPPLIES,BINDERS AND BINDER ACCESSORIES,REGULAR AIR
129.48,0.04,124.3008,18,46.01,2.83,75.4608,HIGH,FURNITURE,OFFICE FURNISHINGS,REGULAR AIR
2380.5695,0.01,2356.763805,41,740.48,3.9,1612.383805,CRITICAL,TECHNOLOGY,TELEPHONES AND COMMUNICATION,EXPRESS AIR
240.87,0.01,238.4613,17,-36.77,8.78,266.4513,CRITICAL,FURNITURE,OFFICE FURNISHINGS,REGULAR AIR
1025.02,0.04,984.0192,30,87.03,8.74,888.2492,CRITICAL,OFFICE SUPPLIES,STORAGE & ORGANIZATION,REGULAR AIR
1491.8265,0.1,1342.64385,28,124.83,8.99,1208.82385,CRITICAL,TECHNOLOGY,TELEPHONES AND COMMUNICATION,REGULAR AIR
905.94,0.04,869.7024,6,-4.19,24.49,849.4024000000001,LOW,FURNITURE,CHAIRS & CHAIRMATS,EXPRESS AIR
141.4,0.08,130.088,26,34.48,1.46,94.148,CRITICAL,OFFICE SUPPLIES,PAPER,REGULAR AIR
303.909,0.01,300.86991,6,-254.36,5.0,550.22991,CRITICAL,TECHNOLOGY,TELEPHONES AND COMMUNICATION,REGULAR AIR
6245.76,0.1,5621.184,32,1462.42,9.99,4148.774,LOW,OFFICE SUPPLIES,STORAGE & ORGANIZATION,REGULAR AIR
3638.27,0.04,3492.7392,45,1123.79,4.5,2364.4492,LOW,OFFICE SUPPLIES,APPLIANCES,REGULAR AIR
1326.69,0.0,1326.69,37,185.37,8.74,1132.58,LOW,OFFICE SUPPLIES,STORAGE & ORGANIZATION,REGULAR AIR
306.6205,0.08,282.09086,3,-479.08,5.99,755.1808599999999,MEDIUM,TECHNOLOGY,TELEPHONES AND COMMUNICATION,EXPRESS AIR
527.25,0.01,521.9775,24,74.01,8.83,439.13749999999993,HIGH,OFFICE SUPPLIES,BINDERS AND BINDER ACCESSORIES,REGULAR AIR
210.86,0.04,202.4256,21,5.5,6.02,190.9056,MEDIUM,FURNITURE,OFFICE FURNISHINGS,REGULAR AIR
631.73,0.03,612.7781,8,122.43,19.99,470.3581,CRITICAL,FURNITURE,OFFICE FURNISHINGS,EXPRESS AIR
270.23,0.08,248.6116,12,52.02,5.47,191.1216,NOT SPECIFIED,OFFICE SUPPLIES,PAPER,REGULAR AIR
490.17,0.04,470.5632,23,-57.09,4.0,523.6532,LOW,TECHNOLOGY,COMPUTER PERIPHERALS,REGULAR AIR
206.2,0.01,204.13799999999998,42,101.14,0.5,102.49799999999998,LOW,OFFICE SUPPLIES,LABELS,REGULAR AIR
414.42,0.04,397.8432,48,-380.2,8.99,769.0532000000001,CRITICAL,TECHNOLOGY,COMPUTER PERIPHERALS,REGULAR AIR
542.6,0.03,526.322,13,118.4,1.99,405.932,LOW,TECHNOLOGY,COMPUTER PERIPHERALS,REGULAR AIR
125.01,0.08,115.0092,26,-56.35,4.7,166.6592,NOT SPECIFIED,OFFICE SUPPLIES,PAPER,REGULAR AIR
60.92,0.07,56.6556,33,-17.2,1.49,72.3656,NOT SPECIFIED,OFFICE SUPPLIES,BINDERS AND BINDER ACCESSORIES,REGULAR AIR
387.17,0.01,383.29830000000004,8,190.6,4.8,187.89830000000003,NOT SPECIFIED,FURNITURE,OFFICE FURNISHINGS,REGULAR AIR
4201.47,0.04,4033.4112000000005,19,199.25,52.2,3781.9612000000006,CRITICAL,FURNITURE,TABLES,DELIVERY TRUCK
55.66,0.08,51.2072,17,-21.4,2.31,70.2972,CRITICAL,OFFICE SUPPLIES,PENS & ART SUPPLIES,REGULAR AIR
503.2935,0.02,493.22763,10,-222.82,5.0,711.04763,LOW,TECHNOLOGY,TELEPHONES AND COMMUNICATION,REGULAR AIR
5567.79,0.04,5345.0784,47,1726.66,3.99,3614.4284000000007,LOW,OFFICE SUPPLIES,APPLIANCES,REGULAR AIR
660.27,0.09,600.8457,20,63.83,5.49,531.5256999999999,NOT SPECIFIED,OFFICE SUPPLIES,STORAGE & ORGANIZATION,EXPRESS AIR
796.03,0.05,756.2284999999999,32,-133.71,15.68,874.2585,LOW,FURNITURE,OFFICE FURNISHINGS,DELIVERY TRUCK
1980.37,0.03,1920.9588999999999,47,904.83,2.99,1013.1388999999998,CRITICAL,OFFICE SUPPLIES,BINDERS AND BINDER ACCESSORIES,REGULAR AIR
642.66,0.05,610.5269999999999,13,-82.35,19.99,672.887,CRITICAL,OFFICE SUPPLIES,APPLIANCES,REGULAR AIR
92.86,0.04,89.1456,44,-11.28,1.49,98.93560000000001,MEDIUM,OFFICE SUPPLIES,BINDERS AND BINDER ACCESSORIES,REGULAR AIR
175.42,0.0,175.42,26,-93.73,7.5,261.65,LOW,OFFICE SUPPLIES,PAPER,REGULAR AIR
464.695,0.06,436.81329999999997,16,107.51,2.5,326.8033,LOW,TECHNOLOGY,TELEPHONES AND COMMUNICATION,REGULAR AIR
184.77,0.0,184.77,29,-71.96,5.3,251.43,CRITICAL,OFFICE SUPPLIES,"SCISSORS, RULERS AND TRIMMERS",EXPRESS AIR
931.08,0.1,837.972,32,269.6,1.99,566.382,HIGH,TECHNOLOGY,COMPUTER PERIPHERALS,EXPRESS AIR
877.97,0.03,851.6309,29,-144.2,6.5,989.3308999999999,LOW,TECHNOLOGY,COMPUTER PERIPHERALS,REGULAR AIR
1112.54,0.01,1101.4146,38,352.96,8.23,740.2246,LOW,OFFICE SUPPLIES,ENVELOPES,REGULAR AIR
125.31,0.0,125.31,14,26.24,4.95,94.12,HIGH,FURNITURE,OFFICE FURNISHINGS,REGULAR AIR
110.64,0.06,104.0016,43,-62.6,2.4,164.20159999999998,HIGH,OFFICE SUPPLIES,PENS & ART SUPPLIES,REGULAR AIR
32.4,0.05,30.779999999999998,11,8.78,0.5,21.5,MEDIUM,OFFICE SUPPLIES,LABELS,REGULAR AIR
4075.376,0.05,3871.6072000000004,43,841.73,8.99,3020.8872000000006,LOW,TECHNOLOGY,TELEPHONES AND COMMUNICATION,REGULAR AIR
1736.53,0.1,1562.877,46,457.03,3.99,1101.857,MEDIUM,OFFICE SUPPLIES,APPLIANCES,REGULAR AIR
1982.16,0.03,1922.6952,47,267.1,19.99,1635.6052,HIGH,OFFICE SUPPLIES,PAPER,REGULAR AIR
43.37,0.02,42.5026,13,9.53,0.99,31.982599999999998,LOW,FURNITURE,OFFICE FURNISHINGS,REGULAR AIR
870.75,0.09,792.3825,35,100.5,5.3,686.5825000000001,LOW,FURNITURE,CHAIRS & CHAIRMATS,REGULAR AIR
61.22,0.06,57.5468,29,-76.88,4.08,130.3468,NOT SPECIFIED,FURNITURE,OFFICE FURNISHINGS,EXPRESS AIR
52.93,0.0,52.93,9,5.34,0.7,46.89,LOW,OFFICE SUPPLIES,PENS & ART SUPPLIES,REGULAR AIR
145.13,0.03,140.77609999999999,25,-42.45,4.96,178.2661,LOW,OFFICE SUPPLIES,PAPER,REGULAR AIR
4688.9485,0.0,4688.9485,26,1215.44,5.26,3468.2485,MEDIUM,TECHNOLOGY,TELEPHONES AND COMMUNICATION,REGULAR AIR
916.05,0.08,842.766,39,-21.9,12.98,851.6859999999999,MEDIUM,OFFICE SUPPLIES,BINDERS AND BINDER ACCESSORIES,REGULAR AIR
787.63,0.05,748.2485,21,140.22,1.99,606.0385,NOT SPECIFIED,TECHNOLOGY,COMPUTER PERIPHERALS,REGULAR AIR
1223.11,0.0,1223.11,21,161.72,13.22,1048.1699999999998,LOW,OFFICE SUPPLIES,APPLIANCES,EXPRESS AIR
66.41,0.04,63.7536,36,0.37,0.79,62.5936,MEDIUM,OFFICE SUPPLIES,RUBBER BANDS,REGULAR AIR
138.24,0.06,129.9456,22,-48.22,5.19,172.97560000000001,MEDIUM,OFFICE SUPPLIES,BINDERS AND BINDER ACCESSORIES,REGULAR AIR
846.59,0.08,778.8628,22,-1.95,18.98,761.8328,HIGH,FURNITURE,OFFICE FURNISHINGS,REGULAR AIR
43.25,0.06,40.655,11,-9.68,2.0,48.335,MEDIUM,OFFICE SUPPLIES,RUBBER BANDS,REGULAR AIR
338.85,0.04,325.29600000000005,45,-170.18,7.72,487.75600000000003,MEDIUM,OFFICE SUPPLIES,BINDERS AND BINDER ACCESSORIES,REGULAR AIR
1493.858,0.02,1463.98084,26,183.24,8.8,1271.94084,LOW,TECHNOLOGY,TELEPHONES AND COMMUNICATION,REGULAR AIR
188.34,0.04,180.8064,36,-110.16,5.74,285.2264,LOW,OFFICE SUPPLIES,BINDERS AND BINDER ACCESSORIES,REGULAR AIR
32.49,0.08,29.890800000000002,3,-5.05,1.39,33.5508,LOW,OFFICE SUPPLIES,ENVELOPES,REGULAR AIR
50.15,0.09,45.6365,18,-2.39,0.97,47.0565,HIGH,OFFICE SUPPLIES,PENS & ART SUPPLIES,REGULAR AIR
50.7,0.08,46.644000000000005,8,-44.07,7.78,82.934,CRITICAL,OFFICE SUPPLIES,BINDERS AND BINDER ACCESSORIES,REGULAR AIR
3060.37,0.07,2846.1441,40,234.03,4.0,2608.1141,NOT SPECIFIED,TECHNOLOGY,COMPUTER PERIPHERALS,REGULAR AIR
25.31,0.05,24.0445,5,-0.5,0.71,23.8345,NOT SPECIFIED,OFFICE SUPPLIES,PENS & ART SUPPLIES,REGULAR AIR
102.32,0.08,94.1344,15,-32.7,5.74,121.09440000000001,MEDIUM,OFFICE SUPPLIES,PAPER,REGULAR AIR
945.54,0.03,917.1737999999999,48,254.58,5.97,656.6237999999998,LOW,OFFICE SUPPLIES,PAPER,REGULAR AIR
141.56,0.1,127.404,27,-2.85,2.99,127.264,LOW,OFFICE SUPPLIES,BINDERS AND BINDER ACCESSORIES,REGULAR AIR
387.79,0.01,383.9121,50,-56.51,5.83,434.5921,NOT SPECIFIED,OFFICE SUPPLIES,PAPER,REGULAR AIR
843.15,0.0,843.15,16,355.0,5.81,482.34000000000003,CRITICAL,OFFICE SUPPLIES,PAPER,REGULAR AIR
23.38,0.08,21.5096,3,-12.19,5.14,28.559599999999996,CRITICAL,OFFICE SUPPLIES,PAPER,REGULAR AIR
139.37,0.04,133.7952,16,1.72,2.64,129.4352,CRITICAL,OFFICE SUPPLIES,"SCISSORS, RULERS AND TRIMMERS",EXPRESS AIR
1221.62,0.01,1209.4037999999998,18,-468.64,35.0,1643.0438,CRITICAL,OFFICE SUPPLIES,STORAGE & ORGANIZATION,REGULAR AIR
90.06,0.09,81.9546,10,-100.51,8.99,173.4746,CRITICAL,TECHNOLOGY,COMPUTER PERIPHERALS,EXPRESS AIR
59.66,0.05,56.677,35,-33.34,1.57,88.447,HIGH,OFFICE SUPPLIES,PENS & ART SUPPLIES,REGULAR AIR
124.7,0.0,124.7,8,31.94,1.97,90.79,HIGH,OFFICE SUPPLIES,PAPER,REGULAR AIR
382.19,0.03,370.72429999999997,24,11.39,6.75,352.5843,CRITICAL,OFFICE SUPPLIES,APPLIANCES,EXPRESS AIR
727.64,0.01,720.3636,40,27.64,8.51,684.2136,CRITICAL,TECHNOLOGY,OFFICE MACHINES,REGULAR AIR
2564.5775,0.07,2385.0570749999997,25,331.29,7.69,2046.0770749999997,CRITICAL,TECHNOLOGY,TELEPHONES AND COMMUNICATION,REGULAR AIR
2795.004,0.02,2739.10392,16,311.09,8.99,2419.02392,CRITICAL,TECHNOLOGY,TELEPHONES AND COMMUNICATION,REGULAR AIR
3970.33,0.02,3890.9234,27,-229.79,53.48,4067.2334,HIGH,FURNITURE,BOOKCASES,DELIVERY TRUCK
185.69,0.02,181.9762,39,50.16,0.71,131.1062,MEDIUM,OFFICE SUPPLIES,PENS & ART SUPPLIES,REGULAR AIR
1236.64,0.01,1224.2736,43,518.81,1.99,703.4736,MEDIUM,TECHNOLOGY,COMPUTER PERIPHERALS,REGULAR AIR
129.06,0.1,116.154,27,-75.13,4.97,186.314,MEDIUM,OFFICE SUPPLIES,BINDERS AND BINDER ACCESSORIES,REGULAR AIR
6109.817,0.04,5865.42432,48,1374.95,8.08,4482.39432,CRITICAL,TECHNOLOGY,TELEPHONES AND COMMUNICATION,REGULAR AIR
338.52,0.21,267.4308,22,-17.75,8.99,276.19079999999997,CRITICAL,FURNITURE,OFFICE FURNISHINGS,REGULAR AIR
428.723,0.06,402.99962,6,-147.72,1.25,549.46962,HIGH,TECHNOLOGY,TELEPHONES AND COMMUNICATION,REGULAR AIR
55.35,0.0,55.35,18,-56.63,5.0,106.98,LOW,OFFICE SUPPLIES,APPLIANCES,EXPRESS AIR
700.35,0.06,658.3290000000001,27,-123.01,5.89,775.4490000000001,LOW,TECHNOLOGY,COMPUTER PERIPHERALS,REGULAR AIR
36.37,0.07,33.824099999999994,19,-10.26,1.49,42.59409999999999,MEDIUM,OFFICE SUPPLIES,BINDERS AND BINDER ACCESSORIES,REGULAR AIR
187.55,0.1,168.79500000000002,25,-171.41,9.23,330.975,LOW,OFFICE SUPPLIES,APPLIANCES,REGULAR AIR
47.03,0.08,43.2676,4,-12.03,5.03,50.2676,MEDIUM,OFFICE SUPPLIES,PAPER,REGULAR AIR
112.91,0.04,108.39359999999999,16,-72.81,8.4,172.8036,LOW,OFFICE SUPPLIES,PAPER,REGULAR AIR
180.92,0.1,162.82799999999997,22,-82.54,6.14,239.228,LOW,OFFICE SUPPLIES,"SCISSORS, RULERS AND TRIMMERS",REGULAR AIR
31.68,0.04,30.4128,17,-23.69,1.99,52.11280000000001,LOW,TECHNOLOGY,COMPUTER PERIPHERALS,REGULAR AIR
511.83,0.1,460.647,33,-172.88,13.18,620.347,LOW,OFFICE SUPPLIES,BINDERS AND BINDER ACCESSORIES,REGULAR AIR
1673.53,0.0,1673.53,32,524.73,10.17,1138.6299999999999,CRITICAL,TECHNOLOGY,OFFICE MACHINES,REGULAR AIR
7110.24,0.06,6683.625599999999,32,-536.17,69.64,7150.155599999999,CRITICAL,FURNITURE,TABLES,DELIVERY TRUCK
4834.8,0.0,4834.8,32,1193.11,4.99,3636.7000000000007,CRITICAL,TECHNOLOGY,TELEPHONES AND COMMUNICATION,REGULAR AIR
2084.96,0.0,2084.96,13,135.26,43.71,1905.99,HIGH,FURNITURE,CHAIRS & CHAIRMATS,DELIVERY TRUCK
1002.73,0.08,922.5116,17,-563.86,49.0,1437.3716,CRITICAL,OFFICE SUPPLIES,APPLIANCES,REGULAR AIR
1704.58,0.02,1670.4884,43,518.48,4.5,1147.5084,HIGH,OFFICE SUPPLIES,APPLIANCES,REGULAR AIR
6123.48,0.08,5633.6016,44,1232.79,24.49,4376.3216,NOT SPECIFIED,FURNITURE,CHAIRS & CHAIRMATS,REGULAR AIR
196.39,0.07,182.6427,50,82.6,0.5,99.5427,LOW,OFFICE SUPPLIES,LABELS,REGULAR AIR
538.22,0.01,532.8378,48,-154.66,6.5,680.9978,CRITICAL,TECHNOLOGY,COMPUTER PERIPHERALS,REGULAR AIR
643.53,0.05,611.3534999999999,32,175.97,5.77,429.61349999999993,MEDIUM,OFFICE SUPPLIES,PAPER,REGULAR AIR
1217.77,0.01,1205.5923,27,283.14,6.22,916.2323,MEDIUM,OFFICE SUPPLIES,STORAGE & ORGANIZATION,REGULAR AIR
800.39,0.06,752.3666,34,270.29,2.99,479.0865999999999,CRITICAL,OFFICE SUPPLIES,BINDERS AND BINDER ACCESSORIES,REGULAR AIR
271.27,0.05,257.7065,7,71.31,13.99,172.4065,MEDIUM,FURNITURE,OFFICE FURNISHINGS,REGULAR AIR
2980.15,0.05,2831.1425,43,-865.98,37.58,3659.5425,MEDIUM,FURNITURE,OFFICE FURNISHINGS,EXPRESS AIR
476.04,0.01,471.2796,23,57.25,9.54,404.4896,MEDIUM,OFFICE SUPPLIES,PAPER,REGULAR AIR
53.34,0.04,51.2064,32,-4.68,0.7,55.1864,HIGH,FURNITURE,OFFICE FURNISHINGS,REGULAR AIR
4483.92,0.07,4170.0456,31,174.61,6.5,3988.9356000000002,LOW,TECHNOLOGY,COMPUTER PERIPHERALS,REGULAR AIR
1064.23,0.06,1000.3762,11,-127.56,19.99,1107.9462,HIGH,TECHNOLOGY,COMPUTER PERIPHERALS,REGULAR AIR
50.42,0.06,47.394800000000004,10,7.25,1.49,38.6548,MEDIUM,OFFICE SUPPLIES,BINDERS AND BINDER ACCESSORIES,REGULAR AIR
2980.372,0.02,2920.7645599999996,19,494.63,8.99,2417.1445599999997,MEDIUM,TECHNOLOGY,TELEPHONES AND COMMUNICATION,REGULAR AIR
154.0,0.08,141.68,35,-7.08,1.93,146.83,NOT SPECIFIED,OFFICE SUPPLIES,PENS & ART SUPPLIES,REGULAR AIR
2946.05,0.06,2769.2870000000003,29,-690.21,41.64,3417.8570000000004,MEDIUM,FURNITURE,TABLES,DELIVERY TRUCK
183.33,0.05,174.1635,30,-106.54,4.38,276.3235,MEDIUM,TECHNOLOGY,COMPUTER PERIPHERALS,REGULAR AIR
88.06,0.04,84.5376,12,-69.05,9.68,143.9076,MEDIUM,FURNITURE,OFFICE FURNISHINGS,REGULAR AIR
3337.5165,0.07,3103.8903450000003,35,850.54,2.5,2250.8503450000003,NOT SPECIFIED,TECHNOLOGY,TELEPHONES AND COMMUNICATION,REGULAR AIR
2679.1235,0.01,2652.332265,47,47.28,19.99,2585.062265,NOT SPECIFIED,TECHNOLOGY,TELEPHONES AND COMMUNICATION,REGULAR AIR
1018.402,0.09,926.7458200000001,35,296.87,5.99,623.8858200000001,NOT SPECIFIED,TECHNOLOGY,TELEPHONES AND COMMUNICATION,REGULAR AIR
2365.43,0.04,2270.8127999999997,16,619.71,13.99,1637.1127999999999,NOT SPECIFIED,TECHNOLOGY,OFFICE MACHINES,REGULAR AIR
16.91,0.08,15.5572,4,0.21,0.5,14.847199999999999,LOW,OFFICE SUPPLIES,LABELS,REGULAR AIR
464.66,0.04,446.0736,8,219.02,14.83,212.2236,LOW,FURNITURE,OFFICE FURNISHINGS,REGULAR AIR
3497.05,0.0,3497.05,18,282.18,19.99,3194.8800000000006,HIGH,OFFICE SUPPLIES,STORAGE & ORGANIZATION,REGULAR AIR
37.73,0.06,35.4662,4,-13.72,3.5,45.6862,HIGH,OFFICE SUPPLIES,APPLIANCES,REGULAR AIR
519.69,0.02,509.29620000000006,5,-122.09,7.18,624.2062000000001,HIGH,TECHNOLOGY,COMPUTER PERIPHERALS,EXPRESS AIR
29.24,0.01,28.947599999999998,4,-1.73,1.6,29.077599999999997,MEDIUM,OFFICE SUPPLIES,PAPER,REGULAR AIR
846.85,0.03,821.4445000000001,31,-25.98,4.0,843.4245000000001,CRITICAL,TECHNOLOGY,COMPUTER PERIPHERALS,REGULAR AIR
177.41,0.05,168.5395,29,-116.05,7.64,276.9495,NOT SPECIFIED,OFFICE SUPPLIES,PAPER,EXPRESS AIR
730.51,0.08,672.0692,29,217.57,5.58,448.9192,LOW,FURNITURE,OFFICE FURNISHINGS,REGULAR AIR
33.11,0.08,30.461199999999998,13,-35.96,4.57,61.8512,CRITICAL,FURNITURE,OFFICE FURNISHINGS,REGULAR AIR
204.15,0.07,189.8595,48,-155.53,5.41,339.97950000000003,CRITICAL,OFFICE SUPPLIES,BINDERS AND BINDER ACCESSORIES,REGULAR AIR
2010.89,0.09,1829.9099,34,564.07,11.55,1254.2899000000002,MEDIUM,OFFICE SUPPLIES,BINDERS AND BINDER ACCESSORIES,REGULAR AIR
389.28,0.1,350.352,48,-37.43,3.5,384.282,NOT SPECIFIED,OFFICE SUPPLIES,APPLIANCES,REGULAR AIR
774.0525,0.08,712.1283,44,-96.34,3.3,805.1683,HIGH,TECHNOLOGY,TELEPHONES AND COMMUNICATION,EXPRESS AIR
1244.72,0.04,1194.9312,12,269.94,7.18,917.8111999999999,LOW,TECHNOLOGY,COMPUTER PERIPHERALS,REGULAR AIR
137.5,0.07,127.875,27,-64.24,4.95,187.165,CRITICAL,OFFICE SUPPLIES,BINDERS AND BINDER ACCESSORIES,REGULAR AIR
452.15,0.06,425.02099999999996,42,25.79,3.37,395.86099999999993,CRITICAL,OFFICE SUPPLIES,"SCISSORS, RULERS AND TRIMMERS",EXPRESS AIR
112.05,0.04,107.568,28,26.21,1.3,80.05799999999999,HIGH,OFFICE SUPPLIES,PAPER,REGULAR AIR
78.22,0.03,75.8734,26,32.5,0.5,42.873400000000004,LOW,OFFICE SUPPLIES,LABELS,REGULAR AIR
51.65,0.1,46.485,10,-32.13,5.49,73.125,LOW,OFFICE SUPPLIES,PAPER,REGULAR AIR
823.98,0.09,749.8218,34,129.81,4.08,615.9318000000001,LOW,OFFICE SUPPLIES,PENS & ART SUPPLIES,REGULAR AIR
1390.17,0.07,1292.8581000000001,13,-469.84,35.0,1727.6981,NOT SPECIFIED,OFFICE SUPPLIES,STORAGE & ORGANIZATION,REGULAR AIR
74.05,0.02,72.569,3,44.54,11.17,16.859,LOW,FURNITURE,OFFICE FURNISHINGS,REGULAR AIR
812.06,0.0,812.06,19,220.07,10.55,581.44,MEDIUM,FURNITURE,CHAIRS & CHAIRMATS,REGULAR AIR
104.27,0.03,101.14189999999999,8,-23.61,5.81,118.94189999999999,MEDIUM,OFFICE SUPPLIES,PENS & ART SUPPLIES,REGULAR AIR
3922.96,0.04,3766.0416,38,863.57,19.99,2882.4816,LOW,TECHNOLOGY,COMPUTER PERIPHERALS,REGULAR AIR
261.16,0.07,242.8788,39,-220.3,9.68,453.4988,NOT SPECIFIED,FURNITURE,BOOKCASES,REGULAR AIR
155.22,0.07,144.3546,47,23.34,1.35,119.66460000000001,NOT SPECIFIED,FURNITURE,CHAIRS & CHAIRMATS,REGULAR AIR
1236.954,0.06,1162.73676,23,119.89,4.2,1038.6467599999999,NOT SPECIFIED,TECHNOLOGY,TELEPHONES AND COMMUNICATION,REGULAR AIR
857.84,0.02,840.6832,39,-309.43,11.52,1138.5932,HIGH,OFFICE SUPPLIES,STORAGE & ORGANIZATION,REGULAR AIR
1072.36,0.04,1029.4656,36,440.48,4.86,584.1256000000001,HIGH,OFFICE SUPPLIES,PAPER,REGULAR AIR
2070.68,0.03,2008.5595999999998,14,-281.67,4.0,2286.2295999999997,LOW,TECHNOLOGY,COMPUTER PERIPHERALS,REGULAR AIR
764.13,0.09,695.3583,15,276.98,4.86,413.51829999999995,LOW,OFFICE SUPPLIES,PAPER,REGULAR AIR
64.34,0.09,58.549400000000006,11,-8.37,2.27,64.6494,LOW,OFFICE SUPPLIES,PENS & ART SUPPLIES,REGULAR AIR
693.02,0.07,644.5086,10,97.36,3.5,543.6486,LOW,OFFICE SUPPLIES,APPLIANCES,REGULAR AIR
201.14,0.08,185.04879999999997,37,-51.25,3.37,232.92879999999997,NOT SPECIFIED,OFFICE SUPPLIES,RUBBER BANDS,REGULAR AIR
48.26,0.09,43.916599999999995,9,2.76,2.04,39.1166,HIGH,OFFICE SUPPLIES,PAPER,EXPRESS AIR
43.61,0.04,41.8656,5,22.85,4.0,15.0156,NOT SPECIFIED,FURNITURE,OFFICE FURNISHINGS,EXPRESS AIR
343.05,0.05,325.89750000000004,39,98.86,2.15,224.88750000000005,NOT SPECIFIED,OFFICE SUPPLIES,PAPER,REGULAR AIR
44.63,0.1,40.167,7,-21.19,5.67,55.687,NOT SPECIFIED,OFFICE SUPPLIES,PAPER,REGULAR AIR
5442.142,0.0,5442.142,34,1640.3,4.99,3796.852,MEDIUM,TECHNOLOGY,TELEPHONES AND COMMUNICATION,REGULAR AIR
1042.96,0.04,1001.2416000000001,6,163.8,19.99,817.4516000000001,CRITICAL,OFFICE SUPPLIES,BINDERS AND BINDER ACCESSORIES,REGULAR AIR
105.45,0.06,99.123,30,-173.36,7.49,264.99300000000005,MEDIUM,OFFICE SUPPLIES,PENS & ART SUPPLIES,REGULAR AIR
451.09,0.1,405.981,12,61.27,9.83,334.88100000000003,HIGH,OFFICE SUPPLIES,ENVELOPES,EXPRESS AIR
55.33,0.0,55.33,10,13.38,0.71,41.239999999999995,MEDIUM,OFFICE SUPPLIES,PENS & ART SUPPLIES,EXPRESS AIR
2773.71,0.02,2718.2358,32,1097.25,5.5,1615.4858,CRITICAL,TECHNOLOGY,COMPUTER PERIPHERALS,EXPRESS AIR
113.89,0.02,111.6122,9,-52.25,8.99,154.87220000000002,CRITICAL,OFFICE SUPPLIES,PENS & ART SUPPLIES,REGULAR AIR
83.3,0.09,75.803,5,-114.91,2.5,188.213,MEDIUM,TECHNOLOGY,TELEPHONES AND COMMUNICATION,REGULAR AIR
3005.74,0.02,2945.6252,48,1053.21,3.99,1888.4252000000001,LOW,OFFICE SUPPLIES,APPLIANCES,EXPRESS AIR
2209.5155,0.06,2076.94457,41,458.62,5.31,1613.0145700000003,LOW,TECHNOLOGY,TELEPHONES AND COMMUNICATION,REGULAR AIR
670.02,0.07,623.1186,34,278.58,1.49,343.0486,HIGH,OFFICE SUPPLIES,BINDERS AND BINDER ACCESSORIES,REGULAR AIR
2631.107,0.0,2631.107,16,297.11,13.99,2320.007,MEDIUM,TECHNOLOGY,TELEPHONES AND COMMUNICATION,REGULAR AIR
523.56,0.01,518.3244,24,43.87,8.99,465.46439999999996,CRITICAL,FURNITURE,OFFICE FURNISHINGS,REGULAR AIR
112.63,0.08,103.61959999999999,43,-201.6,6.35,298.8696,CRITICAL,OFFICE SUPPLIES,ENVELOPES,REGULAR AIR
3421.88,0.0,3421.88,44,443.52,4.0,2974.36,CRITICAL,TECHNOLOGY,COMPUTER PERIPHERALS,REGULAR AIR
197.93,0.06,186.0542,32,-57.64,5.46,238.2342,CRITICAL,OFFICE SUPPLIES,PAPER,REGULAR AIR
90.58,0.06,85.1452,7,-27.83,6.27,106.7052,CRITICAL,OFFICE SUPPLIES,STORAGE & ORGANIZATION,REGULAR AIR
2376.7105,0.01,2352.9433950000002,40,721.81,3.99,1627.1433950000005,LOW,TECHNOLOGY,TELEPHONES AND COMMUNICATION,REGULAR AIR
4856.1,0.01,4807.539000000001,32,1096.64,17.85,3693.049,NOT SPECIFIED,TECHNOLOGY,OFFICE MACHINES,DELIVERY TRUCK
208.83,0.0,208.83,28,-60.15,6.05,262.93,MEDIUM,OFFICE SUPPLIES,BINDERS AND BINDER ACCESSORIES,REGULAR AIR
209.42,0.1,188.47799999999998,32,65.41,1.72,121.34799999999998,CRITICAL,OFFICE SUPPLIES,PAPER,REGULAR AIR
228.3,0.01,226.01700000000002,41,-111.72,4.62,333.117,MEDIUM,TECHNOLOGY,COMPUTER PERIPHERALS,EXPRESS AIR
514.53,0.04,493.94879999999995,21,149.31,6.71,337.92879999999997,LOW,OFFICE SUPPLIES,ENVELOPES,REGULAR AIR
748.84,0.09,681.4444000000001,14,286.7,4.86,389.8844000000001,LOW,OFFICE SUPPLIES,PAPER,REGULAR AIR
1497.93,0.05,1423.0335,9,35.31,19.99,1367.7335,LOW,OFFICE SUPPLIES,STORAGE & ORGANIZATION,REGULAR AIR
156.66,0.07,145.6938,23,-33.15,5.2,173.64380000000003,LOW,OFFICE SUPPLIES,PAPER,REGULAR AIR
479.84,0.02,470.2432,34,5.71,5.5,459.0332,NOT SPECIFIED,OFFICE SUPPLIES,STORAGE & ORGANIZATION,REGULAR AIR
833.9265,0.08,767.21238,16,-39.22,3.99,802.4423800000001,NOT SPECIFIED,TECHNOLOGY,TELEPHONES AND COMMUNICATION,REGULAR AIR
182.64,0.08,168.0288,6,-99.24,6.5,260.7688,NOT SPECIFIED,TECHNOLOGY,COMPUTER PERIPHERALS,REGULAR AIR
736.17,0.01,728.8082999999999,21,232.99,1.99,493.8282999999999,NOT SPECIFIED,TECHNOLOGY,COMPUTER PERIPHERALS,REGULAR AIR
2820.6995,0.03,2736.078515,29,601.34,8.99,2125.748515,CRITICAL,TECHNOLOGY,TELEPHONES AND COMMUNICATION,REGULAR AIR
78.08,0.08,71.8336,43,1.74,0.75,69.34360000000001,CRITICAL,FURNITURE,CHAIRS & CHAIRMATS,REGULAR AIR
240.3,0.08,221.07600000000002,49,-139.16,5.68,354.55600000000004,CRITICAL,FURNITURE,TABLES,REGULAR AIR
653.54,0.06,614.3276,29,-1358.9,53.03,1920.1976,CRITICAL,FURNITURE,CHAIRS & CHAIRMATS,DELIVERY TRUCK
184.99,0.05,175.7405,38,-144.55,4.93,315.3605,LOW,TECHNOLOGY,COMPUTER PERIPHERALS,REGULAR AIR
137.02,0.01,135.6498,19,-46.89,6.6,175.9398,CRITICAL,OFFICE SUPPLIES,PAPER,REGULAR AIR
324.4,0.1,291.96,32,-46.98,4.5,334.44,CRITICAL,OFFICE SUPPLIES,APPLIANCES,REGULAR AIR
2750.107,0.04,2640.10272,25,667.45,5.26,1967.3927199999996,CRITICAL,TECHNOLOGY,TELEPHONES AND COMMUNICATION,REGULAR AIR
12635.75,0.07,11751.2475,48,-335.24,35.0,12051.4875,CRITICAL,FURNITURE,OFFICE FURNISHINGS,REGULAR AIR
106.04,0.09,96.49640000000001,25,16.9,1.49,78.10640000000001,MEDIUM,OFFICE SUPPLIES,BINDERS AND BINDER ACCESSORIES,REGULAR AIR
452.93,0.07,421.2249,45,20.14,5.76,395.3249,MEDIUM,OFFICE SUPPLIES,ENVELOPES,EXPRESS AIR
101.52,0.02,99.4896,6,-16.37,5.41,110.4496,MEDIUM,OFFICE SUPPLIES,STORAGE & ORGANIZATION,REGULAR AIR
294.48,0.08,270.9216,37,-64.24,3.62,331.5416,NOT SPECIFIED,TECHNOLOGY,COMPUTER PERIPHERALS,REGULAR AIR
88.84,0.02,87.06320000000001,16,-46.92,6.07,127.9132,LOW,OFFICE SUPPLIES,PAPER,REGULAR AIR
61.4,0.04,58.943999999999996,26,-92.11,5.33,145.724,HIGH,FURNITURE,OFFICE FURNISHINGS,REGULAR AIR
362.71,0.07,337.3203,48,-88.95,6.16,420.11029999999994,HIGH,OFFICE SUPPLIES,BINDERS AND BINDER ACCESSORIES,REGULAR AIR
2077.1875,0.05,1973.328125,12,-38.07,4.2,2007.198125,HIGH,TECHNOLOGY,TELEPHONES AND COMMUNICATION,EXPRESS AIR
700.95,0.0,700.95,14,233.8,5.1,462.05,MEDIUM,OFFICE SUPPLIES,APPLIANCES,REGULAR AIR
159.74,0.08,146.9608,41,-9.14,2.5,153.6008,MEDIUM,OFFICE SUPPLIES,ENVELOPES,EXPRESS AIR
13608.83,0.1,12247.947,50,1342.93,64.73,10840.287,MEDIUM,FURNITURE,CHAIRS & CHAIRMATS,DELIVERY TRUCK
89.32,0.01,88.4268,25,33.46,0.7,54.266799999999996,MEDIUM,OFFICE SUPPLIES,RUBBER BANDS,REGULAR AIR
23.93,0.1,21.537,3,-6.39,0.96,26.967,LOW,FURNITURE,OFFICE FURNISHINGS,REGULAR AIR
2027.55,0.04,1946.4479999999999,14,537.4,13.99,1395.058,LOW,TECHNOLOGY,OFFICE MACHINES,REGULAR AIR
5307.5,0.09,4829.825,27,1116.67,23.76,3689.3949999999995,CRITICAL,FURNITURE,CHAIRS & CHAIRMATS,DELIVERY TRUCK
278.19,0.02,272.6262,32,149.39,0.96,122.27620000000002,MEDIUM,FURNITURE,OFFICE FURNISHINGS,REGULAR AIR
254.46,0.09,231.5586,32,23.5,1.99,206.0686,MEDIUM,TECHNOLOGY,COMPUTER PERIPHERALS,REGULAR AIR
1662.33,0.02,1629.0834,32,783.84,5.81,839.4334,MEDIUM,OFFICE SUPPLIES,PAPER,REGULAR AIR
425.91,0.02,417.39180000000005,38,55.06,5.03,357.30180000000007,LOW,OFFICE SUPPLIES,PAPER,REGULAR AIR
68.53,0.09,62.362300000000005,21,-59.97,3.97,118.3623,LOW,OFFICE SUPPLIES,PENS & ART SUPPLIES,REGULAR AIR
4805.92,0.07,4469.5056,34,-393.96,36.09,4827.3756,CRITICAL,FURNITURE,BOOKCASES,DELIVERY TRUCK
4215.83,0.02,4131.5134,39,972.19,8.99,3150.3334,LOW,TECHNOLOGY,TELEPHONES AND COMMUNICATION,REGULAR AIR
1610.26,0.06,1513.6444,25,122.42,6.88,1384.3443999999997,MEDIUM,OFFICE SUPPLIES,STORAGE & ORGANIZATION,REGULAR AIR
505.2,0.05,479.94,12,78.98,5.33,395.63,CRITICAL,OFFICE SUPPLIES,APPLIANCES,REGULAR AIR
562.91,0.1,506.61899999999997,46,-560.29,14.37,1052.539,CRITICAL,FURNITURE,OFFICE FURNISHINGS,REGULAR AIR
200.1,0.04,192.096,42,3.02,0.7,188.376,LOW,OFFICE SUPPLIES,RUBBER BANDS,REGULAR AIR
120.54,0.06,113.30760000000001,28,6.52,2.26,104.5276,LOW,OFFICE SUPPLIES,PAPER,REGULAR AIR
1132.6,0.01,1121.274,11,-310.21,35.0,1396.484,NOT SPECIFIED,OFFICE SUPPLIES,STORAGE & ORGANIZATION,REGULAR AIR
28.01,0.09,25.4891,6,3.46,0.49,21.5391,MEDIUM,OFFICE SUPPLIES,LABELS,REGULAR AIR
759.94,0.09,691.5454000000001,13,-226.45,32.41,885.5854000000002,HIGH,FURNITURE,CHAIRS & CHAIRMATS,DELIVERY TRUCK
163.14,0.09,148.45739999999998,24,-62.2,6.18,204.4774,NOT SPECIFIED,OFFICE SUPPLIES,PAPER,REGULAR AIR
771.783,0.08,710.04036,7,-449.53,4.2,1155.37036,CRITICAL,TECHNOLOGY,TELEPHONES AND COMMUNICATION,REGULAR AIR
6111.1685,0.06,5744.49839,41,1663.08,4.99,4076.42839,NOT SPECIFIED,TECHNOLOGY,TELEPHONES AND COMMUNICATION,REGULAR AIR
113.71,0.07,105.7503,44,41.7,0.5,63.55029999999999,NOT SPECIFIED,OFFICE SUPPLIES,LABELS,REGULAR AIR
695.47,0.03,674.6059,30,226.73,1.99,445.8859,HIGH,TECHNOLOGY,COMPUTER PERIPHERALS,REGULAR AIR
152.59,0.02,149.53820000000002,41,55.48,0.71,93.34820000000002,HIGH,OFFICE SUPPLIES,RUBBER BANDS,REGULAR AIR
575.569,0.04,552.54624,10,-86.52,5.63,633.43624,HIGH,TECHNOLOGY,TELEPHONES AND COMMUNICATION,REGULAR AIR
365.62,0.03,354.6514,10,15.77,8.22,330.6614,HIGH,OFFICE SUPPLIES,STORAGE & ORGANIZATION,REGULAR AIR
29.42,0.06,27.6548,4,14.43,0.5,12.724800000000002,LOW,OFFICE SUPPLIES,LABELS,EXPRESS AIR
46.48,0.01,46.0152,9,-1.82,1.93,45.9052,LOW,OFFICE SUPPLIES,PENS & ART SUPPLIES,REGULAR AIR
9.25,0.01,9.1575,2,-4.21,0.99,12.377500000000001,LOW,OFFICE SUPPLIES,LABELS,REGULAR AIR
58.53,0.07,54.432900000000004,47,-24.86,0.7,78.5929,CRITICAL,OFFICE SUPPLIES,RUBBER BANDS,REGULAR AIR
573.89,0.09,522.2399,41,-121.44,7.69,635.9899,LOW,OFFICE SUPPLIES,STORAGE & ORGANIZATION,EXPRESS AIR
1262.72,0.01,1250.0928000000001,50,490.28,2.99,756.8228000000001,NOT SPECIFIED,OFFICE SUPPLIES,BINDERS AND BINDER ACCESSORIES,REGULAR AIR
524.19,0.0,524.19,31,-135.46,8.99,650.6600000000001,NOT SPECIFIED,TECHNOLOGY,COMPUTER PERIPHERALS,REGULAR AIR
1143.88,0.04,1098.1248,15,-88.7,4.0,1182.8248,NOT SPECIFIED,TECHNOLOGY,COMPUTER PERIPHERALS,REGULAR AIR
72.63,0.07,67.54589999999999,3,-26.94,5.53,88.95589999999999,HIGH,OFFICE SUPPLIES,PENS & ART SUPPLIES,EXPRESS AIR
118.56,0.06,111.4464,22,-63.38,5.68,169.1464,CRITICAL,OFFICE SUPPLIES,BINDERS AND BINDER ACCESSORIES,EXPRESS AIR
2145.05,0.07,1994.8965,45,1012.67,5.86,976.3665000000002,CRITICAL,OFFICE SUPPLIES,PAPER,EXPRESS AIR
118.18,0.06,111.0892,27,-133.62,6.89,237.81920000000002,HIGH,OFFICE SUPPLIES,APPLIANCES,REGULAR AIR
290.3,0.07,269.979,39,25.16,4.0,240.819,LOW,FURNITURE,OFFICE FURNISHINGS,REGULAR AIR
434.11,0.02,425.4278,37,24.85,5.63,394.9478,LOW,OFFICE SUPPLIES,BINDERS AND BINDER ACCESSORIES,REGULAR AIR
288.9,0.02,283.12199999999996,42,96.34,1.6,185.18199999999993,LOW,OFFICE SUPPLIES,PAPER,REGULAR AIR
157.79,0.09,143.5889,31,-95.92,6.07,233.4389,CRITICAL,OFFICE SUPPLIES,PAPER,REGULAR AIR
133.69,0.08,122.9948,23,-92.23,7.15,208.07479999999998,NOT SPECIFIED,OFFICE SUPPLIES,PAPER,REGULAR AIR
33.96,0.0,33.96,18,0.1,0.7,33.16,CRITICAL,OFFICE SUPPLIES,PENS & ART SUPPLIES,REGULAR AIR
5181.08,0.01,5129.2692,45,-1623.6,58.72,6694.1492,MEDIUM,FURNITURE,BOOKCASES,DELIVERY TRUCK
1679.04,0.01,1662.2495999999999,38,324.47,14.45,1323.3295999999998,MEDIUM,FURNITURE,OFFICE FURNISHINGS,REGULAR AIR
1102.28,0.03,1069.2116,44,389.61,6.71,672.8916,NOT SPECIFIED,OFFICE SUPPLIES,ENVELOPES,REGULAR AIR
866.66,0.09,788.6605999999999,10,35.29,14.0,739.3706,LOW,TECHNOLOGY,OFFICE MACHINES,DELIVERY TRUCK
109.7,0.03,106.409,16,-106.77,10.39,202.789,HIGH,OFFICE SUPPLIES,PAPER,REGULAR AIR
376.21,0.03,364.9237,19,89.56,5.23,270.1337,NOT SPECIFIED,OFFICE SUPPLIES,BINDERS AND BINDER ACCESSORIES,REGULAR AIR
80.89,0.03,78.4633,26,23.37,0.81,54.2833,HIGH,OFFICE SUPPLIES,PENS & ART SUPPLIES,REGULAR AIR
1497.3175,0.01,1482.344325,48,836.51,0.99,644.844325,MEDIUM,TECHNOLOGY,TELEPHONES AND COMMUNICATION,REGULAR AIR
1154.14,0.07,1073.3502,35,-36.0,5.5,1103.8502,NOT SPECIFIED,TECHNOLOGY,COMPUTER PERIPHERALS,REGULAR AIR
223.82,0.09,203.6762,37,-249.11,10.39,442.3962,NOT SPECIFIED,OFFICE SUPPLIES,PAPER,REGULAR AIR
122.09,0.1,109.881,25,14.11,2.04,93.731,NOT SPECIFIED,OFFICE SUPPLIES,PAPER,REGULAR AIR
6121.1985,0.08,5631.50262,38,1312.34,2.5,4316.66262,NOT SPECIFIED,TECHNOLOGY,TELEPHONES AND COMMUNICATION,REGULAR AIR
614.34,0.02,602.0532000000001,44,-171.7,9.37,764.3832,HIGH,OFFICE SUPPLIES,STORAGE & ORGANIZATION,REGULAR AIR
278.902,0.04,267.74592,39,-104.47,5.03,367.18592,HIGH,TECHNOLOGY,TELEPHONES AND COMMUNICATION,EXPRESS AIR
356.4645,0.01,352.899855,19,-9.11,4.81,357.199855,CRITICAL,TECHNOLOGY,TELEPHONES AND COMMUNICATION,REGULAR AIR
71.77,0.03,69.6169,19,22.71,0.71,46.19690000000001,CRITICAL,OFFICE SUPPLIES,RUBBER BANDS,REGULAR AIR
480.43,0.06,451.6042,31,50.59,8.99,392.02419999999995,LOW,FURNITURE,OFFICE FURNISHINGS,REGULAR AIR
1601.24,0.08,1473.1408000000001,37,520.69,5.1,947.3508000000002,CRITICAL,OFFICE SUPPLIES,APPLIANCES,REGULAR AIR
217.14,0.0,217.14,31,-62.97,6.22,273.89,NOT SPECIFIED,OFFICE SUPPLIES,PAPER,REGULAR AIR
426.7,0.06,401.098,22,104.77,4.1,292.228,NOT SPECIFIED,OFFICE SUPPLIES,PENS & ART SUPPLIES,REGULAR AIR
659.13,0.09,599.8083,19,187.57,6.66,405.57830000000007,HIGH,OFFICE SUPPLIES,ENVELOPES,REGULAR AIR
222.2,0.03,215.534,9,-40.25,15.1,240.684,LOW,OFFICE SUPPLIES,BINDERS AND BINDER ACCESSORIES,REGULAR AIR
39.9,0.02,39.102,5,-37.8,9.92,66.982,LOW,OFFICE SUPPLIES,BINDERS AND BINDER ACCESSORIES,REGULAR AIR
16.82,0.08,15.4744,4,-5.54,1.17,19.8444,NOT SPECIFIED,OFFICE SUPPLIES,PENS & ART SUPPLIES,REGULAR AIR
652.24,0.02,639.1952,27,185.04,8.99,445.1652,NOT SPECIFIED,FURNITURE,OFFICE FURNISHINGS,REGULAR AIR
1276.04,0.02,1250.5192,31,554.95,5.86,689.7092,NOT SPECIFIED,OFFICE SUPPLIES,PAPER,REGULAR AIR
2894.68,0.02,2836.7864,40,-1754.39,69.0,4522.1764,NOT SPECIFIED,FURNITURE,TABLES,REGULAR AIR
611.68,0.05,581.096,15,134.75,10.55,435.79600000000005,CRITICAL,OFFICE SUPPLIES,BINDERS AND BINDER ACCESSORIES,REGULAR AIR
501.31,0.05,476.2445,40,38.23,3.14,434.8745,CRITICAL,OFFICE SUPPLIES,"SCISSORS, RULERS AND TRIMMERS",REGULAR AIR
3644.6,0.05,3462.37,46,-1144.67,35.0,4572.04,CRITICAL,OFFICE SUPPLIES,STORAGE & ORGANIZATION,REGULAR AIR
117.91,0.05,112.0145,34,29.27,1.09,81.6545,CRITICAL,OFFICE SUPPLIES,PAPER,REGULAR AIR
3491.613,0.05,3317.03235,33,717.7,5.63,2593.7023499999996,CRITICAL,TECHNOLOGY,TELEPHONES AND COMMUNICATION,REGULAR AIR
176.24,0.02,172.7152,15,9.85,3.37,159.4952,NOT SPECIFIED,OFFICE SUPPLIES,"SCISSORS, RULERS AND TRIMMERS",EXPRESS AIR
291.16,0.01,288.2484,41,-89.47,6.57,371.14840000000004,MEDIUM,OFFICE SUPPLIES,PAPER,EXPRESS AIR
1138.43,0.01,1127.0457000000001,37,18.59,4.0,1104.4557000000002,HIGH,TECHNOLOGY,COMPUTER PERIPHERALS,REGULAR AIR
5271.0455,0.08,4849.36186,50,1379.76,7.69,3461.91186,HIGH,TECHNOLOGY,TELEPHONES AND COMMUNICATION,REGULAR AIR
2463.6,0.03,2389.692,43,1040.65,10.75,1338.292,NOT SPECIFIED,OFFICE SUPPLIES,PAPER,REGULAR AIR
3549.9,0.06,3336.906,16,44.8,64.2,3227.906,LOW,FURNITURE,CHAIRS & CHAIRMATS,DELIVERY TRUCK
138.24,0.03,134.0928,8,-60.04,7.04,187.0928,LOW,OFFICE SUPPLIES,STORAGE & ORGANIZATION,REGULAR AIR
634.12,0.04,608.7552000000001,44,-21.65,6.75,623.6552,MEDIUM,OFFICE SUPPLIES,APPLIANCES,REGULAR AIR
886.89,0.03,860.2832999999999,16,-23.83,8.99,875.1233,MEDIUM,TECHNOLOGY,TELEPHONES AND COMMUNICATION,REGULAR AIR
24.96,0.05,23.712,2,-12.8,2.99,33.522000000000006,NOT SPECIFIED,OFFICE SUPPLIES,BINDERS AND BINDER ACCESSORIES,REGULAR AIR
196.84,0.04,188.9664,32,-69.29,5.79,252.46640000000002,MEDIUM,OFFICE SUPPLIES,PAPER,REGULAR AIR
1379.98,0.06,1297.1812,12,-151.73,30.0,1418.9112,MEDIUM,FURNITURE,CHAIRS & CHAIRMATS,DELIVERY TRUCK
295.12,0.0,295.12,41,-151.93,8.19,438.86,NOT SPECIFIED,OFFICE SUPPLIES,PAPER,REGULAR AIR
131.72,0.09,119.8652,16,-42.61,3.62,158.8552,HIGH,TECHNOLOGY,COMPUTER PERIPHERALS,REGULAR AIR
3500.1,0.01,3465.0989999999997,45,-2661.32,89.3,6037.119,HIGH,FURNITURE,TABLES,DELIVERY TRUCK
196.12,0.01,194.1588,9,4.41,1.99,187.7588,LOW,TECHNOLOGY,COMPUTER PERIPHERALS,EXPRESS AIR
792.21,0.05,752.5995,43,42.24,9.54,700.8195000000001,CRITICAL,OFFICE SUPPLIES,PAPER,REGULAR AIR
214.64,0.08,197.4688,34,-76.88,5.86,268.48879999999997,MEDIUM,OFFICE SUPPLIES,PAPER,REGULAR AIR
253.38,0.0,253.38,17,-35.78,7.59,281.57,MEDIUM,OFFICE SUPPLIES,"SCISSORS, RULERS AND TRIMMERS",EXPRESS AIR
431.37,0.03,418.4289,28,-28.67,9.73,437.3689,HIGH,OFFICE SUPPLIES,BINDERS AND BINDER ACCESSORIES,REGULAR AIR
80.9,0.09,73.619,30,5.76,0.7,67.15899999999999,HIGH,OFFICE SUPPLIES,PENS & ART SUPPLIES,REGULAR AIR
166.76,0.01,165.0924,31,-46.03,4.75,206.3724,HIGH,OFFICE SUPPLIES,PAPER,REGULAR AIR
262.31,0.04,251.8176,23,27.55,5.25,219.0176,HIGH,OFFICE SUPPLIES,ENVELOPES,EXPRESS AIR
514.03,0.05,488.32849999999996,45,82.19,5.01,401.1285,HIGH,OFFICE SUPPLIES,PAPER,REGULAR AIR
1696.7,0.04,1628.832,9,-82.81,23.58,1688.0620000000001,HIGH,FURNITURE,BOOKCASES,DELIVERY TRUCK
93.02,0.07,86.5086,18,20.01,2.03,64.4686,HIGH,FURNITURE,OFFICE FURNISHINGS,REGULAR AIR
639.84,0.03,620.6448,42,-95.76,4.53,711.8748,HIGH,OFFICE SUPPLIES,STORAGE & ORGANIZATION,REGULAR AIR
3653.22,0.09,3324.4302,22,-116.02,30.0,3410.4501999999998,LOW,FURNITURE,CHAIRS & CHAIRMATS,DELIVERY TRUCK
413.12,0.1,371.808,31,-10.22,7.27,374.75800000000004,HIGH,OFFICE SUPPLIES,BINDERS AND BINDER ACCESSORIES,EXPRESS AIR
141.59,0.05,134.5105,2,-91.09,3.5,222.1005,LOW,OFFICE SUPPLIES,APPLIANCES,REGULAR AIR
2465.5015,0.06,2317.57141,14,13.01,8.99,2295.57141,LOW,TECHNOLOGY,TELEPHONES AND COMMUNICATION,REGULAR AIR
236.89,0.0,236.89,42,-125.29,6.26,355.92,LOW,OFFICE SUPPLIES,PAPER,REGULAR AIR
162.16,0.05,154.052,49,24.95,1.35,127.752,LOW,OFFICE SUPPLIES,RUBBER BANDS,REGULAR AIR
367.11,0.09,334.0701,14,116.8,1.49,215.7801,HIGH,OFFICE SUPPLIES,BINDERS AND BINDER ACCESSORIES,REGULAR AIR
126.79,0.04,121.7184,10,-16.38,4.98,133.1184,MEDIUM,OFFICE SUPPLIES,APPLIANCES,REGULAR AIR
1770.2015,0.08,1628.58538,11,-165.95,4.2,1790.33538,MEDIUM,TECHNOLOGY,TELEPHONES AND COMMUNICATION,REGULAR AIR
1196.86,0.06,1125.0484,23,-12.51,6.5,1131.0584,NOT SPECIFIED,TECHNOLOGY,COMPUTER PERIPHERALS,REGULAR AIR
1355.47,0.04,1301.2512,49,590.04,1.49,709.7212,MEDIUM,OFFICE SUPPLIES,BINDERS AND BINDER ACCESSORIES,REGULAR AIR
1465.29,0.02,1435.9841999999999,12,373.5,7.11,1055.3742,NOT SPECIFIED,TECHNOLOGY,OFFICE MACHINES,REGULAR AIR
3590.33,0.01,3554.4267,24,-31.73,43.75,3542.4067,NOT SPECIFIED,FURNITURE,TABLES,DELIVERY TRUCK
115.81,0.07,107.7033,32,47.56,0.5,59.643299999999996,HIGH,OFFICE SUPPLIES,LABELS,REGULAR AIR
822.8425,0.1,740.5582499999999,15,4.39,5.92,730.24825,CRITICAL,TECHNOLOGY,TELEPHONES AND COMMUNICATION,REGULAR AIR
4647.69,0.02,4554.736199999999,39,182.53,30.0,4342.2062,MEDIUM,FURNITURE,CHAIRS & CHAIRMATS,DELIVERY TRUCK
2503.3265,0.04,2403.19344,45,447.12,8.8,1947.27344,MEDIUM,TECHNOLOGY,TELEPHONES AND COMMUNICATION,REGULAR AIR
2731.73,0.07,2540.5089,21,310.59,8.99,2220.9289,LOW,TECHNOLOGY,TELEPHONES AND COMMUNICATION,EXPRESS AIR
679.52,0.09,618.3632,40,-152.4,9.47,761.2932,LOW,OFFICE SUPPLIES,STORAGE & ORGANIZATION,REGULAR AIR
5176.27,0.01,5124.5073,38,-743.45,35.0,5832.9573,LOW,OFFICE SUPPLIES,STORAGE & ORGANIZATION,REGULAR AIR
739.94,0.01,732.5406,28,370.23,1.39,360.92060000000004,HIGH,OFFICE SUPPLIES,ENVELOPES,REGULAR AIR
3.77,0.09,3.4307,1,-1.84,0.96,4.3107,CRITICAL,OFFICE SUPPLIES,PENS & ART SUPPLIES,REGULAR AIR
404.91,0.06,380.6154,33,65.63,4.98,310.0054,NOT SPECIFIED,FURNITURE,OFFICE FURNISHINGS,REGULAR AIR
100.36,0.02,98.3528,11,18.41,2.15,77.7928,NOT SPECIFIED,OFFICE SUPPLIES,PAPER,REGULAR AIR
809.91,0.07,753.2162999999999,22,321.67,2.99,428.5562999999999,HIGH,OFFICE SUPPLIES,BINDERS AND BINDER ACCESSORIES,REGULAR AIR
3310.9455,0.05,3145.398225,35,822.4,2.5,2320.498225,HIGH,TECHNOLOGY,TELEPHONES AND COMMUNICATION,REGULAR AIR
301.38,0.06,283.2972,30,5.08,2.89,275.3272,HIGH,OFFICE SUPPLIES,PENS & ART SUPPLIES,REGULAR AIR
1027.66,0.0,1027.66,50,184.07,8.68,834.9100000000001,HIGH,OFFICE SUPPLIES,PAPER,REGULAR AIR
95.22,0.01,94.2678,18,-33.4,4.7,122.96779999999998,CRITICAL,OFFICE SUPPLIES,PAPER,REGULAR AIR
577.42,0.0,577.42,42,253.5,1.49,322.42999999999995,CRITICAL,OFFICE SUPPLIES,BINDERS AND BINDER ACCESSORIES,REGULAR AIR
95.08,0.06,89.37519999999999,20,39.91,0.5,48.965199999999996,CRITICAL,OFFICE SUPPLIES,LABELS,REGULAR AIR
82.21,0.04,78.9216,25,15.25,1.09,62.581599999999995,MEDIUM,OFFICE SUPPLIES,PAPER,REGULAR AIR
117.88,0.1,106.092,47,-71.0,2.4,174.692,LOW,OFFICE SUPPLIES,PENS & ART SUPPLIES,REGULAR AIR
3130.2015,0.07,2911.087395,34,692.78,2.5,2215.807395,HIGH,TECHNOLOGY,TELEPHONES AND COMMUNICATION,EXPRESS AIR
449.47,0.05,426.9965,31,-190.49,13.32,604.1665,NOT SPECIFIED,OFFICE SUPPLIES,APPLIANCES,REGULAR AIR
80.61,0.08,74.1612,29,-8.77,1.25,81.68119999999999,NOT SPECIFIED,OFFICE SUPPLIES,PENS & ART SUPPLIES,REGULAR AIR
55.02,0.08,50.6184,10,-56.12,5.14,101.5984,HIGH,TECHNOLOGY,COMPUTER PERIPHERALS,REGULAR AIR
2413.53,0.06,2268.7182000000003,39,544.04,12.23,1712.4482000000003,LOW,FURNITURE,OFFICE FURNISHINGS,REGULAR AIR
204.99,0.03,198.8403,41,-95.99,4.95,289.88030000000003,MEDIUM,OFFICE SUPPLIES,BINDERS AND BINDER ACCESSORIES,REGULAR AIR
265.31,0.09,241.4321,23,-33.19,7.19,267.4321,NOT SPECIFIED,OFFICE SUPPLIES,BINDERS AND BINDER ACCESSORIES,EXPRESS AIR
1444.88,0.1,1300.392,15,236.61,7.18,1056.6019999999999,NOT SPECIFIED,TECHNOLOGY,COMPUTER PERIPHERALS,REGULAR AIR
2287.1,0.07,2127.0029999999997,23,231.49,19.99,1875.523,NOT SPECIFIED,TECHNOLOGY,OFFICE MACHINES,REGULAR AIR
786.26,0.01,778.3974,44,274.98,1.99,501.4273999999999,CRITICAL,TECHNOLOGY,COMPUTER PERIPHERALS,REGULAR AIR
786.13,0.04,754.6848,48,-236.12,7.04,983.7648,LOW,OFFICE SUPPLIES,STORAGE & ORGANIZATION,REGULAR AIR
26.11,0.08,24.0212,10,2.65,0.8,20.5712,LOW,OFFICE SUPPLIES,RUBBER BANDS,REGULAR AIR
442.31,0.02,433.4638,50,231.68,0.96,200.8238,NOT SPECIFIED,FURNITURE,OFFICE FURNISHINGS,REGULAR AIR
114.83,0.04,110.2368,4,-52.62,1.99,160.8668,CRITICAL,TECHNOLOGY,COMPUTER PERIPHERALS,REGULAR AIR
192.58,0.05,182.95100000000002,10,24.6,4.1,154.25100000000003,MEDIUM,OFFICE SUPPLIES,PENS & ART SUPPLIES,REGULAR AIR
1534.7,0.07,1427.271,49,258.25,3.6,1165.421,MEDIUM,TECHNOLOGY,COMPUTER PERIPHERALS,REGULAR AIR
2682.8,0.01,2655.972,45,860.22,3.5,1792.2520000000002,CRITICAL,OFFICE SUPPLIES,APPLIANCES,REGULAR AIR
387.03,0.04,371.54879999999997,50,-7.73,4.95,374.3288,MEDIUM,FURNITURE,OFFICE FURNISHINGS,REGULAR AIR
585.47,0.1,526.923,17,178.14,5.08,343.703,MEDIUM,OFFICE SUPPLIES,PAPER,EXPRESS AIR
123.34,0.07,114.7062,11,0.64,5.01,109.05619999999999,HIGH,OFFICE SUPPLIES,PAPER,REGULAR AIR
1642.47,0.01,1626.0453,23,-524.03,60.0,2090.0753,HIGH,OFFICE SUPPLIES,APPLIANCES,DELIVERY TRUCK
93.22,0.06,87.6268,25,-15.37,0.94,102.05680000000001,LOW,OFFICE SUPPLIES,RUBBER BANDS,REGULAR AIR
243.18,0.08,223.72560000000001,36,-314.22,9.69,528.2556000000001,LOW,OFFICE SUPPLIES,STORAGE & ORGANIZATION,REGULAR AIR
291.67,0.01,288.7533,40,54.46,2.99,231.3033,NOT SPECIFIED,OFFICE SUPPLIES,BINDERS AND BINDER ACCESSORIES,REGULAR AIR
3853.47,0.1,3468.1229999999996,27,21.5,6.5,3440.1229999999996,MEDIUM,TECHNOLOGY,COMPUTER PERIPHERALS,REGULAR AIR
28.23,0.1,25.407,5,-14.69,4.7,35.397,MEDIUM,OFFICE SUPPLIES,PAPER,REGULAR AIR
4962.05,0.08,4565.086,50,335.29,56.14,4173.656,HIGH,TECHNOLOGY,OFFICE MACHINES,DELIVERY TRUCK
192.39,0.08,176.9988,19,-31.67,4.68,203.98879999999997,HIGH,OFFICE SUPPLIES,"SCISSORS, RULERS AND TRIMMERS",EXPRESS AIR
26.08,0.1,23.471999999999998,13,-27.29,2.58,48.181999999999995,NOT SPECIFIED,OFFICE SUPPLIES,RUBBER BANDS,REGULAR AIR
669.69,0.03,649.5993000000001,8,-297.02,35.0,911.6193000000001,MEDIUM,OFFICE SUPPLIES,STORAGE & ORGANIZATION,REGULAR AIR
405.6,0.07,377.208,45,-8.59,5.6,380.198,NOT SPECIFIED,OFFICE SUPPLIES,BINDERS AND BINDER ACCESSORIES,REGULAR AIR
706.3925,0.06,664.00895,39,346.14,0.99,316.87895000000003,LOW,TECHNOLOGY,TELEPHONES AND COMMUNICATION,REGULAR AIR
154.99,0.07,144.1407,24,-1085.52,49.0,1180.6607,MEDIUM,OFFICE SUPPLIES,APPLIANCES,REGULAR AIR
115.78,0.07,107.6754,32,-167.42,6.83,268.2654,HIGH,OFFICE SUPPLIES,BINDERS AND BINDER ACCESSORIES,REGULAR AIR
210.22,0.0,210.22,13,-30.71,7.69,233.24,HIGH,OFFICE SUPPLIES,STORAGE & ORGANIZATION,REGULAR AIR
281.39,0.1,253.25099999999998,50,-106.4,5.01,354.64099999999996,HIGH,OFFICE SUPPLIES,BINDERS AND BINDER ACCESSORIES,REGULAR AIR
315.42,0.1,283.87800000000004,10,-41.26,17.08,308.05800000000005,NOT SPECIFIED,OFFICE SUPPLIES,PAPER,REGULAR AIR
144.03,0.03,139.7091,38,-139.52,5.47,273.7591,MEDIUM,OFFICE SUPPLIES,BINDERS AND BINDER ACCESSORIES,REGULAR AIR
294.68,0.01,291.7332,23,-23.35,6.96,308.12320000000005,MEDIUM,OFFICE SUPPLIES,APPLIANCES,REGULAR AIR
2378.82,0.02,2331.2436000000002,43,597.16,16.11,1717.9736000000003,NOT SPECIFIED,OFFICE SUPPLIES,BINDERS AND BINDER ACCESSORIES,REGULAR AIR
202.62,0.02,198.5676,6,13.87,8.74,175.95759999999999,NOT SPECIFIED,OFFICE SUPPLIES,PAPER,EXPRESS AIR
307.49,0.01,304.4151,24,61.51,6.02,236.88510000000002,LOW,FURNITURE,OFFICE FURNISHINGS,REGULAR AIR
516.65,0.01,511.4835,7,57.1,3.5,450.88349999999997,CRITICAL,OFFICE SUPPLIES,APPLIANCES,EXPRESS AIR
89.335,0.06,83.97489999999999,5,-107.1,2.5,188.57489999999999,LOW,TECHNOLOGY,TELEPHONES AND COMMUNICATION,REGULAR AIR
158.46,0.06,148.9524,39,-130.66,5.26,274.3524,LOW,OFFICE SUPPLIES,BINDERS AND BINDER ACCESSORIES,REGULAR AIR
7180.83,0.02,7037.2134,31,487.17,64.66,6485.3834,LOW,FURNITURE,BOOKCASES,DELIVERY TRUCK
5748.2,0.09,5230.862,39,-459.86,35.02,5655.701999999999,HIGH,FURNITURE,BOOKCASES,DELIVERY TRUCK
416.4,0.02,408.072,24,24.33,4.96,378.78200000000004,MEDIUM,OFFICE SUPPLIES,STORAGE & ORGANIZATION,REGULAR AIR
21.44,0.02,21.011200000000002,2,-13.67,8.74,25.941200000000002,MEDIUM,OFFICE SUPPLIES,PAPER,REGULAR AIR
225.14,0.08,207.12879999999998,11,-42.61,8.99,240.74879999999996,NOT SPECIFIED,OFFICE SUPPLIES,PENS & ART SUPPLIES,REGULAR AIR
1559.7755,0.03,1512.982235,22,-247.18,0.99,1759.172235,NOT SPECIFIED,TECHNOLOGY,TELEPHONES AND COMMUNICATION,REGULAR AIR
1590.163,0.01,1574.26137,33,-57.54,5.0,1626.80137,MEDIUM,TECHNOLOGY,TELEPHONES AND COMMUNICATION,REGULAR AIR
1203.73,0.03,1167.6181,7,293.14,19.99,854.4880999999999,MEDIUM,OFFICE SUPPLIES,ENVELOPES,REGULAR AIR
482.93,0.06,453.9542,34,-67.59,7.59,513.9542,MEDIUM,OFFICE SUPPLIES,"SCISSORS, RULERS AND TRIMMERS",REGULAR AIR
75.19,0.01,74.43809999999999,6,-6.61,5.72,75.32809999999999,MEDIUM,OFFICE SUPPLIES,ENVELOPES,REGULAR AIR
8363.65,0.09,7610.9214999999995,30,763.33,64.73,6782.8615,LOW,FURNITURE,CHAIRS & CHAIRMATS,DELIVERY TRUCK
303.62,0.02,297.5476,46,-59.98,2.74,354.7876,LOW,TECHNOLOGY,COMPUTER PERIPHERALS,REGULAR AIR
334.66,0.05,317.927,34,132.56,1.09,184.27700000000004,MEDIUM,OFFICE SUPPLIES,PENS & ART SUPPLIES,REGULAR AIR
1142.36,0.02,1119.5128,35,72.78,4.0,1042.7328,NOT SPECIFIED,TECHNOLOGY,COMPUTER PERIPHERALS,REGULAR AIR
1379.3375,0.08,1268.9905,14,-78.54,4.2,1343.3305,LOW,TECHNOLOGY,TELEPHONES AND COMMUNICATION,REGULAR AIR
2654.16,0.01,2627.6184,27,600.93,28.0,1998.6884,CRITICAL,TECHNOLOGY,OFFICE MACHINES,DELIVERY TRUCK
1722.65,0.05,1636.5175000000002,15,-399.67,51.42,1984.7675000000002,CRITICAL,FURNITURE,BOOKCASES,DELIVERY TRUCK
461.55,0.09,420.01050000000004,14,-12.0,19.99,412.0205,MEDIUM,FURNITURE,OFFICE FURNISHINGS,REGULAR AIR
799.98,0.04,767.9808,9,15.36,14.0,738.6208,NOT SPECIFIED,TECHNOLOGY,OFFICE MACHINES,DELIVERY TRUCK
618.84,0.05,587.898,14,-200.84,34.2,754.538,MEDIUM,FURNITURE,OFFICE FURNISHINGS,REGULAR AIR
177.67,0.03,172.3399,6,39.63,1.49,131.2199,LOW,OFFICE SUPPLIES,BINDERS AND BINDER ACCESSORIES,REGULAR AIR
200.753,0.09,182.68523,2,-605.37,8.99,779.0652299999999,MEDIUM,TECHNOLOGY,TELEPHONES AND COMMUNICATION,REGULAR AIR
281.84,0.1,253.65599999999998,17,-99.55,4.0,349.20599999999996,MEDIUM,TECHNOLOGY,COMPUTER PERIPHERALS,REGULAR AIR
9.37,0.09,8.5267,2,-5.26,1.22,12.5667,CRITICAL,OFFICE SUPPLIES,PAPER,REGULAR AIR
67.24,0.06,63.2056,23,4.9,0.93,57.3756,HIGH,OFFICE SUPPLIES,PENS & ART SUPPLIES,REGULAR AIR
2277.03,0.07,2117.6379,44,964.1,6.79,1146.7479000000003,MEDIUM,OFFICE SUPPLIES,PAPER,REGULAR AIR
257.75,0.02,252.595,48,-66.26,4.75,314.105,HIGH,OFFICE SUPPLIES,PAPER,REGULAR AIR
39.69,0.05,37.7055,24,-1.78,1.0,38.4855,HIGH,OFFICE SUPPLIES,PENS & ART SUPPLIES,REGULAR AIR
5139.882,0.01,5088.483179999999,48,1275.67,8.99,3803.8231799999994,HIGH,TECHNOLOGY,TELEPHONES AND COMMUNICATION,REGULAR AIR
8532.152,0.04,8190.86592,50,-513.79,52.2,8652.45592,MEDIUM,FURNITURE,TABLES,DELIVERY TRUCK
824.51,0.01,816.2649,29,0.9,4.0,811.3649,HIGH,TECHNOLOGY,COMPUTER PERIPHERALS,REGULAR AIR
3081.471,0.09,2804.13861,31,574.98,4.2,2224.95861,LOW,TECHNOLOGY,TELEPHONES AND COMMUNICATION,REGULAR AIR
1216.5,0.1,1094.85,19,162.18,19.99,912.6799999999998,MEDIUM,OFFICE SUPPLIES,BINDERS AND BINDER ACCESSORIES,REGULAR AIR
495.5,0.06,465.77,44,-12.67,6.97,471.46999999999997,NOT SPECIFIED,OFFICE SUPPLIES,ENVELOPES,REGULAR AIR
81.9,0.01,81.081,27,4.06,0.96,76.061,NOT SPECIFIED,OFFICE SUPPLIES,PENS & ART SUPPLIES,REGULAR AIR
498.28,0.01,493.2972,37,10.18,4.51,478.6072,CRITICAL,OFFICE SUPPLIES,STORAGE & ORGANIZATION,REGULAR AIR
191.13,0.07,177.7509,47,38.11,1.2,138.4409,LOW,OFFICE SUPPLIES,PENS & ART SUPPLIES,REGULAR AIR
8380.22,0.0,8380.22,48,813.83,35.02,7531.369999999999,HIGH,FURNITURE,BOOKCASES,DELIVERY TRUCK
168.95,0.1,152.05499999999998,18,-15.9,5.76,162.195,MEDIUM,OFFICE SUPPLIES,ENVELOPES,REGULAR AIR
1043.12,0.06,980.5328,7,-52.5,13.99,1019.0427999999999,MEDIUM,TECHNOLOGY,OFFICE MACHINES,REGULAR AIR
87.44,0.06,82.1936,49,1.33,0.7,80.1636,CRITICAL,OFFICE SUPPLIES,PENS & ART SUPPLIES,REGULAR AIR
1318.49,0.02,1292.1202,50,4.69,8.79,1278.6402,CRITICAL,OFFICE SUPPLIES,STORAGE & ORGANIZATION,REGULAR AIR
1666.0,0.08,1532.72,32,742.96,4.85,784.9100000000001,HIGH,OFFICE SUPPLIES,PAPER,REGULAR AIR
453.98,0.02,444.9004,40,67.6,5.01,372.2904,HIGH,OFFICE SUPPLIES,PAPER,REGULAR AIR
945.9,0.08,870.228,43,105.7,5.53,758.9979999999999,MEDIUM,OFFICE SUPPLIES,PENS & ART SUPPLIES,REGULAR AIR
71.32,0.08,65.61439999999999,42,-4.9,1.0,69.5144,LOW,OFFICE SUPPLIES,PENS & ART SUPPLIES,REGULAR AIR
750.86,0.0,750.86,33,302.12,2.99,445.75,HIGH,OFFICE SUPPLIES,BINDERS AND BINDER ACCESSORIES,REGULAR AIR
215.31,0.09,195.9321,14,-51.75,10.91,236.7721,NOT SPECIFIED,OFFICE SUPPLIES,BINDERS AND BINDER ACCESSORIES,REGULAR AIR
157.33,0.1,141.597,14,-76.34,8.6,209.33700000000002,LOW,OFFICE SUPPLIES,STORAGE & ORGANIZATION,REGULAR AIR
35.17,0.03,34.1149,11,5.58,0.99,27.5449,CRITICAL,OFFICE SUPPLIES,LABELS,REGULAR AIR
125.84,0.1,113.256,20,18.42,2.0,92.836,MEDIUM,OFFICE SUPPLIES,PAPER,REGULAR AIR
114.55,0.05,108.82249999999999,11,28.61,2.06,78.15249999999999,LOW,OFFICE SUPPLIES,PAPER,REGULAR AIR
1386.65,0.09,1261.8515,14,-193.58,35.84,1419.5915,LOW,FURNITURE,BOOKCASES,DELIVERY TRUCK
136.72,0.09,124.4152,35,5.91,1.23,117.2752,CRITICAL,OFFICE SUPPLIES,PENS & ART SUPPLIES,REGULAR AIR
62.03,0.09,56.4473,6,17.31,6.02,33.1173,NOT SPECIFIED,FURNITURE,OFFICE FURNISHINGS,REGULAR AIR
57.03,0.0,57.03,7,-31.38,3.52,84.89,HIGH,TECHNOLOGY,COMPUTER PERIPHERALS,REGULAR AIR
611.16,0.04,586.7135999999999,46,100.22,4.98,481.5135999999999,MEDIUM,OFFICE SUPPLIES,BINDERS AND BINDER ACCESSORIES,REGULAR AIR
999.89,0.02,979.8922,10,-119.92,19.99,1079.8222,NOT SPECIFIED,TECHNOLOGY,COMPUTER PERIPHERALS,REGULAR AIR
35.69,0.04,34.2624,10,-31.24,4.2,61.3024,NOT SPECIFIED,OFFICE SUPPLIES,PENS & ART SUPPLIES,REGULAR AIR
1462.1615,0.03,1418.2966549999999,26,215.43,5.99,1196.8766549999998,NOT SPECIFIED,TECHNOLOGY,TELEPHONES AND COMMUNICATION,REGULAR AIR
130.25,0.05,123.7375,45,0.89,1.58,121.2675,LOW,OFFICE SUPPLIES,RUBBER BANDS,REGULAR AIR
453.87,0.08,417.5604,30,76.59,4.0,336.97040000000004,NOT SPECIFIED,TECHNOLOGY,COMPUTER PERIPHERALS,REGULAR AIR
310.99,0.07,289.2207,33,106.45,2.03,180.74070000000006,HIGH,OFFICE SUPPLIES,PAPER,REGULAR AIR
1514.9635,0.02,1484.66423,26,310.19,4.99,1169.48423,LOW,TECHNOLOGY,TELEPHONES AND COMMUNICATION,REGULAR AIR
19.36,0.04,18.5856,7,-1.0,0.7,18.8856,CRITICAL,OFFICE SUPPLIES,RUBBER BANDS,EXPRESS AIR
155.73,0.03,151.0581,21,42.86,1.71,106.48809999999999,NOT SPECIFIED,OFFICE SUPPLIES,PAPER,EXPRESS AIR
793.04,0.1,713.736,42,323.08,1.49,389.166,HIGH,OFFICE SUPPLIES,BINDERS AND BINDER ACCESSORIES,REGULAR AIR
4115.74,0.1,3704.1659999999997,36,1719.47,9.07,1975.6259999999995,MEDIUM,OFFICE SUPPLIES,BINDERS AND BINDER ACCESSORIES,REGULAR AIR
596.156,0.1,536.5404,26,-97.92,8.59,625.8703999999999,MEDIUM,TECHNOLOGY,TELEPHONES AND COMMUNICATION,EXPRESS AIR
36.46,0.1,32.814,4,-7.41,2.99,37.233999999999995,HIGH,OFFICE SUPPLIES,BINDERS AND BINDER ACCESSORIES,REGULAR AIR
47.4,0.03,45.978,18,-63.03,5.2,103.80799999999999,HIGH,OFFICE SUPPLIES,PENS & ART SUPPLIES,REGULAR AIR
773.83,0.06,727.4002,19,146.79,5.33,575.2802,HIGH,OFFICE SUPPLIES,APPLIANCES,REGULAR AIR
2130.82,0.05,2024.2790000000002,18,818.92,9.07,1196.2890000000002,NOT SPECIFIED,OFFICE SUPPLIES,BINDERS AND BINDER ACCESSORIES,REGULAR AIR
934.87,0.09,850.7317,31,98.69,12.62,739.4217000000001,NOT SPECIFIED,OFFICE SUPPLIES,BINDERS AND BINDER ACCESSORIES,REGULAR AIR
6040.22,0.05,5738.209,44,-942.5,35.0,6645.709,MEDIUM,OFFICE SUPPLIES,STORAGE & ORGANIZATION,REGULAR AIR
1356.45,0.02,1329.3210000000001,37,47.65,19.99,1261.681,MEDIUM,OFFICE SUPPLIES,PAPER,REGULAR AIR
161.28,0.01,159.6672,46,56.73,0.76,102.17720000000003,MEDIUM,OFFICE SUPPLIES,RUBBER BANDS,REGULAR AIR
8.87,0.09,8.0717,4,-5.14,1.63,11.5817,LOW,OFFICE SUPPLIES,PENS & ART SUPPLIES,REGULAR AIR
720.613,0.07,670.1700900000001,43,329.68,0.99,339.50009000000006,LOW,TECHNOLOGY,TELEPHONES AND COMMUNICATION,REGULAR AIR
25.09,0.07,23.3337,2,-17.6,8.94,31.993700000000004,MEDIUM,OFFICE SUPPLIES,BINDERS AND BINDER ACCESSORIES,REGULAR AIR
714.391,0.0,714.391,12,-62.33,8.99,767.731,LOW,TECHNOLOGY,TELEPHONES AND COMMUNICATION,REGULAR AIR
119.51,0.06,112.33940000000001,17,-51.3,6.05,157.5894,NOT SPECIFIED,OFFICE SUPPLIES,BINDERS AND BINDER ACCESSORIES,REGULAR AIR
502.8,0.0,502.8,15,-19.1,19.51,502.39000000000004,NOT SPECIFIED,OFFICE SUPPLIES,ENVELOPES,REGULAR AIR
85.03,0.05,80.77850000000001,18,-75.31,6.72,149.3685,NOT SPECIFIED,OFFICE SUPPLIES,PAPER,REGULAR AIR
468.46,0.01,463.7754,33,-292.7,14.37,742.1053999999999,LOW,FURNITURE,OFFICE FURNISHINGS,REGULAR AIR
2357.45,0.02,2310.301,23,-108.8,35.84,2383.261,LOW,FURNITURE,BOOKCASES,DELIVERY TRUCK
817.53,0.03,793.0041,34,76.63,11.54,704.8341,CRITICAL,OFFICE SUPPLIES,PAPER,REGULAR AIR
25.96,0.06,24.4024,2,-29.29,6.24,47.4524,CRITICAL,TECHNOLOGY,OFFICE MACHINES,REGULAR AIR
182.47,0.05,173.3465,17,-3.18,3.37,173.1565,CRITICAL,OFFICE SUPPLIES,"SCISSORS, RULERS AND TRIMMERS",REGULAR AIR
691.59,0.03,670.8423,17,261.24,2.99,406.6123,LOW,OFFICE SUPPLIES,BINDERS AND BINDER ACCESSORIES,REGULAR AIR
345.2,0.01,341.748,45,183.53,0.49,157.72799999999998,LOW,OFFICE SUPPLIES,LABELS,REGULAR AIR
4373.8535,0.04,4198.89936,42,963.68,7.69,3227.529360000001,CRITICAL,TECHNOLOGY,TELEPHONES AND COMMUNICATION,EXPRESS AIR
2860.19,0.04,2745.7824,28,458.4,10.12,2277.2624,HIGH,FURNITURE,OFFICE FURNISHINGS,EXPRESS AIR
2925.78,0.03,2838.0066,29,1041.29,7.18,1789.5366000000004,NOT SPECIFIED,TECHNOLOGY,COMPUTER PERIPHERALS,REGULAR AIR
570.43,0.07,530.4998999999999,49,78.89,5.43,446.1799,LOW,OFFICE SUPPLIES,PAPER,REGULAR AIR
100.08,0.08,92.0736,49,-85.58,2.56,175.09359999999998,LOW,OFFICE SUPPLIES,"SCISSORS, RULERS AND TRIMMERS",REGULAR AIR
803.04,0.08,738.7968,15,282.32,6.79,449.6868,CRITICAL,OFFICE SUPPLIES,PAPER,REGULAR AIR
88.61,0.01,87.7239,19,21.47,1.49,64.7639,CRITICAL,OFFICE SUPPLIES,BINDERS AND BINDER ACCESSORIES,EXPRESS AIR
336.06,0.01,332.6994,50,-240.78,8.88,564.5994000000001,MEDIUM,OFFICE SUPPLIES,PAPER,REGULAR AIR
1955.0765,0.06,1837.77191,36,470.83,3.9,1363.04191,NOT SPECIFIED,TECHNOLOGY,TELEPHONES AND COMMUNICATION,REGULAR AIR
380.38,0.06,357.5572,24,7.29,5.45,344.8172,MEDIUM,OFFICE SUPPLIES,PENS & ART SUPPLIES,EXPRESS AIR
477.53,0.09,434.55229999999995,50,197.76,1.39,235.40229999999997,NOT SPECIFIED,OFFICE SUPPLIES,ENVELOPES,REGULAR AIR
2690.7515,0.0,2690.7515,15,234.61,8.08,2448.0615,NOT SPECIFIED,TECHNOLOGY,TELEPHONES AND COMMUNICATION,REGULAR AIR
796.14,0.03,772.2558,19,320.07,2.99,449.1958,NOT SPECIFIED,OFFICE SUPPLIES,BINDERS AND BINDER ACCESSORIES,REGULAR AIR
142.96,0.09,130.0936,31,33.59,1.52,94.9836,NOT SPECIFIED,OFFICE SUPPLIES,PAPER,REGULAR AIR
222.258,0.03,215.59026,7,-77.9,1.25,292.24026000000003,CRITICAL,TECHNOLOGY,TELEPHONES AND COMMUNICATION,REGULAR AIR
2389.3,0.01,2365.407,18,589.38,12.65,1763.377,CRITICAL,FURNITURE,CHAIRS & CHAIRMATS,REGULAR AIR
128.62,0.07,119.6166,7,-27.78,8.99,138.40660000000003,CRITICAL,FURNITURE,OFFICE FURNISHINGS,REGULAR AIR
424.0,0.03,411.28,50,-19.77,3.5,427.54999999999995,CRITICAL,OFFICE SUPPLIES,APPLIANCES,REGULAR AIR
504.79,0.03,489.6463,5,-245.09,19.99,714.7463,CRITICAL,TECHNOLOGY,COMPUTER PERIPHERALS,EXPRESS AIR
740.2,0.05,703.19,9,239.94,5.01,458.24000000000007,LOW,OFFICE SUPPLIES,ENVELOPES,EXPRESS AIR
217.93,0.03,211.3921,27,-29.02,5.83,234.5821,NOT SPECIFIED,OFFICE SUPPLIES,PAPER,REGULAR AIR
1288.7785,0.07,1198.564005,23,-185.89,19.99,1364.4640049999998,LOW,TECHNOLOGY,TELEPHONES AND COMMUNICATION,REGULAR AIR
43.57,0.1,39.213,35,-19.17,0.7,57.683,CRITICAL,OFFICE SUPPLIES,RUBBER BANDS,REGULAR AIR
31.87,0.1,28.683,8,-1.25,1.2,28.733,CRITICAL,OFFICE SUPPLIES,PENS & ART SUPPLIES,REGULAR AIR
1193.65,0.07,1110.0945000000002,29,507.58,2.99,599.5245000000002,NOT SPECIFIED,OFFICE SUPPLIES,BINDERS AND BINDER ACCESSORIES,REGULAR AIR
40.02,0.02,39.2196,4,-1.28,1.09,39.4096,MEDIUM,OFFICE SUPPLIES,PENS & ART SUPPLIES,REGULAR AIR
315.02,0.02,308.71959999999996,50,95.16,1.49,212.06959999999995,MEDIUM,OFFICE SUPPLIES,BINDERS AND BINDER ACCESSORIES,REGULAR AIR
1895.55,0.06,1781.817,46,807.62,1.99,972.207,LOW,TECHNOLOGY,COMPUTER PERIPHERALS,REGULAR AIR
5418.68,0.07,5039.3724,20,332.3,35.67,4671.4024,LOW,FURNITURE,TABLES,DELIVERY TRUCK
269.37,0.05,255.9015,48,-103.55,5.01,354.4415,NOT SPECIFIED,OFFICE SUPPLIES,BINDERS AND BINDER ACCESSORIES,REGULAR AIR
95.73,0.0,95.73,41,-151.15,5.33,241.55,LOW,FURNITURE,OFFICE FURNISHINGS,REGULAR AIR
254.76,0.06,239.4744,6,109.88,14.45,115.14440000000002,LOW,FURNITURE,OFFICE FURNISHINGS,REGULAR AIR
177.95,0.09,161.93449999999999,27,-61.75,6.0,217.68449999999999,NOT SPECIFIED,OFFICE SUPPLIES,PAPER,REGULAR AIR
831.52,0.07,773.3136,25,259.47,1.99,511.8535999999999,CRITICAL,TECHNOLOGY,COMPUTER PERIPHERALS,REGULAR AIR
1089.87,0.06,1024.4778,10,-124.51,5.99,1142.9977999999999,CRITICAL,TECHNOLOGY,TELEPHONES AND COMMUNICATION,EXPRESS AIR
1068.79,0.07,993.9747,14,56.05,19.95,917.9747,LOW,OFFICE SUPPLIES,APPLIANCES,REGULAR AIR
2012.14,0.07,1871.2902000000001,49,241.74,14.45,1615.1002,MEDIUM,FURNITURE,OFFICE FURNISHINGS,REGULAR AIR
150.77,0.01,149.2623,7,-72.23,4.0,217.4923,MEDIUM,TECHNOLOGY,COMPUTER PERIPHERALS,REGULAR AIR
295.24,0.08,271.62080000000003,49,-279.93,8.49,543.0608,LOW,OFFICE SUPPLIES,BINDERS AND BINDER ACCESSORIES,EXPRESS AIR
337.34,0.06,317.09959999999995,9,-69.84,1.99,384.9495999999999,CRITICAL,TECHNOLOGY,COMPUTER PERIPHERALS,REGULAR AIR
226.81,0.05,215.4695,16,-5.37,7.17,213.66950000000003,CRITICAL,OFFICE SUPPLIES,BINDERS AND BINDER ACCESSORIES,REGULAR AIR
511.07,0.01,505.9593,46,-165.74,6.5,665.1993,CRITICAL,TECHNOLOGY,COMPUTER PERIPHERALS,REGULAR AIR
428.14,0.04,411.01439999999997,19,-6.04,11.54,405.51439999999997,LOW,OFFICE SUPPLIES,PAPER,REGULAR AIR
2318.2135,0.07,2155.9385549999997,44,583.75,2.79,1569.3985549999998,MEDIUM,TECHNOLOGY,TELEPHONES AND COMMUNICATION,REGULAR AIR
36.23,0.02,35.505399999999995,16,-24.87,1.99,58.38539999999999,CRITICAL,TECHNOLOGY,COMPUTER PERIPHERALS,REGULAR AIR
251.05,0.1,225.945,36,118.79,0.49,106.66499999999998,HIGH,OFFICE SUPPLIES,LABELS,REGULAR AIR
305.62,0.1,275.058,36,-129.86,8.29,396.628,HIGH,OFFICE SUPPLIES,ENVELOPES,REGULAR AIR
157.87,0.0,157.87,46,-115.8,3.97,269.7,HIGH,OFFICE SUPPLIES,PENS & ART SUPPLIES,REGULAR AIR
1662.57,0.1,1496.3129999999999,49,674.99,2.99,818.3329999999999,HIGH,OFFICE SUPPLIES,BINDERS AND BINDER ACCESSORIES,REGULAR AIR
2433.55,0.05,2311.8725000000004,23,355.93,8.08,1947.8625000000004,LOW,TECHNOLOGY,TELEPHONES AND COMMUNICATION,REGULAR AIR
78.44,0.09,71.3804,14,11.02,1.49,58.870400000000004,CRITICAL,OFFICE SUPPLIES,BINDERS AND BINDER ACCESSORIES,REGULAR AIR
229.43,0.08,211.0756,28,61.09,2.5,147.4856,NOT SPECIFIED,OFFICE SUPPLIES,ENVELOPES,EXPRESS AIR
123.13,0.05,116.9735,36,20.57,1.35,95.05350000000001,LOW,OFFICE SUPPLIES,RUBBER BANDS,EXPRESS AIR
2172.515,0.06,2042.1641,15,32.75,8.99,2000.4241,HIGH,TECHNOLOGY,TELEPHONES AND COMMUNICATION,REGULAR AIR
1319.421,0.07,1227.06153,10,-268.87,8.08,1487.85153,MEDIUM,TECHNOLOGY,TELEPHONES AND COMMUNICATION,REGULAR AIR
550.93,0.1,495.83699999999993,33,-141.6,9.47,627.9669999999999,MEDIUM,OFFICE SUPPLIES,STORAGE & ORGANIZATION,REGULAR AIR
2160.27,0.09,1965.8457,28,-818.32,35.0,2749.1657,MEDIUM,OFFICE SUPPLIES,STORAGE & ORGANIZATION,REGULAR AIR
134.42,0.05,127.69899999999998,46,9.34,1.01,117.34899999999998,MEDIUM,OFFICE SUPPLIES,PENS & ART SUPPLIES,REGULAR AIR
149.7,0.05,142.21499999999997,26,-132.63,7.78,267.06499999999994,NOT SPECIFIED,OFFICE SUPPLIES,BINDERS AND BINDER ACCESSORIES,EXPRESS AIR
284.6735,0.04,273.28656,5,-247.24,8.99,511.53656,LOW,TECHNOLOGY,TELEPHONES AND COMMUNICATION,EXPRESS AIR
165.04,0.03,160.0888,5,-112.44,8.65,263.87879999999996,MEDIUM,TECHNOLOGY,COMPUTER PERIPHERALS,REGULAR AIR
471.87,0.05,448.2765,43,52.27,5.25,390.7565,HIGH,OFFICE SUPPLIES,ENVELOPES,REGULAR AIR
751.71,0.09,684.0561,6,50.83,0.99,632.2361,HIGH,OFFICE SUPPLIES,APPLIANCES,REGULAR AIR
214.62,0.05,203.889,49,-151.42,5.41,349.899,MEDIUM,OFFICE SUPPLIES,BINDERS AND BINDER ACCESSORIES,REGULAR AIR
1631.04,0.0,1631.04,48,665.63,1.99,963.42,MEDIUM,TECHNOLOGY,COMPUTER PERIPHERALS,REGULAR AIR
5311.973,0.02,5205.73354,35,1142.08,13.99,4049.6635400000005,MEDIUM,TECHNOLOGY,TELEPHONES AND COMMUNICATION,REGULAR AIR
1061.905,0.06,998.1907,19,152.75,2.5,842.9407,MEDIUM,TECHNOLOGY,TELEPHONES AND COMMUNICATION,REGULAR AIR
183.32,0.04,175.9872,11,-61.1,9.4,227.6872,MEDIUM,TECHNOLOGY,OFFICE MACHINES,REGULAR AIR
98.66,0.1,88.794,5,-19.52,9.03,99.28399999999999,CRITICAL,OFFICE SUPPLIES,PAPER,REGULAR AIR
123.26,0.02,120.79480000000001,38,-4.73,1.86,123.66480000000001,HIGH,OFFICE SUPPLIES,PENS & ART SUPPLIES,REGULAR AIR
1060.34,0.04,1017.9264,42,-174.94,15.68,1177.1864,MEDIUM,FURNITURE,OFFICE FURNISHINGS,DELIVERY TRUCK
2011.46,0.01,1991.3454,48,171.07,8.66,1811.6154,LOW,FURNITURE,OFFICE FURNISHINGS,REGULAR AIR
87.32,0.08,80.33439999999999,31,-1.18,0.96,80.5544,MEDIUM,OFFICE SUPPLIES,PENS & ART SUPPLIES,REGULAR AIR
77.55,0.0,77.55,33,-37.2,1.99,112.76,CRITICAL,TECHNOLOGY,COMPUTER PERIPHERALS,REGULAR AIR
329.91,0.04,316.71360000000004,50,-279.93,9.54,587.1036,NOT SPECIFIED,OFFICE SUPPLIES,PAPER,REGULAR AIR
342.27,0.09,311.46569999999997,8,-17.68,19.99,309.15569999999997,MEDIUM,OFFICE SUPPLIES,PAPER,REGULAR AIR
577.95,0.07,537.4935,39,-86.43,7.42,616.5035,MEDIUM,OFFICE SUPPLIES,"SCISSORS, RULERS AND TRIMMERS",REGULAR AIR
980.95,0.02,961.331,41,234.68,8.18,718.471,HIGH,OFFICE SUPPLIES,PAPER,REGULAR AIR
285.91,0.02,280.1918,45,-104.99,5.22,379.9618,MEDIUM,FURNITURE,OFFICE FURNISHINGS,REGULAR AIR
2611.8035,0.06,2455.09529,48,644.81,5.92,1804.3652900000002,MEDIUM,TECHNOLOGY,TELEPHONES AND COMMUNICATION,REGULAR AIR
128.25,0.07,119.2725,30,-95.31,5.26,209.3225,HIGH,OFFICE SUPPLIES,BINDERS AND BINDER ACCESSORIES,EXPRESS AIR
141.27,0.08,129.9684,6,28.14,2.99,98.83840000000001,HIGH,OFFICE SUPPLIES,BINDERS AND BINDER ACCESSORIES,EXPRESS AIR
242.8,0.07,225.804,42,95.91,1.0,128.894,HIGH,OFFICE SUPPLIES,PENS & ART SUPPLIES,REGULAR AIR
16.02,0.09,14.578199999999999,9,-2.82,0.75,16.6482,HIGH,OFFICE SUPPLIES,RUBBER BANDS,REGULAR AIR
202.64,0.03,196.5608,47,28.75,1.17,166.6408,NOT SPECIFIED,OFFICE SUPPLIES,PENS & ART SUPPLIES,REGULAR AIR
97.57,0.04,93.6672,4,-27.31,14.87,106.10719999999999,CRITICAL,FURNITURE,OFFICE FURNISHINGS,REGULAR AIR
5072.34,0.06,4767.9996,36,369.46,19.99,4378.5496,CRITICAL,OFFICE SUPPLIES,STORAGE & ORGANIZATION,REGULAR AIR
45.63,0.02,44.717400000000005,12,15.42,0.5,28.797400000000003,CRITICAL,OFFICE SUPPLIES,LABELS,REGULAR AIR
1090.11,0.08,1002.9011999999999,21,55.87,5.5,941.5311999999999,LOW,TECHNOLOGY,COMPUTER PERIPHERALS,REGULAR AIR
60.5625,0.02,59.35125,2,-165.54,1.1,223.79125,HIGH,TECHNOLOGY,TELEPHONES AND COMMUNICATION,REGULAR AIR
67.47,0.03,65.4459,23,-100.6,6.35,159.6959,LOW,OFFICE SUPPLIES,ENVELOPES,REGULAR AIR
82.64,0.1,74.376,12,0.35,2.35,71.67600000000002,HIGH,OFFICE SUPPLIES,PENS & ART SUPPLIES,REGULAR AIR
465.9,0.05,442.60499999999996,38,79.34,4.86,358.405,HIGH,OFFICE SUPPLIES,PAPER,REGULAR AIR
742.05,0.05,704.9475,50,-337.98,13.56,1029.3675,HIGH,FURNITURE,OFFICE FURNISHINGS,REGULAR AIR
110.32,0.09,100.3912,31,-32.65,1.32,131.7212,CRITICAL,OFFICE SUPPLIES,"SCISSORS, RULERS AND TRIMMERS",REGULAR AIR
3186.77,0.09,2899.9607,42,455.42,19.95,2424.5907,LOW,OFFICE SUPPLIES,APPLIANCES,REGULAR AIR
3645.12,0.04,3499.3152,36,807.29,15.66,2676.3652,LOW,OFFICE SUPPLIES,APPLIANCES,DELIVERY TRUCK
934.07,0.07,868.6851,23,-7.5,10.25,865.9351,MEDIUM,TECHNOLOGY,COMPUTER PERIPHERALS,REGULAR AIR
175.08,0.07,162.82440000000003,35,-168.72,5.14,326.4044,MEDIUM,TECHNOLOGY,COMPUTER PERIPHERALS,REGULAR AIR
290.07,0.07,269.7651,18,-114.2,7.04,376.9251,LOW,OFFICE SUPPLIES,STORAGE & ORGANIZATION,REGULAR AIR
196.81,0.06,185.0014,31,70.39,1.34,113.27139999999999,LOW,OFFICE SUPPLIES,PAPER,REGULAR AIR
4531.34,0.08,4168.8328,20,653.68,14.7,3500.4528000000005,NOT SPECIFIED,TECHNOLOGY,OFFICE MACHINES,DELIVERY TRUCK
262.94,0.06,247.1636,18,-22.37,6.75,262.7836,NOT SPECIFIED,OFFICE SUPPLIES,APPLIANCES,REGULAR AIR
574.5,0.02,563.01,44,-449.04,14.37,997.6800000000001,NOT SPECIFIED,FURNITURE,OFFICE FURNISHINGS,REGULAR AIR
462.366,0.1,416.1294,27,-120.05,3.3,532.8793999999999,CRITICAL,TECHNOLOGY,TELEPHONES AND COMMUNICATION,REGULAR AIR
336.48,0.09,306.1968,14,5.56,5.37,295.2668,CRITICAL,OFFICE SUPPLIES,PENS & ART SUPPLIES,REGULAR AIR
69.57,0.05,66.0915,8,-36.06,6.5,95.6515,CRITICAL,OFFICE SUPPLIES,STORAGE & ORGANIZATION,REGULAR AIR
321.68,0.04,308.8128,26,-12.25,4.98,316.08279999999996,CRITICAL,OFFICE SUPPLIES,APPLIANCES,REGULAR AIR
45.73,0.0,45.73,8,-23.29,5.49,63.529999999999994,NOT SPECIFIED,OFFICE SUPPLIES,PAPER,REGULAR AIR
58.44,0.05,55.518,4,-7.04,4.5,58.058,HIGH,OFFICE SUPPLIES,APPLIANCES,EXPRESS AIR
2052.2655,0.04,1970.17488,22,371.4,2.5,1596.27488,LOW,TECHNOLOGY,TELEPHONES AND COMMUNICATION,REGULAR AIR
122.41,0.09,111.3931,18,2.37,4.95,104.0731,LOW,FURNITURE,OFFICE FURNISHINGS,REGULAR AIR
2869.44,0.08,2639.8848,50,840.55,3.99,1795.3448,NOT SPECIFIED,OFFICE SUPPLIES,APPLIANCES,REGULAR AIR
183.08,0.01,181.2492,49,82.49,0.5,98.2592,HIGH,OFFICE SUPPLIES,LABELS,REGULAR AIR
257.9,0.0,257.9,28,-84.69,8.29,334.29999999999995,NOT SPECIFIED,OFFICE SUPPLIES,ENVELOPES,REGULAR AIR
901.81,0.02,883.7737999999999,18,-76.89,19.99,940.6737999999999,CRITICAL,TECHNOLOGY,COMPUTER PERIPHERALS,REGULAR AIR
623.1265,0.09,567.045115,38,122.29,0.99,443.765115,MEDIUM,TECHNOLOGY,TELEPHONES AND COMMUNICATION,REGULAR AIR
2651.23,0.09,2412.6193,27,-741.81,35.0,3119.4293,HIGH,OFFICE SUPPLIES,STORAGE & ORGANIZATION,REGULAR AIR
107.56,0.1,96.804,17,-25.0,54.95,66.854,CRITICAL,FURNITURE,OFFICE FURNISHINGS,REGULAR AIR
971.95,0.09,884.4745,34,-21.1,6.64,898.9345000000001,CRITICAL,OFFICE SUPPLIES,STORAGE & ORGANIZATION,EXPRESS AIR
1386.69,0.05,1317.3555000000001,15,363.0,19.99,934.3655000000001,CRITICAL,OFFICE SUPPLIES,ENVELOPES,REGULAR AIR
44.51,0.01,44.0649,9,-43.48,6.89,80.6549,HIGH,OFFICE SUPPLIES,APPLIANCES,REGULAR AIR
218.29,0.09,198.6439,23,-32.43,5.76,225.31390000000002,NOT SPECIFIED,TECHNOLOGY,OFFICE MACHINES,REGULAR AIR
1554.21,0.08,1429.8732,38,114.45,8.66,1306.7631999999999,MEDIUM,FURNITURE,OFFICE FURNISHINGS,EXPRESS AIR
273.42,0.0,273.42,7,10.06,14.72,248.64,CRITICAL,OFFICE SUPPLIES,BINDERS AND BINDER ACCESSORIES,REGULAR AIR
250.75,0.02,245.735,13,-43.52,9.47,279.785,MEDIUM,OFFICE SUPPLIES,STORAGE & ORGANIZATION,REGULAR AIR
200.7,0.02,196.68599999999998,29,-147.72,9.17,335.236,MEDIUM,OFFICE SUPPLIES,PAPER,REGULAR AIR
313.05,0.02,306.789,31,81.87,1.99,222.92899999999997,MEDIUM,TECHNOLOGY,COMPUTER PERIPHERALS,EXPRESS AIR
384.21,0.04,368.84159999999997,23,-266.22,17.78,617.2816,NOT SPECIFIED,OFFICE SUPPLIES,STORAGE & ORGANIZATION,REGULAR AIR
2149.03,0.03,2084.5591000000004,23,-235.56,19.99,2300.1291000000006,CRITICAL,OFFICE SUPPLIES,STORAGE & ORGANIZATION,REGULAR AIR
10.48,0.0,10.48,1,-3.78,2.04,12.22,NOT SPECIFIED,OFFICE SUPPLIES,PAPER,EXPRESS AIR
17.59,0.1,15.831,6,-19.74,5.0,30.570999999999998,LOW,OFFICE SUPPLIES,APPLIANCES,REGULAR AIR
4211.0,0.07,3916.23,39,-270.57,69.0,4117.8,LOW,FURNITURE,TABLES,REGULAR AIR
89.99,0.0,89.99,18,18.96,1.49,69.53999999999999,MEDIUM,OFFICE SUPPLIES,BINDERS AND BINDER ACCESSORIES,REGULAR AIR
343.0,0.0,343.0,50,-76.94,5.66,414.28,HIGH,OFFICE SUPPLIES,PAPER,REGULAR AIR
135.91,0.07,126.3963,25,37.5,1.21,87.6863,MEDIUM,OFFICE SUPPLIES,PAPER,REGULAR AIR
164.22,0.1,147.798,28,-124.72,7.5,265.01800000000003,MEDIUM,OFFICE SUPPLIES,PAPER,REGULAR AIR
132.78,0.09,120.8298,18,-130.96,11.15,240.6398,LOW,OFFICE SUPPLIES,PAPER,REGULAR AIR
2096.7,0.03,2033.7989999999998,45,939.67,5.86,1088.2689999999998,HIGH,OFFICE SUPPLIES,PAPER,REGULAR AIR
81.87,0.07,76.1391,12,-31.14,5.94,101.3391,NOT SPECIFIED,OFFICE SUPPLIES,PAPER,REGULAR AIR
164.41,0.0,164.41,30,-128.52,7.54,285.39,CRITICAL,OFFICE SUPPLIES,PAPER,REGULAR AIR
103.2,0.02,101.136,23,17.89,0.94,82.306,LOW,OFFICE SUPPLIES,PENS & ART SUPPLIES,REGULAR AIR
144.14,0.05,136.933,15,12.09,1.99,122.85299999999998,LOW,TECHNOLOGY,COMPUTER PERIPHERALS,REGULAR AIR
30.65,0.03,29.7305,9,0.08,1.35,28.3005,LOW,OFFICE SUPPLIES,RUBBER BANDS,REGULAR AIR
259.83,0.0,259.83,40,80.73,1.49,177.60999999999996,NOT SPECIFIED,OFFICE SUPPLIES,BINDERS AND BINDER ACCESSORIES,REGULAR AIR
57.28,0.02,56.1344,14,7.31,1.49,47.334399999999995,LOW,OFFICE SUPPLIES,BINDERS AND BINDER ACCESSORIES,REGULAR AIR
227.87,0.02,223.3126,32,-130.61,8.4,345.5226,LOW,OFFICE SUPPLIES,PAPER,REGULAR AIR
26.5,0.05,25.175,3,20.12,4.0,1.0549999999999997,LOW,FURNITURE,OFFICE FURNISHINGS,REGULAR AIR
267.0,0.09,242.97,19,-2.83,7.17,238.63000000000002,NOT SPECIFIED,OFFICE SUPPLIES,BINDERS AND BINDER ACCESSORIES,REGULAR AIR
1763.6,0.08,1622.512,42,455.37,1.99,1165.152,LOW,TECHNOLOGY,COMPUTER PERIPHERALS,REGULAR AIR
265.75,0.06,249.805,25,14.0,5.14,230.66500000000002,NOT SPECIFIED,OFFICE SUPPLIES,BINDERS AND BINDER ACCESSORIES,REGULAR AIR
162.25,0.03,157.3825,21,-42.72,6.05,194.05249999999998,MEDIUM,OFFICE SUPPLIES,BINDERS AND BINDER ACCESSORIES,REGULAR AIR
576.58,0.04,553.5168,41,-81.55,7.59,627.4767999999999,NOT SPECIFIED,OFFICE SUPPLIES,"SCISSORS, RULERS AND TRIMMERS",REGULAR AIR
85.71,0.08,78.85319999999999,26,9.32,0.98,68.55319999999998,NOT SPECIFIED,OFFICE SUPPLIES,PENS & ART SUPPLIES,REGULAR AIR
104.97,0.07,97.6221,39,3.21,0.93,93.4821,CRITICAL,OFFICE SUPPLIES,PENS & ART SUPPLIES,REGULAR AIR
437.478,0.02,428.72844000000003,24,-42.23,1.25,469.70844000000005,HIGH,TECHNOLOGY,TELEPHONES AND COMMUNICATION,REGULAR AIR
184.74,0.0,184.74,29,-102.25,4.38,282.61,HIGH,TECHNOLOGY,COMPUTER PERIPHERALS,REGULAR AIR
802.46,0.08,738.2632,42,192.88,5.97,539.4132,NOT SPECIFIED,OFFICE SUPPLIES,PAPER,EXPRESS AIR
1769.9,0.05,1681.4050000000002,18,-468.89,35.0,2115.295,NOT SPECIFIED,OFFICE SUPPLIES,STORAGE & ORGANIZATION,EXPRESS AIR
615.68,0.08,566.4255999999999,45,-54.34,6.75,614.0156,CRITICAL,OFFICE SUPPLIES,APPLIANCES,REGULAR AIR
126.62,0.08,116.49040000000001,18,60.79,0.5,55.20040000000001,MEDIUM,OFFICE SUPPLIES,LABELS,EXPRESS AIR
111.39,0.02,109.1622,37,20.06,0.7,88.4022,CRITICAL,OFFICE SUPPLIES,PENS & ART SUPPLIES,REGULAR AIR
370.48,0.04,355.6608,28,-5.45,4.51,356.6008,LOW,OFFICE SUPPLIES,STORAGE & ORGANIZATION,REGULAR AIR
403.17,0.02,395.1066,14,147.45,1.49,246.16660000000002,CRITICAL,OFFICE SUPPLIES,BINDERS AND BINDER ACCESSORIES,REGULAR AIR
54.32,0.09,49.431200000000004,16,16.11,0.7,32.6212,NOT SPECIFIED,OFFICE SUPPLIES,RUBBER BANDS,REGULAR AIR
2185.61,0.01,2163.7539,29,-2897.25,89.3,4971.7039,LOW,FURNITURE,TABLES,DELIVERY TRUCK
184.1,0.04,176.736,48,43.2,0.7,132.836,LOW,OFFICE SUPPLIES,PENS & ART SUPPLIES,REGULAR AIR
2138.63,0.01,2117.2437,14,453.03,19.99,1644.2237000000002,HIGH,OFFICE SUPPLIES,STORAGE & ORGANIZATION,REGULAR AIR
76.04,0.04,72.9984,12,-47.55,7.15,113.3984,NOT SPECIFIED,OFFICE SUPPLIES,PAPER,REGULAR AIR
225.4,0.08,207.368,35,-165.48,8.4,364.448,NOT SPECIFIED,OFFICE SUPPLIES,PAPER,REGULAR AIR
4408.27,0.04,4231.939200000001,24,329.28,30.0,3872.659200000001,NOT SPECIFIED,FURNITURE,CHAIRS & CHAIRMATS,DELIVERY TRUCK
4011.65,0.05,3811.0675,30,-603.8,54.74,4360.1275000000005,MEDIUM,FURNITURE,BOOKCASES,DELIVERY TRUCK
154.35,0.0,154.35,21,-91.14,8.74,236.75,CRITICAL,OFFICE SUPPLIES,PAPER,REGULAR AIR
216.77,0.02,212.43460000000002,33,-55.11,5.27,262.2746,CRITICAL,OFFICE SUPPLIES,BINDERS AND BINDER ACCESSORIES,REGULAR AIR
89.97,0.02,88.1706,15,23.48,1.46,63.230599999999995,CRITICAL,OFFICE SUPPLIES,PAPER,REGULAR AIR
884.1275,0.06,831.0798500000001,9,-178.71,4.23,1005.5598500000001,LOW,TECHNOLOGY,TELEPHONES AND COMMUNICATION,REGULAR AIR
692.73,0.01,685.8027000000001,16,94.97,17.48,573.3527,HIGH,OFFICE SUPPLIES,PAPER,REGULAR AIR
22.19,0.01,21.9681,6,-3.51,1.86,23.6181,CRITICAL,OFFICE SUPPLIES,PENS & ART SUPPLIES,REGULAR AIR
815.89,0.1,734.3009999999999,43,-20.25,4.0,750.5509999999999,MEDIUM,TECHNOLOGY,COMPUTER PERIPHERALS,REGULAR AIR
4933.99,0.1,4440.590999999999,41,1161.89,12.65,3266.0509999999995,NOT SPECIFIED,FURNITURE,CHAIRS & CHAIRMATS,REGULAR AIR
72.93,0.01,72.20070000000001,23,28.55,0.49,43.16070000000002,HIGH,OFFICE SUPPLIES,LABELS,REGULAR AIR
2537.88,0.03,2461.7436000000002,42,-377.25,32.41,2806.5836000000004,NOT SPECIFIED,FURNITURE,CHAIRS & CHAIRMATS,DELIVERY TRUCK
311.38,0.06,292.6972,26,34.12,5.72,252.85719999999998,CRITICAL,OFFICE SUPPLIES,ENVELOPES,REGULAR AIR
456.91,0.04,438.6336,28,-328.18,17.78,749.0336,CRITICAL,OFFICE SUPPLIES,STORAGE & ORGANIZATION,EXPRESS AIR
24.72,0.06,23.2368,8,-21.47,3.5,41.2068,LOW,OFFICE SUPPLIES,PENS & ART SUPPLIES,REGULAR AIR
2066.63,0.03,2004.6311,14,65.58,19.99,1919.0611000000001,LOW,OFFICE SUPPLIES,STORAGE & ORGANIZATION,REGULAR AIR
116.38,0.08,107.0696,12,29.68,2.03,75.3596,MEDIUM,OFFICE SUPPLIES,PAPER,REGULAR AIR
62.77,0.01,62.142300000000006,1,-36.84,4.5,94.48230000000001,NOT SPECIFIED,OFFICE SUPPLIES,APPLIANCES,REGULAR AIR
240.14,0.06,225.7316,36,57.78,2.0,165.95159999999998,LOW,OFFICE SUPPLIES,PAPER,EXPRESS AIR
879.54,0.09,800.3814,40,166.93,6.3,627.1514,LOW,TECHNOLOGY,OFFICE MACHINES,REGULAR AIR
269.93,0.05,256.4335,48,119.64,0.95,135.8435,LOW,OFFICE SUPPLIES,PAPER,EXPRESS AIR
4547.9,0.01,4502.420999999999,45,-768.14,58.2,5212.361,NOT SPECIFIED,FURNITURE,CHAIRS & CHAIRMATS,DELIVERY TRUCK
4212.752,0.06,3959.9868800000004,18,-715.78,54.12,4621.64688,MEDIUM,FURNITURE,TABLES,DELIVERY TRUCK
249.02,0.1,224.118,46,-282.61,8.49,498.238,MEDIUM,OFFICE SUPPLIES,BINDERS AND BINDER ACCESSORIES,REGULAR AIR
78.49,0.03,76.1353,41,5.53,0.75,69.8553,MEDIUM,OFFICE SUPPLIES,RUBBER BANDS,REGULAR AIR
119.2,0.06,112.048,32,30.61,0.99,80.44800000000001,HIGH,OFFICE SUPPLIES,RUBBER BANDS,REGULAR AIR
418.82,0.02,410.4436,48,-60.21,6.19,464.4636,MEDIUM,OFFICE SUPPLIES,BINDERS AND BINDER ACCESSORIES,REGULAR AIR
127.17,0.1,114.453,23,-108.13,6.98,215.603,MEDIUM,OFFICE SUPPLIES,BINDERS AND BINDER ACCESSORIES,REGULAR AIR
2545.89,0.01,2520.4311,17,-321.51,35.0,2806.9411,CRITICAL,OFFICE SUPPLIES,STORAGE & ORGANIZATION,REGULAR AIR
106.03,0.09,96.4873,26,42.89,0.5,53.097300000000004,CRITICAL,OFFICE SUPPLIES,LABELS,REGULAR AIR
241.9,0.05,229.805,41,-136.7,5.92,360.58500000000004,CRITICAL,FURNITURE,OFFICE FURNISHINGS,REGULAR AIR
65.16,0.03,63.2052,29,-7.04,1.38,68.8652,CRITICAL,OFFICE SUPPLIES,RUBBER BANDS,REGULAR AIR
2269.41,0.05,2155.9395,33,630.18,3.5,1522.2595000000001,MEDIUM,OFFICE SUPPLIES,APPLIANCES,REGULAR AIR
2514.5125,0.04,2413.932,46,601.65,4.99,1807.292,CRITICAL,TECHNOLOGY,TELEPHONES AND COMMUNICATION,EXPRESS AIR
1425.21,0.1,1282.689,9,-65.02,30.0,1317.709,LOW,FURNITURE,CHAIRS & CHAIRMATS,DELIVERY TRUCK
2435.5135,0.08,2240.67242,24,315.49,4.2,1920.98242,NOT SPECIFIED,TECHNOLOGY,TELEPHONES AND COMMUNICATION,REGULAR AIR
40.72,0.1,36.647999999999996,4,-10.25,6.93,39.967999999999996,LOW,OFFICE SUPPLIES,PAPER,EXPRESS AIR
568.7435,0.05,540.306325,19,143.79,3.3,393.2163250000001,HIGH,TECHNOLOGY,TELEPHONES AND COMMUNICATION,REGULAR AIR
2506.38,0.07,2330.9334,20,-500.46,51.94,2779.4534,LOW,FURNITURE,TABLES,DELIVERY TRUCK
1959.43,0.09,1783.0813,49,467.72,4.62,1310.7413000000001,LOW,OFFICE SUPPLIES,APPLIANCES,REGULAR AIR
5549.79,0.09,5050.3089,47,1300.8,17.85,3731.6588999999994,HIGH,TECHNOLOGY,OFFICE MACHINES,DELIVERY TRUCK
728.127,0.02,713.5644599999999,41,49.79,4.81,658.96446,NOT SPECIFIED,TECHNOLOGY,TELEPHONES AND COMMUNICATION,REGULAR AIR
1118.2515,0.1,1006.4263500000001,22,-59.59,8.99,1057.02635,HIGH,TECHNOLOGY,TELEPHONES AND COMMUNICATION,REGULAR AIR
1883.82,0.08,1733.1144,43,528.77,3.5,1200.8444,HIGH,OFFICE SUPPLIES,APPLIANCES,REGULAR AIR
609.4,0.04,585.024,40,-89.23,10.91,663.344,HIGH,OFFICE SUPPLIES,BINDERS AND BINDER ACCESSORIES,REGULAR AIR
282.58,0.1,254.32199999999997,36,21.68,1.99,230.65199999999996,LOW,TECHNOLOGY,COMPUTER PERIPHERALS,EXPRESS AIR
61.5,0.09,55.965,16,-16.27,2.97,69.265,CRITICAL,OFFICE SUPPLIES,PAPER,REGULAR AIR
113.3,0.02,111.03399999999999,27,37.33,0.99,72.714,LOW,OFFICE SUPPLIES,RUBBER BANDS,REGULAR AIR
324.3175,0.03,314.587975,10,-169.74,5.0,479.327975,CRITICAL,TECHNOLOGY,TELEPHONES AND COMMUNICATION,EXPRESS AIR
194.11,0.03,188.28670000000002,8,87.66,8.99,91.63670000000002,MEDIUM,FURNITURE,OFFICE FURNISHINGS,REGULAR AIR
167.53,0.03,162.5041,11,-40.94,7.69,195.7541,MEDIUM,OFFICE SUPPLIES,STORAGE & ORGANIZATION,REGULAR AIR
751.94,0.02,736.9012,5,-283.94,17.85,1002.9911999999999,LOW,TECHNOLOGY,OFFICE MACHINES,DELIVERY TRUCK
48.24,0.09,43.8984,17,-1.62,1.01,44.5084,LOW,OFFICE SUPPLIES,PENS & ART SUPPLIES,REGULAR AIR
200.08,0.05,190.07600000000002,36,-62.97,5.06,247.98600000000002,MEDIUM,OFFICE SUPPLIES,PAPER,REGULAR AIR
790.24,0.09,719.1184000000001,24,-213.18,9.02,923.2784000000001,MEDIUM,TECHNOLOGY,COMPUTER PERIPHERALS,REGULAR AIR
1934.6,0.09,1760.4859999999999,33,614.03,14.48,1131.9759999999999,LOW,FURNITURE,OFFICE FURNISHINGS,REGULAR AIR
144.84,0.0,144.84,18,21.49,2.82,120.53000000000002,HIGH,OFFICE SUPPLIES,RUBBER BANDS,REGULAR AIR
24.96,0.01,24.7104,13,-20.68,1.99,43.400400000000005,MEDIUM,TECHNOLOGY,COMPUTER PERIPHERALS,REGULAR AIR
255.31,0.02,250.2038,5,41.41,5.79,203.0038,HIGH,OFFICE SUPPLIES,PAPER,REGULAR AIR
1219.19,0.02,1194.8062,8,44.37,13.99,1136.4462,HIGH,TECHNOLOGY,OFFICE MACHINES,REGULAR AIR
129.7865,0.05,123.297175,4,-116.51,5.99,233.81717500000002,CRITICAL,TECHNOLOGY,TELEPHONES AND COMMUNICATION,EXPRESS AIR
1844.26,0.03,1788.9322,50,47.58,12.9,1728.4522,CRITICAL,OFFICE SUPPLIES,STORAGE & ORGANIZATION,REGULAR AIR
3467.28,0.06,3259.2432000000003,20,-433.29,29.21,3663.3232000000003,CRITICAL,FURNITURE,TABLES,DELIVERY TRUCK
5897.47,0.0,5897.47,46,-1764.29,70.2,7591.56,CRITICAL,FURNITURE,CHAIRS & CHAIRMATS,DELIVERY TRUCK
1233.51,0.05,1171.8345,40,308.67,9.18,853.9844999999998,MEDIUM,OFFICE SUPPLIES,PAPER,REGULAR AIR
379.78,0.1,341.80199999999996,48,-71.59,2.38,411.01199999999994,HIGH,TECHNOLOGY,COMPUTER PERIPHERALS,REGULAR AIR
856.34,0.06,804.9596,30,248.91,1.99,554.0596,MEDIUM,TECHNOLOGY,COMPUTER PERIPHERALS,REGULAR AIR
238.35,0.0,238.35,19,-64.51,7.95,294.91,MEDIUM,OFFICE SUPPLIES,PENS & ART SUPPLIES,REGULAR AIR
29.06,0.1,26.154,2,-16.15,6.97,35.334,LOW,OFFICE SUPPLIES,ENVELOPES,REGULAR AIR
2526.54,0.04,2425.4784,46,772.11,2.5,1650.8683999999998,HIGH,TECHNOLOGY,TELEPHONES AND COMMUNICATION,REGULAR AIR
162.39,0.1,146.15099999999998,33,-101.68,5.57,242.261,HIGH,OFFICE SUPPLIES,PAPER,REGULAR AIR
28.68,0.0,28.68,15,-0.12,0.7,28.1,HIGH,OFFICE SUPPLIES,PENS & ART SUPPLIES,REGULAR AIR
206.2865,0.05,195.972175,31,-111.98,5.03,302.922175,MEDIUM,TECHNOLOGY,TELEPHONES AND COMMUNICATION,REGULAR AIR
5452.9,0.07,5071.196999999999,24,426.67,28.66,4615.866999999999,MEDIUM,OFFICE SUPPLIES,STORAGE & ORGANIZATION,DELIVERY TRUCK
840.24,0.0,840.24,36,19.73,8.99,811.52,LOW,OFFICE SUPPLIES,PENS & ART SUPPLIES,REGULAR AIR
3637.728,0.06,3419.46432,23,349.47,8.99,3061.00432,MEDIUM,TECHNOLOGY,TELEPHONES AND COMMUNICATION,REGULAR AIR
2398.9,0.09,2182.9990000000003,27,656.95,18.13,1507.919,LOW,FURNITURE,OFFICE FURNISHINGS,EXPRESS AIR
306.13,0.09,278.5783,50,87.6,1.49,189.4883,LOW,OFFICE SUPPLIES,BINDERS AND BINDER ACCESSORIES,EXPRESS AIR
128.86,0.1,115.97400000000002,21,-42.81,5.16,153.62400000000002,LOW,OFFICE SUPPLIES,PAPER,REGULAR AIR
64.11,0.09,58.3401,24,-4.09,0.97,61.4601,NOT SPECIFIED,OFFICE SUPPLIES,PENS & ART SUPPLIES,REGULAR AIR
5369.46,0.07,4993.5978,19,-439.62,57.0,5376.217799999999,MEDIUM,FURNITURE,CHAIRS & CHAIRMATS,DELIVERY TRUCK
11.15,0.04,10.704,2,-5.54,2.97,13.274000000000001,HIGH,OFFICE SUPPLIES,PAPER,REGULAR AIR
2427.25,0.1,2184.525,25,227.67,19.99,1936.8650000000002,HIGH,TECHNOLOGY,COMPUTER PERIPHERALS,REGULAR AIR
524.212,0.04,503.24352,17,127.85,3.3,372.09352,NOT SPECIFIED,TECHNOLOGY,TELEPHONES AND COMMUNICATION,REGULAR AIR
24.2,0.08,22.264,6,-5.2,1.17,26.294,NOT SPECIFIED,OFFICE SUPPLIES,PENS & ART SUPPLIES,REGULAR AIR
367.53,0.03,356.5041,23,11.65,27.75,317.1041,CRITICAL,FURNITURE,TABLES,DELIVERY TRUCK
1083.4015,0.02,1061.73347,19,64.53,8.99,988.2134699999999,HIGH,TECHNOLOGY,TELEPHONES AND COMMUNICATION,REGULAR AIR
329.63,0.05,313.1485,3,-541.33,8.99,845.4885,HIGH,TECHNOLOGY,TELEPHONES AND COMMUNICATION,REGULAR AIR
139.45,0.02,136.661,23,-137.49,8.49,265.661,LOW,OFFICE SUPPLIES,BINDERS AND BINDER ACCESSORIES,REGULAR AIR
62.62,0.1,56.358,15,-67.06,6.27,117.148,MEDIUM,OFFICE SUPPLIES,BINDERS AND BINDER ACCESSORIES,EXPRESS AIR
64.25,0.07,59.7525,5,-7.94,4.86,62.832499999999996,MEDIUM,OFFICE SUPPLIES,PAPER,REGULAR AIR
2617.13,0.0,2617.13,39,368.87,6.88,2241.38,CRITICAL,OFFICE SUPPLIES,STORAGE & ORGANIZATION,REGULAR AIR
178.78,0.02,175.2044,8,-28.34,8.99,194.5544,CRITICAL,FURNITURE,OFFICE FURNISHINGS,REGULAR AIR
2169.49,0.06,2039.3205999999998,40,1043.43,4.85,991.0405999999998,CRITICAL,OFFICE SUPPLIES,PAPER,REGULAR AIR
64.09,0.02,62.80820000000001,4,3.72,1.39,57.69820000000001,HIGH,OFFICE SUPPLIES,ENVELOPES,REGULAR AIR
2208.31,0.04,2119.9776,48,569.08,4.8,1546.0976,LOW,FURNITURE,OFFICE FURNISHINGS,REGULAR AIR
1295.502,0.01,1282.5469799999998,22,224.86,3.99,1053.6969799999997,MEDIUM,TECHNOLOGY,TELEPHONES AND COMMUNICATION,EXPRESS AIR
873.82,0.1,786.4380000000001,20,244.45,4.8,537.1880000000001,HIGH,FURNITURE,OFFICE FURNISHINGS,REGULAR AIR
11.57,0.01,11.4543,6,-2.06,0.7,12.814300000000001,LOW,OFFICE SUPPLIES,PENS & ART SUPPLIES,REGULAR AIR
1449.45,0.04,1391.472,36,620.07,2.99,768.4119999999999,LOW,OFFICE SUPPLIES,BINDERS AND BINDER ACCESSORIES,REGULAR AIR
80.92,0.09,73.6372,10,-20.16,5.83,87.9672,LOW,OFFICE SUPPLIES,PAPER,REGULAR AIR
7817.45,0.03,7582.9265,50,-1303.6,60.2,8826.3265,CRITICAL,FURNITURE,CHAIRS & CHAIRMATS,DELIVERY TRUCK
63.93,0.03,62.0121,4,40.63,6.02,15.362099999999991,MEDIUM,FURNITURE,OFFICE FURNISHINGS,EXPRESS AIR
278.0,0.08,255.76,49,41.67,1.17,212.92000000000002,NOT SPECIFIED,OFFICE SUPPLIES,PENS & ART SUPPLIES,REGULAR AIR
6045.98,0.08,5562.3016,41,-996.67,66.27,6492.701599999999,MEDIUM,FURNITURE,BOOKCASES,DELIVERY TRUCK
110.96,0.08,102.08319999999999,46,35.92,0.5,65.66319999999999,CRITICAL,OFFICE SUPPLIES,LABELS,REGULAR AIR
3075.752,0.04,2952.72192,16,-572.69,59.24,3466.1719200000002,MEDIUM,FURNITURE,TABLES,DELIVERY TRUCK
164.1,0.03,159.177,26,-41.22,5.01,195.387,MEDIUM,OFFICE SUPPLIES,BINDERS AND BINDER ACCESSORIES,EXPRESS AIR
1316.87,0.02,1290.5326,23,204.7,5.5,1080.3326,MEDIUM,TECHNOLOGY,COMPUTER PERIPHERALS,EXPRESS AIR
1711.79,0.01,1694.6721,49,812.32,1.99,880.3620999999999,HIGH,TECHNOLOGY,COMPUTER PERIPHERALS,REGULAR AIR
38.24,0.02,37.4752,11,-37.55,5.33,69.6952,HIGH,OFFICE SUPPLIES,LABELS,REGULAR AIR
80.33,0.01,79.5267,27,2.49,0.96,76.07670000000002,MEDIUM,OFFICE SUPPLIES,PENS & ART SUPPLIES,REGULAR AIR
3832.24,0.09,3487.3383999999996,43,-1570.32,56.2,5001.4583999999995,CRITICAL,FURNITURE,OFFICE FURNISHINGS,EXPRESS AIR
9708.64,0.1,8737.776,48,-528.65,69.64,9196.786,LOW,FURNITURE,TABLES,DELIVERY TRUCK
6618.457,0.1,5956.6113000000005,40,1489.96,5.99,4460.661300000001,MEDIUM,TECHNOLOGY,TELEPHONES AND COMMUNICATION,REGULAR AIR
2192.63,0.05,2082.9985,37,660.06,3.99,1418.9485000000004,MEDIUM,OFFICE SUPPLIES,APPLIANCES,REGULAR AIR
803.267,0.06,755.0709800000001,15,-19.97,5.26,769.7809800000001,MEDIUM,TECHNOLOGY,TELEPHONES AND COMMUNICATION,REGULAR AIR
56.695,0.01,56.12805,3,-70.97,0.99,126.10804999999999,MEDIUM,TECHNOLOGY,TELEPHONES AND COMMUNICATION,REGULAR AIR
1882.18,0.09,1712.7838000000002,19,336.26,5.81,1370.7138000000002,CRITICAL,FURNITURE,OFFICE FURNISHINGS,EXPRESS AIR
88.4,0.08,81.328,19,35.5,0.5,45.328,NOT SPECIFIED,OFFICE SUPPLIES,LABELS,REGULAR AIR
390.35,0.05,370.83250000000004,34,71.03,2.36,297.4425,NOT SPECIFIED,OFFICE SUPPLIES,PENS & ART SUPPLIES,REGULAR AIR
772.67,0.0,772.67,36,286.87,2.99,482.80999999999995,NOT SPECIFIED,OFFICE SUPPLIES,BINDERS AND BINDER ACCESSORIES,REGULAR AIR
1875.18,0.01,1856.4282,10,-433.29,29.21,2260.5082,MEDIUM,FURNITURE,TABLES,DELIVERY TRUCK
3587.72,0.0,3587.72,47,54.23,89.3,3444.1899999999996,MEDIUM,FURNITURE,TABLES,DELIVERY TRUCK
375.76,0.0,375.76,42,-241.63,10.16,607.23,MEDIUM,FURNITURE,OFFICE FURNISHINGS,REGULAR AIR
92.15,0.08,84.778,20,36.98,0.5,47.29800000000001,CRITICAL,OFFICE SUPPLIES,LABELS,REGULAR AIR
821.7885,0.06,772.48119,18,-230.34,5.0,997.82119,HIGH,TECHNOLOGY,TELEPHONES AND COMMUNICATION,EXPRESS AIR
95.68,0.07,88.98240000000001,13,-15.27,5.14,99.11240000000001,CRITICAL,OFFICE SUPPLIES,PAPER,EXPRESS AIR
1350.531,0.01,1337.02569,24,221.18,5.26,1110.5856899999999,LOW,TECHNOLOGY,TELEPHONES AND COMMUNICATION,REGULAR AIR
73.86,0.08,67.9512,7,-52.49,9.45,110.99119999999999,CRITICAL,OFFICE SUPPLIES,STORAGE & ORGANIZATION,REGULAR AIR
979.52,0.1,881.568,17,-362.04,36.61,1206.998,MEDIUM,FURNITURE,BOOKCASES,DELIVERY TRUCK
5740.624,0.09,5223.967839999999,35,-526.48,29.1,5721.3478399999985,LOW,FURNITURE,TABLES,DELIVERY TRUCK
2328.62,0.0,2328.62,19,45.54,30.0,2253.08,CRITICAL,FURNITURE,CHAIRS & CHAIRMATS,DELIVERY TRUCK
5332.42,0.06,5012.4748,49,-219.2,30.0,5201.6748,CRITICAL,FURNITURE,CHAIRS & CHAIRMATS,DELIVERY TRUCK
21.84,0.02,21.4032,4,-25.31,2.39,44.3232,LOW,TECHNOLOGY,COMPUTER PERIPHERALS,REGULAR AIR
1597.02,0.01,1581.0498,47,749.03,1.99,830.0298,HIGH,TECHNOLOGY,COMPUTER PERIPHERALS,REGULAR AIR
100.95,0.05,95.9025,17,-21.3,3.37,113.8325,HIGH,OFFICE SUPPLIES,RUBBER BANDS,REGULAR AIR
218.27,0.03,211.7219,34,-44.14,4.92,250.94190000000003,HIGH,OFFICE SUPPLIES,BINDERS AND BINDER ACCESSORIES,REGULAR AIR
628.22,0.0,628.22,41,163.81,5.0,459.41,HIGH,FURNITURE,OFFICE FURNISHINGS,REGULAR AIR
3366.1,0.07,3130.473,24,-335.32,52.42,3413.373,HIGH,FURNITURE,TABLES,DELIVERY TRUCK
676.13,0.03,655.8461,40,45.39,6.5,603.9561,HIGH,TECHNOLOGY,COMPUTER PERIPHERALS,REGULAR AIR
100.4,0.06,94.376,20,11.94,2.04,80.396,HIGH,OFFICE SUPPLIES,PAPER,REGULAR AIR
7668.55,0.04,7361.808,26,-715.78,54.12,8023.468,HIGH,FURNITURE,TABLES,DELIVERY TRUCK
226.1,0.0,226.1,34,-52.21,5.19,273.12,MEDIUM,OFFICE SUPPLIES,BINDERS AND BINDER ACCESSORIES,REGULAR AIR
2135.9735,0.07,1986.455355,40,239.4,8.99,1738.065355,HIGH,TECHNOLOGY,TELEPHONES AND COMMUNICATION,REGULAR AIR
3905.75,0.01,3866.6925,21,55.3,29.21,3782.1825,MEDIUM,FURNITURE,TABLES,DELIVERY TRUCK
1651.09,0.05,1568.5355,22,-2.38,12.14,1558.7755,HIGH,TECHNOLOGY,COMPUTER PERIPHERALS,REGULAR AIR
95.89,0.0,95.89,14,-46.31,7.15,135.05,HIGH,OFFICE SUPPLIES,PAPER,REGULAR AIR
80.38,0.09,73.1458,23,-71.11,4.17,140.0858,HIGH,OFFICE SUPPLIES,PENS & ART SUPPLIES,REGULAR AIR
182.33,0.1,164.097,32,40.85,1.49,121.757,LOW,OFFICE SUPPLIES,BINDERS AND BINDER ACCESSORIES,REGULAR AIR
257.42,0.01,254.84580000000003,30,59.18,2.87,192.7958,CRITICAL,OFFICE SUPPLIES,PAPER,REGULAR AIR
679.6,0.02,666.008,6,-85.76,13.99,737.778,CRITICAL,FURNITURE,OFFICE FURNISHINGS,REGULAR AIR
78.17,0.01,77.3883,21,-72.7,5.44,144.6483,NOT SPECIFIED,OFFICE SUPPLIES,BINDERS AND BINDER ACCESSORIES,EXPRESS AIR
327.15,0.04,314.06399999999996,19,47.3,3.26,263.50399999999996,HIGH,OFFICE SUPPLIES,"SCISSORS, RULERS AND TRIMMERS",REGULAR AIR
534.96,0.08,492.1632,30,-26.72,3.17,515.7132,CRITICAL,TECHNOLOGY,COMPUTER PERIPHERALS,REGULAR AIR
887.94,0.02,870.1812000000001,7,49.45,7.11,813.6212,CRITICAL,TECHNOLOGY,OFFICE MACHINES,REGULAR AIR
180.38,0.08,165.9496,29,-119.32,7.49,277.77959999999996,CRITICAL,OFFICE SUPPLIES,PAPER,REGULAR AIR
569.21,0.01,563.5179,14,-38.51,4.0,598.0279,HIGH,TECHNOLOGY,COMPUTER PERIPHERALS,REGULAR AIR
260.12,0.05,247.114,30,36.54,4.19,206.38400000000001,LOW,FURNITURE,OFFICE FURNISHINGS,REGULAR AIR
284.62,0.1,256.158,14,-27.08,5.42,277.81800000000004,NOT SPECIFIED,OFFICE SUPPLIES,STORAGE & ORGANIZATION,EXPRESS AIR
159.26,0.01,157.6674,41,73.89,0.5,83.27739999999999,MEDIUM,OFFICE SUPPLIES,LABELS,REGULAR AIR
57.84,0.07,53.7912,1,-41.77,4.5,91.06120000000001,MEDIUM,OFFICE SUPPLIES,APPLIANCES,REGULAR AIR
3991.99,0.0,3991.99,42,-1014.11,56.2,4949.9,MEDIUM,FURNITURE,OFFICE FURNISHINGS,REGULAR AIR
2926.33,0.09,2662.9602999999997,47,499.27,19.99,2143.7003,LOW,OFFICE SUPPLIES,BINDERS AND BINDER ACCESSORIES,REGULAR AIR
40.05,0.1,36.044999999999995,20,-10.22,1.49,44.77499999999999,LOW,OFFICE SUPPLIES,BINDERS AND BINDER ACCESSORIES,REGULAR AIR
552.87,0.01,547.3413,20,-64.82,5.89,606.2713000000001,LOW,TECHNOLOGY,COMPUTER PERIPHERALS,REGULAR AIR
30.51,0.09,27.764100000000003,11,-17.68,2.4,43.0441,MEDIUM,OFFICE SUPPLIES,PENS & ART SUPPLIES,REGULAR AIR
26.33,0.05,25.013499999999997,12,-33.61,4.86,53.76349999999999,LOW,FURNITURE,OFFICE FURNISHINGS,REGULAR AIR
2851.17,0.06,2680.0998,50,-868.88,36.61,3512.3698,LOW,FURNITURE,BOOKCASES,DELIVERY TRUCK
183.43,0.06,172.4242,15,-41.86,6.27,208.01420000000002,LOW,OFFICE SUPPLIES,STORAGE & ORGANIZATION,REGULAR AIR
51.3,0.05,48.735,5,-32.48,11.15,70.065,MEDIUM,OFFICE SUPPLIES,PAPER,EXPRESS AIR
8.48,0.1,7.632000000000001,1,-7.9,3.63,11.902000000000001,MEDIUM,FURNITURE,OFFICE FURNISHINGS,REGULAR AIR
87.52,0.03,84.89439999999999,26,-70.02,3.97,150.94439999999997,MEDIUM,OFFICE SUPPLIES,PENS & ART SUPPLIES,REGULAR AIR
1497.7595,0.04,1437.8491199999999,50,483.66,1.1,953.0891199999999,LOW,TECHNOLOGY,TELEPHONES AND COMMUNICATION,REGULAR AIR
2811.7,0.09,2558.647,41,-3074.27,69.0,5563.9169999999995,NOT SPECIFIED,FURNITURE,TABLES,REGULAR AIR
131.2,0.01,129.88799999999998,31,-107.98,5.13,232.738,LOW,OFFICE SUPPLIES,APPLIANCES,REGULAR AIR
53.91,0.05,51.214499999999994,17,19.47,0.49,31.254499999999993,CRITICAL,OFFICE SUPPLIES,LABELS,REGULAR AIR
127.8,0.07,118.854,8,-30.48,7.51,141.82399999999998,MEDIUM,OFFICE SUPPLIES,STORAGE & ORGANIZATION,REGULAR AIR
223.64,0.1,201.27599999999998,39,-90.26,5.35,286.186,NOT SPECIFIED,OFFICE SUPPLIES,PAPER,REGULAR AIR
196.8515,0.09,179.134865,2,-606.6,5.99,779.744865,HIGH,TECHNOLOGY,TELEPHONES AND COMMUNICATION,REGULAR AIR
40.23,0.05,38.2185,4,-30.26,9.23,59.2485,LOW,OFFICE SUPPLIES,APPLIANCES,REGULAR AIR
341.55,0.06,321.057,39,-255.65,10.16,566.547,CRITICAL,FURNITURE,OFFICE FURNISHINGS,REGULAR AIR
98.37,0.09,89.5167,14,-76.54,9.17,156.88670000000002,CRITICAL,OFFICE SUPPLIES,PAPER,EXPRESS AIR
19.36,0.1,17.424,2,-11.85,6.18,23.094,NOT SPECIFIED,OFFICE SUPPLIES,PAPER,REGULAR AIR
206.27,0.09,187.7057,30,-54.44,5.48,236.66570000000002,NOT SPECIFIED,OFFICE SUPPLIES,BINDERS AND BINDER ACCESSORIES,REGULAR AIR
133.9,0.03,129.883,3,-14.58,2.99,141.473,LOW,OFFICE SUPPLIES,BINDERS AND BINDER ACCESSORIES,REGULAR AIR
2040.95,0.07,1898.0835,42,-1231.87,35.0,3094.9534999999996,HIGH,OFFICE SUPPLIES,STORAGE & ORGANIZATION,REGULAR AIR
802.19,0.0,802.19,25,56.26,6.64,739.2900000000001,NOT SPECIFIED,OFFICE SUPPLIES,STORAGE & ORGANIZATION,REGULAR AIR
242.36,0.08,222.9712,4,-131.48,1.99,352.46119999999996,NOT SPECIFIED,TECHNOLOGY,COMPUTER PERIPHERALS,REGULAR AIR
446.04,0.01,441.5796,39,59.04,5.14,377.3996,LOW,OFFICE SUPPLIES,BINDERS AND BINDER ACCESSORIES,REGULAR AIR
1090.4,0.06,1024.976,26,146.24,8.99,869.7460000000001,NOT SPECIFIED,OFFICE SUPPLIES,PENS & ART SUPPLIES,REGULAR AIR
1100.21,0.03,1067.2037,50,433.59,1.99,631.6237000000001,MEDIUM,TECHNOLOGY,COMPUTER PERIPHERALS,REGULAR AIR
104.89,0.07,97.5477,24,22.84,1.49,73.21770000000001,NOT SPECIFIED,OFFICE SUPPLIES,BINDERS AND BINDER ACCESSORIES,EXPRESS AIR
10714.78,0.0,10714.78,41,-627.64,66.67,11275.75,MEDIUM,FURNITURE,TABLES,DELIVERY TRUCK
1824.13,0.05,1732.9235,46,104.51,7.12,1621.2935000000002,HIGH,TECHNOLOGY,COMPUTER PERIPHERALS,REGULAR AIR
151.38,0.04,145.32479999999998,27,-55.61,5.3,195.63479999999998,HIGH,OFFICE SUPPLIES,ENVELOPES,REGULAR AIR
872.48,0.08,802.6816,9,-342.91,35.0,1110.5916,NOT SPECIFIED,OFFICE SUPPLIES,STORAGE & ORGANIZATION,EXPRESS AIR
3617.64,0.07,3364.4051999999997,26,-354.13,43.75,3674.7852,HIGH,FURNITURE,TABLES,DELIVERY TRUCK
63.52,0.08,58.4384,4,-8.47,4.81,62.0984,NOT SPECIFIED,OFFICE SUPPLIES,STORAGE & ORGANIZATION,EXPRESS AIR
676.79,0.0,676.79,19,213.2,1.99,461.59999999999997,NOT SPECIFIED,TECHNOLOGY,COMPUTER PERIPHERALS,REGULAR AIR
2409.96,0.07,2241.2628,32,575.1,4.5,1661.6628,MEDIUM,OFFICE SUPPLIES,APPLIANCES,REGULAR AIR
931.1495,0.06,875.28053,10,-128.83,2.5,1001.61053,NOT SPECIFIED,TECHNOLOGY,TELEPHONES AND COMMUNICATION,REGULAR AIR
951.09,0.02,932.0682,15,-246.32,36.61,1141.7782,NOT SPECIFIED,FURNITURE,BOOKCASES,DELIVERY TRUCK
4502.26,0.09,4097.0566,38,1272.17,26.3,2798.5865999999996,MEDIUM,TECHNOLOGY,OFFICE MACHINES,DELIVERY TRUCK
192.23,0.07,178.7739,34,-149.84,7.64,320.9739,MEDIUM,OFFICE SUPPLIES,PAPER,REGULAR AIR
237.89,0.0,237.89,39,-165.26,7.96,395.18999999999994,CRITICAL,OFFICE SUPPLIES,PAPER,REGULAR AIR
598.49,0.05,568.5655,29,34.16,4.0,530.4055000000001,NOT SPECIFIED,TECHNOLOGY,COMPUTER PERIPHERALS,REGULAR AIR
3008.5,0.05,2858.075,33,1101.9,14.0,1742.1749999999997,LOW,TECHNOLOGY,OFFICE MACHINES,DELIVERY TRUCK
371.94,0.05,353.343,13,106.53,4.86,241.953,NOT SPECIFIED,OFFICE SUPPLIES,PAPER,REGULAR AIR
195.83,0.04,187.9968,24,10.79,1.99,175.2168,LOW,TECHNOLOGY,COMPUTER PERIPHERALS,REGULAR AIR
94.84,0.01,93.8916,15,-26.66,5.15,115.40159999999999,NOT SPECIFIED,OFFICE SUPPLIES,PAPER,REGULAR AIR
8246.86,0.06,7752.048400000001,46,-433.29,29.21,8156.1284000000005,HIGH,FURNITURE,TABLES,DELIVERY TRUCK
2315.11,0.06,2176.2034000000003,38,532.21,9.71,1634.2834000000003,CRITICAL,OFFICE SUPPLIES,STORAGE & ORGANIZATION,REGULAR AIR
1264.2305,0.07,1175.7343649999998,8,-444.69,4.2,1616.2243649999998,CRITICAL,TECHNOLOGY,TELEPHONES AND COMMUNICATION,REGULAR AIR
1082.8,0.02,1061.144,22,299.35,3.99,757.804,LOW,OFFICE SUPPLIES,APPLIANCES,REGULAR AIR
1260.2015,0.03,1222.3954549999999,7,-523.0,8.99,1736.4054549999998,LOW,TECHNOLOGY,TELEPHONES AND COMMUNICATION,REGULAR AIR
1623.09,0.02,1590.6281999999999,28,245.88,13.22,1331.5281999999997,MEDIUM,OFFICE SUPPLIES,APPLIANCES,REGULAR AIR
238.49,0.09,217.0259,39,-110.56,6.22,321.3659,NOT SPECIFIED,OFFICE SUPPLIES,PAPER,REGULAR AIR
123.1,0.06,115.714,19,-75.44,7.37,183.784,MEDIUM,OFFICE SUPPLIES,PAPER,REGULAR AIR
1564.1615,0.0,1564.1615,20,682.48,2.5,879.1814999999999,MEDIUM,TECHNOLOGY,TELEPHONES AND COMMUNICATION,REGULAR AIR
66.54,0.01,65.8746,10,-46.03,4.38,107.52459999999999,NOT SPECIFIED,TECHNOLOGY,COMPUTER PERIPHERALS,REGULAR AIR
349.43,0.04,335.4528,31,-44.92,7.19,373.18280000000004,NOT SPECIFIED,OFFICE SUPPLIES,BINDERS AND BINDER ACCESSORIES,REGULAR AIR
926.85,0.09,843.4335,34,382.94,1.49,459.0035,MEDIUM,OFFICE SUPPLIES,BINDERS AND BINDER ACCESSORIES,REGULAR AIR
203.55,0.03,197.4435,21,38.6,2.25,156.5935,HIGH,OFFICE SUPPLIES,PENS & ART SUPPLIES,EXPRESS AIR
639.3,0.05,607.3349999999999,19,30.21,7.73,569.3949999999999,NOT SPECIFIED,OFFICE SUPPLIES,PENS & ART SUPPLIES,REGULAR AIR
43.55,0.1,39.195,5,-3.64,2.15,40.685,CRITICAL,OFFICE SUPPLIES,PAPER,REGULAR AIR
809.77,0.1,728.793,44,83.48,6.68,638.633,HIGH,FURNITURE,OFFICE FURNISHINGS,REGULAR AIR
221.13,0.01,218.9187,46,59.7,1.49,157.7287,CRITICAL,OFFICE SUPPLIES,BINDERS AND BINDER ACCESSORIES,REGULAR AIR
16.35,0.05,15.5325,8,-5.62,1.49,19.6625,CRITICAL,OFFICE SUPPLIES,BINDERS AND BINDER ACCESSORIES,REGULAR AIR
58.33,0.02,57.163399999999996,3,-35.08,11.25,80.9934,NOT SPECIFIED,OFFICE SUPPLIES,STORAGE & ORGANIZATION,REGULAR AIR
96.01,0.01,95.04990000000001,11,-43.24,6.5,131.78990000000002,CRITICAL,OFFICE SUPPLIES,STORAGE & ORGANIZATION,REGULAR AIR
165.09,0.0,165.09,10,-8.59,8.4,165.28,CRITICAL,OFFICE SUPPLIES,BINDERS AND BINDER ACCESSORIES,EXPRESS AIR
307.57,0.0,307.57,47,-72.3,5.19,374.68,HIGH,OFFICE SUPPLIES,BINDERS AND BINDER ACCESSORIES,REGULAR AIR
141.08,0.04,135.4368,46,36.96,0.99,97.48679999999999,CRITICAL,OFFICE SUPPLIES,LABELS,REGULAR AIR
182.7,0.08,168.084,45,-156.41,5.41,319.084,CRITICAL,OFFICE SUPPLIES,BINDERS AND BINDER ACCESSORIES,REGULAR AIR
331.53,0.0,331.53,38,-35.97,3.62,363.88,LOW,TECHNOLOGY,COMPUTER PERIPHERALS,REGULAR AIR
494.84,0.07,460.2012,22,205.13,3.63,251.44119999999998,LOW,FURNITURE,OFFICE FURNISHINGS,REGULAR AIR
1100.0,0.07,1023.0,8,-240.31,17.85,1245.46,NOT SPECIFIED,TECHNOLOGY,OFFICE MACHINES,DELIVERY TRUCK
19.81,0.02,19.4138,2,-10.39,6.22,23.5838,MEDIUM,OFFICE SUPPLIES,PAPER,REGULAR AIR
10377.22,0.05,9858.358999999999,47,965.48,28.66,8864.219,NOT SPECIFIED,OFFICE SUPPLIES,STORAGE & ORGANIZATION,DELIVERY TRUCK
2638.79,0.1,2374.911,37,54.23,89.3,2231.381,MEDIUM,FURNITURE,TABLES,DELIVERY TRUCK
156.09,0.0,156.09,6,-34.85,15.1,175.84,CRITICAL,OFFICE SUPPLIES,BINDERS AND BINDER ACCESSORIES,REGULAR AIR
1294.023,0.1,1164.6207,47,607.26,1.25,556.1107,CRITICAL,TECHNOLOGY,TELEPHONES AND COMMUNICATION,REGULAR AIR
738.2505,0.1,664.42545,8,-286.36,2.5,948.28545,HIGH,TECHNOLOGY,TELEPHONES AND COMMUNICATION,REGULAR AIR
5318.89,0.06,4999.756600000001,48,525.15,8.64,4465.966600000001,HIGH,OFFICE SUPPLIES,STORAGE & ORGANIZATION,REGULAR AIR
125.9,0.04,120.864,21,5.85,3.04,111.974,HIGH,OFFICE SUPPLIES,PAPER,EXPRESS AIR
190.99,0.1,171.89100000000002,21,-27.15,4.82,194.22100000000003,LOW,OFFICE SUPPLIES,PENS & ART SUPPLIES,REGULAR AIR
125.57,0.03,121.8029,22,-45.16,5.3,161.66289999999998,NOT SPECIFIED,OFFICE SUPPLIES,ENVELOPES,REGULAR AIR
2966.13,0.08,2728.8396000000002,31,-1456.31,57.38,4127.7696,CRITICAL,FURNITURE,BOOKCASES,DELIVERY TRUCK
140.66,0.0,140.66,14,11.34,4.39,124.93,CRITICAL,OFFICE SUPPLIES,PAPER,REGULAR AIR
29.19,0.03,28.314300000000003,6,0.65,1.49,26.174300000000006,CRITICAL,OFFICE SUPPLIES,BINDERS AND BINDER ACCESSORIES,REGULAR AIR
157.85,0.01,156.2715,18,10.74,1.99,143.54149999999998,HIGH,TECHNOLOGY,COMPUTER PERIPHERALS,REGULAR AIR
2773.0315,0.04,2662.11024,38,897.87,0.99,1763.2502400000003,HIGH,TECHNOLOGY,TELEPHONES AND COMMUNICATION,REGULAR AIR
304.65,0.1,274.185,14,24.2,8.32,241.66500000000002,CRITICAL,OFFICE SUPPLIES,PAPER,REGULAR AIR
142.1,0.01,140.679,49,37.03,0.99,102.65899999999999,LOW,OFFICE SUPPLIES,LABELS,REGULAR AIR
2175.218,0.07,2022.9527399999997,13,44.55,3.99,1974.4127399999998,MEDIUM,TECHNOLOGY,TELEPHONES AND COMMUNICATION,REGULAR AIR
421.36,0.07,391.8648,50,-75.17,4.5,462.5348,HIGH,OFFICE SUPPLIES,APPLIANCES,REGULAR AIR
4506.85,0.1,4056.1650000000004,30,290.66,30.0,3735.5050000000006,NOT SPECIFIED,FURNITURE,CHAIRS & CHAIRMATS,DELIVERY TRUCK
2110.37,0.0,2110.37,16,-14.42,56.14,2068.65,NOT SPECIFIED,TECHNOLOGY,OFFICE MACHINES,DELIVERY TRUCK
1094.9105,0.02,1073.01229,34,-112.12,5.0,1180.13229,NOT SPECIFIED,TECHNOLOGY,TELEPHONES AND COMMUNICATION,REGULAR AIR
42.89,0.02,42.0322,5,-32.48,8.37,66.1422,CRITICAL,OFFICE SUPPLIES,"SCISSORS, RULERS AND TRIMMERS",REGULAR AIR
1243.88,0.1,1119.4920000000002,43,22.71,8.99,1087.7920000000001,NOT SPECIFIED,OFFICE SUPPLIES,PENS & ART SUPPLIES,REGULAR AIR
1617.91,0.04,1553.1936,16,-159.21,35.84,1676.5636000000002,LOW,FURNITURE,BOOKCASES,DELIVERY TRUCK
2688.0825,0.04,2580.5592,48,844.82,2.5,1733.2392,LOW,TECHNOLOGY,TELEPHONES AND COMMUNICATION,REGULAR AIR
221.08,0.0,221.08,41,-108.2,5.68,323.6,MEDIUM,OFFICE SUPPLIES,BINDERS AND BINDER ACCESSORIES,REGULAR AIR
3636.37,0.06,3418.1877999999997,33,-176.91,30.0,3565.0977999999996,NOT SPECIFIED,FURNITURE,CHAIRS & CHAIRMATS,DELIVERY TRUCK
203.48,0.04,195.3408,30,-71.91,6.35,260.9008,CRITICAL,OFFICE SUPPLIES,PAPER,EXPRESS AIR
1750.0,0.03,1697.5,31,559.38,14.3,1123.8200000000002,HIGH,OFFICE SUPPLIES,PAPER,EXPRESS AIR
58.48,0.04,56.1408,33,2.72,1.0,52.4208,CRITICAL,OFFICE SUPPLIES,PENS & ART SUPPLIES,REGULAR AIR
766.36,0.0,766.36,46,399.12,1.39,365.85,CRITICAL,OFFICE SUPPLIES,ENVELOPES,REGULAR AIR
2116.2,0.08,1946.9039999999998,46,483.67,4.5,1458.7339999999997,CRITICAL,OFFICE SUPPLIES,APPLIANCES,REGULAR AIR
547.32,0.1,492.588,28,42.39,6.67,443.528,CRITICAL,FURNITURE,OFFICE FURNISHINGS,REGULAR AIR
226.5,0.09,206.115,48,-173.15,4.62,374.645,CRITICAL,TECHNOLOGY,COMPUTER PERIPHERALS,REGULAR AIR
192.44,0.05,182.81799999999998,13,6.77,6.46,169.58799999999997,CRITICAL,OFFICE SUPPLIES,BINDERS AND BINDER ACCESSORIES,REGULAR AIR
561.06,0.07,521.7858,49,-2.23,6.97,517.0458,HIGH,OFFICE SUPPLIES,ENVELOPES,REGULAR AIR
320.03,0.0,320.03,19,-43.22,8.78,354.47,HIGH,OFFICE SUPPLIES,STORAGE & ORGANIZATION,REGULAR AIR
620.02,0.05,589.019,35,50.04,8.99,529.989,HIGH,FURNITURE,OFFICE FURNISHINGS,REGULAR AIR
653.786,0.09,594.94526,12,-83.47,5.31,673.10526,NOT SPECIFIED,TECHNOLOGY,TELEPHONES AND COMMUNICATION,REGULAR AIR
5288.89,0.0,5288.89,22,547.04,32.48,4709.370000000001,HIGH,FURNITURE,TABLES,DELIVERY TRUCK
1321.55,0.1,1189.395,25,448.24,10.75,730.405,MEDIUM,OFFICE SUPPLIES,PAPER,REGULAR AIR
55.2,0.05,52.440000000000005,15,4.26,1.63,46.550000000000004,CRITICAL,OFFICE SUPPLIES,RUBBER BANDS,REGULAR AIR
302.91,0.05,287.7645,24,-36.76,6.13,318.3945,LOW,OFFICE SUPPLIES,STORAGE & ORGANIZATION,REGULAR AIR
438.93,0.04,421.3728,13,-119.02,5.5,534.8928,CRITICAL,TECHNOLOGY,COMPUTER PERIPHERALS,EXPRESS AIR
677.43,0.1,609.6869999999999,35,-37.99,4.0,643.6769999999999,CRITICAL,TECHNOLOGY,COMPUTER PERIPHERALS,REGULAR AIR
491.78,0.0,491.78,38,44.04,6.47,441.2699999999999,CRITICAL,OFFICE SUPPLIES,PAPER,REGULAR AIR
6131.54,0.06,5763.6476,47,1844.96,12.65,3906.0376000000006,HIGH,FURNITURE,CHAIRS & CHAIRMATS,REGULAR AIR
475.58,0.04,456.5568,29,108.21,4.0,344.34680000000003,LOW,TECHNOLOGY,COMPUTER PERIPHERALS,REGULAR AIR
274.04,0.1,246.63600000000002,50,-243.87,7.57,482.93600000000004,LOW,OFFICE SUPPLIES,BINDERS AND BINDER ACCESSORIES,EXPRESS AIR
3960.99,0.09,3604.5009,20,631.33,24.49,2948.6809000000003,HIGH,TECHNOLOGY,COPIERS AND FAX,EXPRESS AIR
139.69,0.01,138.2931,16,-95.64,9.23,224.7031,NOT SPECIFIED,OFFICE SUPPLIES,APPLIANCES,REGULAR AIR
6030.58,0.09,5487.8278,39,1197.86,8.99,4280.977800000001,NOT SPECIFIED,TECHNOLOGY,TELEPHONES AND COMMUNICATION,REGULAR AIR
725.8,0.01,718.5419999999999,47,327.45,1.97,389.1219999999999,CRITICAL,OFFICE SUPPLIES,PAPER,EXPRESS AIR
111.83,0.0,111.83,36,19.36,0.7,91.77,HIGH,OFFICE SUPPLIES,PENS & ART SUPPLIES,REGULAR AIR
4159.628,0.05,3951.6465999999996,50,1332.91,4.9,2613.8365999999996,HIGH,TECHNOLOGY,TELEPHONES AND COMMUNICATION,EXPRESS AIR
1505.67,0.1,1355.103,22,-436.23,30.0,1761.333,MEDIUM,FURNITURE,CHAIRS & CHAIRMATS,DELIVERY TRUCK
39.23,0.06,36.8762,17,-66.58,5.33,98.1262,CRITICAL,FURNITURE,OFFICE FURNISHINGS,REGULAR AIR
612.93,0.1,551.637,25,-5.04,12.98,543.6969999999999,CRITICAL,OFFICE SUPPLIES,BINDERS AND BINDER ACCESSORIES,REGULAR AIR
287.54,0.04,276.0384,48,57.28,0.96,217.79840000000004,CRITICAL,OFFICE SUPPLIES,PENS & ART SUPPLIES,REGULAR AIR
88.315,0.01,87.43185,5,-72.4,0.99,158.84185000000002,CRITICAL,TECHNOLOGY,TELEPHONES AND COMMUNICATION,REGULAR AIR
4968.5,0.0,4968.5,49,1041.28,19.99,3907.2300000000005,NOT SPECIFIED,TECHNOLOGY,COMPUTER PERIPHERALS,REGULAR AIR
92.03,0.03,89.2691,15,19.71,0.91,68.6491,MEDIUM,OFFICE SUPPLIES,PENS & ART SUPPLIES,REGULAR AIR
34.42,0.02,33.7316,13,9.47,0.5,23.7616,HIGH,OFFICE SUPPLIES,LABELS,REGULAR AIR
262.9,0.06,247.12599999999998,38,-41.98,5.2,283.906,HIGH,OFFICE SUPPLIES,PAPER,REGULAR AIR
1024.31,0.03,993.5807,31,174.72,12.62,806.2407,HIGH,OFFICE SUPPLIES,BINDERS AND BINDER ACCESSORIES,REGULAR AIR
51.39,0.06,48.3066,22,-64.37,4.86,107.81660000000001,NOT SPECIFIED,FURNITURE,OFFICE FURNISHINGS,EXPRESS AIR
293.52,0.08,270.03839999999997,31,-116.66,7.28,379.4184,NOT SPECIFIED,OFFICE SUPPLIES,STORAGE & ORGANIZATION,REGULAR AIR
1844.97,0.03,1789.6209000000001,44,807.38,2.99,979.2509000000001,HIGH,OFFICE SUPPLIES,BINDERS AND BINDER ACCESSORIES,REGULAR AIR
266.3,0.03,258.31100000000004,49,-135.06,5.71,387.66100000000006,MEDIUM,FURNITURE,OFFICE FURNISHINGS,EXPRESS AIR
23.23,0.09,21.1393,4,-19.06,6.72,33.479299999999995,CRITICAL,OFFICE SUPPLIES,PAPER,REGULAR AIR
74.25,0.01,73.5075,17,-56.17,5.26,124.41749999999999,CRITICAL,OFFICE SUPPLIES,BINDERS AND BINDER ACCESSORIES,REGULAR AIR
203.49,0.0,203.49,33,46.21,1.2,156.08,MEDIUM,FURNITURE,OFFICE FURNISHINGS,EXPRESS AIR
211.48,0.1,190.332,33,18.15,2.99,169.19199999999998,HIGH,OFFICE SUPPLIES,BINDERS AND BINDER ACCESSORIES,REGULAR AIR
5601.1,0.02,5489.078,38,1515.7,19.99,3953.388000000001,HIGH,OFFICE SUPPLIES,STORAGE & ORGANIZATION,EXPRESS AIR
853.162,0.1,767.8458,50,-83.95,2.5,849.2958000000001,HIGH,TECHNOLOGY,TELEPHONES AND COMMUNICATION,REGULAR AIR
172.76,0.1,155.48399999999998,26,73.18,0.49,81.81399999999996,HIGH,OFFICE SUPPLIES,LABELS,REGULAR AIR
21.01,0.03,20.379700000000003,2,-13.13,8.19,25.319700000000005,HIGH,OFFICE SUPPLIES,PAPER,REGULAR AIR
525.78,0.03,510.0066,20,180.64,6.93,322.4366,MEDIUM,FURNITURE,OFFICE FURNISHINGS,REGULAR AIR
16.6,0.07,15.438,5,-20.3,6.05,29.688000000000002,NOT SPECIFIED,OFFICE SUPPLIES,BINDERS AND BINDER ACCESSORIES,REGULAR AIR
7384.54,0.09,6719.9313999999995,28,-2301.53,81.98,8939.4814,NOT SPECIFIED,FURNITURE,TABLES,DELIVERY TRUCK
1003.71,0.01,993.6729,33,-22.82,4.0,1012.4929000000001,MEDIUM,TECHNOLOGY,COMPUTER PERIPHERALS,EXPRESS AIR
1610.76,0.1,1449.684,38,-8.67,16.36,1441.9940000000001,HIGH,OFFICE SUPPLIES,STORAGE & ORGANIZATION,REGULAR AIR
12.12,0.03,11.7564,2,-4.55,0.95,15.3564,MEDIUM,OFFICE SUPPLIES,PAPER,REGULAR AIR
147.88,0.0,147.88,39,-142.91,5.47,285.32,CRITICAL,OFFICE SUPPLIES,BINDERS AND BINDER ACCESSORIES,REGULAR AIR
244.57,0.01,242.1243,27,46.71,2.99,192.4243,HIGH,OFFICE SUPPLIES,BINDERS AND BINDER ACCESSORIES,REGULAR AIR
845.32,0.06,794.6008,21,33.67,19.99,740.9408000000001,NOT SPECIFIED,OFFICE SUPPLIES,PAPER,REGULAR AIR
35.65,0.02,34.937,6,-5.92,2.99,37.867,HIGH,OFFICE SUPPLIES,BINDERS AND BINDER ACCESSORIES,REGULAR AIR
188.93,0.04,181.3728,26,58.32,1.77,121.28280000000001,HIGH,OFFICE SUPPLIES,PAPER,REGULAR AIR
345.69,0.02,338.7762,22,143.23,1.97,193.5762,LOW,OFFICE SUPPLIES,PAPER,REGULAR AIR
3577.11,0.1,3219.3990000000003,34,-1620.41,58.72,4781.089000000001,NOT SPECIFIED,FURNITURE,BOOKCASES,DELIVERY TRUCK
96.04,0.05,91.238,16,-50.75,5.3,136.688,LOW,OFFICE SUPPLIES,"SCISSORS, RULERS AND TRIMMERS",REGULAR AIR
55.27,0.05,52.5065,19,19.12,0.5,32.8865,LOW,OFFICE SUPPLIES,LABELS,REGULAR AIR
160.11,0.1,144.09900000000002,41,-26.73,2.97,167.859,CRITICAL,OFFICE SUPPLIES,PAPER,REGULAR AIR
1410.93,0.08,1298.0556000000001,10,-317.48,36.09,1579.4456000000002,MEDIUM,FURNITURE,BOOKCASES,DELIVERY TRUCK
1978.3665,0.0,1978.3665,50,483.6,4.99,1489.7765,LOW,TECHNOLOGY,TELEPHONES AND COMMUNICATION,REGULAR AIR
72.75,0.05,69.1125,17,-57.89,5.26,121.7425,HIGH,OFFICE SUPPLIES,BINDERS AND BINDER ACCESSORIES,REGULAR AIR
301.57,0.0,301.57,8,-77.31,19.19,359.69,NOT SPECIFIED,FURNITURE,CHAIRS & CHAIRMATS,DELIVERY TRUCK
1888.02,0.03,1831.3794,18,192.33,19.99,1619.0594,CRITICAL,TECHNOLOGY,OFFICE MACHINES,REGULAR AIR
199.86,0.03,193.8642,49,-257.11,6.89,444.0842,CRITICAL,OFFICE SUPPLIES,APPLIANCES,REGULAR AIR
150.33,0.1,135.29700000000003,10,-47.88,4.53,178.64700000000002,HIGH,OFFICE SUPPLIES,STORAGE & ORGANIZATION,REGULAR AIR
155.86,0.09,141.8326,29,-152.59,8.16,286.2626,NOT SPECIFIED,OFFICE SUPPLIES,PAPER,REGULAR AIR
30.35,0.01,30.0465,9,5.02,0.99,24.036500000000004,MEDIUM,OFFICE SUPPLIES,LABELS,REGULAR AIR
4108.17,0.09,3738.4347000000002,20,-505.98,69.0,4175.4147,LOW,FURNITURE,TABLES,REGULAR AIR
1504.97,0.02,1474.8706,19,-0.31,4.0,1471.1806,NOT SPECIFIED,TECHNOLOGY,COMPUTER PERIPHERALS,REGULAR AIR
5008.761,0.04,4808.41056,49,1601.64,5.99,3200.78056,LOW,TECHNOLOGY,TELEPHONES AND COMMUNICATION,REGULAR AIR
211.44,0.03,205.0968,18,-75.81,6.5,274.4068,LOW,TECHNOLOGY,COMPUTER PERIPHERALS,REGULAR AIR
41.06,0.04,39.4176,4,-16.39,6.28,49.5276,CRITICAL,OFFICE SUPPLIES,BINDERS AND BINDER ACCESSORIES,REGULAR AIR
322.69,0.01,319.4631,27,1.91,6.97,310.58309999999994,CRITICAL,OFFICE SUPPLIES,ENVELOPES,REGULAR AIR
455.93,0.02,446.8114,36,83.51,4.98,358.3214,MEDIUM,FURNITURE,OFFICE FURNISHINGS,EXPRESS AIR
43.72,0.06,41.0968,8,2.12,2.04,36.936800000000005,LOW,OFFICE SUPPLIES,PAPER,REGULAR AIR
75.6,0.09,68.79599999999999,46,-225.25,5.28,288.76599999999996,HIGH,OFFICE SUPPLIES,BINDERS AND BINDER ACCESSORIES,REGULAR AIR
36.41,0.09,33.1331,14,9.94,0.5,22.6931,HIGH,OFFICE SUPPLIES,LABELS,REGULAR AIR
981.26,0.09,892.9466,16,-500.35,49.0,1344.2966000000001,HIGH,OFFICE SUPPLIES,APPLIANCES,REGULAR AIR
201.98,0.05,191.881,48,-245.67,6.89,430.661,NOT SPECIFIED,OFFICE SUPPLIES,APPLIANCES,EXPRESS AIR
20.16,0.06,18.950400000000002,2,-13.32,7.86,24.410400000000003,LOW,OFFICE SUPPLIES,PAPER,REGULAR AIR
84.47,0.06,79.4018,23,7.98,1.49,69.9318,LOW,OFFICE SUPPLIES,BINDERS AND BINDER ACCESSORIES,REGULAR AIR
230.23,0.06,216.4162,50,-150.93,5.74,361.6062,MEDIUM,OFFICE SUPPLIES,PAPER,EXPRESS AIR
22.06,0.06,20.7364,5,-22.28,6.27,36.7464,NOT SPECIFIED,OFFICE SUPPLIES,BINDERS AND BINDER ACCESSORIES,REGULAR AIR
13.71,0.03,13.2987,3,-10.27,3.97,19.5987,CRITICAL,OFFICE SUPPLIES,PENS & ART SUPPLIES,REGULAR AIR
300.07,0.05,285.0665,46,-209.58,8.4,486.2465000000001,HIGH,OFFICE SUPPLIES,PAPER,REGULAR AIR
2422.721,0.1,2180.4489,46,366.18,8.99,1805.2789,LOW,TECHNOLOGY,TELEPHONES AND COMMUNICATION,REGULAR AIR
45.69,0.01,45.2331,10,-24.21,4.17,65.2731,HIGH,OFFICE SUPPLIES,PENS & ART SUPPLIES,EXPRESS AIR
173.97,0.03,168.7509,12,-2.55,4.51,166.79090000000002,MEDIUM,OFFICE SUPPLIES,STORAGE & ORGANIZATION,REGULAR AIR
5934.39,0.08,5459.638800000001,32,519.55,19.99,4920.098800000001,CRITICAL,OFFICE SUPPLIES,STORAGE & ORGANIZATION,REGULAR AIR
1971.56,0.05,1872.982,28,-15.29,26.85,1861.422,LOW,FURNITURE,BOOKCASES,DELIVERY TRUCK
3093.76,0.07,2877.1968,33,-850.71,35.0,3692.9068,LOW,OFFICE SUPPLIES,STORAGE & ORGANIZATION,EXPRESS AIR
192.814,0.03,187.02957999999998,27,-86.2,5.03,268.19957999999997,MEDIUM,TECHNOLOGY,TELEPHONES AND COMMUNICATION,REGULAR AIR
3532.96,0.08,3250.3232,35,-243.6,60.0,3433.9231999999997,MEDIUM,FURNITURE,TABLES,DELIVERY TRUCK
122.14,0.04,117.2544,9,-16.99,4.51,129.7344,NOT SPECIFIED,OFFICE SUPPLIES,STORAGE & ORGANIZATION,REGULAR AIR
1382.8,0.01,1368.972,11,141.31,19.99,1207.672,HIGH,OFFICE SUPPLIES,STORAGE & ORGANIZATION,REGULAR AIR
30.61,0.09,27.8551,11,-3.38,1.49,29.7451,MEDIUM,OFFICE SUPPLIES,BINDERS AND BINDER ACCESSORIES,REGULAR AIR
99.53,0.1,89.577,24,18.28,1.49,69.807,NOT SPECIFIED,OFFICE SUPPLIES,BINDERS AND BINDER ACCESSORIES,EXPRESS AIR
700.46,0.02,686.4508000000001,14,254.31,7.23,424.91080000000005,LOW,OFFICE SUPPLIES,PAPER,EXPRESS AIR
763.12,0.03,740.2264,21,140.33,5.49,594.4064,LOW,OFFICE SUPPLIES,STORAGE & ORGANIZATION,REGULAR AIR
42.5,0.07,39.525,3,-28.43,8.99,58.964999999999996,LOW,OFFICE SUPPLIES,PENS & ART SUPPLIES,REGULAR AIR
148.17,0.0,148.17,31,-7.06,0.7,154.53,MEDIUM,OFFICE SUPPLIES,RUBBER BANDS,REGULAR AIR
279.29,0.07,259.7397,39,14.15,4.0,241.58970000000002,MEDIUM,FURNITURE,OFFICE FURNISHINGS,REGULAR AIR
121.3,0.05,115.235,21,-64.87,5.59,174.515,CRITICAL,OFFICE SUPPLIES,BINDERS AND BINDER ACCESSORIES,REGULAR AIR
40.87,0.04,39.2352,4,-16.38,8.74,46.87519999999999,LOW,OFFICE SUPPLIES,PAPER,EXPRESS AIR
1734.72,0.04,1665.3312,48,57.89,19.99,1587.4512,CRITICAL,OFFICE SUPPLIES,PAPER,REGULAR AIR
294.52,0.09,268.0132,14,15.34,5.94,246.73319999999998,NOT SPECIFIED,OFFICE SUPPLIES,APPLIANCES,REGULAR AIR
187.3995,0.08,172.40753999999998,4,-225.3,3.3,394.40754,LOW,TECHNOLOGY,TELEPHONES AND COMMUNICATION,REGULAR AIR
241.89,0.02,237.0522,15,-83.3,10.68,309.6722,LOW,OFFICE SUPPLIES,STORAGE & ORGANIZATION,REGULAR AIR
83.34,0.01,82.5066,43,-93.18,2.58,173.10660000000001,LOW,OFFICE SUPPLIES,RUBBER BANDS,REGULAR AIR
296.84,0.08,273.09279999999995,7,-71.83,1.99,342.93279999999993,HIGH,TECHNOLOGY,COMPUTER PERIPHERALS,REGULAR AIR
936.95,0.03,908.8415,26,-0.74,19.99,889.5915,HIGH,FURNITURE,OFFICE FURNISHINGS,REGULAR AIR
139.19,0.04,133.6224,23,-86.73,7.15,213.2024,MEDIUM,OFFICE SUPPLIES,PAPER,REGULAR AIR
217.25,0.07,202.0425,39,33.5,1.2,167.3425,NOT SPECIFIED,OFFICE SUPPLIES,PENS & ART SUPPLIES,REGULAR AIR
1125.76,0.0,1125.76,17,379.28,12.23,734.25,MEDIUM,FURNITURE,OFFICE FURNISHINGS,REGULAR AIR
299.87,0.02,293.8726,18,130.04,1.39,162.4426,NOT SPECIFIED,OFFICE SUPPLIES,ENVELOPES,REGULAR AIR
84.64,0.0,84.64,8,-9.29,4.5,89.43,LOW,OFFICE SUPPLIES,APPLIANCES,EXPRESS AIR
1136.44,0.09,1034.1604,30,-9.3,6.5,1036.9604,MEDIUM,TECHNOLOGY,COMPUTER PERIPHERALS,REGULAR AIR
3.42,0.05,3.249,1,-2.91,1.49,4.6690000000000005,CRITICAL,OFFICE SUPPLIES,BINDERS AND BINDER ACCESSORIES,REGULAR AIR
138.75,0.09,126.2625,24,49.81,1.0,75.4525,LOW,OFFICE SUPPLIES,PENS & ART SUPPLIES,REGULAR AIR
95.38,0.03,92.51859999999999,5,-36.89,13.18,116.22859999999999,CRITICAL,OFFICE SUPPLIES,BINDERS AND BINDER ACCESSORIES,REGULAR AIR
261.02,0.01,258.40979999999996,49,-94.05,4.95,347.5098,HIGH,OFFICE SUPPLIES,BINDERS AND BINDER ACCESSORIES,REGULAR AIR
243.49,0.08,224.01080000000002,30,-45.89,2.38,267.5208,NOT SPECIFIED,TECHNOLOGY,COMPUTER PERIPHERALS,REGULAR AIR
311.1,0.04,298.656,45,86.6,2.0,210.056,NOT SPECIFIED,OFFICE SUPPLIES,PAPER,REGULAR AIR
5993.74,0.07,5574.178199999999,28,-998.94,69.64,6503.4782,NOT SPECIFIED,FURNITURE,TABLES,DELIVERY TRUCK
452.93,0.09,412.1663,43,-172.34,6.5,578.0063,NOT SPECIFIED,TECHNOLOGY,COMPUTER PERIPHERALS,REGULAR AIR
1702.499,0.08,1566.29908,16,133.45,5.99,1426.85908,MEDIUM,TECHNOLOGY,TELEPHONES AND COMMUNICATION,REGULAR AIR
140.72,0.04,135.0912,43,-115.53,3.97,246.6512,LOW,OFFICE SUPPLIES,PENS & ART SUPPLIES,REGULAR AIR
53.33,0.09,48.5303,31,-2.44,0.7,50.27029999999999,CRITICAL,OFFICE SUPPLIES,PENS & ART SUPPLIES,REGULAR AIR
653.92,0.02,640.8416,11,52.89,9.71,578.2416,MEDIUM,OFFICE SUPPLIES,STORAGE & ORGANIZATION,REGULAR AIR
290.68,0.03,281.9596,42,-93.5,6.18,369.2796,CRITICAL,OFFICE SUPPLIES,PAPER,REGULAR AIR
231.29,0.09,210.4739,47,-147.86,5.68,352.6539,NOT SPECIFIED,OFFICE SUPPLIES,BINDERS AND BINDER ACCESSORIES,EXPRESS AIR
40.11,0.07,37.3023,7,-43.71,5.14,75.8723,CRITICAL,TECHNOLOGY,COMPUTER PERIPHERALS,REGULAR AIR
44.08,0.08,40.553599999999996,10,6.79,1.22,32.5436,NOT SPECIFIED,OFFICE SUPPLIES,PAPER,REGULAR AIR
361.65,0.08,332.71799999999996,23,-144.27,8.99,467.99799999999993,CRITICAL,TECHNOLOGY,COMPUTER PERIPHERALS,EXPRESS AIR
6532.48,0.01,6467.155199999999,38,538.52,35.89,5892.745199999999,CRITICAL,FURNITURE,BOOKCASES,DELIVERY TRUCK
1200.13,0.09,1092.1183,46,-7.8,8.99,1090.9283,NOT SPECIFIED,OFFICE SUPPLIES,PENS & ART SUPPLIES,EXPRESS AIR
169.22,0.05,160.759,28,-165.11,8.49,317.379,MEDIUM,OFFICE SUPPLIES,BINDERS AND BINDER ACCESSORIES,REGULAR AIR
1490.56,0.01,1475.6544,21,-499.51,60.0,1915.1644,HIGH,OFFICE SUPPLIES,APPLIANCES,DELIVERY TRUCK
975.12,0.03,945.8664,30,-6.72,19.51,933.0764,HIGH,OFFICE SUPPLIES,ENVELOPES,REGULAR AIR
105.44,0.0,105.44,17,18.76,1.2,85.47999999999999,HIGH,OFFICE SUPPLIES,PENS & ART SUPPLIES,REGULAR AIR
1201.68,0.01,1189.6632,28,146.8,19.99,1022.8732,MEDIUM,OFFICE SUPPLIES,PAPER,REGULAR AIR
2784.57,0.05,2645.3415,21,847.06,24.49,1773.7915000000003,MEDIUM,FURNITURE,OFFICE FURNISHINGS,REGULAR AIR
5202.896,0.02,5098.8380799999995,22,-715.78,54.12,5760.498079999999,CRITICAL,FURNITURE,TABLES,DELIVERY TRUCK
1038.82,0.05,986.8789999999999,45,-78.36,15.1,1050.139,LOW,OFFICE SUPPLIES,BINDERS AND BINDER ACCESSORIES,REGULAR AIR
7.98,0.04,7.6608,2,-3.93,1.35,10.2408,LOW,OFFICE SUPPLIES,RUBBER BANDS,REGULAR AIR
8252.361,0.07,7674.69573,49,2418.56,4.2,5251.935730000001,CRITICAL,TECHNOLOGY,TELEPHONES AND COMMUNICATION,REGULAR AIR
3364.248,0.1,3027.8232,15,-693.23,61.76,3659.2931999999996,MEDIUM,FURNITURE,TABLES,DELIVERY TRUCK
587.2,0.08,540.224,29,134.25,1.99,403.98400000000004,LOW,TECHNOLOGY,COMPUTER PERIPHERALS,REGULAR AIR
110.79,0.05,105.2505,39,42.68,0.5,62.0705,LOW,OFFICE SUPPLIES,LABELS,REGULAR AIR
516.62,0.06,485.6228,29,138.33,1.99,345.30279999999993,NOT SPECIFIED,TECHNOLOGY,COMPUTER PERIPHERALS,REGULAR AIR
177.22,0.06,166.5868,30,68.96,1.0,96.62680000000002,MEDIUM,OFFICE SUPPLIES,PENS & ART SUPPLIES,REGULAR AIR
50.85,0.09,46.2735,14,-6.81,2.2,50.8835,HIGH,OFFICE SUPPLIES,PAPER,EXPRESS AIR
282.07,0.03,273.6079,39,140.01,0.49,133.10789999999997,HIGH,OFFICE SUPPLIES,LABELS,REGULAR AIR
426.037,0.01,421.77662999999995,24,-78.96,2.5,498.23662999999993,HIGH,TECHNOLOGY,TELEPHONES AND COMMUNICATION,REGULAR AIR
564.39,0.09,513.5948999999999,47,51.82,4.98,456.7948999999999,LOW,OFFICE SUPPLIES,BINDERS AND BINDER ACCESSORIES,REGULAR AIR
1077.8085,0.06,1013.1399900000001,20,17.25,8.99,986.8999900000001,CRITICAL,TECHNOLOGY,TELEPHONES AND COMMUNICATION,EXPRESS AIR
2899.98,0.1,2609.982,19,666.01,5.5,1938.472,CRITICAL,TECHNOLOGY,COMPUTER PERIPHERALS,REGULAR AIR
180.43,0.02,176.8214,8,-44.86,11.17,210.51140000000004,CRITICAL,FURNITURE,OFFICE FURNISHINGS,REGULAR AIR
233.38,0.1,210.042,36,-180.17,8.73,381.48199999999997,CRITICAL,OFFICE SUPPLIES,PAPER,REGULAR AIR
127.48,0.05,121.10600000000001,19,-41.99,5.84,157.256,CRITICAL,OFFICE SUPPLIES,PAPER,REGULAR AIR
2550.12,0.01,2524.6187999999997,40,882.45,4.5,1637.6687999999997,CRITICAL,OFFICE SUPPLIES,APPLIANCES,EXPRESS AIR
194.02,0.03,188.1994,40,80.35,0.8,107.04939999999999,HIGH,OFFICE SUPPLIES,PAPER,REGULAR AIR
422.83,0.02,414.3734,14,-21.06,6.64,428.7934,MEDIUM,OFFICE SUPPLIES,STORAGE & ORGANIZATION,REGULAR AIR
170.35,0.03,165.2395,10,-39.92,8.34,196.8195,NOT SPECIFIED,OFFICE SUPPLIES,STORAGE & ORGANIZATION,REGULAR AIR
2567.64,0.0,2567.64,15,-505.98,69.0,3004.62,LOW,FURNITURE,TABLES,REGULAR AIR
826.9735,0.01,818.703765,6,-413.33,8.99,1223.043765,LOW,TECHNOLOGY,TELEPHONES AND COMMUNICATION,REGULAR AIR
1466.95,0.02,1437.611,12,-64.14,30.0,1471.7510000000002,CRITICAL,FURNITURE,CHAIRS & CHAIRMATS,DELIVERY TRUCK
440.23,0.09,400.6093,33,-37.94,7.51,431.0393,CRITICAL,TECHNOLOGY,OFFICE MACHINES,REGULAR AIR
3136.2025,0.07,2916.6683249999996,18,439.78,5.26,2471.6283249999997,LOW,TECHNOLOGY,TELEPHONES AND COMMUNICATION,REGULAR AIR
460.69,0.06,433.0486,48,-103.48,7.29,529.2386,CRITICAL,FURNITURE,OFFICE FURNISHINGS,REGULAR AIR
1085.61,0.04,1042.1855999999998,41,-33.32,4.0,1071.5055999999997,NOT SPECIFIED,TECHNOLOGY,COMPUTER PERIPHERALS,REGULAR AIR
6863.95,0.1,6177.555,41,1662.92,19.99,4494.645,CRITICAL,OFFICE SUPPLIES,STORAGE & ORGANIZATION,EXPRESS AIR
2519.55,0.05,2393.5725,47,592.53,16.11,1784.9325000000001,HIGH,OFFICE SUPPLIES,BINDERS AND BINDER ACCESSORIES,REGULAR AIR
1634.17,0.05,1552.4615000000001,46,232.8,13.89,1305.7715,HIGH,OFFICE SUPPLIES,PENS & ART SUPPLIES,EXPRESS AIR
999.226,0.02,979.24148,33,381.17,3.3,594.7714800000001,NOT SPECIFIED,TECHNOLOGY,TELEPHONES AND COMMUNICATION,REGULAR AIR
443.46,0.06,416.8524,30,193.12,1.39,222.3424,CRITICAL,OFFICE SUPPLIES,ENVELOPES,REGULAR AIR
792.76,0.02,776.9048,31,33.37,12.98,730.5548,NOT SPECIFIED,OFFICE SUPPLIES,BINDERS AND BINDER ACCESSORIES,REGULAR AIR
1453.704,0.0,1453.704,44,549.84,1.1,902.764,LOW,TECHNOLOGY,TELEPHONES AND COMMUNICATION,REGULAR AIR
7656.304,0.1,6890.6736,34,-715.78,54.12,7552.3336,LOW,FURNITURE,TABLES,DELIVERY TRUCK
1412.98,0.1,1271.682,25,324.96,4.5,942.222,CRITICAL,OFFICE SUPPLIES,APPLIANCES,REGULAR AIR
126.69,0.04,121.6224,18,-35.56,5.48,151.7024,HIGH,OFFICE SUPPLIES,BINDERS AND BINDER ACCESSORIES,REGULAR AIR
162.11,0.04,155.62560000000002,12,3.91,6.47,145.24560000000002,HIGH,OFFICE SUPPLIES,PAPER,EXPRESS AIR
2298.32,0.06,2160.4208000000003,24,218.72,19.99,1921.7108000000005,HIGH,TECHNOLOGY,COMPUTER PERIPHERALS,REGULAR AIR
145.48,0.03,141.1156,34,32.43,1.2,107.4856,HIGH,OFFICE SUPPLIES,PENS & ART SUPPLIES,EXPRESS AIR
318.31,0.08,292.8452,5,-19.06,0.99,310.91519999999997,LOW,OFFICE SUPPLIES,APPLIANCES,REGULAR AIR
368.0245,0.09,334.902295,7,-218.81,4.2,549.512295,CRITICAL,TECHNOLOGY,TELEPHONES AND COMMUNICATION,REGULAR AIR
463.93,0.06,436.0942,45,29.96,2.89,403.24420000000003,HIGH,OFFICE SUPPLIES,PENS & ART SUPPLIES,REGULAR AIR
138.17,0.05,131.26149999999998,29,-103.78,6.6,228.4415,NOT SPECIFIED,FURNITURE,OFFICE FURNISHINGS,EXPRESS AIR
216.87,0.03,210.3639,18,30.53,5.01,174.8239,NOT SPECIFIED,OFFICE SUPPLIES,PAPER,REGULAR AIR
75.77,0.0,75.77,16,-56.62,5.15,127.23999999999998,HIGH,OFFICE SUPPLIES,APPLIANCES,REGULAR AIR
488.65,0.07,454.44449999999995,12,19.83,17.48,417.13449999999995,MEDIUM,OFFICE SUPPLIES,PAPER,REGULAR AIR
1168.15,0.04,1121.424,24,-743.96,35.0,1830.384,MEDIUM,OFFICE SUPPLIES,STORAGE & ORGANIZATION,EXPRESS AIR
572.4,0.07,532.332,36,-39.5,6.25,565.582,LOW,OFFICE SUPPLIES,STORAGE & ORGANIZATION,REGULAR AIR
55.49,0.04,53.2704,11,-37.32,7.24,83.35040000000001,LOW,FURNITURE,OFFICE FURNISHINGS,REGULAR AIR
1885.41,0.08,1734.5772000000002,14,-524.74,35.0,2224.3172000000004,LOW,OFFICE SUPPLIES,STORAGE & ORGANIZATION,REGULAR AIR
407.8725,0.02,399.71505,7,-165.63,3.99,561.35505,LOW,TECHNOLOGY,TELEPHONES AND COMMUNICATION,REGULAR AIR
1731.104,0.01,1713.79296,18,-270.57,69.0,1915.36296,MEDIUM,FURNITURE,TABLES,REGULAR AIR
37.4,0.09,34.034,20,-17.18,1.57,49.644,LOW,OFFICE SUPPLIES,PENS & ART SUPPLIES,EXPRESS AIR
2172.702,0.01,2150.9749800000004,21,481.74,2.5,1666.7349800000004,NOT SPECIFIED,TECHNOLOGY,TELEPHONES AND COMMUNICATION,REGULAR AIR
88.37,0.09,80.4167,25,33.68,0.5,46.236700000000006,CRITICAL,OFFICE SUPPLIES,LABELS,REGULAR AIR
36.74,0.09,33.4334,14,-5.36,0.97,37.8234,HIGH,OFFICE SUPPLIES,PENS & ART SUPPLIES,REGULAR AIR
181.78,0.02,178.1444,47,71.56,0.71,105.87439999999998,MEDIUM,OFFICE SUPPLIES,RUBBER BANDS,REGULAR AIR
436.78,0.04,419.30879999999996,14,25.69,5.5,388.11879999999996,NOT SPECIFIED,TECHNOLOGY,COMPUTER PERIPHERALS,REGULAR AIR
1053.84,0.0,1053.84,46,-632.16,21.2,1664.7999999999997,HIGH,FURNITURE,OFFICE FURNISHINGS,REGULAR AIR
9517.6,0.09,8661.016,37,-1262.44,57.0,9866.456,CRITICAL,FURNITURE,CHAIRS & CHAIRMATS,DELIVERY TRUCK
6943.94,0.01,6874.500599999999,46,608.9,4.0,6261.6006,LOW,TECHNOLOGY,COMPUTER PERIPHERALS,REGULAR AIR
944.76,0.03,916.4172,46,165.46,8.68,742.2772,CRITICAL,OFFICE SUPPLIES,PAPER,REGULAR AIR
1204.5095,0.03,1168.3742149999998,26,-221.25,5.0,1384.6242149999998,CRITICAL,TECHNOLOGY,TELEPHONES AND COMMUNICATION,REGULAR AIR
24.91,0.0,24.91,5,-0.9,0.71,25.099999999999998,MEDIUM,OFFICE SUPPLIES,PENS & ART SUPPLIES,REGULAR AIR
373.48,0.1,336.132,9,112.06,2.99,221.082,CRITICAL,OFFICE SUPPLIES,BINDERS AND BINDER ACCESSORIES,EXPRESS AIR
56.21,0.05,53.3995,21,12.71,0.8,39.889500000000005,CRITICAL,OFFICE SUPPLIES,RUBBER BANDS,REGULAR AIR
1683.69,0.02,1650.0162,33,809.97,5.79,834.2562,LOW,OFFICE SUPPLIES,PAPER,REGULAR AIR
1184.32,0.09,1077.7312,46,-99.55,5.89,1171.3911999999998,HIGH,TECHNOLOGY,COMPUTER PERIPHERALS,REGULAR AIR
130.43,0.03,126.51710000000001,9,-8.7,4.51,130.7071,HIGH,OFFICE SUPPLIES,STORAGE & ORGANIZATION,REGULAR AIR
2702.3,0.03,2621.231,38,-1330.78,59.81,3892.201,LOW,FURNITURE,CHAIRS & CHAIRMATS,DELIVERY TRUCK
44.89,0.09,40.8499,23,-17.13,1.63,56.34989999999999,LOW,OFFICE SUPPLIES,PENS & ART SUPPLIES,REGULAR AIR
2996.93,0.04,2877.0528,48,1060.87,3.5,1812.6828,LOW,OFFICE SUPPLIES,APPLIANCES,REGULAR AIR
6.34,0.08,5.8328,2,-4.44,0.97,9.302800000000001,LOW,OFFICE SUPPLIES,PENS & ART SUPPLIES,REGULAR AIR
1073.567,0.04,1030.62432,15,-305.97,0.99,1335.60432,NOT SPECIFIED,TECHNOLOGY,TELEPHONES AND COMMUNICATION,REGULAR AIR
143.29,0.05,136.1255,29,-55.54,4.72,186.94549999999998,NOT SPECIFIED,OFFICE SUPPLIES,PAPER,REGULAR AIR
5811.97,0.03,5637.610900000001,45,-434.15,51.94,6019.820900000001,CRITICAL,FURNITURE,TABLES,DELIVERY TRUCK
1914.16,0.01,1895.0184000000002,23,128.43,33.6,1732.9884000000002,LOW,TECHNOLOGY,OFFICE MACHINES,DELIVERY TRUCK
1373.11,0.1,1235.799,18,-599.54,35.0,1800.339,MEDIUM,OFFICE SUPPLIES,STORAGE & ORGANIZATION,REGULAR AIR
71.94,0.01,71.2206,3,-70.68,5.99,135.91060000000002,MEDIUM,TECHNOLOGY,COMPUTER PERIPHERALS,REGULAR AIR
315.07,0.02,308.7686,21,95.0,5.3,208.46859999999998,LOW,FURNITURE,OFFICE FURNISHINGS,REGULAR AIR
39.13,0.1,35.217,23,-23.14,1.57,56.787,HIGH,OFFICE SUPPLIES,PENS & ART SUPPLIES,REGULAR AIR
166.13,0.0,166.13,48,-119.16,3.97,281.32,HIGH,OFFICE SUPPLIES,PENS & ART SUPPLIES,REGULAR AIR
3064.658,0.01,3034.01142,17,447.34,2.79,2583.8814199999997,LOW,TECHNOLOGY,TELEPHONES AND COMMUNICATION,REGULAR AIR
584.42,0.08,537.6664,35,-97.21,8.99,625.8864,LOW,OFFICE SUPPLIES,PENS & ART SUPPLIES,EXPRESS AIR
230.74,0.08,212.2808,16,27.23,5.3,179.7508,CRITICAL,FURNITURE,OFFICE FURNISHINGS,EXPRESS AIR
31.2,0.09,28.392,28,-2.81,0.7,30.502,LOW,OFFICE SUPPLIES,RUBBER BANDS,REGULAR AIR
396.15,0.05,376.3425,41,-10.98,4.82,382.5025,HIGH,OFFICE SUPPLIES,PENS & ART SUPPLIES,REGULAR AIR
1900.226,0.01,1881.2237400000001,33,440.2,5.31,1435.7137400000001,HIGH,TECHNOLOGY,TELEPHONES AND COMMUNICATION,EXPRESS AIR
550.61,0.08,506.5612,10,98.32,13.88,394.3612,MEDIUM,OFFICE SUPPLIES,PAPER,EXPRESS AIR
65.7,0.02,64.386,28,-83.54,4.86,143.066,MEDIUM,FURNITURE,OFFICE FURNISHINGS,EXPRESS AIR
1685.07,0.03,1634.5178999999998,38,-681.97,34.2,2282.2879,MEDIUM,FURNITURE,OFFICE FURNISHINGS,REGULAR AIR
5634.3525,0.03,5465.321925,34,1185.41,8.08,4271.831925,HIGH,TECHNOLOGY,TELEPHONES AND COMMUNICATION,REGULAR AIR
154.43,0.03,149.7971,34,-133.77,6.92,276.6471,LOW,FURNITURE,OFFICE FURNISHINGS,REGULAR AIR
2302.36,0.05,2187.242,8,-114.68,7.18,2294.742,CRITICAL,TECHNOLOGY,COMPUTER PERIPHERALS,EXPRESS AIR
32.6,0.03,31.622,2,-20.57,5.5,46.692,LOW,OFFICE SUPPLIES,STORAGE & ORGANIZATION,REGULAR AIR
223.76,0.03,217.0472,34,-139.66,7.91,348.7972,NOT SPECIFIED,OFFICE SUPPLIES,PAPER,REGULAR AIR
1207.02,0.03,1170.8094,13,235.4,14.0,921.4094000000001,CRITICAL,TECHNOLOGY,OFFICE MACHINES,DELIVERY TRUCK
106.45,0.03,103.2565,18,-5.08,2.27,106.0665,LOW,OFFICE SUPPLIES,PENS & ART SUPPLIES,REGULAR AIR
121.87,0.07,113.3391,39,11.32,1.35,100.66910000000001,NOT SPECIFIED,OFFICE SUPPLIES,RUBBER BANDS,REGULAR AIR
368.18,0.07,342.4074,32,-36.78,4.81,374.37739999999997,MEDIUM,OFFICE SUPPLIES,STORAGE & ORGANIZATION,REGULAR AIR
7804.53,0.05,7414.3035,46,2057.17,5.99,5351.1435,LOW,TECHNOLOGY,TELEPHONES AND COMMUNICATION,REGULAR AIR
90.05,0.03,87.3485,48,-107.0,2.58,191.76850000000002,LOW,OFFICE SUPPLIES,RUBBER BANDS,REGULAR AIR
125.85,0.09,114.5235,25,-89.25,4.62,199.1535,NOT SPECIFIED,TECHNOLOGY,COMPUTER PERIPHERALS,REGULAR AIR
174.89,0.06,164.39659999999998,14,-37.04,6.27,195.16659999999996,CRITICAL,OFFICE SUPPLIES,STORAGE & ORGANIZATION,REGULAR AIR
126.58,0.06,118.98519999999999,24,18.27,0.7,100.0152,CRITICAL,OFFICE SUPPLIES,PENS & ART SUPPLIES,REGULAR AIR
23.7,0.05,22.515,1,-8.97,4.1,27.384999999999998,CRITICAL,OFFICE SUPPLIES,PENS & ART SUPPLIES,REGULAR AIR
188.73,0.05,179.2935,24,-32.48,5.83,205.94349999999997,NOT SPECIFIED,OFFICE SUPPLIES,PAPER,REGULAR AIR
1078.49,0.08,992.2108000000001,27,252.66,1.99,737.5608000000001,LOW,TECHNOLOGY,COMPUTER PERIPHERALS,REGULAR AIR
224.47,0.08,206.5124,16,-49.31,7.59,248.2324,NOT SPECIFIED,OFFICE SUPPLIES,"SCISSORS, RULERS AND TRIMMERS",REGULAR AIR
560.51,0.04,538.0896,7,32.6,4.5,500.9896,NOT SPECIFIED,OFFICE SUPPLIES,APPLIANCES,REGULAR AIR
189.95,0.08,174.754,31,-56.68,5.14,226.294,NOT SPECIFIED,OFFICE SUPPLIES,PAPER,REGULAR AIR
589.24,0.08,542.1008,35,-38.35,8.17,572.2808000000001,HIGH,OFFICE SUPPLIES,APPLIANCES,REGULAR AIR
233.05,0.1,209.745,25,86.93,1.39,121.42500000000001,HIGH,OFFICE SUPPLIES,ENVELOPES,REGULAR AIR
129.1,0.0,129.1,27,-59.82,4.99,183.93,CRITICAL,OFFICE SUPPLIES,ENVELOPES,REGULAR AIR
38.26,0.03,37.1122,22,-2.34,0.7,38.7522,MEDIUM,OFFICE SUPPLIES,PENS & ART SUPPLIES,REGULAR AIR
4147.47,0.09,3774.1977,30,586.61,17.85,3169.7377,NOT SPECIFIED,TECHNOLOGY,OFFICE MACHINES,DELIVERY TRUCK
10.58,0.05,10.051,3,-11.58,4.77,16.861,MEDIUM,OFFICE SUPPLIES,BINDERS AND BINDER ACCESSORIES,REGULAR AIR
80.6,0.04,77.37599999999999,14,-4.2,3.96,77.616,LOW,FURNITURE,OFFICE FURNISHINGS,REGULAR AIR
136.61,0.01,135.24390000000002,8,80.43,3.73,51.08390000000003,LOW,FURNITURE,OFFICE FURNISHINGS,REGULAR AIR
2907.63,0.04,2791.3248000000003,42,54.6,69.0,2667.7248000000004,LOW,FURNITURE,TABLES,EXPRESS AIR
136.67,0.07,127.10309999999998,34,-117.92,5.44,239.5831,MEDIUM,OFFICE SUPPLIES,BINDERS AND BINDER ACCESSORIES,EXPRESS AIR
383.57,0.06,360.5558,32,70.51,5.16,284.88579999999996,HIGH,FURNITURE,OFFICE FURNISHINGS,REGULAR AIR
461.1,0.05,438.045,31,116.96,5.0,316.08500000000004,HIGH,FURNITURE,OFFICE FURNISHINGS,REGULAR AIR
76.16,0.04,73.11359999999999,12,-24.03,5.2,91.94359999999999,MEDIUM,OFFICE SUPPLIES,PAPER,REGULAR AIR
268.09,0.07,249.32369999999997,34,-63.76,2.38,310.70369999999997,CRITICAL,TECHNOLOGY,COMPUTER PERIPHERALS,REGULAR AIR
557.03,0.04,534.7488,12,8.95,1.99,523.8087999999999,CRITICAL,TECHNOLOGY,COMPUTER PERIPHERALS,REGULAR AIR
5133.9235,0.02,5031.24503,34,1313.95,4.99,3712.3050300000004,CRITICAL,TECHNOLOGY,TELEPHONES AND COMMUNICATION,REGULAR AIR
26.53,0.05,25.203500000000002,3,-15.0,6.92,33.283500000000004,CRITICAL,OFFICE SUPPLIES,PAPER,REGULAR AIR
1184.45,0.02,1160.761,19,-552.1,49.0,1663.8609999999999,NOT SPECIFIED,OFFICE SUPPLIES,APPLIANCES,REGULAR AIR
7308.283,0.05,6942.868850000001,43,1680.23,8.99,5253.648850000001,NOT SPECIFIED,TECHNOLOGY,TELEPHONES AND COMMUNICATION,EXPRESS AIR
256.0,0.03,248.32,47,-119.84,5.66,362.5,HIGH,OFFICE SUPPLIES,PAPER,REGULAR AIR
63.52,0.1,57.168000000000006,14,8.66,0.71,47.798,MEDIUM,OFFICE SUPPLIES,PENS & ART SUPPLIES,REGULAR AIR
1512.25,0.05,1436.6375,44,195.48,8.99,1232.1675,MEDIUM,OFFICE SUPPLIES,PENS & ART SUPPLIES,REGULAR AIR
128.28,0.04,123.1488,21,53.58,0.5,69.0688,NOT SPECIFIED,OFFICE SUPPLIES,LABELS,REGULAR AIR
117.4,0.01,116.226,41,48.63,0.5,67.096,NOT SPECIFIED,OFFICE SUPPLIES,LABELS,REGULAR AIR
41.94,0.05,39.842999999999996,4,-26.17,8.94,57.073,LOW,OFFICE SUPPLIES,BINDERS AND BINDER ACCESSORIES,REGULAR AIR
89.25,0.01,88.3575,17,40.88,0.5,46.9775,LOW,OFFICE SUPPLIES,LABELS,REGULAR AIR
79.81,0.07,74.2233,7,-4.28,2.36,76.1433,LOW,OFFICE SUPPLIES,PENS & ART SUPPLIES,REGULAR AIR
703.54,0.04,675.3983999999999,15,138.46,3.99,532.9483999999999,MEDIUM,OFFICE SUPPLIES,APPLIANCES,REGULAR AIR
67.3,0.02,65.954,27,-115.38,5.0,176.334,MEDIUM,OFFICE SUPPLIES,"SCISSORS, RULERS AND TRIMMERS",REGULAR AIR
65.93,0.04,63.29280000000001,6,11.06,1.79,50.442800000000005,MEDIUM,OFFICE SUPPLIES,PAPER,REGULAR AIR
138.17,0.0,138.17,23,-1.09,2.27,136.98999999999998,MEDIUM,OFFICE SUPPLIES,PENS & ART SUPPLIES,REGULAR AIR
6067.76,0.06,5703.6944,20,-98.05,54.12,5747.624400000001,HIGH,FURNITURE,TABLES,DELIVERY TRUCK
9574.82,0.08,8808.8344,47,-505.98,69.0,9245.8144,LOW,FURNITURE,TABLES,REGULAR AIR
510.56,0.05,485.032,50,-29.4,5.16,509.27199999999993,MEDIUM,FURNITURE,OFFICE FURNISHINGS,REGULAR AIR
389.52,0.05,370.044,18,116.37,6.68,246.99399999999997,MEDIUM,FURNITURE,OFFICE FURNISHINGS,EXPRESS AIR
33.43,0.06,31.4242,12,8.47,0.5,22.4542,LOW,OFFICE SUPPLIES,LABELS,REGULAR AIR
12296.49,0.01,12173.525099999999,44,-416.7,57.0,12533.2251,MEDIUM,FURNITURE,CHAIRS & CHAIRMATS,DELIVERY TRUCK
128.13,0.03,124.28609999999999,18,-34.91,5.94,153.2561,MEDIUM,OFFICE SUPPLIES,PAPER,REGULAR AIR
959.089,0.06,901.54366,17,124.99,2.5,774.05366,LOW,TECHNOLOGY,TELEPHONES AND COMMUNICATION,REGULAR AIR
1793.42,0.06,1685.8148,37,21.5,19.99,1644.3248,CRITICAL,TECHNOLOGY,COMPUTER PERIPHERALS,REGULAR AIR
3080.07,0.1,2772.063,32,1480.15,4.65,1287.263,CRITICAL,OFFICE SUPPLIES,PAPER,REGULAR AIR
149.25,0.08,137.31,10,-26.81,8.4,155.72,LOW,OFFICE SUPPLIES,BINDERS AND BINDER ACCESSORIES,REGULAR AIR
2754.93,0.06,2589.6342,29,-1.33,39.61,2551.3541999999998,HIGH,FURNITURE,OFFICE FURNISHINGS,REGULAR AIR
1199.7,0.01,1187.703,37,3.22,19.51,1164.973,MEDIUM,OFFICE SUPPLIES,ENVELOPES,REGULAR AIR
5618.4,0.1,5056.5599999999995,32,1314.12,19.99,3722.45,MEDIUM,TECHNOLOGY,COMPUTER PERIPHERALS,REGULAR AIR
670.39,0.03,650.2783,25,-82.26,4.0,728.5382999999999,MEDIUM,TECHNOLOGY,COMPUTER PERIPHERALS,REGULAR AIR
5450.6,0.1,4905.54,42,10.86,19.99,4874.6900000000005,MEDIUM,OFFICE SUPPLIES,STORAGE & ORGANIZATION,REGULAR AIR
441.58,0.07,410.6694,15,117.39,5.09,288.18940000000003,NOT SPECIFIED,OFFICE SUPPLIES,PAPER,REGULAR AIR
1644.22,0.05,1562.009,36,563.09,6.77,992.149,CRITICAL,FURNITURE,OFFICE FURNISHINGS,REGULAR AIR
40.26,0.01,39.8574,8,-27.44,5.68,61.6174,NOT SPECIFIED,OFFICE SUPPLIES,PAPER,REGULAR AIR
1650.411,0.03,1600.89867,28,335.08,5.99,1259.82867,NOT SPECIFIED,TECHNOLOGY,TELEPHONES AND COMMUNICATION,REGULAR AIR
240.27,0.07,223.4511,33,-269.8,11.51,481.7411,CRITICAL,OFFICE SUPPLIES,BINDERS AND BINDER ACCESSORIES,REGULAR AIR
6802.37,0.08,6258.1804,24,459.5,69.55,5729.1304,CRITICAL,FURNITURE,CHAIRS & CHAIRMATS,DELIVERY TRUCK
1357.53,0.05,1289.6535,39,562.92,5.09,721.6435,CRITICAL,OFFICE SUPPLIES,PAPER,REGULAR AIR
502.01,0.04,481.9296,12,159.73,9.2,312.9996,LOW,FURNITURE,OFFICE FURNISHINGS,REGULAR AIR
7312.86,0.03,7093.4742,44,1279.37,30.0,5784.1042,NOT SPECIFIED,FURNITURE,CHAIRS & CHAIRMATS,DELIVERY TRUCK
605.16,0.09,550.6956,39,154.65,4.0,392.04560000000004,NOT SPECIFIED,TECHNOLOGY,COMPUTER PERIPHERALS,REGULAR AIR
1484.185,0.02,1454.5013,27,239.25,4.99,1210.2613,HIGH,TECHNOLOGY,TELEPHONES AND COMMUNICATION,REGULAR AIR
121.0,0.09,110.11,33,51.21,0.5,58.4,HIGH,OFFICE SUPPLIES,LABELS,REGULAR AIR
1476.12,0.03,1431.8364,31,-1401.17,46.59,2786.4164,HIGH,FURNITURE,TABLES,DELIVERY TRUCK
1764.97,0.07,1641.4221,13,-383.5,54.74,1970.1821,LOW,FURNITURE,BOOKCASES,DELIVERY TRUCK
238.34,0.04,228.8064,50,-7.36,3.01,233.15640000000002,LOW,OFFICE SUPPLIES,PAPER,REGULAR AIR
3731.59,0.0,3731.59,41,-605.52,42.0,4295.110000000001,NOT SPECIFIED,FURNITURE,CHAIRS & CHAIRMATS,DELIVERY TRUCK
4842.21,0.03,4696.9437,40,-1975.26,70.2,6602.0037,CRITICAL,FURNITURE,CHAIRS & CHAIRMATS,DELIVERY TRUCK
1299.91,0.06,1221.9154,44,439.26,5.76,776.8954000000001,NOT SPECIFIED,OFFICE SUPPLIES,PAPER,REGULAR AIR
2009.05,0.04,1928.6879999999999,43,33.99,46.59,1848.108,MEDIUM,FURNITURE,TABLES,DELIVERY TRUCK
90.15,0.07,83.8395,13,33.05,0.49,50.29950000000001,MEDIUM,OFFICE SUPPLIES,LABELS,REGULAR AIR
113.25,0.03,109.8525,16,-43.43,6.65,146.6325,MEDIUM,OFFICE SUPPLIES,PAPER,REGULAR AIR
6766.856,0.02,6631.51888,26,-774.89,43.57,7362.83888,CRITICAL,FURNITURE,TABLES,DELIVERY TRUCK
3.96,0.1,3.564,3,-1.72,0.7,4.584,NOT SPECIFIED,OFFICE SUPPLIES,RUBBER BANDS,REGULAR AIR
157.85,0.06,148.379,32,22.54,2.04,123.799,CRITICAL,OFFICE SUPPLIES,PAPER,REGULAR AIR
615.58,0.04,590.9568,31,168.0,5.23,417.7268,HIGH,OFFICE SUPPLIES,BINDERS AND BINDER ACCESSORIES,REGULAR AIR
158.19,0.09,143.9529,17,-75.22,7.28,211.8929,NOT SPECIFIED,OFFICE SUPPLIES,STORAGE & ORGANIZATION,REGULAR AIR
34.66,0.06,32.5804,7,-20.87,4.99,48.46039999999999,NOT SPECIFIED,OFFICE SUPPLIES,ENVELOPES,REGULAR AIR
347.93,0.1,313.137,32,34.29,5.01,273.837,HIGH,OFFICE SUPPLIES,PAPER,REGULAR AIR
3755.43,0.07,3492.5499,39,448.07,19.99,3024.4899,HIGH,TECHNOLOGY,COMPUTER PERIPHERALS,REGULAR AIR
138.84,0.0,138.84,15,8.75,2.64,127.45000000000002,CRITICAL,OFFICE SUPPLIES,"SCISSORS, RULERS AND TRIMMERS",EXPRESS AIR
79.02,0.08,72.69839999999999,36,-192.68,6.05,259.3284,NOT SPECIFIED,OFFICE SUPPLIES,BINDERS AND BINDER ACCESSORIES,REGULAR AIR
1053.74,0.07,979.9782,33,359.53,7.09,613.3582,LOW,FURNITURE,OFFICE FURNISHINGS,REGULAR AIR
76.89,0.03,74.5833,20,31.64,0.5,42.443299999999994,LOW,OFFICE SUPPLIES,LABELS,REGULAR AIR
230.77,0.09,210.0007,29,-146.24,7.77,348.47069999999997,NOT SPECIFIED,OFFICE SUPPLIES,"SCISSORS, RULERS AND TRIMMERS",REGULAR AIR
507.58,0.01,502.50419999999997,31,-131.59,10.68,623.4141999999999,NOT SPECIFIED,OFFICE SUPPLIES,STORAGE & ORGANIZATION,REGULAR AIR
15.7,0.01,15.543,4,0.71,0.5,14.332999999999998,MEDIUM,OFFICE SUPPLIES,LABELS,REGULAR AIR
126.02,0.09,114.6782,6,66.97,6.67,41.0382,HIGH,FURNITURE,OFFICE FURNISHINGS,REGULAR AIR
580.46,0.03,563.0462,12,108.96,3.99,450.0962,CRITICAL,OFFICE SUPPLIES,APPLIANCES,EXPRESS AIR
351.25,0.01,347.7375,17,80.73,5.97,261.03749999999997,HIGH,OFFICE SUPPLIES,PAPER,EXPRESS AIR
281.59,0.07,261.8787,37,-6.39,4.95,263.3187,NOT SPECIFIED,FURNITURE,OFFICE FURNISHINGS,REGULAR AIR
231.7525,0.03,224.799925,6,-155.95,4.99,375.75992499999995,NOT SPECIFIED,TECHNOLOGY,TELEPHONES AND COMMUNICATION,REGULAR AIR
161.8,0.06,152.092,44,21.34,1.49,129.262,MEDIUM,OFFICE SUPPLIES,BINDERS AND BINDER ACCESSORIES,REGULAR AIR
64.36,0.06,60.4984,37,-1.53,0.7,61.328399999999995,MEDIUM,OFFICE SUPPLIES,PENS & ART SUPPLIES,REGULAR AIR
450.66,0.01,446.15340000000003,49,-115.1,6.14,555.1134000000001,LOW,OFFICE SUPPLIES,"SCISSORS, RULERS AND TRIMMERS",EXPRESS AIR
213.06,0.03,206.6682,17,-31.74,5.81,232.59820000000002,LOW,OFFICE SUPPLIES,PENS & ART SUPPLIES,REGULAR AIR
1126.488,0.08,1036.36896,7,-557.95,4.2,1590.11896,LOW,TECHNOLOGY,TELEPHONES AND COMMUNICATION,REGULAR AIR
310.46,0.0,310.46,31,-182.52,9.45,483.53,HIGH,OFFICE SUPPLIES,STORAGE & ORGANIZATION,REGULAR AIR
141.9755,0.09,129.197705,5,-88.94,0.99,217.147705,MEDIUM,TECHNOLOGY,TELEPHONES AND COMMUNICATION,REGULAR AIR
68.14,0.0,68.14,30,6.37,0.78,60.99,HIGH,OFFICE SUPPLIES,RUBBER BANDS,REGULAR AIR
53.18,0.09,48.3938,9,-46.13,6.98,87.5438,CRITICAL,OFFICE SUPPLIES,BINDERS AND BINDER ACCESSORIES,REGULAR AIR
607.42,0.03,589.1974,38,-254.14,15.09,828.2474,MEDIUM,OFFICE SUPPLIES,BINDERS AND BINDER ACCESSORIES,REGULAR AIR
76.06,0.02,74.53880000000001,24,30.03,0.49,44.01880000000001,CRITICAL,OFFICE SUPPLIES,LABELS,REGULAR AIR
396.6,0.08,364.872,30,-148.26,9.37,503.762,LOW,OFFICE SUPPLIES,STORAGE & ORGANIZATION,REGULAR AIR
6902.51,0.04,6626.4096,32,-513.79,110.2,7029.9996,LOW,FURNITURE,TABLES,DELIVERY TRUCK
180.7,0.1,162.63,31,-94.61,3.85,253.39,HIGH,TECHNOLOGY,COMPUTER PERIPHERALS,REGULAR AIR
67.4,0.07,62.682,26,22.71,0.5,39.472,HIGH,OFFICE SUPPLIES,LABELS,REGULAR AIR
466.9475,0.1,420.25275,16,82.82,3.3,334.13275,NOT SPECIFIED,TECHNOLOGY,TELEPHONES AND COMMUNICATION,REGULAR AIR
1253.89,0.09,1141.0399,5,-577.48,17.86,1700.6599,CRITICAL,TECHNOLOGY,OFFICE MACHINES,DELIVERY TRUCK
1103.67,0.04,1059.5232,28,253.61,1.99,803.9232000000001,LOW,TECHNOLOGY,COMPUTER PERIPHERALS,REGULAR AIR
3554.46,0.07,3305.6478,39,-1766.01,74.35,4997.3078000000005,CRITICAL,FURNITURE,CHAIRS & CHAIRMATS,DELIVERY TRUCK
71.47,0.06,67.1818,14,-62.73,4.62,125.2918,LOW,TECHNOLOGY,COMPUTER PERIPHERALS,REGULAR AIR
1062.69,0.01,1052.0631,28,401.8,6.66,643.6031,MEDIUM,OFFICE SUPPLIES,ENVELOPES,REGULAR AIR
6147.24,0.05,5839.878,40,632.98,30.0,5176.897999999999,MEDIUM,FURNITURE,CHAIRS & CHAIRMATS,DELIVERY TRUCK
70.55,0.0,70.55,8,-66.17,11.51,125.21000000000001,HIGH,OFFICE SUPPLIES,BINDERS AND BINDER ACCESSORIES,REGULAR AIR
34.94,0.05,33.193,20,-30.7,1.99,61.903,CRITICAL,TECHNOLOGY,COMPUTER PERIPHERALS,REGULAR AIR
9304.2,0.08,8559.864000000001,46,1981.17,14.7,6563.994000000001,MEDIUM,TECHNOLOGY,OFFICE MACHINES,DELIVERY TRUCK
1685.05,0.1,1516.545,31,518.07,13.88,984.5949999999999,MEDIUM,OFFICE SUPPLIES,PAPER,REGULAR AIR
57.48,0.0,57.48,3,-28.09,8.34,77.23,MEDIUM,OFFICE SUPPLIES,STORAGE & ORGANIZATION,REGULAR AIR
4276.096,0.0,4276.096,24,-505.98,69.0,4713.075999999999,MEDIUM,FURNITURE,TABLES,REGULAR AIR
568.3355,0.02,556.96879,10,-147.36,8.99,695.33879,NOT SPECIFIED,TECHNOLOGY,TELEPHONES AND COMMUNICATION,REGULAR AIR
825.82,0.0,825.82,36,-1049.26,35.0,1840.08,NOT SPECIFIED,OFFICE SUPPLIES,STORAGE & ORGANIZATION,REGULAR AIR
205.24,0.01,203.1876,6,-135.51,6.5,332.19759999999997,NOT SPECIFIED,TECHNOLOGY,COMPUTER PERIPHERALS,REGULAR AIR
60.64,0.05,57.608000000000004,31,-66.62,2.58,121.64800000000001,LOW,OFFICE SUPPLIES,RUBBER BANDS,REGULAR AIR
2482.034,0.08,2283.47128,48,421.89,5.92,1855.6612800000003,NOT SPECIFIED,TECHNOLOGY,TELEPHONES AND COMMUNICATION,REGULAR AIR
246.79,0.01,244.3221,36,-90.08,6.6,327.8021,LOW,OFFICE SUPPLIES,PAPER,REGULAR AIR
777.78,0.01,770.0022,39,237.75,4.1,528.1522,LOW,OFFICE SUPPLIES,PENS & ART SUPPLIES,REGULAR AIR
241.04,0.05,228.988,34,-28.2,5.14,252.048,NOT SPECIFIED,OFFICE SUPPLIES,PAPER,EXPRESS AIR
44.17,0.02,43.2866,5,23.41,4.0,15.8766,MEDIUM,FURNITURE,OFFICE FURNISHINGS,REGULAR AIR
10532.94,0.06,9900.963600000001,37,406.37,35.0,9459.5936,MEDIUM,OFFICE SUPPLIES,STORAGE & ORGANIZATION,REGULAR AIR
192.92,0.09,175.5572,37,74.58,0.95,100.02720000000001,MEDIUM,OFFICE SUPPLIES,PAPER,REGULAR AIR
2157.3085,0.0,2157.3085,38,519.25,5.31,1632.7485000000001,LOW,TECHNOLOGY,TELEPHONES AND COMMUNICATION,REGULAR AIR
1091.47,0.04,1047.8112,11,160.48,39.61,847.7212000000001,MEDIUM,FURNITURE,OFFICE FURNISHINGS,REGULAR AIR
112.59,0.09,102.4569,35,-126.7,5.0,224.1569,MEDIUM,OFFICE SUPPLIES,PENS & ART SUPPLIES,EXPRESS AIR
210.5025,0.04,202.0824,3,-315.33,1.25,516.1623999999999,CRITICAL,TECHNOLOGY,TELEPHONES AND COMMUNICATION,REGULAR AIR
230.63,0.1,207.567,50,-39.71,3.05,244.227,LOW,FURNITURE,OFFICE FURNISHINGS,REGULAR AIR
80.79,0.1,72.71100000000001,22,25.18,0.71,46.82100000000002,LOW,OFFICE SUPPLIES,RUBBER BANDS,REGULAR AIR
9522.12,0.04,9141.235200000001,34,171.3,35.0,8934.935200000002,CRITICAL,OFFICE SUPPLIES,STORAGE & ORGANIZATION,REGULAR AIR
1985.6935,0.1,1787.12415,16,35.65,8.99,1742.48415,CRITICAL,TECHNOLOGY,TELEPHONES AND COMMUNICATION,REGULAR AIR
1420.89,0.06,1335.6366,37,389.67,4.5,941.4666,LOW,OFFICE SUPPLIES,APPLIANCES,REGULAR AIR
1363.0,0.04,1308.48,26,149.83,14.19,1144.46,LOW,FURNITURE,CHAIRS & CHAIRMATS,DELIVERY TRUCK
4698.5,0.04,4510.56,36,-219.38,51.94,4678.000000000001,LOW,FURNITURE,TABLES,DELIVERY TRUCK
45.18,0.1,40.662,11,-10.77,2.97,48.462,LOW,OFFICE SUPPLIES,PAPER,EXPRESS AIR
65.67,0.02,64.3566,9,-35.2,7.37,92.1866,HIGH,OFFICE SUPPLIES,PAPER,REGULAR AIR
10.23,0.1,9.207,1,-4.22,2.01,11.417000000000002,MEDIUM,OFFICE SUPPLIES,PAPER,REGULAR AIR
251.34,0.1,226.20600000000002,36,-162.2,7.72,380.68600000000004,NOT SPECIFIED,OFFICE SUPPLIES,BINDERS AND BINDER ACCESSORIES,REGULAR AIR
202.84,0.05,192.698,23,-19.48,5.6,206.578,NOT SPECIFIED,OFFICE SUPPLIES,BINDERS AND BINDER ACCESSORIES,REGULAR AIR
78.39,0.01,77.6061,5,-5.16,4.98,77.78609999999999,NOT SPECIFIED,OFFICE SUPPLIES,APPLIANCES,EXPRESS AIR
53.66,0.09,48.8306,5,5.69,1.39,41.7506,MEDIUM,OFFICE SUPPLIES,ENVELOPES,REGULAR AIR
67.85,0.05,64.4575,33,1.05,0.7,62.707499999999996,HIGH,OFFICE SUPPLIES,PENS & ART SUPPLIES,REGULAR AIR
176.35,0.04,169.296,36,73.05,0.8,95.44599999999998,MEDIUM,OFFICE SUPPLIES,PAPER,REGULAR AIR
3883.4715,0.1,3495.12435,42,707.17,8.99,2778.96435,LOW,TECHNOLOGY,TELEPHONES AND COMMUNICATION,REGULAR AIR
347.47,0.09,316.19770000000005,16,-86.2,15.1,387.2977,LOW,OFFICE SUPPLIES,BINDERS AND BINDER ACCESSORIES,REGULAR AIR
5679.59,0.09,5168.4269,38,-1763.75,69.0,6863.1769,CRITICAL,FURNITURE,TABLES,EXPRESS AIR
1029.29,0.06,967.5326,26,109.16,17.48,840.8926,HIGH,OFFICE SUPPLIES,PAPER,REGULAR AIR
5155.07,0.06,4845.7658,28,368.79,19.99,4456.9858,MEDIUM,OFFICE SUPPLIES,STORAGE & ORGANIZATION,REGULAR AIR
707.3,0.06,664.862,10,-127.94,26.74,766.0619999999999,MEDIUM,FURNITURE,BOOKCASES,DELIVERY TRUCK
335.64,0.02,328.92719999999997,48,80.13,1.56,247.23719999999997,MEDIUM,OFFICE SUPPLIES,PENS & ART SUPPLIES,REGULAR AIR
545.71,0.1,491.139,19,-35.47,6.64,519.969,NOT SPECIFIED,OFFICE SUPPLIES,STORAGE & ORGANIZATION,REGULAR AIR
872.97,0.1,785.673,23,-22.63,4.0,804.303,NOT SPECIFIED,TECHNOLOGY,COMPUTER PERIPHERALS,REGULAR AIR
1404.22,0.1,1263.798,23,202.87,14.48,1046.4479999999999,CRITICAL,FURNITURE,OFFICE FURNISHINGS,REGULAR AIR
261.17,0.03,253.3349,7,-78.84,19.19,312.98490000000004,CRITICAL,FURNITURE,CHAIRS & CHAIRMATS,DELIVERY TRUCK
342.4,0.0,342.4,26,-14.06,6.96,349.5,LOW,OFFICE SUPPLIES,APPLIANCES,EXPRESS AIR
450.28,0.09,409.7548,25,-12.35,8.51,413.5948,MEDIUM,TECHNOLOGY,OFFICE MACHINES,REGULAR AIR
929.81,0.09,846.1270999999999,50,-188.41,11.17,1023.3670999999999,HIGH,FURNITURE,OFFICE FURNISHINGS,REGULAR AIR
1359.74,0.01,1346.1426,31,202.33,8.99,1134.8226,LOW,OFFICE SUPPLIES,PENS & ART SUPPLIES,EXPRESS AIR
5228.2,0.0,5228.2,38,-691.52,35.0,5884.719999999999,LOW,OFFICE SUPPLIES,STORAGE & ORGANIZATION,REGULAR AIR
136.24,0.07,126.70320000000001,13,-81.77,9.45,199.0232,LOW,OFFICE SUPPLIES,STORAGE & ORGANIZATION,REGULAR AIR
454.58,0.07,422.75939999999997,31,-118.75,8.78,532.7293999999999,LOW,OFFICE SUPPLIES,STORAGE & ORGANIZATION,REGULAR AIR
550.68,0.08,506.62559999999996,24,-134.63,15.68,625.5755999999999,HIGH,FURNITURE,OFFICE FURNISHINGS,DELIVERY TRUCK
17.52,0.05,16.644,3,-12.16,5.04,23.764,CRITICAL,OFFICE SUPPLIES,BINDERS AND BINDER ACCESSORIES,REGULAR AIR
120.96,0.02,118.54079999999999,18,-53.69,6.65,165.58079999999998,HIGH,OFFICE SUPPLIES,PAPER,REGULAR AIR
2569.6265,0.0,2569.6265,19,398.01,8.99,2162.6265000000003,CRITICAL,TECHNOLOGY,TELEPHONES AND COMMUNICATION,REGULAR AIR
1388.91,0.1,1250.019,20,-229.87,4.0,1475.8890000000001,HIGH,TECHNOLOGY,COMPUTER PERIPHERALS,REGULAR AIR
1806.65,0.05,1716.3175,34,599.04,10.17,1107.1075,HIGH,TECHNOLOGY,OFFICE MACHINES,REGULAR AIR
410.03,0.05,389.52849999999995,46,-138.39,8.54,519.3784999999999,HIGH,FURNITURE,OFFICE FURNISHINGS,REGULAR AIR
3801.27,0.02,3725.2446,17,-861.3,69.0,4517.5446,NOT SPECIFIED,FURNITURE,TABLES,REGULAR AIR
226.15,0.01,223.8885,31,35.98,2.35,185.5585,CRITICAL,OFFICE SUPPLIES,PENS & ART SUPPLIES,REGULAR AIR
1794.03,0.05,1704.3285,35,196.21,14.19,1493.9285,LOW,FURNITURE,CHAIRS & CHAIRMATS,DELIVERY TRUCK
109.58,0.0,109.58,13,31.32,4.0,74.25999999999999,LOW,FURNITURE,OFFICE FURNISHINGS,REGULAR AIR
43.9,0.06,41.266,6,12.74,4.95,23.575999999999993,NOT SPECIFIED,FURNITURE,OFFICE FURNISHINGS,REGULAR AIR
236.28,0.05,224.466,50,-34.06,3.05,255.476,NOT SPECIFIED,FURNITURE,OFFICE FURNISHINGS,REGULAR AIR
4273.8,0.06,4017.3720000000003,36,-1775.83,70.2,5723.002,MEDIUM,FURNITURE,CHAIRS & CHAIRMATS,DELIVERY TRUCK
136.79,0.06,128.58259999999999,33,42.71,0.99,84.8826,CRITICAL,OFFICE SUPPLIES,LABELS,REGULAR AIR
336.34,0.05,319.52299999999997,31,-89.9,7.94,401.48299999999995,CRITICAL,FURNITURE,OFFICE FURNISHINGS,REGULAR AIR
1396.75,0.04,1340.88,46,-75.7,19.51,1397.0700000000002,LOW,OFFICE SUPPLIES,ENVELOPES,EXPRESS AIR
159.71,0.1,143.739,20,-114.41,8.94,249.209,LOW,OFFICE SUPPLIES,BINDERS AND BINDER ACCESSORIES,EXPRESS AIR
187.37,0.01,185.4963,37,-85.01,4.95,265.5563,MEDIUM,OFFICE SUPPLIES,BINDERS AND BINDER ACCESSORIES,REGULAR AIR
84.61,0.03,82.07169999999999,43,-15.1,1.49,95.68169999999999,CRITICAL,OFFICE SUPPLIES,BINDERS AND BINDER ACCESSORIES,REGULAR AIR
24.36,0.08,22.4112,3,10.04,5.72,6.651200000000003,HIGH,FURNITURE,OFFICE FURNISHINGS,EXPRESS AIR
443.73,0.01,439.2927,28,-200.86,15.09,625.0627000000001,NOT SPECIFIED,OFFICE SUPPLIES,BINDERS AND BINDER ACCESSORIES,REGULAR AIR
188.44,0.09,171.4804,6,17.57,5.76,148.15040000000002,MEDIUM,OFFICE SUPPLIES,PAPER,REGULAR AIR
192.18,0.02,188.3364,25,-48.88,6.05,231.16639999999998,LOW,OFFICE SUPPLIES,BINDERS AND BINDER ACCESSORIES,REGULAR AIR
1265.497,0.1,1138.9473,13,-228.18,7.69,1359.4373,MEDIUM,TECHNOLOGY,TELEPHONES AND COMMUNICATION,REGULAR AIR
230.41,0.06,216.5854,23,94.39,1.39,120.8054,MEDIUM,OFFICE SUPPLIES,ENVELOPES,REGULAR AIR
5163.0105,0.07,4801.599765,48,1448.33,8.08,3345.189765,MEDIUM,TECHNOLOGY,TELEPHONES AND COMMUNICATION,REGULAR AIR
19.36,0.0,19.36,10,-1.02,0.7,19.68,HIGH,OFFICE SUPPLIES,PENS & ART SUPPLIES,REGULAR AIR
538.3,0.03,522.151,31,-63.98,12.39,573.741,HIGH,OFFICE SUPPLIES,ENVELOPES,REGULAR AIR
61.43,0.09,55.9013,9,-42.98,7.78,91.1013,MEDIUM,OFFICE SUPPLIES,BINDERS AND BINDER ACCESSORIES,EXPRESS AIR
129.5,0.02,126.91,6,65.49,6.68,54.739999999999995,MEDIUM,FURNITURE,OFFICE FURNISHINGS,REGULAR AIR
125.95,0.0,125.95,10,15.73,2.36,107.86,MEDIUM,OFFICE SUPPLIES,PENS & ART SUPPLIES,REGULAR AIR
90.93,0.05,86.38350000000001,43,-72.5,2.56,156.32350000000002,MEDIUM,OFFICE SUPPLIES,"SCISSORS, RULERS AND TRIMMERS",REGULAR AIR
865.35,0.06,813.429,28,-159.25,8.65,964.029,NOT SPECIFIED,TECHNOLOGY,COMPUTER PERIPHERALS,REGULAR AIR
823.07,0.02,806.6086,22,318.25,5.08,483.2786,NOT SPECIFIED,OFFICE SUPPLIES,PAPER,REGULAR AIR
68.04,0.07,63.27720000000001,16,-55.52,5.26,113.53720000000001,NOT SPECIFIED,OFFICE SUPPLIES,BINDERS AND BINDER ACCESSORIES,REGULAR AIR
483.96,0.01,479.12039999999996,22,-34.09,8.99,504.2203999999999,LOW,OFFICE SUPPLIES,PENS & ART SUPPLIES,REGULAR AIR
331.17,0.07,307.98810000000003,27,97.19,2.85,207.9481,NOT SPECIFIED,FURNITURE,OFFICE FURNISHINGS,REGULAR AIR
26.13,0.1,23.517,3,-10.61,4.0,30.127,CRITICAL,FURNITURE,OFFICE FURNISHINGS,REGULAR AIR
55.49,0.05,52.7155,9,7.23,0.91,44.575500000000005,LOW,OFFICE SUPPLIES,PENS & ART SUPPLIES,REGULAR AIR
132.02,0.04,126.73920000000001,24,-123.28,8.33,241.68920000000003,CRITICAL,OFFICE SUPPLIES,PAPER,EXPRESS AIR
139.98,0.07,130.1814,33,-140.54,6.89,263.8314,LOW,OFFICE SUPPLIES,LABELS,REGULAR AIR
1393.39,0.08,1281.9188000000001,15,84.15,7.18,1190.5888,CRITICAL,TECHNOLOGY,COMPUTER PERIPHERALS,REGULAR AIR
601.52,0.0,601.52,42,171.98,4.95,424.5899999999999,CRITICAL,FURNITURE,OFFICE FURNISHINGS,REGULAR AIR
1247.9275,0.1,1123.13475,24,186.42,2.5,934.21475,NOT SPECIFIED,TECHNOLOGY,TELEPHONES AND COMMUNICATION,REGULAR AIR
169.61,0.1,152.649,29,-211.06,9.92,353.789,NOT SPECIFIED,OFFICE SUPPLIES,BINDERS AND BINDER ACCESSORIES,REGULAR AIR
29.03,0.01,28.739700000000003,2,-11.83,5.01,35.5597,CRITICAL,OFFICE SUPPLIES,PAPER,REGULAR AIR
2252.262,0.1,2027.0358,42,478.11,5.63,1543.2957999999999,HIGH,TECHNOLOGY,TELEPHONES AND COMMUNICATION,REGULAR AIR
191.67,0.0,191.67,47,-236.27,7.01,420.93,HIGH,OFFICE SUPPLIES,BINDERS AND BINDER ACCESSORIES,REGULAR AIR
1911.4035,0.06,1796.71929,26,822.89,1.25,972.57929,LOW,TECHNOLOGY,TELEPHONES AND COMMUNICATION,REGULAR AIR
308.363,0.04,296.02848,10,42.27,0.99,252.76847999999998,LOW,TECHNOLOGY,TELEPHONES AND COMMUNICATION,REGULAR AIR
279.01,0.05,265.0595,47,-136.84,5.92,395.97950000000003,HIGH,FURNITURE,OFFICE FURNISHINGS,REGULAR AIR
2561.6705,0.08,2356.73686,21,88.77,8.08,2259.88686,CRITICAL,TECHNOLOGY,TELEPHONES AND COMMUNICATION,REGULAR AIR
2004.4,0.05,1904.18,24,544.3,6.13,1353.75,NOT SPECIFIED,TECHNOLOGY,COMPUTER PERIPHERALS,EXPRESS AIR
96.52,0.1,86.868,9,16.78,5.16,64.928,HIGH,FURNITURE,OFFICE FURNISHINGS,REGULAR AIR
115.17,0.04,110.5632,4,40.93,15.68,53.95319999999999,HIGH,FURNITURE,OFFICE FURNISHINGS,DELIVERY TRUCK
222.65,0.02,218.197,41,-131.16,6.26,343.097,CRITICAL,OFFICE SUPPLIES,PAPER,REGULAR AIR
76.48,0.09,69.5968,36,3.23,0.78,65.5868,CRITICAL,OFFICE SUPPLIES,RUBBER BANDS,REGULAR AIR
113.23,0.06,106.4362,24,-45.64,2.39,149.68619999999999,NOT SPECIFIED,TECHNOLOGY,COMPUTER PERIPHERALS,REGULAR AIR
889.84,0.1,800.856,34,204.49,8.23,588.136,NOT SPECIFIED,OFFICE SUPPLIES,ENVELOPES,REGULAR AIR
862.2,0.1,775.98,29,-45.1,4.0,817.08,MEDIUM,TECHNOLOGY,COMPUTER PERIPHERALS,REGULAR AIR
63.61,0.01,62.9739,6,7.59,2.06,53.323899999999995,MEDIUM,OFFICE SUPPLIES,PAPER,REGULAR AIR
519.9535,0.0,519.9535,9,-107.99,5.92,622.0235,MEDIUM,TECHNOLOGY,TELEPHONES AND COMMUNICATION,REGULAR AIR
5636.3075,0.04,5410.8552,41,1595.67,8.99,3806.1952,MEDIUM,TECHNOLOGY,TELEPHONES AND COMMUNICATION,REGULAR AIR
7663.74,0.0,7663.74,50,-375.33,39.25,7999.82,NOT SPECIFIED,FURNITURE,TABLES,DELIVERY TRUCK
224.58,0.03,217.8426,35,108.49,0.5,108.85260000000001,NOT SPECIFIED,OFFICE SUPPLIES,LABELS,REGULAR AIR
138.59,0.01,137.2041,36,62.73,0.5,73.97410000000002,NOT SPECIFIED,OFFICE SUPPLIES,LABELS,REGULAR AIR
97.06,0.05,92.20700000000001,19,-7.36,2.99,96.57700000000001,NOT SPECIFIED,OFFICE SUPPLIES,BINDERS AND BINDER ACCESSORIES,REGULAR AIR
258.74,0.05,245.803,23,10.8,5.72,229.283,CRITICAL,OFFICE SUPPLIES,ENVELOPES,REGULAR AIR
146.69,0.0,146.69,28,-64.05,5.32,205.42000000000002,CRITICAL,FURNITURE,OFFICE FURNISHINGS,REGULAR AIR
49.49,0.01,48.9951,28,-1.23,0.7,49.525099999999995,NOT SPECIFIED,OFFICE SUPPLIES,PENS & ART SUPPLIES,REGULAR AIR
120.03,0.02,117.6294,7,-56.06,11.25,162.4394,HIGH,OFFICE SUPPLIES,STORAGE & ORGANIZATION,REGULAR AIR
404.1495,0.07,375.859035,11,-107.5,4.99,478.369035,NOT SPECIFIED,TECHNOLOGY,TELEPHONES AND COMMUNICATION,REGULAR AIR
1782.68,0.08,1640.0656000000001,17,280.64,5.81,1353.6156,CRITICAL,FURNITURE,OFFICE FURNISHINGS,REGULAR AIR
280.87,0.01,278.0613,48,-214.15,7.57,484.6413,LOW,OFFICE SUPPLIES,BINDERS AND BINDER ACCESSORIES,EXPRESS AIR
5361.08,0.0,5361.08,42,1841.92,26.3,3492.8599999999997,LOW,TECHNOLOGY,OFFICE MACHINES,DELIVERY TRUCK
670.03,0.01,663.3297,10,-326.47,35.0,954.7997,MEDIUM,OFFICE SUPPLIES,STORAGE & ORGANIZATION,EXPRESS AIR
164.5,0.01,162.855,28,62.68,1.0,99.17499999999998,NOT SPECIFIED,OFFICE SUPPLIES,PENS & ART SUPPLIES,REGULAR AIR
1769.74,0.07,1645.8582,12,-333.69,4.0,1975.5482,CRITICAL,TECHNOLOGY,COMPUTER PERIPHERALS,REGULAR AIR
638.07,0.05,606.1665,42,278.89,1.97,325.3065,CRITICAL,OFFICE SUPPLIES,PAPER,REGULAR AIR
468.95,0.02,459.57099999999997,38,-2.38,7.19,454.76099999999997,HIGH,OFFICE SUPPLIES,BINDERS AND BINDER ACCESSORIES,EXPRESS AIR
1142.485,0.09,1039.6613499999999,38,303.4,1.25,735.0113499999999,HIGH,TECHNOLOGY,TELEPHONES AND COMMUNICATION,REGULAR AIR
2104.991,0.09,1915.54181,20,165.45,8.8,1741.29181,CRITICAL,TECHNOLOGY,TELEPHONES AND COMMUNICATION,REGULAR AIR
28.34,0.09,25.7894,19,1.68,0.7,23.4094,LOW,OFFICE SUPPLIES,RUBBER BANDS,REGULAR AIR
343.92,0.06,323.2848,35,154.54,0.99,167.75480000000002,CRITICAL,OFFICE SUPPLIES,LABELS,REGULAR AIR
7.75,0.03,7.5175,2,-5.27,2.4,10.3875,MEDIUM,OFFICE SUPPLIES,PENS & ART SUPPLIES,REGULAR AIR
2433.53,0.02,2384.8594000000003,43,946.7,0.99,1437.1694000000005,LOW,OFFICE SUPPLIES,APPLIANCES,REGULAR AIR
1250.4265,0.02,1225.41797,32,303.3,2.5,919.61797,LOW,TECHNOLOGY,TELEPHONES AND COMMUNICATION,REGULAR AIR
260.64,0.08,239.78879999999998,41,-106.21,6.15,339.8488,LOW,OFFICE SUPPLIES,PAPER,REGULAR AIR
1368.03,0.04,1313.3088,26,27.51,6.5,1279.2988,LOW,TECHNOLOGY,COMPUTER PERIPHERALS,REGULAR AIR
580.04,0.09,527.8363999999999,36,-31.86,6.25,553.4463999999999,LOW,OFFICE SUPPLIES,STORAGE & ORGANIZATION,EXPRESS AIR
1392.77,0.0,1392.77,42,-1981.55,45.51,3328.81,CRITICAL,FURNITURE,TABLES,DELIVERY TRUCK
1940.21,0.09,1765.5911,12,-215.34,4.2,1976.7311,CRITICAL,TECHNOLOGY,TELEPHONES AND COMMUNICATION,REGULAR AIR
1717.21,0.08,1579.8332,44,176.13,8.99,1394.7132000000001,CRITICAL,OFFICE SUPPLIES,PENS & ART SUPPLIES,REGULAR AIR
237.28,0.03,230.1616,45,-2088.68,49.0,2269.8415999999997,NOT SPECIFIED,OFFICE SUPPLIES,APPLIANCES,EXPRESS AIR
250.13,0.01,247.6287,40,61.97,1.2,184.45870000000002,HIGH,OFFICE SUPPLIES,PENS & ART SUPPLIES,EXPRESS AIR
1958.32,0.0,1958.32,29,632.29,10.84,1315.19,HIGH,FURNITURE,OFFICE FURNISHINGS,REGULAR AIR
81.76,0.06,76.8544,25,8.53,1.35,66.9744,NOT SPECIFIED,OFFICE SUPPLIES,RUBBER BANDS,REGULAR AIR
28.15,0.09,25.6165,4,-10.09,5.29,30.4165,CRITICAL,FURNITURE,OFFICE FURNISHINGS,REGULAR AIR
558.77,0.03,542.0069,37,-92.87,4.53,630.3469,CRITICAL,OFFICE SUPPLIES,STORAGE & ORGANIZATION,REGULAR AIR
209.3,0.07,194.649,29,30.49,2.35,161.809,MEDIUM,OFFICE SUPPLIES,PENS & ART SUPPLIES,EXPRESS AIR
61.45,0.06,57.763000000000005,34,0.62,0.7,56.443000000000005,LOW,OFFICE SUPPLIES,PENS & ART SUPPLIES,REGULAR AIR
5407.9,0.01,5353.821,35,-352.79,46.2,5660.411,NOT SPECIFIED,FURNITURE,TABLES,DELIVERY TRUCK
130.36,0.06,122.53840000000001,10,2.43,4.98,115.1284,NOT SPECIFIED,OFFICE SUPPLIES,BINDERS AND BINDER ACCESSORIES,REGULAR AIR
324.55,0.08,298.586,5,-12.82,0.99,310.416,HIGH,OFFICE SUPPLIES,APPLIANCES,REGULAR AIR
80.0,0.03,77.6,13,10.96,1.2,65.44,NOT SPECIFIED,OFFICE SUPPLIES,PENS & ART SUPPLIES,REGULAR AIR
137.42,0.04,131.92319999999998,8,-24.86,6.25,150.53319999999997,NOT SPECIFIED,OFFICE SUPPLIES,STORAGE & ORGANIZATION,REGULAR AIR
693.17,0.07,644.6481,32,-59.83,8.99,695.4881,MEDIUM,OFFICE SUPPLIES,PENS & ART SUPPLIES,REGULAR AIR
174.1,0.1,156.69,28,-162.75,9.17,310.27,MEDIUM,OFFICE SUPPLIES,PAPER,REGULAR AIR
103.79,0.03,100.67630000000001,40,37.85,0.5,62.32630000000001,HIGH,OFFICE SUPPLIES,LABELS,REGULAR AIR
115.51,0.0,115.51,40,5.54,0.97,109.0,HIGH,OFFICE SUPPLIES,PENS & ART SUPPLIES,REGULAR AIR
2108.21,0.03,2044.9637,40,273.61,19.99,1751.3636999999999,HIGH,FURNITURE,OFFICE FURNISHINGS,REGULAR AIR
187.13,0.02,183.38739999999999,31,-60.83,5.46,238.75739999999996,CRITICAL,OFFICE SUPPLIES,PAPER,REGULAR AIR
360.7,0.0,360.7,27,146.17,1.49,213.04,LOW,OFFICE SUPPLIES,BINDERS AND BINDER ACCESSORIES,REGULAR AIR
7323.78,0.04,7030.828799999999,31,573.55,62.94,6394.3387999999995,HIGH,FURNITURE,CHAIRS & CHAIRMATS,DELIVERY TRUCK
1537.5,0.04,1476.0,21,-531.92,35.0,1972.92,NOT SPECIFIED,OFFICE SUPPLIES,STORAGE & ORGANIZATION,REGULAR AIR
259.25,0.1,233.325,46,-64.03,3.6,293.755,LOW,OFFICE SUPPLIES,"SCISSORS, RULERS AND TRIMMERS",EXPRESS AIR
99.13,0.09,90.2083,35,23.74,0.81,65.6583,HIGH,OFFICE SUPPLIES,PENS & ART SUPPLIES,REGULAR AIR
274.32,0.01,271.5768,18,-58.24,4.53,325.2868,CRITICAL,OFFICE SUPPLIES,STORAGE & ORGANIZATION,REGULAR AIR
171.14,0.02,167.7172,26,-1172.75,49.0,1291.4672,LOW,OFFICE SUPPLIES,APPLIANCES,REGULAR AIR
7731.09,0.0,7731.09,43,-222.17,35.0,7918.26,HIGH,OFFICE SUPPLIES,STORAGE & ORGANIZATION,REGULAR AIR
5834.6465,0.01,5776.300035,33,1619.66,2.79,4153.850035,HIGH,TECHNOLOGY,TELEPHONES AND COMMUNICATION,REGULAR AIR
10162.576,0.08,9349.56992,33,-969.05,42.52,10276.099919999999,HIGH,FURNITURE,TABLES,DELIVERY TRUCK
86.48,0.1,77.83200000000001,19,33.58,0.5,43.75200000000001,LOW,OFFICE SUPPLIES,LABELS,REGULAR AIR
327.95,0.0,327.95,28,43.68,5.14,279.13,HIGH,OFFICE SUPPLIES,BINDERS AND BINDER ACCESSORIES,REGULAR AIR
5606.91,0.06,5270.4954,47,-300.85,51.94,5519.405400000001,HIGH,FURNITURE,TABLES,DELIVERY TRUCK
86.53,0.05,82.2035,23,35.62,0.5,46.08350000000001,HIGH,OFFICE SUPPLIES,LABELS,REGULAR AIR
1062.959,0.07,988.55187,15,298.48,2.5,687.57187,LOW,TECHNOLOGY,TELEPHONES AND COMMUNICATION,EXPRESS AIR
269.66,0.02,264.26680000000005,20,-59.13,4.59,318.80680000000007,HIGH,OFFICE SUPPLIES,"SCISSORS, RULERS AND TRIMMERS",REGULAR AIR
28.34,0.01,28.0566,4,-18.55,7.44,39.1666,LOW,OFFICE SUPPLIES,PAPER,REGULAR AIR
405.3395,0.01,401.28610499999996,7,-147.88,3.9,545.2661049999999,LOW,TECHNOLOGY,TELEPHONES AND COMMUNICATION,EXPRESS AIR
196.04,0.04,188.1984,13,2.13,7.27,178.7984,HIGH,OFFICE SUPPLIES,BINDERS AND BINDER ACCESSORIES,REGULAR AIR
113.19,0.04,108.66239999999999,11,-53.25,9.86,152.05239999999998,HIGH,OFFICE SUPPLIES,PAPER,REGULAR AIR
140.02,0.03,135.8194,28,66.71,0.5,68.60940000000001,HIGH,OFFICE SUPPLIES,LABELS,REGULAR AIR
2006.38,0.0,2006.38,48,840.46,1.99,1163.93,CRITICAL,TECHNOLOGY,COMPUTER PERIPHERALS,REGULAR AIR
1134.05,0.08,1043.326,7,149.5,19.99,873.836,LOW,OFFICE SUPPLIES,BINDERS AND BINDER ACCESSORIES,REGULAR AIR
1470.0495,0.1,1323.04455,28,185.94,4.99,1132.11455,LOW,TECHNOLOGY,TELEPHONES AND COMMUNICATION,REGULAR AIR
1020.88,0.08,939.2096,47,173.94,8.99,756.2796000000001,NOT SPECIFIED,FURNITURE,OFFICE FURNISHINGS,REGULAR AIR
120.38,0.09,109.5458,6,-29.77,6.32,132.9958,HIGH,OFFICE SUPPLIES,APPLIANCES,REGULAR AIR
2051.8235,0.01,2031.305265,36,350.36,8.8,1672.145265,MEDIUM,TECHNOLOGY,TELEPHONES AND COMMUNICATION,EXPRESS AIR
621.21,0.07,577.7253000000001,22,-42.35,6.64,613.4353000000001,HIGH,OFFICE SUPPLIES,STORAGE & ORGANIZATION,REGULAR AIR
13.29,0.08,12.226799999999999,2,-10.33,5.41,17.1468,LOW,OFFICE SUPPLIES,BINDERS AND BINDER ACCESSORIES,REGULAR AIR
667.64,0.08,614.2288,25,-57.53,4.0,667.7588,CRITICAL,TECHNOLOGY,COMPUTER PERIPHERALS,REGULAR AIR
98.24,0.04,94.3104,9,-10.38,3.37,101.32039999999999,NOT SPECIFIED,OFFICE SUPPLIES,"SCISSORS, RULERS AND TRIMMERS",REGULAR AIR
181.8,0.05,172.71,40,-144.74,5.83,311.62,HIGH,OFFICE SUPPLIES,BINDERS AND BINDER ACCESSORIES,REGULAR AIR
648.58,0.05,616.1510000000001,35,182.63,5.21,428.31100000000004,LOW,OFFICE SUPPLIES,PAPER,REGULAR AIR
270.56,0.09,246.2096,43,-140.48,6.86,379.82959999999997,LOW,OFFICE SUPPLIES,PAPER,REGULAR AIR
710.328,0.02,696.12144,12,-10.3,5.31,701.11144,NOT SPECIFIED,TECHNOLOGY,TELEPHONES AND COMMUNICATION,REGULAR AIR
233.2,0.04,223.87199999999999,31,-48.07,5.83,266.11199999999997,NOT SPECIFIED,OFFICE SUPPLIES,PAPER,REGULAR AIR
1680.977,0.05,1596.9281500000002,43,383.09,4.99,1208.8481500000003,NOT SPECIFIED,TECHNOLOGY,TELEPHONES AND COMMUNICATION,REGULAR AIR
79.53,0.08,73.16760000000001,16,-48.55,5.49,116.22760000000001,NOT SPECIFIED,OFFICE SUPPLIES,PAPER,REGULAR AIR
2002.4,0.0,2002.4,19,151.09,26.22,1825.0900000000001,NOT SPECIFIED,FURNITURE,BOOKCASES,DELIVERY TRUCK
24.3,0.02,23.814,5,3.14,0.5,20.174,LOW,OFFICE SUPPLIES,LABELS,REGULAR AIR
322.61,0.02,316.1578,14,19.37,5.53,291.25780000000003,LOW,OFFICE SUPPLIES,PENS & ART SUPPLIES,REGULAR AIR
143.9815,0.08,132.46298000000002,3,-283.23,2.5,413.19298000000003,CRITICAL,TECHNOLOGY,TELEPHONES AND COMMUNICATION,REGULAR AIR
31.7,0.05,30.115,2,-44.39,1.99,72.515,CRITICAL,TECHNOLOGY,COMPUTER PERIPHERALS,REGULAR AIR
52.7,0.03,51.119,20,-64.88,4.79,111.209,MEDIUM,OFFICE SUPPLIES,BINDERS AND BINDER ACCESSORIES,EXPRESS AIR
1124.244,0.03,1090.51668,10,-126.45,7.69,1209.27668,CRITICAL,TECHNOLOGY,TELEPHONES AND COMMUNICATION,EXPRESS AIR
415.055,0.02,406.7539,23,-44.13,0.99,449.8939,CRITICAL,TECHNOLOGY,TELEPHONES AND COMMUNICATION,REGULAR AIR
73.62,0.05,69.93900000000001,40,0.86,1.0,68.07900000000001,LOW,OFFICE SUPPLIES,PENS & ART SUPPLIES,REGULAR AIR
5586.33,0.09,5083.5603,49,80.44,30.0,4973.1203000000005,HIGH,FURNITURE,CHAIRS & CHAIRMATS,DELIVERY TRUCK
1287.94,0.06,1210.6636,37,140.35,14.72,1055.5936000000002,NOT SPECIFIED,OFFICE SUPPLIES,ENVELOPES,REGULAR AIR
585.36,0.07,544.3848,39,269.26,1.39,273.73480000000006,NOT SPECIFIED,OFFICE SUPPLIES,ENVELOPES,EXPRESS AIR
377.37,0.04,362.2752,25,151.4,1.97,208.90519999999995,NOT SPECIFIED,OFFICE SUPPLIES,PAPER,REGULAR AIR
1200.7,0.06,1128.6580000000001,47,-37.27,8.79,1157.1380000000001,NOT SPECIFIED,OFFICE SUPPLIES,STORAGE & ORGANIZATION,REGULAR AIR
73.62,0.03,71.4114,11,-23.5,5.35,89.5614,CRITICAL,OFFICE SUPPLIES,PAPER,REGULAR AIR
110.0,0.02,107.8,3,-24.43,11.63,120.6,LOW,OFFICE SUPPLIES,BINDERS AND BINDER ACCESSORIES,REGULAR AIR
186.89,0.02,183.1522,35,-153.2,7.54,328.81219999999996,LOW,OFFICE SUPPLIES,PAPER,REGULAR AIR
1132.32,0.1,1019.088,34,77.45,13.89,927.7479999999999,HIGH,OFFICE SUPPLIES,PENS & ART SUPPLIES,REGULAR AIR
2438.3695,0.1,2194.53255,45,317.2,8.99,1868.34255,HIGH,TECHNOLOGY,TELEPHONES AND COMMUNICATION,REGULAR AIR
509.52,0.05,484.044,25,-145.78,6.5,623.324,CRITICAL,TECHNOLOGY,COMPUTER PERIPHERALS,REGULAR AIR
281.84,0.06,264.9296,19,-21.85,8.4,278.37960000000004,CRITICAL,OFFICE SUPPLIES,BINDERS AND BINDER ACCESSORIES,REGULAR AIR
97.02,0.06,91.19879999999999,10,-3.96,1.99,93.16879999999999,CRITICAL,TECHNOLOGY,COMPUTER PERIPHERALS,REGULAR AIR
232.4155,0.05,220.794725,34,-110.59,5.03,326.35472500000003,HIGH,TECHNOLOGY,TELEPHONES AND COMMUNICATION,REGULAR AIR
71.1,0.03,68.967,8,2.29,2.99,63.687000000000005,MEDIUM,OFFICE SUPPLIES,BINDERS AND BINDER ACCESSORIES,REGULAR AIR
470.79,0.04,451.95840000000004,21,-80.11,15.1,516.9684,LOW,OFFICE SUPPLIES,BINDERS AND BINDER ACCESSORIES,REGULAR AIR
36.56,0.07,34.0008,6,6.22,0.5,27.2808,LOW,OFFICE SUPPLIES,LABELS,REGULAR AIR
55.17,0.06,51.8598,3,46.84,5.03,-0.01020000000000465,LOW,FURNITURE,OFFICE FURNISHINGS,REGULAR AIR
422.25,0.06,396.915,35,-116.02,7.95,504.985,MEDIUM,OFFICE SUPPLIES,PENS & ART SUPPLIES,REGULAR AIR
357.48,0.01,353.90520000000004,44,160.02,1.39,192.49520000000004,NOT SPECIFIED,OFFICE SUPPLIES,ENVELOPES,REGULAR AIR
1206.15,0.03,1169.9655,45,304.2,4.08,861.6855,NOT SPECIFIED,OFFICE SUPPLIES,PENS & ART SUPPLIES,REGULAR AIR
941.99,0.1,847.7909999999999,44,-2111.36,53.03,2906.121,NOT SPECIFIED,OFFICE SUPPLIES,STORAGE & ORGANIZATION,DELIVERY TRUCK
137.97,0.06,129.6918,20,-123.94,10.05,243.5818,NOT SPECIFIED,OFFICE SUPPLIES,PAPER,REGULAR AIR
225.16,0.02,220.6568,32,-33.69,5.2,249.1468,NOT SPECIFIED,OFFICE SUPPLIES,PAPER,REGULAR AIR
2527.792,0.09,2300.29072,23,-335.32,52.42,2583.19072,MEDIUM,FURNITURE,TABLES,DELIVERY TRUCK
6130.9,0.03,5946.973,35,583.15,35.89,5327.933,CRITICAL,FURNITURE,BOOKCASES,DELIVERY TRUCK
193.205,0.0,193.205,10,-52.24,4.81,240.63500000000002,CRITICAL,TECHNOLOGY,TELEPHONES AND COMMUNICATION,REGULAR AIR
62.88,0.09,57.220800000000004,3,-25.96,2.87,80.3108,HIGH,OFFICE SUPPLIES,PENS & ART SUPPLIES,REGULAR AIR
197.61,0.08,181.80120000000002,13,3.46,7.27,171.0712,HIGH,OFFICE SUPPLIES,BINDERS AND BINDER ACCESSORIES,EXPRESS AIR
68.92,0.04,66.1632,22,2.63,1.58,61.9532,HIGH,OFFICE SUPPLIES,RUBBER BANDS,REGULAR AIR
3594.7435,0.05,3415.006325,38,1016.97,2.5,2395.536325,HIGH,TECHNOLOGY,TELEPHONES AND COMMUNICATION,REGULAR AIR
235.98,0.02,231.2604,7,-32.28,17.08,246.46040000000002,HIGH,OFFICE SUPPLIES,PAPER,REGULAR AIR
15.69,0.09,14.277899999999999,4,-1.59,0.7,15.1679,HIGH,OFFICE SUPPLIES,PENS & ART SUPPLIES,REGULAR AIR
14.96,0.02,14.6608,4,-0.03,0.5,14.1908,HIGH,OFFICE SUPPLIES,LABELS,REGULAR AIR
205.33,0.0,205.33,20,10.68,6.02,188.63,NOT SPECIFIED,FURNITURE,OFFICE FURNISHINGS,REGULAR AIR
1156.6715,0.01,1145.104785,20,88.52,7.69,1048.894785,LOW,TECHNOLOGY,TELEPHONES AND COMMUNICATION,EXPRESS AIR
5437.92,0.0,5437.92,33,-684.57,60.2,6062.29,HIGH,FURNITURE,CHAIRS & CHAIRMATS,DELIVERY TRUCK
840.04,0.04,806.4384,47,-131.27,9.47,928.2384,CRITICAL,OFFICE SUPPLIES,STORAGE & ORGANIZATION,REGULAR AIR
378.6,0.08,348.312,33,12.72,5.63,329.962,CRITICAL,OFFICE SUPPLIES,BINDERS AND BINDER ACCESSORIES,REGULAR AIR
605.97,0.07,563.5521,46,-22.72,6.85,579.4221,MEDIUM,FURNITURE,OFFICE FURNISHINGS,REGULAR AIR
11230.25,0.07,10444.1325,42,-679.04,35.67,11087.502499999999,LOW,FURNITURE,TABLES,DELIVERY TRUCK
5340.5,0.01,5287.095,48,1215.28,13.99,4057.8250000000007,NOT SPECIFIED,FURNITURE,OFFICE FURNISHINGS,REGULAR AIR
4345.86,0.09,3954.7326,29,126.62,4.0,3824.1126,MEDIUM,TECHNOLOGY,COMPUTER PERIPHERALS,REGULAR AIR
755.6075,0.05,717.8271249999999,26,149.17,1.1,567.5571249999999,HIGH,TECHNOLOGY,TELEPHONES AND COMMUNICATION,REGULAR AIR
1368.14,0.05,1299.7330000000002,17,171.26,19.95,1108.5230000000001,CRITICAL,OFFICE SUPPLIES,APPLIANCES,EXPRESS AIR
7287.55,0.04,6996.048,24,-715.78,54.12,7657.708,HIGH,FURNITURE,TABLES,DELIVERY TRUCK
137.64,0.06,129.3816,13,19.59,2.99,106.8016,MEDIUM,OFFICE SUPPLIES,BINDERS AND BINDER ACCESSORIES,REGULAR AIR
40.31,0.08,37.0852,6,-32.27,8.09,61.26520000000001,NOT SPECIFIED,OFFICE SUPPLIES,PAPER,REGULAR AIR
508.73,0.08,468.0316,36,-229.67,13.32,684.3816,CRITICAL,OFFICE SUPPLIES,APPLIANCES,REGULAR AIR
731.22,0.0,731.22,32,-84.07,6.5,808.79,CRITICAL,TECHNOLOGY,COMPUTER PERIPHERALS,REGULAR AIR
114.14,0.07,106.1502,23,-65.62,5.49,166.2802,CRITICAL,OFFICE SUPPLIES,PAPER,REGULAR AIR
1427.67,0.04,1370.5632,16,422.8,0.99,946.7732000000001,HIGH,OFFICE SUPPLIES,APPLIANCES,REGULAR AIR
499.26,0.09,454.3266,11,144.05,5.86,304.41659999999996,HIGH,OFFICE SUPPLIES,PAPER,EXPRESS AIR
346.06,0.0,346.06,50,-76.54,5.86,416.74,NOT SPECIFIED,OFFICE SUPPLIES,PAPER,REGULAR AIR
736.3,0.03,714.211,30,259.07,2.99,452.151,NOT SPECIFIED,OFFICE SUPPLIES,BINDERS AND BINDER ACCESSORIES,REGULAR AIR
927.97,0.08,853.7324,42,162.17,4.5,687.0624,NOT SPECIFIED,OFFICE SUPPLIES,APPLIANCES,REGULAR AIR
2475.83,0.09,2253.0053,42,752.37,3.99,1496.6453000000001,MEDIUM,OFFICE SUPPLIES,APPLIANCES,REGULAR AIR
59.05,0.08,54.32599999999999,9,-24.09,5.4,73.01599999999999,NOT SPECIFIED,OFFICE SUPPLIES,PAPER,REGULAR AIR
153.23,0.08,140.9716,27,-95.15,4.69,231.4316,HIGH,OFFICE SUPPLIES,STORAGE & ORGANIZATION,REGULAR AIR
1085.16,0.08,998.3472,12,-311.54,42.0,1267.8872000000001,MEDIUM,FURNITURE,CHAIRS & CHAIRMATS,DELIVERY TRUCK
1441.61,0.06,1355.1134,38,624.84,5.08,725.1934,MEDIUM,OFFICE SUPPLIES,PAPER,REGULAR AIR
75.77,0.03,73.4969,3,64.25,8.99,0.2569000000000017,HIGH,FURNITURE,OFFICE FURNISHINGS,REGULAR AIR
64.29,0.07,59.7897,16,14.42,0.99,44.3797,HIGH,OFFICE SUPPLIES,LABELS,REGULAR AIR
6077.11,0.06,5712.4834,43,-353.66,43.75,6022.3934,LOW,FURNITURE,TABLES,DELIVERY TRUCK
6746.312,0.07,6274.07016,48,-433.29,29.21,6678.15016,CRITICAL,FURNITURE,TABLES,DELIVERY TRUCK
159.43,0.05,151.45850000000002,24,-120.59,8.73,263.31850000000003,CRITICAL,OFFICE SUPPLIES,PAPER,REGULAR AIR
2205.7585,0.03,2139.585745,40,337.04,8.99,1793.5557450000001,NOT SPECIFIED,TECHNOLOGY,TELEPHONES AND COMMUNICATION,REGULAR AIR
106.64,0.1,95.976,30,-31.95,1.32,126.60600000000001,NOT SPECIFIED,OFFICE SUPPLIES,"SCISSORS, RULERS AND TRIMMERS",REGULAR AIR
2388.636,0.01,2364.74964,13,191.0,5.26,2168.48964,HIGH,TECHNOLOGY,TELEPHONES AND COMMUNICATION,REGULAR AIR
141.77,0.02,138.93460000000002,8,-24.48,1.99,161.4246,NOT SPECIFIED,TECHNOLOGY,COMPUTER PERIPHERALS,REGULAR AIR
8.34,0.09,7.5893999999999995,1,-3.44,1.39,9.6394,LOW,OFFICE SUPPLIES,ENVELOPES,REGULAR AIR
197.15,0.0,197.15,27,-23.34,5.2,215.29000000000002,MEDIUM,OFFICE SUPPLIES,PAPER,EXPRESS AIR
89.77,0.03,87.0769,41,9.92,1.0,76.1569,NOT SPECIFIED,OFFICE SUPPLIES,PENS & ART SUPPLIES,REGULAR AIR
766.9635,0.05,728.615325,45,-88.25,2.5,814.365325,HIGH,TECHNOLOGY,TELEPHONES AND COMMUNICATION,EXPRESS AIR
309.9015,0.09,282.010365,3,-558.42,7.69,832.7403649999999,HIGH,TECHNOLOGY,TELEPHONES AND COMMUNICATION,REGULAR AIR
76.36,0.07,71.0148,11,-58.4,8.74,120.67479999999999,HIGH,OFFICE SUPPLIES,PAPER,REGULAR AIR
524.2,0.04,503.232,21,158.98,6.71,337.54200000000003,HIGH,OFFICE SUPPLIES,ENVELOPES,REGULAR AIR
3725.53,0.0,3725.53,46,748.67,19.95,2956.9100000000003,NOT SPECIFIED,OFFICE SUPPLIES,APPLIANCES,REGULAR AIR
103.75,0.01,102.7125,8,25.13,1.49,76.09250000000002,LOW,OFFICE SUPPLIES,BINDERS AND BINDER ACCESSORIES,REGULAR AIR
855.865,0.04,821.6304,9,-153.92,2.5,973.0504,LOW,TECHNOLOGY,TELEPHONES AND COMMUNICATION,REGULAR AIR
158.83,0.0,158.83,25,-56.97,5.92,209.88000000000002,HIGH,FURNITURE,OFFICE FURNISHINGS,REGULAR AIR
193.16,0.03,187.3652,28,-71.73,6.6,252.4952,CRITICAL,OFFICE SUPPLIES,PAPER,REGULAR AIR
1757.43,0.02,1722.2814,40,490.77,3.5,1228.0114,LOW,OFFICE SUPPLIES,APPLIANCES,EXPRESS AIR
137.26,0.03,133.1422,8,-54.61,13.18,174.5722,LOW,OFFICE SUPPLIES,BINDERS AND BINDER ACCESSORIES,REGULAR AIR
2913.1455,0.09,2650.962405,20,333.72,4.99,2312.252405,LOW,TECHNOLOGY,TELEPHONES AND COMMUNICATION,REGULAR AIR
176.5,0.1,158.85,29,-119.72,7.37,271.2,MEDIUM,OFFICE SUPPLIES,PAPER,REGULAR AIR
221.66,0.08,203.9272,37,-95.17,3.85,295.2472,CRITICAL,TECHNOLOGY,COMPUTER PERIPHERALS,REGULAR AIR
6170.02,0.03,5984.919400000001,33,-433.29,29.21,6388.999400000001,CRITICAL,FURNITURE,TABLES,DELIVERY TRUCK
775.77,0.07,721.4661,20,179.37,9.83,532.2660999999999,MEDIUM,OFFICE SUPPLIES,ENVELOPES,REGULAR AIR
3436.9,0.03,3333.793,36,-398.11,39.61,3692.293,CRITICAL,FURNITURE,OFFICE FURNISHINGS,EXPRESS AIR
1187.01,0.0,1187.01,8,-203.27,32.18,1358.1,MEDIUM,FURNITURE,BOOKCASES,DELIVERY TRUCK
2360.43,0.1,2124.3869999999997,31,66.22,33.6,2024.5669999999998,LOW,TECHNOLOGY,OFFICE MACHINES,DELIVERY TRUCK
154.6,0.02,151.50799999999998,22,-23.53,5.11,169.92799999999997,LOW,OFFICE SUPPLIES,PAPER,REGULAR AIR
187.92,0.08,172.88639999999998,46,-2149.8,49.0,2273.6864,NOT SPECIFIED,OFFICE SUPPLIES,APPLIANCES,REGULAR AIR
497.14,0.05,472.283,45,240.41,1.39,230.48300000000003,NOT SPECIFIED,OFFICE SUPPLIES,ENVELOPES,REGULAR AIR
1211.0,0.0,1211.0,36,-27.99,6.5,1232.49,HIGH,TECHNOLOGY,COMPUTER PERIPHERALS,REGULAR AIR
4924.135,0.07,4579.44555,28,1049.54,8.99,3520.9155500000006,HIGH,TECHNOLOGY,TELEPHONES AND COMMUNICATION,REGULAR AIR
4890.58,0.05,4646.0509999999995,35,310.51,19.99,4315.5509999999995,MEDIUM,OFFICE SUPPLIES,STORAGE & ORGANIZATION,REGULAR AIR
150.28,0.04,144.2688,29,-50.86,4.7,190.42880000000002,CRITICAL,OFFICE SUPPLIES,PAPER,REGULAR AIR
436.4835,0.01,432.11866499999996,24,0.85,4.81,426.45866499999994,HIGH,TECHNOLOGY,TELEPHONES AND COMMUNICATION,REGULAR AIR
682.77,0.05,648.6315,49,165.2,1.99,481.44149999999996,HIGH,TECHNOLOGY,COMPUTER PERIPHERALS,REGULAR AIR
2421.44,0.09,2203.5104,32,-949.09,35.0,3117.6004000000003,LOW,OFFICE SUPPLIES,STORAGE & ORGANIZATION,REGULAR AIR
14.75,0.03,14.3075,4,-2.49,1.35,15.4475,CRITICAL,OFFICE SUPPLIES,RUBBER BANDS,REGULAR AIR
111.48,0.09,101.4468,31,29.57,0.7,71.17679999999999,HIGH,OFFICE SUPPLIES,PENS & ART SUPPLIES,REGULAR AIR
2322.812,0.1,2090.5308,44,454.38,4.2,1631.9508,HIGH,TECHNOLOGY,TELEPHONES AND COMMUNICATION,EXPRESS AIR
507.64,0.1,456.876,18,118.94,5.76,332.176,HIGH,OFFICE SUPPLIES,PAPER,REGULAR AIR
917.39,0.02,899.0422,21,393.41,2.99,502.64219999999995,NOT SPECIFIED,OFFICE SUPPLIES,BINDERS AND BINDER ACCESSORIES,EXPRESS AIR
391.23,0.07,363.8439,24,-27.98,6.25,385.57390000000004,LOW,OFFICE SUPPLIES,STORAGE & ORGANIZATION,REGULAR AIR
207.01,0.01,204.9399,33,-36.9,4.96,236.8799,HIGH,OFFICE SUPPLIES,PAPER,REGULAR AIR
1863.02,0.03,1807.1294,41,360.63,8.99,1437.5094,CRITICAL,OFFICE SUPPLIES,PENS & ART SUPPLIES,REGULAR AIR
55.89,0.06,52.5366,50,-3.05,0.7,54.886599999999994,CRITICAL,OFFICE SUPPLIES,RUBBER BANDS,REGULAR AIR
838.81,0.09,763.3171,16,290.77,6.79,465.75710000000004,CRITICAL,OFFICE SUPPLIES,PAPER,REGULAR AIR
94.39,0.04,90.6144,12,-29.49,6.05,114.0544,MEDIUM,OFFICE SUPPLIES,BINDERS AND BINDER ACCESSORIES,REGULAR AIR
936.802,0.07,871.22586,39,-12.08,8.59,874.71586,HIGH,TECHNOLOGY,TELEPHONES AND COMMUNICATION,REGULAR AIR
107.7,0.06,101.238,48,14.97,1.0,85.268,NOT SPECIFIED,OFFICE SUPPLIES,PENS & ART SUPPLIES,REGULAR AIR
110.67,0.08,101.8164,19,-43.75,4.92,140.6464,NOT SPECIFIED,OFFICE SUPPLIES,BINDERS AND BINDER ACCESSORIES,REGULAR AIR
1163.123,0.0,1163.123,20,83.84,8.99,1070.2930000000001,NOT SPECIFIED,TECHNOLOGY,TELEPHONES AND COMMUNICATION,REGULAR AIR
2604.315,0.0,2604.315,45,750.87,5.26,1848.185,MEDIUM,TECHNOLOGY,TELEPHONES AND COMMUNICATION,REGULAR AIR
2911.64,0.02,2853.4071999999996,37,225.28,14.52,2613.6071999999995,LOW,TECHNOLOGY,COMPUTER PERIPHERALS,REGULAR AIR
36.52,0.07,33.9636,14,10.05,0.5,23.4136,MEDIUM,OFFICE SUPPLIES,LABELS,REGULAR AIR
61.52,0.02,60.2896,16,-8.89,2.5,66.6796,LOW,OFFICE SUPPLIES,ENVELOPES,REGULAR AIR
1111.23,0.1,1000.107,29,21.6,19.99,958.5169999999999,MEDIUM,OFFICE SUPPLIES,PAPER,REGULAR AIR
64.5,0.05,61.275,3,-55.11,1.99,114.395,LOW,TECHNOLOGY,COMPUTER PERIPHERALS,REGULAR AIR
816.23,0.05,775.4185,12,-353.71,35.0,1094.1285,HIGH,OFFICE SUPPLIES,STORAGE & ORGANIZATION,REGULAR AIR
224.58,0.03,217.8426,48,-144.76,5.42,357.1826,HIGH,OFFICE SUPPLIES,BINDERS AND BINDER ACCESSORIES,REGULAR AIR
365.77,0.07,340.1661,34,155.69,1.39,183.0861,HIGH,OFFICE SUPPLIES,ENVELOPES,REGULAR AIR
340.97,0.07,317.1021,33,-22.82,3.99,335.9321,CRITICAL,OFFICE SUPPLIES,APPLIANCES,REGULAR AIR
136.24,0.03,132.1528,22,-96.22,7.96,220.4128,CRITICAL,OFFICE SUPPLIES,PAPER,REGULAR AIR
28.82,0.08,26.514400000000002,14,-8.36,1.49,33.3844,CRITICAL,OFFICE SUPPLIES,BINDERS AND BINDER ACCESSORIES,REGULAR AIR
4713.25,0.1,4241.925,31,-372.49,69.0,4545.415,CRITICAL,FURNITURE,TABLES,REGULAR AIR
92.31,0.0,92.31,3,-28.95,6.17,115.09,HIGH,OFFICE SUPPLIES,PENS & ART SUPPLIES,REGULAR AIR
116.94,0.06,109.9236,42,-10.01,1.25,118.6836,HIGH,OFFICE SUPPLIES,PENS & ART SUPPLIES,EXPRESS AIR
1271.12,0.05,1207.5639999999999,35,-62.82,7.53,1262.8539999999998,NOT SPECIFIED,TECHNOLOGY,COMPUTER PERIPHERALS,EXPRESS AIR
58.5,0.0,58.5,17,-25.26,1.92,81.84,NOT SPECIFIED,OFFICE SUPPLIES,"SCISSORS, RULERS AND TRIMMERS",REGULAR AIR
1809.21,0.04,1736.8416,33,454.49,5.08,1277.2716,CRITICAL,OFFICE SUPPLIES,STORAGE & ORGANIZATION,REGULAR AIR
53.72,0.1,48.348,6,2.82,2.01,43.518,CRITICAL,OFFICE SUPPLIES,PAPER,REGULAR AIR
306.3,0.07,284.85900000000004,34,18.73,4.39,261.73900000000003,HIGH,OFFICE SUPPLIES,PAPER,REGULAR AIR
163.98,0.01,162.34019999999998,42,55.73,0.7,105.9102,HIGH,OFFICE SUPPLIES,PENS & ART SUPPLIES,REGULAR AIR
495.1,0.04,475.29600000000005,9,110.36,10.75,354.18600000000004,LOW,OFFICE SUPPLIES,PAPER,REGULAR AIR
474.793,0.09,432.06163000000004,5,-407.26,2.5,836.82163,HIGH,TECHNOLOGY,TELEPHONES AND COMMUNICATION,EXPRESS AIR
120.98,0.0,120.98,28,-92.85,5.34,208.49,LOW,OFFICE SUPPLIES,BINDERS AND BINDER ACCESSORIES,REGULAR AIR
1082.66,0.08,996.0472000000001,14,-256.93,48.2,1204.7772,LOW,FURNITURE,OFFICE FURNISHINGS,REGULAR AIR
4744.64,0.04,4554.8544,46,1033.38,19.99,3501.4844000000003,LOW,TECHNOLOGY,COMPUTER PERIPHERALS,REGULAR AIR
40.8255,0.01,40.417245,2,-99.98,4.81,135.587245,LOW,TECHNOLOGY,TELEPHONES AND COMMUNICATION,REGULAR AIR
30.68,0.02,30.066399999999998,15,-37.39,4.08,63.3764,NOT SPECIFIED,FURNITURE,OFFICE FURNISHINGS,REGULAR AIR
607.13,0.1,546.417,41,274.66,1.39,270.367,LOW,OFFICE SUPPLIES,ENVELOPES,REGULAR AIR
34.22,0.07,31.8246,31,-3.19,0.7,34.3146,LOW,OFFICE SUPPLIES,RUBBER BANDS,REGULAR AIR
323.11,0.0,323.11,14,41.52,8.83,272.76000000000005,NOT SPECIFIED,OFFICE SUPPLIES,BINDERS AND BINDER ACCESSORIES,REGULAR AIR
65.1,0.03,63.14699999999999,11,13.31,1.46,48.37699999999999,NOT SPECIFIED,OFFICE SUPPLIES,PAPER,REGULAR AIR
163.75,0.0,163.75,19,23.61,4.95,135.19,NOT SPECIFIED,FURNITURE,OFFICE FURNISHINGS,REGULAR AIR
90.93,0.02,89.1114,17,14.19,2.04,72.8814,CRITICAL,OFFICE SUPPLIES,PAPER,REGULAR AIR
6170.912,0.04,5924.07552,35,-528.65,69.64,6383.08552,CRITICAL,FURNITURE,TABLES,DELIVERY TRUCK
319.62,0.08,294.0504,8,-16.64,7.2,303.4904,HIGH,OFFICE SUPPLIES,APPLIANCES,EXPRESS AIR
263.39,0.08,242.31879999999998,32,-59.73,2.83,299.2188,HIGH,TECHNOLOGY,COMPUTER PERIPHERALS,EXPRESS AIR
7208.8,0.02,7064.624,26,-633.44,62.74,7635.3240000000005,HIGH,FURNITURE,TABLES,DELIVERY TRUCK
101.57,0.01,100.5543,45,-5.99,1.49,105.0543,HIGH,OFFICE SUPPLIES,BINDERS AND BINDER ACCESSORIES,REGULAR AIR
107.67,0.1,96.903,2,-234.66,6.5,325.063,LOW,TECHNOLOGY,COMPUTER PERIPHERALS,EXPRESS AIR
2368.168,0.0,2368.168,30,1181.3,1.25,1185.6180000000002,MEDIUM,TECHNOLOGY,TELEPHONES AND COMMUNICATION,REGULAR AIR
33.99,0.09,30.9309,7,-25.86,2.39,54.4009,NOT SPECIFIED,TECHNOLOGY,COMPUTER PERIPHERALS,REGULAR AIR
78.79,0.03,76.42630000000001,5,-21.29,6.75,90.96630000000002,CRITICAL,OFFICE SUPPLIES,APPLIANCES,REGULAR AIR
195.21,0.07,181.5453,29,16.4,2.35,162.7953,CRITICAL,OFFICE SUPPLIES,PENS & ART SUPPLIES,REGULAR AIR
4725.0905,0.01,4677.839595,47,1578.7,2.5,3096.6395950000006,CRITICAL,TECHNOLOGY,TELEPHONES AND COMMUNICATION,REGULAR AIR
286.76,0.09,260.9516,50,77.2,1.82,181.9316,CRITICAL,OFFICE SUPPLIES,RUBBER BANDS,REGULAR AIR
350.01,0.04,336.0096,50,-133.43,6.93,462.5096,MEDIUM,OFFICE SUPPLIES,PAPER,REGULAR AIR
899.97,0.09,818.9727,27,-246.3,19.99,1045.2827,CRITICAL,FURNITURE,OFFICE FURNISHINGS,EXPRESS AIR
15.81,0.06,14.8614,2,-9.88,6.07,18.6714,CRITICAL,OFFICE SUPPLIES,PAPER,REGULAR AIR
802.16,0.1,721.944,41,-293.45,14.87,1000.5239999999999,CRITICAL,FURNITURE,OFFICE FURNISHINGS,REGULAR AIR
3333.1,0.1,2999.79,50,-85.03,4.0,3080.82,NOT SPECIFIED,TECHNOLOGY,COMPUTER PERIPHERALS,REGULAR AIR
55.68,0.04,53.452799999999996,27,0.26,0.7,52.492799999999995,NOT SPECIFIED,OFFICE SUPPLIES,PENS & ART SUPPLIES,REGULAR AIR
56.13,0.02,55.007400000000004,18,-58.47,5.33,108.1474,LOW,OFFICE SUPPLIES,LABELS,REGULAR AIR
94.83,0.02,92.93339999999999,12,29.87,1.39,61.67339999999999,HIGH,OFFICE SUPPLIES,ENVELOPES,REGULAR AIR
13.04,0.06,12.2576,1,-6.62,2.89,15.9876,LOW,OFFICE SUPPLIES,PENS & ART SUPPLIES,REGULAR AIR
197.59,0.09,179.8069,31,-73.62,5.48,247.94690000000003,NOT SPECIFIED,OFFICE SUPPLIES,BINDERS AND BINDER ACCESSORIES,REGULAR AIR
6789.9275,0.08,6246.7333,40,1864.66,4.2,4377.8733,NOT SPECIFIED,TECHNOLOGY,TELEPHONES AND COMMUNICATION,REGULAR AIR
856.45,0.03,830.7565000000001,43,265.1,4.1,561.5565,MEDIUM,OFFICE SUPPLIES,PENS & ART SUPPLIES,REGULAR AIR
6.75,0.08,6.21,1,-2.31,1.0,7.52,MEDIUM,OFFICE SUPPLIES,PENS & ART SUPPLIES,REGULAR AIR
1160.59,0.01,1148.9841,13,-330.14,35.0,1444.1241,CRITICAL,OFFICE SUPPLIES,STORAGE & ORGANIZATION,REGULAR AIR
201.178,0.07,187.09554,2,-604.41,2.5,789.00554,CRITICAL,TECHNOLOGY,TELEPHONES AND COMMUNICATION,REGULAR AIR
2493.24,0.03,2418.4428,25,293.66,19.99,2104.7928,CRITICAL,TECHNOLOGY,COMPUTER PERIPHERALS,REGULAR AIR
90.5,0.03,87.785,28,24.71,0.99,62.085,MEDIUM,OFFICE SUPPLIES,LABELS,REGULAR AIR
157.4,0.07,146.382,25,-84.0,6.74,223.642,MEDIUM,OFFICE SUPPLIES,PAPER,REGULAR AIR
617.219,0.03,598.70243,11,-136.09,8.99,725.8024300000001,LOW,TECHNOLOGY,TELEPHONES AND COMMUNICATION,EXPRESS AIR
157.13,0.07,146.1309,20,-46.89,2.38,190.6409,MEDIUM,TECHNOLOGY,COMPUTER PERIPHERALS,REGULAR AIR
2738.785,0.07,2547.07005,29,556.83,2.5,1987.7400499999999,MEDIUM,TECHNOLOGY,TELEPHONES AND COMMUNICATION,REGULAR AIR
195.11,0.04,187.30560000000003,28,-129.42,8.73,307.9956,MEDIUM,OFFICE SUPPLIES,PAPER,REGULAR AIR
217.42,0.09,197.85219999999998,30,16.97,4.0,176.88219999999998,MEDIUM,FURNITURE,OFFICE FURNISHINGS,REGULAR AIR
3049.632,0.04,2927.64672,14,-679.04,35.67,3571.01672,LOW,FURNITURE,TABLES,DELIVERY TRUCK
1274.949,0.05,1211.20155,41,416.99,1.1,793.1115500000001,LOW,TECHNOLOGY,TELEPHONES AND COMMUNICATION,REGULAR AIR
2657.56,0.1,2391.804,18,126.28,16.01,2249.5139999999997,NOT SPECIFIED,FURNITURE,TABLES,DELIVERY TRUCK
243.5,0.09,221.585,44,23.87,1.67,196.04500000000002,NOT SPECIFIED,OFFICE SUPPLIES,PENS & ART SUPPLIES,REGULAR AIR
606.98,0.05,576.631,43,21.08,6.85,548.7009999999999,LOW,FURNITURE,OFFICE FURNISHINGS,REGULAR AIR
301.62,0.09,274.4742,48,-162.54,6.92,430.0942,LOW,OFFICE SUPPLIES,PAPER,REGULAR AIR
24.51,0.06,23.0394,2,-18.26,8.94,32.3594,CRITICAL,OFFICE SUPPLIES,BINDERS AND BINDER ACCESSORIES,REGULAR AIR
311.19,0.03,301.8543,33,-9.18,4.93,306.1043,NOT SPECIFIED,FURNITURE,OFFICE FURNISHINGS,REGULAR AIR
1752.0965,0.1,1576.88685,46,356.35,4.99,1215.5468500000002,LOW,TECHNOLOGY,TELEPHONES AND COMMUNICATION,REGULAR AIR
76.81,0.0,76.81,13,-55.77,7.54,125.03999999999999,CRITICAL,OFFICE SUPPLIES,PAPER,REGULAR AIR
174.22,0.03,168.9934,21,-1.23,2.64,167.5834,CRITICAL,OFFICE SUPPLIES,"SCISSORS, RULERS AND TRIMMERS",REGULAR AIR
725.15,0.05,688.8924999999999,35,140.57,3.99,544.3325,MEDIUM,OFFICE SUPPLIES,APPLIANCES,REGULAR AIR
1166.29,0.07,1084.6497,28,302.86,4.5,777.2896999999999,MEDIUM,OFFICE SUPPLIES,APPLIANCES,EXPRESS AIR
2522.21,0.0,2522.21,37,1026.07,14.48,1481.66,HIGH,FURNITURE,OFFICE FURNISHINGS,REGULAR AIR
62.78,0.04,60.2688,20,-17.75,2.03,75.9888,LOW,OFFICE SUPPLIES,PENS & ART SUPPLIES,EXPRESS AIR
2836.0505,0.01,2807.6899949999997,25,561.13,8.99,2237.569995,LOW,TECHNOLOGY,TELEPHONES AND COMMUNICATION,REGULAR AIR
1818.76,0.02,1782.3848,39,843.12,6.77,932.4948,MEDIUM,FURNITURE,OFFICE FURNISHINGS,REGULAR AIR
4322.26,0.07,4019.7018000000003,26,-618.95,35.0,4603.651800000001,MEDIUM,OFFICE SUPPLIES,STORAGE & ORGANIZATION,REGULAR AIR
1251.18,0.05,1188.621,37,-1756.44,45.51,2899.5510000000004,HIGH,FURNITURE,TABLES,DELIVERY TRUCK
169.354,0.09,154.11214,24,-84.14,5.03,233.22214000000002,LOW,TECHNOLOGY,TELEPHONES AND COMMUNICATION,EXPRESS AIR
38.52,0.06,36.208800000000004,31,-17.34,0.7,52.8488,HIGH,OFFICE SUPPLIES,RUBBER BANDS,REGULAR AIR
593.62,0.02,581.7476,14,25.19,19.99,536.5676,HIGH,OFFICE SUPPLIES,PAPER,REGULAR AIR
1196.2,0.03,1160.314,37,-73.77,6.5,1227.584,LOW,TECHNOLOGY,COMPUTER PERIPHERALS,REGULAR AIR
98.55,0.07,91.6515,7,23.16,8.78,59.7115,LOW,FURNITURE,OFFICE FURNISHINGS,REGULAR AIR
28.75,0.01,28.4625,3,-31.43,3.62,56.272499999999994,HIGH,TECHNOLOGY,COMPUTER PERIPHERALS,REGULAR AIR
75.81,0.06,71.26140000000001,3,-21.13,8.18,84.21140000000001,HIGH,OFFICE SUPPLIES,PAPER,REGULAR AIR
259.7175,0.02,254.52315,38,-118.48,5.03,367.97315,HIGH,TECHNOLOGY,TELEPHONES AND COMMUNICATION,REGULAR AIR
83.89,0.05,79.6955,12,-29.59,5.48,103.8055,CRITICAL,OFFICE SUPPLIES,BINDERS AND BINDER ACCESSORIES,REGULAR AIR
60.19,0.01,59.5881,7,6.44,2.5,50.6481,CRITICAL,OFFICE SUPPLIES,ENVELOPES,REGULAR AIR
43.96,0.03,42.6412,15,-0.24,1.49,41.3912,CRITICAL,OFFICE SUPPLIES,BINDERS AND BINDER ACCESSORIES,REGULAR AIR
1361.91,0.05,1293.8145000000002,20,312.52,3.5,977.7945000000002,HIGH,OFFICE SUPPLIES,APPLIANCES,REGULAR AIR
267.06,0.03,259.0482,42,-96.95,5.22,350.7782,HIGH,FURNITURE,OFFICE FURNISHINGS,REGULAR AIR
449.79,0.06,422.80260000000004,11,13.21,17.48,392.11260000000004,HIGH,OFFICE SUPPLIES,PAPER,REGULAR AIR
512.78,0.08,471.75759999999997,43,16.14,6.02,449.5976,CRITICAL,FURNITURE,OFFICE FURNISHINGS,REGULAR AIR
2272.56,0.06,2136.2064,15,111.05,16.01,2009.1463999999999,CRITICAL,FURNITURE,TABLES,DELIVERY TRUCK
680.8585,0.05,646.8155750000001,39,319.1,0.99,326.72557500000005,MEDIUM,TECHNOLOGY,TELEPHONES AND COMMUNICATION,REGULAR AIR
1516.13,0.06,1425.1622000000002,22,493.03,0.99,931.1422000000002,LOW,OFFICE SUPPLIES,APPLIANCES,EXPRESS AIR
612.49,0.09,557.3659,38,168.04,1.99,387.33590000000004,LOW,TECHNOLOGY,COMPUTER PERIPHERALS,REGULAR AIR
1092.42,0.03,1059.6474,7,-364.87,16.01,1408.5074,LOW,FURNITURE,TABLES,DELIVERY TRUCK
561.92,0.1,505.72799999999995,22,57.82,1.99,445.91799999999995,LOW,TECHNOLOGY,COMPUTER PERIPHERALS,REGULAR AIR
365.64,0.03,354.6708,19,22.77,9.03,322.87080000000003,LOW,OFFICE SUPPLIES,PAPER,REGULAR AIR
1835.84,0.05,1744.048,16,608.74,13.99,1121.318,LOW,FURNITURE,OFFICE FURNISHINGS,REGULAR AIR
133.43,0.1,120.087,48,9.5,0.93,109.657,LOW,OFFICE SUPPLIES,PENS & ART SUPPLIES,REGULAR AIR
1655.3665,0.08,1522.9371800000001,31,173.93,8.99,1340.01718,LOW,TECHNOLOGY,TELEPHONES AND COMMUNICATION,REGULAR AIR
1727.79,0.1,1555.011,32,-694.9,36.61,2213.301,LOW,FURNITURE,BOOKCASES,DELIVERY TRUCK
759.84,0.06,714.2496,20,162.83,1.99,549.4295999999999,CRITICAL,TECHNOLOGY,COMPUTER PERIPHERALS,REGULAR AIR
147.39,0.08,135.59879999999998,19,-30.92,5.83,160.68879999999996,CRITICAL,OFFICE SUPPLIES,PAPER,REGULAR AIR
3931.17,0.1,3538.053,42,1174.02,7.18,2356.853,HIGH,TECHNOLOGY,COMPUTER PERIPHERALS,REGULAR AIR
134.88,0.0,134.88,24,-122.21,8.16,248.93,HIGH,OFFICE SUPPLIES,PAPER,REGULAR AIR
394.8,0.1,355.32,23,-113.8,4.0,465.12,CRITICAL,TECHNOLOGY,COMPUTER PERIPHERALS,REGULAR AIR
132.01,0.04,126.72959999999999,46,6.93,1.01,118.78959999999998,LOW,OFFICE SUPPLIES,PENS & ART SUPPLIES,REGULAR AIR
276.0,0.08,253.92,44,-98.53,5.82,346.63,LOW,OFFICE SUPPLIES,PAPER,REGULAR AIR
207.92,0.08,191.2864,33,-124.84,6.97,309.15639999999996,NOT SPECIFIED,OFFICE SUPPLIES,BINDERS AND BINDER ACCESSORIES,EXPRESS AIR
877.64,0.03,851.3108,18,218.97,3.99,628.3507999999999,NOT SPECIFIED,OFFICE SUPPLIES,APPLIANCES,REGULAR AIR
190.1,0.06,178.694,9,-63.78,4.0,238.474,NOT SPECIFIED,TECHNOLOGY,COMPUTER PERIPHERALS,REGULAR AIR
184.32,0.0,184.32,25,-73.33,7.3,250.34999999999997,LOW,OFFICE SUPPLIES,PAPER,REGULAR AIR
34.01,0.0,34.01,12,10.58,0.5,22.93,CRITICAL,OFFICE SUPPLIES,LABELS,REGULAR AIR
294.0,0.0,294.0,5,181.53,14.83,97.64000000000001,LOW,FURNITURE,OFFICE FURNISHINGS,REGULAR AIR
1008.95,0.04,968.5920000000001,41,69.31,8.99,890.2920000000001,CRITICAL,FURNITURE,OFFICE FURNISHINGS,EXPRESS AIR
3508.33,0.04,3367.9968,21,-546.98,35.0,3879.9768,CRITICAL,OFFICE SUPPLIES,STORAGE & ORGANIZATION,REGULAR AIR
794.58,0.05,754.851,50,11.65,27.75,715.451,HIGH,FURNITURE,TABLES,DELIVERY TRUCK
123.95,0.01,122.7105,22,2.42,2.99,117.3005,HIGH,OFFICE SUPPLIES,BINDERS AND BINDER ACCESSORIES,REGULAR AIR
806.08,0.08,741.5936,31,402.37,1.39,337.83360000000005,NOT SPECIFIED,OFFICE SUPPLIES,ENVELOPES,REGULAR AIR
70.02,0.0,70.02,4,-30.63,8.78,91.86999999999999,NOT SPECIFIED,OFFICE SUPPLIES,STORAGE & ORGANIZATION,REGULAR AIR
481.27,0.01,476.4573,28,-128.89,11.25,594.0972999999999,LOW,OFFICE SUPPLIES,STORAGE & ORGANIZATION,REGULAR AIR
52.76,0.09,48.0116,10,-49.53,7.44,90.1016,LOW,OFFICE SUPPLIES,PAPER,REGULAR AIR
1225.37,0.08,1127.3403999999998,9,0.98,24.49,1101.8703999999998,HIGH,FURNITURE,CHAIRS & CHAIRMATS,REGULAR AIR
1199.57,0.06,1127.5958,27,23.7,16.36,1087.5358,HIGH,OFFICE SUPPLIES,STORAGE & ORGANIZATION,REGULAR AIR
216.3,0.01,214.137,34,103.16,0.5,110.477,CRITICAL,OFFICE SUPPLIES,LABELS,REGULAR AIR
484.2195,0.02,474.53511,10,-33.79,1.25,507.07511,HIGH,TECHNOLOGY,TELEPHONES AND COMMUNICATION,EXPRESS AIR
169.13,0.0,169.13,50,43.05,1.14,124.94000000000001,HIGH,OFFICE SUPPLIES,PAPER,REGULAR AIR
208.04,0.1,187.236,29,14.77,4.0,168.46599999999998,MEDIUM,FURNITURE,OFFICE FURNISHINGS,REGULAR AIR
105.48,0.02,103.3704,15,-53.99,7.37,149.9904,CRITICAL,OFFICE SUPPLIES,PAPER,REGULAR AIR
136.18,0.08,125.2856,22,-43.26,5.46,163.0856,CRITICAL,OFFICE SUPPLIES,PAPER,REGULAR AIR
111.37,0.04,106.9152,37,46.46,0.5,59.9552,CRITICAL,OFFICE SUPPLIES,LABELS,REGULAR AIR
78.68,0.05,74.74600000000001,11,-29.07,6.22,97.596,CRITICAL,OFFICE SUPPLIES,PAPER,REGULAR AIR
128.22,0.07,119.24459999999999,44,16.51,0.7,102.03459999999998,HIGH,OFFICE SUPPLIES,PENS & ART SUPPLIES,REGULAR AIR
904.93,0.08,832.5355999999999,31,-53.4,4.0,881.9355999999999,CRITICAL,TECHNOLOGY,COMPUTER PERIPHERALS,REGULAR AIR
98.51,0.1,88.659,21,45.93,0.5,42.229000000000006,CRITICAL,OFFICE SUPPLIES,LABELS,EXPRESS AIR
96.73,0.08,88.9916,12,-83.65,9.23,163.41160000000002,MEDIUM,OFFICE SUPPLIES,APPLIANCES,REGULAR AIR
31.6,0.1,28.44,12,-3.64,0.93,31.150000000000002,CRITICAL,OFFICE SUPPLIES,PENS & ART SUPPLIES,REGULAR AIR
253.6,0.07,235.84799999999998,34,24.39,4.0,207.45799999999997,MEDIUM,FURNITURE,OFFICE FURNISHINGS,REGULAR AIR
307.46,0.02,301.3108,20,4.91,7.4,289.00079999999997,CRITICAL,FURNITURE,OFFICE FURNISHINGS,REGULAR AIR
36.91,0.07,34.326299999999996,10,-27.72,3.97,58.076299999999996,LOW,OFFICE SUPPLIES,PENS & ART SUPPLIES,REGULAR AIR
2155.84,0.02,2112.7232000000004,8,-267.63,11.25,2369.1032000000005,LOW,TECHNOLOGY,COMPUTER PERIPHERALS,REGULAR AIR
175.27,0.01,173.5173,26,-33.67,5.14,202.0473,LOW,OFFICE SUPPLIES,PAPER,REGULAR AIR
2259.66,0.03,2191.8702,47,554.77,10.25,1626.8501999999999,LOW,FURNITURE,OFFICE FURNISHINGS,REGULAR AIR
1400.91,0.09,1274.8281000000002,49,-163.53,19.51,1418.8481000000002,LOW,OFFICE SUPPLIES,ENVELOPES,REGULAR AIR
172.42,0.09,156.9022,25,-71.6,6.05,222.45219999999998,NOT SPECIFIED,OFFICE SUPPLIES,BINDERS AND BINDER ACCESSORIES,REGULAR AIR
2033.9225,0.02,1993.2440499999998,19,251.2,2.5,1739.5440499999997,NOT SPECIFIED,TECHNOLOGY,TELEPHONES AND COMMUNICATION,REGULAR AIR
363.92,0.0,363.92,44,-144.56,7.96,500.52000000000004,NOT SPECIFIED,FURNITURE,OFFICE FURNISHINGS,REGULAR AIR
110.31,0.05,104.7945,18,-1.22,2.27,103.7445,HIGH,OFFICE SUPPLIES,PENS & ART SUPPLIES,REGULAR AIR
154.18,0.08,141.84560000000002,43,-166.92,5.47,303.29560000000004,HIGH,OFFICE SUPPLIES,BINDERS AND BINDER ACCESSORIES,REGULAR AIR
137.51,0.02,134.75979999999998,41,21.62,1.35,111.78979999999999,HIGH,OFFICE SUPPLIES,RUBBER BANDS,REGULAR AIR
1001.17,0.0,1001.17,47,333.18,5.77,662.22,LOW,OFFICE SUPPLIES,PAPER,REGULAR AIR
890.9,0.05,846.355,14,404.29,14.48,427.585,LOW,FURNITURE,OFFICE FURNISHINGS,EXPRESS AIR
2192.439,0.06,2060.89266,39,517.82,3.99,1539.08266,CRITICAL,TECHNOLOGY,TELEPHONES AND COMMUNICATION,EXPRESS AIR
3361.02,0.04,3226.5792,28,26.05,56.14,3144.3892,HIGH,TECHNOLOGY,OFFICE MACHINES,DELIVERY TRUCK
2732.01,0.04,2622.7296,23,-100.47,56.14,2667.0596,MEDIUM,TECHNOLOGY,OFFICE MACHINES,DELIVERY TRUCK
382.29,0.05,363.1755,12,61.47,9.18,292.52549999999997,LOW,OFFICE SUPPLIES,PAPER,EXPRESS AIR
881.74,0.05,837.653,37,18.27,8.99,810.393,LOW,OFFICE SUPPLIES,PENS & ART SUPPLIES,REGULAR AIR
7384.18,0.04,7088.812800000001,33,-513.79,110.2,7492.402800000001,LOW,FURNITURE,TABLES,DELIVERY TRUCK
18.81,0.08,17.3052,2,-12.83,7.96,22.175199999999997,CRITICAL,OFFICE SUPPLIES,PAPER,REGULAR AIR
302.2,0.04,290.11199999999997,27,20.27,3.37,266.472,LOW,OFFICE SUPPLIES,"SCISSORS, RULERS AND TRIMMERS",REGULAR AIR
1455.49,0.07,1353.6057,5,-807.59,7.18,2154.0157,MEDIUM,TECHNOLOGY,COMPUTER PERIPHERALS,REGULAR AIR
5454.51,0.03,5290.8747,30,446.26,30.0,4814.6147,NOT SPECIFIED,FURNITURE,CHAIRS & CHAIRMATS,DELIVERY TRUCK
1264.17,0.05,1200.9615000000001,42,433.34,1.99,765.6315000000002,NOT SPECIFIED,TECHNOLOGY,COMPUTER PERIPHERALS,REGULAR AIR
3640.83,0.0,3640.83,35,-6.8,35.84,3611.79,NOT SPECIFIED,FURNITURE,BOOKCASES,DELIVERY TRUCK
225.94,0.09,205.6054,50,-89.13,2.39,292.34540000000004,NOT SPECIFIED,TECHNOLOGY,COMPUTER PERIPHERALS,REGULAR AIR
617.34,0.06,580.2996,49,47.1,6.47,526.7296,CRITICAL,OFFICE SUPPLIES,PAPER,REGULAR AIR
906.07,0.0,906.07,42,-2.66,8.99,899.74,LOW,OFFICE SUPPLIES,PENS & ART SUPPLIES,REGULAR AIR
399.58,0.04,383.5968,46,-188.53,7.77,564.3568,MEDIUM,OFFICE SUPPLIES,"SCISSORS, RULERS AND TRIMMERS",REGULAR AIR
76.42,0.03,74.12740000000001,15,-3.95,3.01,75.0674,CRITICAL,OFFICE SUPPLIES,PAPER,REGULAR AIR
1431.0,0.02,1402.38,44,-55.78,6.5,1451.66,NOT SPECIFIED,TECHNOLOGY,COMPUTER PERIPHERALS,EXPRESS AIR
79.98,0.09,72.7818,16,-56.56,7.1,122.24180000000001,MEDIUM,FURNITURE,OFFICE FURNISHINGS,REGULAR AIR
138.45,0.03,134.29649999999998,45,24.34,0.7,109.25649999999999,HIGH,OFFICE SUPPLIES,PENS & ART SUPPLIES,EXPRESS AIR
344.301,0.04,330.52896,7,-22.9,1.25,352.17895999999996,HIGH,TECHNOLOGY,TELEPHONES AND COMMUNICATION,EXPRESS AIR
24.32,0.05,23.104,4,-2.97,0.7,25.374,HIGH,OFFICE SUPPLIES,RUBBER BANDS,EXPRESS AIR
1004.18,0.08,923.8456,19,374.19,6.79,542.8656000000001,CRITICAL,OFFICE SUPPLIES,PAPER,EXPRESS AIR
3118.6,0.06,2931.484,24,804.2,12.65,2114.634,CRITICAL,FURNITURE,CHAIRS & CHAIRMATS,EXPRESS AIR
153.28,0.09,139.4848,46,-161.21,5.0,295.6948,HIGH,OFFICE SUPPLIES,PENS & ART SUPPLIES,REGULAR AIR
130.14,0.04,124.93439999999998,4,-116.18,8.65,232.46439999999998,NOT SPECIFIED,TECHNOLOGY,COMPUTER PERIPHERALS,REGULAR AIR
52.39,0.08,48.1988,8,-17.38,5.57,60.008799999999994,CRITICAL,FURNITURE,OFFICE FURNISHINGS,REGULAR AIR
281.79,0.04,270.51840000000004,37,-50.96,5.83,315.64840000000004,HIGH,OFFICE SUPPLIES,PAPER,EXPRESS AIR
4064.272,0.01,4023.62928,40,-300.85,51.94,4272.53928,HIGH,FURNITURE,TABLES,DELIVERY TRUCK
263.37,0.04,252.83520000000001,36,-5.68,4.23,254.28520000000003,HIGH,OFFICE SUPPLIES,PAPER,REGULAR AIR
131.43,0.01,130.1157,31,37.25,1.3,91.56569999999999,NOT SPECIFIED,OFFICE SUPPLIES,PAPER,REGULAR AIR
2374.35,0.05,2255.6324999999997,37,878.21,14.48,1362.9424999999997,MEDIUM,FURNITURE,OFFICE FURNISHINGS,REGULAR AIR
729.21,0.0,729.21,39,194.15,5.03,530.0300000000001,MEDIUM,FURNITURE,OFFICE FURNISHINGS,EXPRESS AIR
826.27,0.03,801.4819,27,322.88,8.55,470.05190000000005,MEDIUM,FURNITURE,OFFICE FURNISHINGS,REGULAR AIR
1777.469,0.01,1759.69431,29,166.37,13.99,1579.3343100000002,MEDIUM,TECHNOLOGY,TELEPHONES AND COMMUNICATION,REGULAR AIR
42.66,0.06,40.10039999999999,5,-11.83,4.71,47.22039999999999,CRITICAL,OFFICE SUPPLIES,BINDERS AND BINDER ACCESSORIES,REGULAR AIR
61.09,0.04,58.6464,12,24.06,0.5,34.0864,MEDIUM,OFFICE SUPPLIES,LABELS,REGULAR AIR
1219.1465,0.01,1206.955035,12,52.93,2.5,1151.525035,MEDIUM,TECHNOLOGY,TELEPHONES AND COMMUNICATION,EXPRESS AIR
1875.4145,0.05,1781.643775,50,507.33,2.5,1271.813775,CRITICAL,TECHNOLOGY,TELEPHONES AND COMMUNICATION,REGULAR AIR
1618.31,0.08,1488.8452,41,504.71,1.99,982.1451999999999,CRITICAL,TECHNOLOGY,COMPUTER PERIPHERALS,EXPRESS AIR
630.54,0.03,611.6238,30,-30.07,8.99,632.7038,HIGH,OFFICE SUPPLIES,PENS & ART SUPPLIES,REGULAR AIR
56.9,0.03,55.193,7,12.64,1.39,41.163,MEDIUM,OFFICE SUPPLIES,ENVELOPES,REGULAR AIR
1413.82,0.1,1272.4379999999999,47,226.53,11.63,1034.2779999999998,MEDIUM,OFFICE SUPPLIES,BINDERS AND BINDER ACCESSORIES,REGULAR AIR
308.92,0.04,296.5632,45,-143.58,7.37,432.7732,MEDIUM,OFFICE SUPPLIES,PAPER,EXPRESS AIR
649.71,0.07,604.2303,22,-157.51,8.65,753.0903000000001,HIGH,TECHNOLOGY,COMPUTER PERIPHERALS,REGULAR AIR
3191.24,0.0,3191.24,38,1620.23,5.01,1565.9999999999995,NOT SPECIFIED,OFFICE SUPPLIES,ENVELOPES,REGULAR AIR
777.76,0.02,762.2048,48,63.46,5.45,693.2947999999999,MEDIUM,OFFICE SUPPLIES,PENS & ART SUPPLIES,REGULAR AIR
47.55,0.0,47.55,18,10.01,1.0,36.54,CRITICAL,OFFICE SUPPLIES,PENS & ART SUPPLIES,EXPRESS AIR
520.68,0.09,473.81879999999995,24,-143.66,16.87,600.6088,NOT SPECIFIED,OFFICE SUPPLIES,PAPER,REGULAR AIR
358.78,0.1,322.902,25,-76.9,7.69,392.11199999999997,NOT SPECIFIED,OFFICE SUPPLIES,STORAGE & ORGANIZATION,EXPRESS AIR
375.11,0.01,371.3589,50,-331.63,11.15,691.8389,HIGH,OFFICE SUPPLIES,PAPER,REGULAR AIR
97.74,0.04,93.8304,12,-8.5,4.71,97.6204,CRITICAL,OFFICE SUPPLIES,BINDERS AND BINDER ACCESSORIES,REGULAR AIR
335.59,0.04,322.16639999999995,34,85.83,1.99,234.34639999999996,CRITICAL,TECHNOLOGY,COMPUTER PERIPHERALS,EXPRESS AIR
341.1,0.0,341.1,27,-4.75,4.98,340.87,NOT SPECIFIED,OFFICE SUPPLIES,APPLIANCES,REGULAR AIR
171.68,0.07,159.6624,26,-116.56,8.19,268.0324,NOT SPECIFIED,OFFICE SUPPLIES,PAPER,EXPRESS AIR
1502.47,0.07,1397.2971,43,214.05,8.99,1174.2571,LOW,OFFICE SUPPLIES,PENS & ART SUPPLIES,REGULAR AIR
2014.13,0.1,1812.717,24,-794.94,35.0,2572.657,LOW,OFFICE SUPPLIES,STORAGE & ORGANIZATION,REGULAR AIR
108.87,0.05,103.4265,4,-39.92,16.87,126.4765,HIGH,OFFICE SUPPLIES,PAPER,REGULAR AIR
308.64,0.03,299.38079999999997,15,91.08,6.38,201.92079999999999,MEDIUM,FURNITURE,OFFICE FURNISHINGS,EXPRESS AIR
536.83,0.06,504.62020000000007,31,161.37,1.99,341.26020000000005,LOW,TECHNOLOGY,COMPUTER PERIPHERALS,REGULAR AIR
1734.31,0.06,1630.2513999999999,32,647.25,10.75,972.2513999999999,LOW,OFFICE SUPPLIES,PAPER,EXPRESS AIR
1614.84,0.02,1582.5431999999998,26,-716.55,49.0,2250.0932,CRITICAL,OFFICE SUPPLIES,APPLIANCES,EXPRESS AIR
1422.31,0.02,1393.8637999999999,33,498.15,1.99,893.7237999999999,LOW,TECHNOLOGY,COMPUTER PERIPHERALS,REGULAR AIR
5678.5525,0.01,5621.766975,42,1550.88,8.99,4061.8969749999997,CRITICAL,TECHNOLOGY,TELEPHONES AND COMMUNICATION,REGULAR AIR
132.01,0.04,126.72959999999999,28,-93.12,5.15,214.69959999999998,LOW,OFFICE SUPPLIES,APPLIANCES,REGULAR AIR
626.33,0.01,620.0667000000001,14,24.56,1.99,593.5167000000001,LOW,TECHNOLOGY,COMPUTER PERIPHERALS,REGULAR AIR
233.01,0.04,223.68959999999998,17,88.88,1.49,133.31959999999998,HIGH,OFFICE SUPPLIES,BINDERS AND BINDER ACCESSORIES,EXPRESS AIR
225.72,0.0,225.72,5,16.65,9.83,199.23999999999998,HIGH,OFFICE SUPPLIES,ENVELOPES,REGULAR AIR
4769.0695,0.03,4625.997415,26,1138.58,5.99,3481.427415,MEDIUM,TECHNOLOGY,TELEPHONES AND COMMUNICATION,REGULAR AIR
100.6,0.03,97.582,46,11.55,1.0,85.032,NOT SPECIFIED,OFFICE SUPPLIES,PENS & ART SUPPLIES,REGULAR AIR
958.06,0.09,871.8345999999999,6,-77.09,19.99,928.9345999999999,NOT SPECIFIED,OFFICE SUPPLIES,STORAGE & ORGANIZATION,REGULAR AIR
14.75,0.07,13.7175,2,-11.42,7.01,18.127499999999998,NOT SPECIFIED,OFFICE SUPPLIES,BINDERS AND BINDER ACCESSORIES,REGULAR AIR
133.07,0.02,130.4086,35,-15.96,0.94,145.42860000000002,NOT SPECIFIED,OFFICE SUPPLIES,RUBBER BANDS,REGULAR AIR
68.54,0.1,61.68600000000001,25,22.2,0.5,38.986000000000004,MEDIUM,OFFICE SUPPLIES,LABELS,REGULAR AIR
1824.848,0.0,1824.848,30,364.23,8.8,1451.818,NOT SPECIFIED,TECHNOLOGY,TELEPHONES AND COMMUNICATION,REGULAR AIR
97.13,0.05,92.2735,1,-37.06,0.49,128.8435,CRITICAL,OFFICE SUPPLIES,LABELS,REGULAR AIR
49.86,0.09,45.3726,4,-21.77,4.98,62.1626,HIGH,OFFICE SUPPLIES,APPLIANCES,REGULAR AIR
197.49,0.08,181.6908,32,-52.84,5.01,229.5208,HIGH,OFFICE SUPPLIES,BINDERS AND BINDER ACCESSORIES,EXPRESS AIR
24.95,0.09,22.7045,11,-5.14,1.38,26.4645,MEDIUM,OFFICE SUPPLIES,RUBBER BANDS,REGULAR AIR
596.56,0.04,572.6976,20,60.7,5.5,506.4976,HIGH,TECHNOLOGY,COMPUTER PERIPHERALS,EXPRESS AIR
317.82,0.02,311.4636,8,-33.09,12.9,331.6536,MEDIUM,OFFICE SUPPLIES,STORAGE & ORGANIZATION,REGULAR AIR
136.98,0.04,131.5008,16,44.12,1.39,85.99080000000001,LOW,OFFICE SUPPLIES,ENVELOPES,REGULAR AIR
225.17,0.1,202.653,39,-183.05,8.09,377.613,LOW,OFFICE SUPPLIES,PAPER,REGULAR AIR
1112.157,0.09,1012.06287,24,140.81,3.3,867.9528700000001,LOW,TECHNOLOGY,TELEPHONES AND COMMUNICATION,REGULAR AIR
1865.5885,0.02,1828.27673,40,972.9,1.25,854.1267300000001,LOW,TECHNOLOGY,TELEPHONES AND COMMUNICATION,REGULAR AIR
1893.29,0.07,1760.7597,50,857.34,2.99,900.4297,HIGH,OFFICE SUPPLIES,BINDERS AND BINDER ACCESSORIES,REGULAR AIR
2628.047,0.05,2496.64465,49,-137.95,19.99,2614.60465,HIGH,TECHNOLOGY,TELEPHONES AND COMMUNICATION,REGULAR AIR
1523.5,0.07,1416.855,26,-807.89,49.0,2175.745,MEDIUM,OFFICE SUPPLIES,APPLIANCES,REGULAR AIR
481.4,0.04,462.144,14,150.72,5.09,306.33400000000006,NOT SPECIFIED,OFFICE SUPPLIES,PAPER,REGULAR AIR
93.85,0.08,86.342,24,19.42,0.7,66.222,NOT SPECIFIED,OFFICE SUPPLIES,PENS & ART SUPPLIES,REGULAR AIR
85.87,0.01,85.0113,47,3.13,0.7,81.18130000000001,NOT SPECIFIED,OFFICE SUPPLIES,PENS & ART SUPPLIES,REGULAR AIR
8127.32,0.01,8046.0468,42,1141.07,19.99,6884.986800000001,NOT SPECIFIED,OFFICE SUPPLIES,STORAGE & ORGANIZATION,EXPRESS AIR
616.5,0.02,604.17,39,25.99,8.4,569.78,MEDIUM,OFFICE SUPPLIES,BINDERS AND BINDER ACCESSORIES,REGULAR AIR
236.68,0.08,217.7456,41,-82.79,5.01,295.5256,MEDIUM,OFFICE SUPPLIES,BINDERS AND BINDER ACCESSORIES,REGULAR AIR
6255.81,0.01,6193.2519,43,693.26,19.99,5480.0019,MEDIUM,OFFICE SUPPLIES,STORAGE & ORGANIZATION,REGULAR AIR
3122.55,0.07,2903.9715,22,-574.56,46.2,3432.3315000000002,NOT SPECIFIED,FURNITURE,TABLES,DELIVERY TRUCK
264.6,0.1,238.14000000000001,40,-93.06,6.22,324.98,HIGH,OFFICE SUPPLIES,PAPER,EXPRESS AIR
3356.735,0.05,3188.89825,21,370.33,4.2,2814.3682500000004,HIGH,TECHNOLOGY,TELEPHONES AND COMMUNICATION,REGULAR AIR
664.989,0.04,638.38944,21,170.46,5.99,461.93944,MEDIUM,TECHNOLOGY,TELEPHONES AND COMMUNICATION,REGULAR AIR
756.15,0.06,710.781,5,-280.28,17.85,973.2109999999999,LOW,TECHNOLOGY,OFFICE MACHINES,DELIVERY TRUCK
421.08,0.0,421.08,47,82.31,1.99,336.78,NOT SPECIFIED,TECHNOLOGY,COMPUTER PERIPHERALS,EXPRESS AIR
2834.96,0.07,2636.5128,16,587.64,19.99,2028.8828000000003,NOT SPECIFIED,OFFICE SUPPLIES,STORAGE & ORGANIZATION,REGULAR AIR
953.989,0.02,934.90922,9,-249.33,8.08,1176.15922,NOT SPECIFIED,TECHNOLOGY,TELEPHONES AND COMMUNICATION,REGULAR AIR
174.58,0.08,160.61360000000002,26,-57.17,4.42,213.36360000000002,HIGH,OFFICE SUPPLIES,"SCISSORS, RULERS AND TRIMMERS",REGULAR AIR
37.89,0.0,37.89,1,-120.97,1.99,156.87,NOT SPECIFIED,TECHNOLOGY,COMPUTER PERIPHERALS,REGULAR AIR
2532.6175,0.0,2532.6175,33,730.51,2.79,1799.3174999999999,LOW,TECHNOLOGY,TELEPHONES AND COMMUNICATION,REGULAR AIR
159.89,0.03,155.0933,37,-185.17,6.89,333.3733,HIGH,OFFICE SUPPLIES,APPLIANCES,REGULAR AIR
350.48,0.02,343.47040000000004,31,-231.05,13.04,561.4804,HIGH,FURNITURE,OFFICE FURNISHINGS,REGULAR AIR
180.48,0.01,178.6752,48,82.38,0.5,95.7952,HIGH,OFFICE SUPPLIES,LABELS,REGULAR AIR
46.42,0.04,44.5632,21,2.38,0.7,41.4832,MEDIUM,OFFICE SUPPLIES,PENS & ART SUPPLIES,REGULAR AIR
177.52,0.05,168.644,32,52.61,1.39,114.64400000000002,MEDIUM,OFFICE SUPPLIES,ENVELOPES,REGULAR AIR
4073.17,0.08,3747.3164,26,376.21,30.0,3341.1064,CRITICAL,FURNITURE,CHAIRS & CHAIRMATS,DELIVERY TRUCK
1613.84,0.09,1468.5944,47,226.76,8.22,1233.6144,CRITICAL,OFFICE SUPPLIES,STORAGE & ORGANIZATION,REGULAR AIR
73.05,0.1,65.745,9,-17.03,4.82,77.95500000000001,NOT SPECIFIED,OFFICE SUPPLIES,PAPER,REGULAR AIR
8122.53,0.05,7716.403499999999,29,-693.23,61.76,8347.8735,NOT SPECIFIED,FURNITURE,TABLES,DELIVERY TRUCK
950.3,0.1,855.27,44,-2103.05,53.03,2905.29,NOT SPECIFIED,OFFICE SUPPLIES,STORAGE & ORGANIZATION,DELIVERY TRUCK
47.04,0.06,44.2176,1,-24.63,4.62,64.2276,HIGH,OFFICE SUPPLIES,APPLIANCES,REGULAR AIR
965.46,0.03,936.4962,10,-71.48,30.0,977.9762000000001,LOW,FURNITURE,CHAIRS & CHAIRMATS,DELIVERY TRUCK
157.57,0.08,144.96439999999998,27,-57.06,5.01,197.0144,MEDIUM,OFFICE SUPPLIES,BINDERS AND BINDER ACCESSORIES,EXPRESS AIR
14.85,0.05,14.1075,6,-2.79,1.02,15.877500000000001,MEDIUM,OFFICE SUPPLIES,RUBBER BANDS,EXPRESS AIR
155.52,0.05,147.744,23,-133.73,9.68,271.794,CRITICAL,OFFICE SUPPLIES,PAPER,REGULAR AIR
535.54,0.04,514.1184,16,60.82,5.1,448.19839999999994,CRITICAL,OFFICE SUPPLIES,STORAGE & ORGANIZATION,EXPRESS AIR
1360.82,0.06,1279.1707999999999,28,385.03,10.25,883.8907999999999,MEDIUM,FURNITURE,OFFICE FURNISHINGS,REGULAR AIR
1256.29,0.04,1206.0384,23,517.03,6.79,682.2184,HIGH,OFFICE SUPPLIES,PAPER,REGULAR AIR
2239.52,0.04,2149.9392,24,330.5,18.13,1801.3091999999997,CRITICAL,FURNITURE,OFFICE FURNISHINGS,REGULAR AIR
127.45,0.06,119.803,17,-42.17,6.05,155.923,MEDIUM,OFFICE SUPPLIES,BINDERS AND BINDER ACCESSORIES,REGULAR AIR
92.18,0.02,90.33640000000001,31,5.7,0.97,83.66640000000001,MEDIUM,OFFICE SUPPLIES,PENS & ART SUPPLIES,REGULAR AIR
273.44,0.01,270.7056,11,-35.62,15.1,291.2256,LOW,OFFICE SUPPLIES,BINDERS AND BINDER ACCESSORIES,REGULAR AIR
614.91,0.02,602.6118,19,-7.02,17.08,592.5518,CRITICAL,OFFICE SUPPLIES,PAPER,EXPRESS AIR
47.44,0.09,43.1704,17,14.49,0.5,28.1804,CRITICAL,OFFICE SUPPLIES,LABELS,REGULAR AIR
718.6,0.08,661.1120000000001,40,-81.49,4.0,738.6020000000001,CRITICAL,TECHNOLOGY,COMPUTER PERIPHERALS,REGULAR AIR
397.17,0.1,357.45300000000003,30,7.69,5.0,344.76300000000003,CRITICAL,FURNITURE,OFFICE FURNISHINGS,EXPRESS AIR
284.92,0.03,276.3724,32,81.29,2.15,192.93240000000003,HIGH,OFFICE SUPPLIES,PAPER,REGULAR AIR
234.2,0.09,213.12199999999999,42,56.22,1.82,155.082,LOW,OFFICE SUPPLIES,RUBBER BANDS,REGULAR AIR
40.75,0.05,38.7125,5,-27.57,8.74,57.5425,CRITICAL,OFFICE SUPPLIES,PAPER,REGULAR AIR
70.24,0.03,68.13279999999999,13,-59.75,7.44,120.44279999999999,CRITICAL,OFFICE SUPPLIES,PAPER,REGULAR AIR
1150.88,0.05,1093.336,30,-911.56,35.0,1969.896,CRITICAL,OFFICE SUPPLIES,STORAGE & ORGANIZATION,EXPRESS AIR
583.64,0.08,536.9488,6,-179.5,19.99,696.4588,LOW,OFFICE SUPPLIES,STORAGE & ORGANIZATION,REGULAR AIR
234.37,0.05,222.6515,46,-144.68,5.74,361.5915,NOT SPECIFIED,OFFICE SUPPLIES,BINDERS AND BINDER ACCESSORIES,REGULAR AIR
427.32,0.0,427.32,21,52.35,9.03,365.94,HIGH,OFFICE SUPPLIES,PAPER,REGULAR AIR
51.21,0.0,51.21,2,-27.53,8.83,69.91,HIGH,OFFICE SUPPLIES,BINDERS AND BINDER ACCESSORIES,REGULAR AIR
1000.3565,0.06,940.33511,14,229.78,3.3,707.2551100000001,NOT SPECIFIED,TECHNOLOGY,TELEPHONES AND COMMUNICATION,REGULAR AIR
193.63,0.05,183.9485,47,-152.52,5.26,331.2085,LOW,OFFICE SUPPLIES,BINDERS AND BINDER ACCESSORIES,REGULAR AIR
64.29,0.01,63.64710000000001,9,-18.85,5.4,77.09710000000001,LOW,OFFICE SUPPLIES,PAPER,REGULAR AIR
3491.06,0.09,3176.8646,27,921.7,24.49,2230.6746000000003,NOT SPECIFIED,FURNITURE,OFFICE FURNISHINGS,REGULAR AIR
66.88,0.09,60.8608,8,-17.01,1.99,75.8808,LOW,TECHNOLOGY,COMPUTER PERIPHERALS,REGULAR AIR
447.34,0.08,411.5528,29,203.01,1.39,207.1528,LOW,OFFICE SUPPLIES,ENVELOPES,REGULAR AIR
371.68,0.03,360.5296,31,-13.32,5.03,368.81960000000004,CRITICAL,OFFICE SUPPLIES,STORAGE & ORGANIZATION,REGULAR AIR
5556.18,0.08,5111.685600000001,48,1638.48,3.99,3469.215600000001,HIGH,OFFICE SUPPLIES,APPLIANCES,REGULAR AIR
2195.55,0.01,2173.5945,20,-355.94,60.0,2469.5345,HIGH,FURNITURE,TABLES,DELIVERY TRUCK
1021.55,0.05,970.4725,20,64.81,14.19,891.4724999999999,HIGH,FURNITURE,CHAIRS & CHAIRMATS,DELIVERY TRUCK
205.24,0.03,199.08280000000002,41,-148.77,4.93,342.92280000000005,HIGH,TECHNOLOGY,COMPUTER PERIPHERALS,REGULAR AIR
16.08,0.04,15.436799999999998,4,-3.75,1.49,17.696799999999996,MEDIUM,OFFICE SUPPLIES,BINDERS AND BINDER ACCESSORIES,REGULAR AIR
311.08,0.08,286.1936,30,-38.45,4.5,320.1436,CRITICAL,OFFICE SUPPLIES,APPLIANCES,REGULAR AIR
116.11,0.1,104.499,16,-36.46,5.83,135.129,MEDIUM,OFFICE SUPPLIES,PAPER,EXPRESS AIR
306.92,0.05,291.574,30,13.46,5.12,272.994,MEDIUM,OFFICE SUPPLIES,PAPER,REGULAR AIR
1802.0,0.02,1765.96,45,508.96,10.55,1246.45,CRITICAL,OFFICE SUPPLIES,BINDERS AND BINDER ACCESSORIES,REGULAR AIR
1832.22,0.1,1648.998,50,805.43,2.99,840.5780000000001,CRITICAL,OFFICE SUPPLIES,BINDERS AND BINDER ACCESSORIES,REGULAR AIR
258.61,0.07,240.50730000000001,29,-15.96,5.6,250.86730000000003,CRITICAL,OFFICE SUPPLIES,BINDERS AND BINDER ACCESSORIES,REGULAR AIR
1379.34,0.04,1324.1663999999998,33,-470.85,19.99,1775.0263999999997,NOT SPECIFIED,TECHNOLOGY,COMPUTER PERIPHERALS,REGULAR AIR
3482.41,0.05,3308.2895,30,1443.35,9.07,1855.8694999999998,NOT SPECIFIED,OFFICE SUPPLIES,BINDERS AND BINDER ACCESSORIES,REGULAR AIR
168.25,0.09,153.1075,6,101.78,6.93,44.39749999999998,NOT SPECIFIED,FURNITURE,OFFICE FURNISHINGS,EXPRESS AIR
1871.13,0.01,1852.4187000000002,41,346.43,4.8,1501.1887000000002,CRITICAL,FURNITURE,OFFICE FURNISHINGS,REGULAR AIR
729.57,0.08,671.2044000000001,22,250.43,5.09,415.68440000000004,CRITICAL,OFFICE SUPPLIES,PAPER,REGULAR AIR
104.38,0.07,97.07339999999999,7,-24.2,6.75,114.5234,MEDIUM,OFFICE SUPPLIES,APPLIANCES,REGULAR AIR
627.69,0.0,627.69,15,-12.02,4.0,635.71,LOW,TECHNOLOGY,COMPUTER PERIPHERALS,REGULAR AIR
493.26,0.02,483.3948,39,263.4,0.49,219.5048,NOT SPECIFIED,OFFICE SUPPLIES,LABELS,REGULAR AIR
192.15,0.07,178.6995,37,37.31,2.04,139.3495,NOT SPECIFIED,OFFICE SUPPLIES,PAPER,EXPRESS AIR
3615.8405,0.03,3507.365285,50,1861.35,3.3,1642.7152849999998,HIGH,TECHNOLOGY,TELEPHONES AND COMMUNICATION,REGULAR AIR
2366.18,0.1,2129.562,16,703.8,19.99,1405.7720000000002,HIGH,OFFICE SUPPLIES,ENVELOPES,REGULAR AIR
292.978,0.05,278.3291,16,-93.61,3.3,368.6391,HIGH,TECHNOLOGY,TELEPHONES AND COMMUNICATION,REGULAR AIR
675.71,0.06,635.1674,49,-17.49,8.78,643.8774000000001,HIGH,FURNITURE,OFFICE FURNISHINGS,REGULAR AIR
570.5285,0.02,559.11793,14,3.96,4.99,550.16793,HIGH,TECHNOLOGY,TELEPHONES AND COMMUNICATION,EXPRESS AIR
683.46,0.09,621.9486,43,-138.82,12.39,748.3786,HIGH,OFFICE SUPPLIES,ENVELOPES,REGULAR AIR
276.5,0.02,270.97,25,35.72,4.8,230.45000000000002,NOT SPECIFIED,OFFICE SUPPLIES,ENVELOPES,REGULAR AIR
111.9,0.01,110.781,16,38.03,1.22,71.531,CRITICAL,OFFICE SUPPLIES,PENS & ART SUPPLIES,REGULAR AIR
1173.5,0.0,1173.5,8,53.87,24.49,1095.14,HIGH,FURNITURE,CHAIRS & CHAIRMATS,REGULAR AIR
210.66,0.08,193.8072,43,-145.72,5.74,333.7872,CRITICAL,OFFICE SUPPLIES,BINDERS AND BINDER ACCESSORIES,REGULAR AIR
316.61,0.03,307.11170000000004,41,110.34,1.71,195.06170000000006,LOW,OFFICE SUPPLIES,PAPER,REGULAR AIR
116.37,0.04,111.71520000000001,27,57.63,0.5,53.58520000000001,CRITICAL,OFFICE SUPPLIES,LABELS,EXPRESS AIR
123.93,0.1,111.537,31,11.93,0.94,98.667,MEDIUM,OFFICE SUPPLIES,PENS & ART SUPPLIES,REGULAR AIR
381.24,0.04,365.9904,32,67.6,5.01,293.3804,CRITICAL,OFFICE SUPPLIES,PAPER,REGULAR AIR
103.11,0.06,96.9234,24,-95.41,6.92,185.4134,LOW,FURNITURE,OFFICE FURNISHINGS,REGULAR AIR
1599.071,0.04,1535.10816,35,296.66,3.3,1235.14816,LOW,TECHNOLOGY,TELEPHONES AND COMMUNICATION,REGULAR AIR
600.22,0.08,552.2024,50,27.86,3.14,521.2024,CRITICAL,OFFICE SUPPLIES,"SCISSORS, RULERS AND TRIMMERS",REGULAR AIR
968.235,0.05,919.82325,31,-158.61,5.0,1073.43325,LOW,TECHNOLOGY,TELEPHONES AND COMMUNICATION,REGULAR AIR
574.99,0.06,540.4906,28,-148.87,6.5,682.8606,LOW,TECHNOLOGY,COMPUTER PERIPHERALS,REGULAR AIR
3753.42,0.0,3753.42,45,1276.25,7.18,2469.9900000000002,MEDIUM,TECHNOLOGY,COMPUTER PERIPHERALS,REGULAR AIR
1130.79,0.01,1119.4821,23,468.19,5.97,645.3220999999999,MEDIUM,OFFICE SUPPLIES,PAPER,REGULAR AIR
341.42,0.06,320.9348,33,71.5,2.99,246.4448,NOT SPECIFIED,OFFICE SUPPLIES,BINDERS AND BINDER ACCESSORIES,REGULAR AIR
381.39,0.01,377.5761,30,31.24,6.2,340.1361,NOT SPECIFIED,FURNITURE,OFFICE FURNISHINGS,EXPRESS AIR
223.33,0.0,223.33,42,-111.89,4.32,330.90000000000003,CRITICAL,TECHNOLOGY,COMPUTER PERIPHERALS,EXPRESS AIR
1178.04,0.07,1095.5772,29,-53.81,6.5,1142.8872,CRITICAL,TECHNOLOGY,COMPUTER PERIPHERALS,REGULAR AIR
121.94,0.01,120.7206,43,-51.3,2.4,169.6206,CRITICAL,OFFICE SUPPLIES,PENS & ART SUPPLIES,REGULAR AIR
64.0305,0.06,60.18867,9,-58.34,5.03,113.49867,NOT SPECIFIED,TECHNOLOGY,TELEPHONES AND COMMUNICATION,REGULAR AIR
5405.44,0.07,5027.0592,18,604.46,64.73,4357.8692,CRITICAL,FURNITURE,CHAIRS & CHAIRMATS,DELIVERY TRUCK
1001.99,0.09,911.8109000000001,44,333.53,2.99,575.2909000000001,LOW,OFFICE SUPPLIES,BINDERS AND BINDER ACCESSORIES,REGULAR AIR
73.5,0.03,71.295,12,5.71,2.5,63.085,MEDIUM,OFFICE SUPPLIES,ENVELOPES,REGULAR AIR
67.14,0.07,62.4402,11,-29.98,5.35,87.0702,MEDIUM,OFFICE SUPPLIES,PAPER,REGULAR AIR
4321.63,0.08,3975.8996,49,-1549.14,56.2,5468.8396,MEDIUM,FURNITURE,OFFICE FURNISHINGS,REGULAR AIR
3218.42,0.08,2960.9464,29,-1248.58,58.72,4150.8063999999995,CRITICAL,FURNITURE,BOOKCASES,DELIVERY TRUCK
220.97,0.02,216.5506,23,-25.86,7.29,235.12060000000002,LOW,FURNITURE,OFFICE FURNISHINGS,REGULAR AIR
368.99,0.09,335.78090000000003,48,-305.91,9.23,632.4609,HIGH,OFFICE SUPPLIES,APPLIANCES,REGULAR AIR
138.55,0.03,134.39350000000002,16,0.9,2.64,130.85350000000003,CRITICAL,OFFICE SUPPLIES,"SCISSORS, RULERS AND TRIMMERS",REGULAR AIR
451.44,0.1,406.296,6,-35.19,13.99,427.496,CRITICAL,OFFICE SUPPLIES,APPLIANCES,REGULAR AIR
1291.35,0.04,1239.696,47,479.62,5.86,754.216,MEDIUM,OFFICE SUPPLIES,PAPER,REGULAR AIR
107.97,0.0,107.97,31,2.36,1.86,103.75,MEDIUM,OFFICE SUPPLIES,PENS & ART SUPPLIES,REGULAR AIR
857.32,0.05,814.4540000000001,39,195.71,8.99,609.754,HIGH,FURNITURE,OFFICE FURNISHINGS,REGULAR AIR
8.87,0.03,8.6039,2,-6.79,3.5,11.893899999999999,HIGH,OFFICE SUPPLIES,PENS & ART SUPPLIES,REGULAR AIR
155.78,0.04,149.5488,44,-10.0,2.2,157.3488,HIGH,OFFICE SUPPLIES,PAPER,REGULAR AIR
4650.07,0.04,4464.0671999999995,38,-1143.15,60.19,5547.0272,MEDIUM,FURNITURE,BOOKCASES,DELIVERY TRUCK
497.52,0.03,482.5944,39,92.46,5.09,385.04440000000005,MEDIUM,OFFICE SUPPLIES,PAPER,REGULAR AIR
103.6,0.09,94.276,43,-72.86,1.92,165.216,CRITICAL,OFFICE SUPPLIES,"SCISSORS, RULERS AND TRIMMERS",EXPRESS AIR
75.15,0.02,73.647,14,-63.53,6.89,130.287,LOW,OFFICE SUPPLIES,APPLIANCES,EXPRESS AIR
400.45,0.07,372.4185,43,-38.58,5.76,405.2385,LOW,TECHNOLOGY,OFFICE MACHINES,REGULAR AIR
70.08,0.0,70.08,7,8.02,3.72,58.34,CRITICAL,FURNITURE,OFFICE FURNISHINGS,REGULAR AIR
96.23,0.05,91.41850000000001,31,24.05,0.99,66.37850000000002,CRITICAL,OFFICE SUPPLIES,LABELS,REGULAR AIR
376.65,0.0,376.65,16,-52.65,15.1,414.19999999999993,LOW,OFFICE SUPPLIES,BINDERS AND BINDER ACCESSORIES,EXPRESS AIR
40.06,0.07,37.2558,6,-24.44,4.69,57.00580000000001,LOW,OFFICE SUPPLIES,STORAGE & ORGANIZATION,REGULAR AIR
278.66,0.05,264.72700000000003,10,-77.36,4.0,338.08700000000005,NOT SPECIFIED,TECHNOLOGY,COMPUTER PERIPHERALS,EXPRESS AIR
491.85,0.1,442.665,28,4.54,9.03,429.095,NOT SPECIFIED,OFFICE SUPPLIES,PAPER,REGULAR AIR
401.37,0.07,373.2741,42,13.31,5.71,354.2541,HIGH,FURNITURE,OFFICE FURNISHINGS,REGULAR AIR
3814.171,0.04,3661.60416,35,1077.13,4.2,2580.27416,LOW,TECHNOLOGY,TELEPHONES AND COMMUNICATION,REGULAR AIR
118.95,0.03,115.3815,9,30.8,6.2,78.3815,LOW,FURNITURE,OFFICE FURNISHINGS,REGULAR AIR
515.37,0.04,494.7552,20,9.82,12.98,471.9552,HIGH,OFFICE SUPPLIES,BINDERS AND BINDER ACCESSORIES,REGULAR AIR
2044.2755,0.1,1839.8479499999999,40,334.53,5.63,1499.6879499999998,MEDIUM,TECHNOLOGY,TELEPHONES AND COMMUNICATION,REGULAR AIR
122.02,0.04,117.1392,18,-115.0,10.05,222.0892,MEDIUM,OFFICE SUPPLIES,PAPER,REGULAR AIR
1304.0275,0.1,1173.62475,24,34.36,8.99,1130.27475,MEDIUM,TECHNOLOGY,TELEPHONES AND COMMUNICATION,REGULAR AIR
503.3275,0.06,473.12784999999997,5,-488.31,5.63,955.8078499999999,LOW,TECHNOLOGY,TELEPHONES AND COMMUNICATION,REGULAR AIR
154.61,0.06,145.3334,28,-82.82,5.63,222.5234,CRITICAL,OFFICE SUPPLIES,BINDERS AND BINDER ACCESSORIES,REGULAR AIR
1063.35,0.07,988.9155,19,107.08,5.26,876.5754999999999,CRITICAL,TECHNOLOGY,TELEPHONES AND COMMUNICATION,EXPRESS AIR
4182.52,0.0,4182.52,42,-785.36,35.0,4932.88,HIGH,OFFICE SUPPLIES,STORAGE & ORGANIZATION,EXPRESS AIR
512.81,0.1,461.52899999999994,16,-177.07,19.19,619.4089999999999,LOW,FURNITURE,CHAIRS & CHAIRMATS,DELIVERY TRUCK
169.11,0.0,169.11,8,-10.59,1.99,177.71,NOT SPECIFIED,TECHNOLOGY,COMPUTER PERIPHERALS,REGULAR AIR
152.59,0.07,141.9087,41,27.38,0.83,113.6987,NOT SPECIFIED,OFFICE SUPPLIES,PENS & ART SUPPLIES,REGULAR AIR
4.94,0.1,4.446000000000001,3,-1.76,0.7,5.506,MEDIUM,OFFICE SUPPLIES,RUBBER BANDS,REGULAR AIR
156.97,0.01,155.4003,4,-25.43,14.72,166.1103,MEDIUM,OFFICE SUPPLIES,BINDERS AND BINDER ACCESSORIES,REGULAR AIR
1118.21,0.07,1039.9353,50,-122.79,15.1,1147.6253000000002,MEDIUM,OFFICE SUPPLIES,BINDERS AND BINDER ACCESSORIES,REGULAR AIR
1984.61,0.05,1885.3795,37,585.03,14.3,1286.0495,NOT SPECIFIED,OFFICE SUPPLIES,PAPER,EXPRESS AIR
64.19,0.08,59.0548,10,3.77,1.5,53.7848,HIGH,OFFICE SUPPLIES,PENS & ART SUPPLIES,REGULAR AIR
13.96,0.06,13.1224,1,-4.7,2.99,14.8324,HIGH,OFFICE SUPPLIES,BINDERS AND BINDER ACCESSORIES,REGULAR AIR
890.61,0.05,846.0795,42,297.11,3.63,545.3395,HIGH,FURNITURE,OFFICE FURNISHINGS,REGULAR AIR
531.48,0.08,488.96160000000003,50,232.58,1.39,254.99160000000003,HIGH,OFFICE SUPPLIES,ENVELOPES,REGULAR AIR
3524.55,0.08,3242.5860000000002,29,-570.18,30.0,3782.766,HIGH,FURNITURE,CHAIRS & CHAIRMATS,DELIVERY TRUCK
376.58,0.09,342.6878,37,1.33,5.4,335.9578,MEDIUM,FURNITURE,OFFICE FURNISHINGS,REGULAR AIR
73.9,0.06,69.46600000000001,4,-39.64,13.18,95.92600000000002,NOT SPECIFIED,OFFICE SUPPLIES,BINDERS AND BINDER ACCESSORIES,REGULAR AIR
306.02,0.08,281.53839999999997,27,-6.7,6.2,282.03839999999997,HIGH,FURNITURE,OFFICE FURNISHINGS,REGULAR AIR
897.42,0.08,825.6264,35,127.17,5.3,693.1564000000001,HIGH,FURNITURE,CHAIRS & CHAIRMATS,REGULAR AIR
180.36,0.1,162.324,32,-111.8,4.69,269.434,HIGH,OFFICE SUPPLIES,STORAGE & ORGANIZATION,REGULAR AIR
4965.7595,0.08,4568.49874,30,1198.97,3.99,3365.53874,HIGH,TECHNOLOGY,TELEPHONES AND COMMUNICATION,REGULAR AIR
820.284,0.0,820.284,8,-180.2,2.5,997.9839999999999,MEDIUM,TECHNOLOGY,TELEPHONES AND COMMUNICATION,REGULAR AIR
1326.04,0.02,1299.5192,39,-1129.96,35.0,2394.4791999999998,NOT SPECIFIED,OFFICE SUPPLIES,STORAGE & ORGANIZATION,REGULAR AIR
3881.89,0.06,3648.9766,22,-803.52,69.0,4383.4966,NOT SPECIFIED,FURNITURE,TABLES,REGULAR AIR
240.74,0.05,228.703,20,21.05,5.09,202.563,MEDIUM,OFFICE SUPPLIES,PAPER,REGULAR AIR
3072.86,0.08,2827.0312,21,-364.87,39.25,3152.6512,CRITICAL,FURNITURE,TABLES,DELIVERY TRUCK
5503.39,0.08,5063.1188,25,-528.65,69.64,5522.1287999999995,LOW,FURNITURE,TABLES,DELIVERY TRUCK
225.09,0.02,220.5882,10,64.14,2.99,153.45819999999998,HIGH,OFFICE SUPPLIES,BINDERS AND BINDER ACCESSORIES,REGULAR AIR
302.4,0.04,290.304,14,134.21,3.63,152.46399999999997,MEDIUM,FURNITURE,OFFICE FURNISHINGS,REGULAR AIR
1083.37,0.03,1050.8689,42,-226.41,14.36,1262.9189000000001,MEDIUM,FURNITURE,CHAIRS & CHAIRMATS,DELIVERY TRUCK
17.89,0.04,17.174400000000002,1,10.51,0.5,6.164400000000002,NOT SPECIFIED,OFFICE SUPPLIES,LABELS,EXPRESS AIR
164.78,0.0,164.78,30,-128.47,5.14,288.11,MEDIUM,TECHNOLOGY,COMPUTER PERIPHERALS,REGULAR AIR
3077.731,0.05,2923.84445,31,745.48,5.26,2173.10445,LOW,TECHNOLOGY,TELEPHONES AND COMMUNICATION,REGULAR AIR
217.68,0.08,200.2656,27,-168.75,9.23,359.78560000000004,CRITICAL,OFFICE SUPPLIES,APPLIANCES,REGULAR AIR
245.82,0.1,221.238,13,-7.39,9.54,219.088,CRITICAL,OFFICE SUPPLIES,PAPER,EXPRESS AIR
906.015,0.05,860.71425,31,248.67,5.99,606.05425,CRITICAL,TECHNOLOGY,TELEPHONES AND COMMUNICATION,REGULAR AIR
81.1,0.06,76.234,29,-2.07,0.96,77.344,HIGH,OFFICE SUPPLIES,PENS & ART SUPPLIES,REGULAR AIR
128.56,0.0,128.56,6,-7.84,8.68,127.72,MEDIUM,OFFICE SUPPLIES,PAPER,REGULAR AIR
137.18,0.07,127.57740000000001,47,6.04,0.96,120.57740000000001,NOT SPECIFIED,OFFICE SUPPLIES,PENS & ART SUPPLIES,REGULAR AIR
5154.009,0.03,4999.38873,33,1184.68,13.99,3800.7187299999996,HIGH,TECHNOLOGY,TELEPHONES AND COMMUNICATION,REGULAR AIR
163.36,0.04,156.8256,24,-65.54,6.6,215.7656,HIGH,OFFICE SUPPLIES,PAPER,REGULAR AIR
44.08,0.06,41.4352,21,-9.09,0.7,49.825199999999995,HIGH,OFFICE SUPPLIES,RUBBER BANDS,EXPRESS AIR
173.22,0.02,169.7556,36,81.77,0.5,87.48559999999999,MEDIUM,OFFICE SUPPLIES,LABELS,REGULAR AIR
782.05,0.08,719.486,41,-253.74,14.87,958.356,LOW,FURNITURE,OFFICE FURNISHINGS,REGULAR AIR
162.51,0.09,147.8841,41,-148.4,5.34,290.9441,LOW,OFFICE SUPPLIES,BINDERS AND BINDER ACCESSORIES,REGULAR AIR
2251.497,0.09,2048.8622699999996,43,308.93,8.99,1730.9422699999996,CRITICAL,TECHNOLOGY,TELEPHONES AND COMMUNICATION,EXPRESS AIR
324.2,0.02,317.716,44,-89.75,6.05,401.416,NOT SPECIFIED,OFFICE SUPPLIES,BINDERS AND BINDER ACCESSORIES,EXPRESS AIR
617.26,0.04,592.5696,48,-37.52,6.13,623.9596,HIGH,OFFICE SUPPLIES,STORAGE & ORGANIZATION,REGULAR AIR
156.95,0.1,141.255,45,-32.52,0.94,172.835,NOT SPECIFIED,OFFICE SUPPLIES,RUBBER BANDS,REGULAR AIR
92.4,0.04,88.70400000000001,18,8.6,2.5,77.60400000000001,LOW,OFFICE SUPPLIES,ENVELOPES,EXPRESS AIR
1004.89,0.0,1004.89,10,-189.02,42.0,1151.91,NOT SPECIFIED,FURNITURE,CHAIRS & CHAIRMATS,DELIVERY TRUCK
329.06,0.08,302.7352,47,-175.15,7.98,469.90520000000004,NOT SPECIFIED,FURNITURE,OFFICE FURNISHINGS,REGULAR AIR
4387.24,0.09,3992.3884,47,-286.47,19.99,4258.8684,NOT SPECIFIED,OFFICE SUPPLIES,STORAGE & ORGANIZATION,REGULAR AIR
260.31,0.05,247.2945,41,-175.26,7.91,414.6445,NOT SPECIFIED,OFFICE SUPPLIES,PAPER,REGULAR AIR
7227.42,0.09,6576.9522,48,-385.0,60.0,6901.9522,MEDIUM,FURNITURE,TABLES,DELIVERY TRUCK
1836.187,0.06,1726.01578,39,-139.84,5.0,1860.8557799999999,MEDIUM,TECHNOLOGY,TELEPHONES AND COMMUNICATION,REGULAR AIR
121.74,0.01,120.5226,8,21.0,2.99,96.5326,NOT SPECIFIED,OFFICE SUPPLIES,BINDERS AND BINDER ACCESSORIES,REGULAR AIR
700.366,0.0,700.366,4,-787.7,5.99,1482.076,NOT SPECIFIED,TECHNOLOGY,TELEPHONES AND COMMUNICATION,REGULAR AIR
92.25,0.07,85.7925,48,-104.8,2.58,188.0125,HIGH,OFFICE SUPPLIES,RUBBER BANDS,REGULAR AIR
475.9,0.02,466.382,24,110.44,5.97,349.972,LOW,OFFICE SUPPLIES,PAPER,REGULAR AIR
2296.76,0.01,2273.7924000000003,23,241.15,19.99,2012.6524000000004,HIGH,TECHNOLOGY,COMPUTER PERIPHERALS,REGULAR AIR
508.49,0.1,457.641,45,-28.81,6.2,480.25100000000003,HIGH,FURNITURE,OFFICE FURNISHINGS,EXPRESS AIR
204.07,0.08,187.74439999999998,17,-22.55,4.98,205.3144,LOW,OFFICE SUPPLIES,APPLIANCES,EXPRESS AIR
112.16,0.0,112.16,48,-178.29,5.33,285.12,LOW,FURNITURE,OFFICE FURNISHINGS,REGULAR AIR
34.41,0.05,32.689499999999995,12,-17.69,2.4,47.9795,MEDIUM,OFFICE SUPPLIES,PENS & ART SUPPLIES,REGULAR AIR
600.8,0.1,540.7199999999999,15,43.55,6.22,490.9499999999999,NOT SPECIFIED,OFFICE SUPPLIES,STORAGE & ORGANIZATION,REGULAR AIR
3896.39,0.1,3506.7509999999997,19,755.28,18.06,2733.411,NOT SPECIFIED,FURNITURE,CHAIRS & CHAIRMATS,REGULAR AIR
773.74,0.02,758.2652,11,-309.48,35.0,1032.7452,MEDIUM,OFFICE SUPPLIES,STORAGE & ORGANIZATION,REGULAR AIR
700.73,0.08,644.6716,6,-188.58,26.3,806.9516000000001,HIGH,TECHNOLOGY,OFFICE MACHINES,DELIVERY TRUCK
302.1325,0.02,296.08985,16,38.91,0.99,256.18985,MEDIUM,TECHNOLOGY,TELEPHONES AND COMMUNICATION,REGULAR AIR
75.57,0.02,74.0586,34,6.87,0.7,66.48859999999999,NOT SPECIFIED,OFFICE SUPPLIES,PENS & ART SUPPLIES,REGULAR AIR
5304.42,0.01,5251.3758,20,-633.44,62.74,5822.0758000000005,HIGH,FURNITURE,TABLES,DELIVERY TRUCK
2018.68,0.1,1816.8120000000001,50,731.72,1.99,1083.102,LOW,TECHNOLOGY,COMPUTER PERIPHERALS,REGULAR AIR
1477.572,0.0,1477.572,46,840.05,0.99,636.5319999999999,LOW,TECHNOLOGY,TELEPHONES AND COMMUNICATION,REGULAR AIR
3842.99,0.04,3689.2704,39,-67.68,19.99,3736.9604,MEDIUM,OFFICE SUPPLIES,STORAGE & ORGANIZATION,REGULAR AIR
1587.16,0.09,1444.3156000000001,32,-22.33,19.99,1446.6556,CRITICAL,TECHNOLOGY,COMPUTER PERIPHERALS,EXPRESS AIR
667.55,0.0,667.55,28,204.74,2.87,459.93999999999994,MEDIUM,OFFICE SUPPLIES,PENS & ART SUPPLIES,REGULAR AIR
70.91,0.03,68.78269999999999,1,-45.43,3.5,110.71269999999998,HIGH,OFFICE SUPPLIES,APPLIANCES,REGULAR AIR
179.65,0.1,161.685,48,3.32,1.23,157.13500000000002,NOT SPECIFIED,OFFICE SUPPLIES,PENS & ART SUPPLIES,REGULAR AIR
113.43,0.09,103.22130000000001,24,-53.06,5.32,150.96130000000002,HIGH,FURNITURE,OFFICE FURNISHINGS,REGULAR AIR
2130.66,0.01,2109.3534,15,-113.77,30.0,2193.1234,MEDIUM,FURNITURE,CHAIRS & CHAIRMATS,DELIVERY TRUCK
51.27,0.06,48.1938,7,3.27,2.17,42.7538,MEDIUM,OFFICE SUPPLIES,PAPER,REGULAR AIR
53.29,0.01,52.7571,7,-28.88,7.49,74.1471,MEDIUM,OFFICE SUPPLIES,PAPER,REGULAR AIR
399.64,0.04,383.6544,22,-15.42,8.51,390.56440000000003,NOT SPECIFIED,TECHNOLOGY,OFFICE MACHINES,REGULAR AIR
277.35,0.02,271.803,41,-103.28,6.57,368.51300000000003,NOT SPECIFIED,OFFICE SUPPLIES,PAPER,REGULAR AIR
1357.44,0.09,1235.2704,20,-102.3,26.85,1310.7204000000002,HIGH,FURNITURE,BOOKCASES,DELIVERY TRUCK
507.44,0.05,482.068,12,170.9,2.99,308.178,HIGH,OFFICE SUPPLIES,BINDERS AND BINDER ACCESSORIES,REGULAR AIR
701.46,0.04,673.4016,43,-90.14,9.4,754.1416,HIGH,TECHNOLOGY,OFFICE MACHINES,EXPRESS AIR
4169.93,0.1,3752.9370000000004,36,1765.54,9.07,1978.3270000000002,CRITICAL,OFFICE SUPPLIES,BINDERS AND BINDER ACCESSORIES,EXPRESS AIR
188.7,0.07,175.49099999999999,49,77.02,0.5,97.97099999999999,HIGH,OFFICE SUPPLIES,LABELS,REGULAR AIR
345.37,0.01,341.9163,7,84.34,5.79,251.78629999999995,MEDIUM,OFFICE SUPPLIES,PAPER,REGULAR AIR
105.95,0.01,104.8905,8,-44.33,8.99,140.2305,HIGH,OFFICE SUPPLIES,PENS & ART SUPPLIES,REGULAR AIR
73.8,0.02,72.324,21,11.23,1.35,59.744,HIGH,OFFICE SUPPLIES,RUBBER BANDS,REGULAR AIR
5483.96,0.02,5374.2808,44,-1330.5,58.64,6646.1408,CRITICAL,FURNITURE,BOOKCASES,DELIVERY TRUCK
205.87,0.03,199.6939,35,65.88,1.46,132.3539,CRITICAL,OFFICE SUPPLIES,PAPER,REGULAR AIR
65.12,0.07,60.561600000000006,38,1.42,1.0,58.141600000000004,CRITICAL,OFFICE SUPPLIES,PENS & ART SUPPLIES,REGULAR AIR
2608.79,0.03,2530.5263,12,67.36,14.7,2448.4663,HIGH,TECHNOLOGY,OFFICE MACHINES,DELIVERY TRUCK
46.94,0.02,46.0012,7,7.34,1.22,37.441199999999995,HIGH,OFFICE SUPPLIES,PENS & ART SUPPLIES,REGULAR AIR
53.94,0.05,51.242999999999995,19,-6.53,1.25,56.522999999999996,HIGH,OFFICE SUPPLIES,PENS & ART SUPPLIES,REGULAR AIR
77.99,0.03,75.6503,20,19.68,0.99,54.98030000000001,HIGH,OFFICE SUPPLIES,RUBBER BANDS,REGULAR AIR
340.7,0.05,323.66499999999996,21,11.65,27.75,284.265,CRITICAL,FURNITURE,TABLES,DELIVERY TRUCK
1835.47,0.1,1651.923,13,-364.87,16.01,2000.783,CRITICAL,FURNITURE,TABLES,DELIVERY TRUCK
902.19,0.08,830.0148,41,-49.66,8.99,870.6848,MEDIUM,OFFICE SUPPLIES,PENS & ART SUPPLIES,REGULAR AIR
657.232,0.1,591.5088,19,33.99,46.59,510.9287999999999,MEDIUM,FURNITURE,TABLES,DELIVERY TRUCK
257.2,0.04,246.91199999999998,47,-2172.14,49.0,2370.0519999999997,CRITICAL,OFFICE SUPPLIES,APPLIANCES,REGULAR AIR
6139.34,0.08,5648.1928,29,-528.65,69.64,6107.202799999999,CRITICAL,FURNITURE,TABLES,DELIVERY TRUCK
4257.276,0.04,4086.98496,41,1059.08,2.5,3025.40496,CRITICAL,TECHNOLOGY,TELEPHONES AND COMMUNICATION,REGULAR AIR
1383.9,0.05,1314.7050000000002,17,311.58,6.13,996.9950000000001,LOW,TECHNOLOGY,COMPUTER PERIPHERALS,EXPRESS AIR
5735.79,0.08,5276.9268,44,828.27,24.49,4424.166800000001,CRITICAL,FURNITURE,OFFICE FURNISHINGS,REGULAR AIR
132.12,0.07,122.8716,37,54.78,0.5,67.5916,HIGH,OFFICE SUPPLIES,LABELS,REGULAR AIR
1857.88,0.09,1690.6708,47,752.96,1.99,935.7208,LOW,TECHNOLOGY,COMPUTER PERIPHERALS,REGULAR AIR
2160.83,0.08,1987.9636,36,485.02,19.99,1482.9536,LOW,OFFICE SUPPLIES,ENVELOPES,REGULAR AIR
43.94,0.09,39.9854,20,-72.23,5.33,106.8854,LOW,FURNITURE,OFFICE FURNISHINGS,REGULAR AIR
331.21,0.04,317.9616,20,-67.38,9.4,375.9416,MEDIUM,TECHNOLOGY,OFFICE MACHINES,EXPRESS AIR
3602.12,0.05,3422.014,36,-728.18,45.0,4105.194,HIGH,FURNITURE,CHAIRS & CHAIRMATS,DELIVERY TRUCK
1174.94,0.02,1151.4412,43,-125.79,19.46,1257.7712,HIGH,FURNITURE,OFFICE FURNISHINGS,REGULAR AIR
772.24,0.07,718.1832,25,181.98,8.74,527.4632,MEDIUM,OFFICE SUPPLIES,PAPER,REGULAR AIR
14.76,0.01,14.6124,5,1.32,0.5,12.792399999999999,NOT SPECIFIED,OFFICE SUPPLIES,LABELS,REGULAR AIR
186.93,0.07,173.8449,47,56.44,0.99,116.41489999999999,NOT SPECIFIED,OFFICE SUPPLIES,LABELS,REGULAR AIR
6264.1855,0.01,6201.543645,34,1312.04,19.99,4869.513645,CRITICAL,TECHNOLOGY,TELEPHONES AND COMMUNICATION,REGULAR AIR
4671.1495,0.07,4344.169035000001,28,947.31,4.2,3392.659035000001,CRITICAL,TECHNOLOGY,TELEPHONES AND COMMUNICATION,REGULAR AIR
1942.1735,0.0,1942.1735,19,400.82,2.5,1538.8535000000002,LOW,TECHNOLOGY,TELEPHONES AND COMMUNICATION,EXPRESS AIR
1285.55,0.09,1169.8505,26,-17.03,19.99,1166.8905,LOW,TECHNOLOGY,COMPUTER PERIPHERALS,REGULAR AIR
3331.81,0.08,3065.2652,20,484.15,19.99,2561.1252,MEDIUM,TECHNOLOGY,COMPUTER PERIPHERALS,REGULAR AIR
972.35,0.05,923.7325000000001,31,10.96,4.0,908.7725,NOT SPECIFIED,TECHNOLOGY,COMPUTER PERIPHERALS,REGULAR AIR
3988.0895,0.02,3908.32771,38,969.86,4.2,2934.26771,CRITICAL,TECHNOLOGY,TELEPHONES AND COMMUNICATION,REGULAR AIR
3400.63,0.08,3128.5796,48,-892.79,46.74,3974.6296,CRITICAL,FURNITURE,BOOKCASES,DELIVERY TRUCK
1683.57,0.1,1515.213,22,346.54,7.18,1161.493,CRITICAL,TECHNOLOGY,COMPUTER PERIPHERALS,REGULAR AIR
172.7,0.07,160.611,27,-42.97,5.11,198.47099999999998,CRITICAL,OFFICE SUPPLIES,PAPER,REGULAR AIR
241.1,0.07,224.22299999999998,41,-243.24,8.49,458.97299999999996,MEDIUM,OFFICE SUPPLIES,BINDERS AND BINDER ACCESSORIES,REGULAR AIR
13.53,0.07,12.582899999999999,1,-6.73,2.36,16.9529,LOW,OFFICE SUPPLIES,PENS & ART SUPPLIES,REGULAR AIR
305.05,0.04,292.848,27,23.12,3.37,266.358,HIGH,OFFICE SUPPLIES,"SCISSORS, RULERS AND TRIMMERS",REGULAR AIR
1854.94,0.04,1780.7424,6,-559.78,7.18,2333.3424,NOT SPECIFIED,TECHNOLOGY,COMPUTER PERIPHERALS,REGULAR AIR
250.29,0.02,245.2842,30,6.79,2.64,235.85420000000002,MEDIUM,OFFICE SUPPLIES,"SCISSORS, RULERS AND TRIMMERS",REGULAR AIR
129.3,0.02,126.71400000000001,20,40.2,1.22,85.29400000000001,CRITICAL,OFFICE SUPPLIES,PENS & ART SUPPLIES,REGULAR AIR
1775.33,0.05,1686.5635,30,365.25,12.23,1309.0835,HIGH,FURNITURE,OFFICE FURNISHINGS,REGULAR AIR
287.13,0.0,287.13,46,-186.31,7.96,465.48,LOW,OFFICE SUPPLIES,PAPER,REGULAR AIR
491.93,0.04,472.2528,49,-53.62,6.22,519.6528,MEDIUM,FURNITURE,OFFICE FURNISHINGS,REGULAR AIR
501.38,0.03,486.3386,31,-71.95,8.78,549.5086,MEDIUM,OFFICE SUPPLIES,STORAGE & ORGANIZATION,REGULAR AIR
163.78,0.05,155.591,9,-43.03,8.51,190.11100000000002,LOW,TECHNOLOGY,OFFICE MACHINES,REGULAR AIR
2573.29,0.04,2470.3584,20,-896.94,70.2,3297.0984000000003,MEDIUM,FURNITURE,CHAIRS & CHAIRMATS,DELIVERY TRUCK
2645.88,0.06,2487.1272,27,-1231.98,57.38,3661.7272,MEDIUM,FURNITURE,BOOKCASES,DELIVERY TRUCK
8305.19,0.04,7972.982400000001,33,1383.32,60.2,6529.462400000001,HIGH,FURNITURE,BOOKCASES,DELIVERY TRUCK
539.21,0.05,512.2495,35,11.65,27.75,472.84950000000003,CRITICAL,FURNITURE,TABLES,DELIVERY TRUCK
3387.32,0.05,3217.954,33,1413.52,7.18,1797.2540000000004,NOT SPECIFIED,TECHNOLOGY,COMPUTER PERIPHERALS,REGULAR AIR
990.73,0.02,970.9154,30,56.39,4.0,910.5254,NOT SPECIFIED,TECHNOLOGY,COMPUTER PERIPHERALS,EXPRESS AIR
372.01,0.07,345.9693,45,-203.68,7.77,541.8793000000001,LOW,OFFICE SUPPLIES,"SCISSORS, RULERS AND TRIMMERS",REGULAR AIR
2215.96,0.0,2215.96,18,-101.66,56.14,2261.48,CRITICAL,TECHNOLOGY,OFFICE MACHINES,DELIVERY TRUCK
623.71,0.01,617.4729,10,-213.32,36.61,794.1829,CRITICAL,FURNITURE,BOOKCASES,DELIVERY TRUCK
1374.7,0.06,1292.218,43,-90.3,5.5,1377.018,NOT SPECIFIED,TECHNOLOGY,COMPUTER PERIPHERALS,EXPRESS AIR
209.12,0.05,198.66400000000002,34,-116.21,4.38,310.494,HIGH,TECHNOLOGY,COMPUTER PERIPHERALS,REGULAR AIR
271.78,0.07,252.75539999999998,47,52.74,1.2,198.81539999999998,NOT SPECIFIED,OFFICE SUPPLIES,PENS & ART SUPPLIES,REGULAR AIR
179.26,0.01,177.4674,16,36.78,2.99,137.6974,NOT SPECIFIED,OFFICE SUPPLIES,BINDERS AND BINDER ACCESSORIES,REGULAR AIR
418.7,0.05,397.765,19,22.88,5.53,369.355,CRITICAL,OFFICE SUPPLIES,PENS & ART SUPPLIES,REGULAR AIR
193.25,0.03,187.4525,19,71.55,1.09,114.81249999999999,LOW,OFFICE SUPPLIES,PENS & ART SUPPLIES,REGULAR AIR
260.08,0.1,234.07199999999997,23,-37.85,4.81,267.11199999999997,CRITICAL,OFFICE SUPPLIES,STORAGE & ORGANIZATION,REGULAR AIR
1177.5,0.02,1153.95,34,420.05,1.99,731.9100000000001,HIGH,TECHNOLOGY,COMPUTER PERIPHERALS,REGULAR AIR
4263.9315,0.04,4093.3742399999996,44,1411.03,2.5,2679.8442399999994,NOT SPECIFIED,TECHNOLOGY,TELEPHONES AND COMMUNICATION,REGULAR AIR
362.75,0.08,333.73,44,-54.47,2.38,385.82000000000005,NOT SPECIFIED,TECHNOLOGY,COMPUTER PERIPHERALS,REGULAR AIR
105.93,0.05,100.63350000000001,23,33.47,0.88,66.28350000000002,NOT SPECIFIED,OFFICE SUPPLIES,PAPER,REGULAR AIR
677.9,0.05,644.005,20,196.36,1.99,445.655,LOW,TECHNOLOGY,COMPUTER PERIPHERALS,REGULAR AIR
3249.09,0.1,2924.181,44,-1326.29,35.0,4215.471,LOW,OFFICE SUPPLIES,STORAGE & ORGANIZATION,REGULAR AIR
121.624,0.0,121.624,8,11.65,27.75,82.22399999999999,MEDIUM,FURNITURE,TABLES,DELIVERY TRUCK
1033.93,0.0,1033.93,26,63.41,12.9,957.6200000000001,MEDIUM,OFFICE SUPPLIES,STORAGE & ORGANIZATION,REGULAR AIR
1616.87,0.1,1455.183,19,-189.55,30.0,1614.733,HIGH,FURNITURE,CHAIRS & CHAIRMATS,DELIVERY TRUCK
752.63,0.01,745.1037,24,172.94,9.18,562.9837,CRITICAL,OFFICE SUPPLIES,PAPER,REGULAR AIR
130.9,0.09,119.119,46,18.75,0.7,99.669,MEDIUM,OFFICE SUPPLIES,PENS & ART SUPPLIES,REGULAR AIR
2700.41,0.08,2484.3772,10,258.01,23.19,2203.1772,HIGH,OFFICE SUPPLIES,APPLIANCES,DELIVERY TRUCK
169.27,0.09,154.03570000000002,9,-68.93,4.0,218.96570000000003,CRITICAL,TECHNOLOGY,COMPUTER PERIPHERALS,REGULAR AIR
353.02,0.0,353.02,7,72.55,5.1,275.36999999999995,NOT SPECIFIED,OFFICE SUPPLIES,APPLIANCES,REGULAR AIR
222.43,0.06,209.0842,24,-119.31,9.86,318.5342,LOW,OFFICE SUPPLIES,PAPER,REGULAR AIR
302.94,0.07,281.7342,20,-30.2,5.8,306.13419999999996,CRITICAL,OFFICE SUPPLIES,STORAGE & ORGANIZATION,REGULAR AIR
20.47,0.09,18.627699999999997,6,-0.74,1.09,18.277699999999996,MEDIUM,OFFICE SUPPLIES,PAPER,REGULAR AIR
621.44,0.08,571.7248000000001,43,-130.96,4.53,698.1548000000001,HIGH,OFFICE SUPPLIES,STORAGE & ORGANIZATION,REGULAR AIR
951.06,0.02,932.0387999999999,28,331.27,1.99,598.7787999999999,CRITICAL,TECHNOLOGY,COMPUTER PERIPHERALS,REGULAR AIR
19.34,0.1,17.406,2,-14.38,6.05,25.735999999999997,LOW,OFFICE SUPPLIES,BINDERS AND BINDER ACCESSORIES,REGULAR AIR
1341.31,0.05,1274.2445,13,5.55,19.99,1248.7045,HIGH,TECHNOLOGY,OFFICE MACHINES,REGULAR AIR
1583.06,0.05,1503.907,20,328.0,13.99,1161.917,NOT SPECIFIED,OFFICE SUPPLIES,APPLIANCES,REGULAR AIR
197.21,0.06,185.37740000000002,10,56.88,1.49,127.00740000000002,NOT SPECIFIED,OFFICE SUPPLIES,BINDERS AND BINDER ACCESSORIES,REGULAR AIR
248.3955,0.05,235.975725,5,-260.35,5.0,491.32572500000003,HIGH,TECHNOLOGY,TELEPHONES AND COMMUNICATION,REGULAR AIR
28.04,0.09,25.5164,4,-4.45,2.0,27.9664,HIGH,OFFICE SUPPLIES,PAPER,REGULAR AIR
646.55,0.05,614.2225,13,244.13,5.79,364.3025,MEDIUM,OFFICE SUPPLIES,PAPER,REGULAR AIR
392.81,0.1,353.529,39,13.91,2.89,336.729,MEDIUM,OFFICE SUPPLIES,PENS & ART SUPPLIES,REGULAR AIR
5258.94,0.09,4785.635399999999,41,-421.76,30.0,5177.395399999999,MEDIUM,FURNITURE,CHAIRS & CHAIRMATS,DELIVERY TRUCK
6335.8575,0.08,5828.9889,49,1620.23,8.99,4199.768900000001,LOW,TECHNOLOGY,TELEPHONES AND COMMUNICATION,REGULAR AIR
61.94,0.1,55.745999999999995,39,-17.78,1.29,72.23599999999999,NOT SPECIFIED,OFFICE SUPPLIES,PENS & ART SUPPLIES,REGULAR AIR
5718.85,0.09,5204.1535,49,-2426.55,70.2,7560.503500000001,HIGH,FURNITURE,CHAIRS & CHAIRMATS,DELIVERY TRUCK
675.23,0.1,607.707,15,204.08,7.23,396.39699999999993,HIGH,OFFICE SUPPLIES,PAPER,REGULAR AIR
756.6,0.0,756.6,21,299.59,4.92,452.0900000000001,NOT SPECIFIED,OFFICE SUPPLIES,PAPER,REGULAR AIR
38.2,0.07,35.526,16,4.34,1.0,30.186000000000003,LOW,OFFICE SUPPLIES,PENS & ART SUPPLIES,EXPRESS AIR
314.26,0.0,314.26,39,-71.05,6.28,379.03000000000003,NOT SPECIFIED,OFFICE SUPPLIES,BINDERS AND BINDER ACCESSORIES,REGULAR AIR
7680.29,0.08,7065.8668,39,-513.79,52.2,7527.4568,HIGH,FURNITURE,TABLES,DELIVERY TRUCK
336.85,0.01,333.48150000000004,38,-40.76,2.83,371.41150000000005,MEDIUM,TECHNOLOGY,COMPUTER PERIPHERALS,EXPRESS AIR
1343.6,0.06,1262.984,39,137.86,14.72,1110.404,CRITICAL,OFFICE SUPPLIES,ENVELOPES,REGULAR AIR
35.28,0.0,35.28,8,-39.07,7.49,66.86,CRITICAL,OFFICE SUPPLIES,PENS & ART SUPPLIES,REGULAR AIR
108.85,0.08,100.142,11,10.58,6.02,83.542,HIGH,FURNITURE,OFFICE FURNISHINGS,REGULAR AIR
157.47,0.09,143.2977,49,8.07,0.98,134.2477,HIGH,OFFICE SUPPLIES,PENS & ART SUPPLIES,REGULAR AIR
88.0,0.06,82.72,8,-6.38,2.89,86.21,MEDIUM,OFFICE SUPPLIES,PENS & ART SUPPLIES,REGULAR AIR
207.19,0.01,205.1181,17,-85.91,8.99,282.0381,MEDIUM,OFFICE SUPPLIES,PENS & ART SUPPLIES,REGULAR AIR
25.82,0.01,25.5618,4,-10.19,4.72,31.031800000000004,LOW,OFFICE SUPPLIES,PAPER,REGULAR AIR
579.71,0.03,562.3187,17,24.3,45.51,492.50870000000003,LOW,FURNITURE,TABLES,DELIVERY TRUCK
87.11,0.08,80.1412,12,-43.65,3.52,120.2712,NOT SPECIFIED,TECHNOLOGY,COMPUTER PERIPHERALS,REGULAR AIR
121.92,0.09,110.94720000000001,40,51.23,0.5,59.21720000000001,CRITICAL,OFFICE SUPPLIES,LABELS,EXPRESS AIR
1096.17,0.01,1085.2083,26,110.78,19.99,954.4383,CRITICAL,OFFICE SUPPLIES,PAPER,REGULAR AIR
1447.62,0.07,1346.2866,31,576.39,7.23,762.6665999999999,CRITICAL,OFFICE SUPPLIES,PAPER,REGULAR AIR
97.65,0.04,93.744,20,-90.07,6.92,176.894,CRITICAL,FURNITURE,OFFICE FURNISHINGS,EXPRESS AIR
1408.34,0.06,1323.8396,41,176.63,8.99,1138.2196,CRITICAL,OFFICE SUPPLIES,PENS & ART SUPPLIES,REGULAR AIR
107.92,0.04,103.6032,9,-57.65,6.5,154.7532,HIGH,TECHNOLOGY,COMPUTER PERIPHERALS,REGULAR AIR
2151.08,0.03,2086.5476,14,179.05,17.85,1889.6476,HIGH,TECHNOLOGY,OFFICE MACHINES,DELIVERY TRUCK
196.74,0.09,179.0334,31,-61.59,5.41,235.2134,MEDIUM,FURNITURE,OFFICE FURNISHINGS,REGULAR AIR
485.46,0.03,470.89619999999996,11,48.88,17.48,404.53619999999995,MEDIUM,OFFICE SUPPLIES,PAPER,REGULAR AIR
8094.55,0.05,7689.8225,49,2008.71,19.99,5661.1225,HIGH,OFFICE SUPPLIES,STORAGE & ORGANIZATION,REGULAR AIR
352.44,0.09,320.7204,21,-80.53,8.65,392.60040000000004,HIGH,OFFICE SUPPLIES,PENS & ART SUPPLIES,REGULAR AIR
114.73,0.03,111.2881,8,28.08,6.85,76.35810000000001,NOT SPECIFIED,FURNITURE,OFFICE FURNISHINGS,EXPRESS AIR
3295.15,0.07,3064.4895,30,1070.18,1.99,1992.3195000000003,CRITICAL,TECHNOLOGY,COMPUTER PERIPHERALS,REGULAR AIR
43.9,0.02,43.022,1,-15.03,4.27,53.782,CRITICAL,OFFICE SUPPLIES,PENS & ART SUPPLIES,REGULAR AIR
1541.92,0.03,1495.6624000000002,38,-564.06,19.99,2039.7324,NOT SPECIFIED,TECHNOLOGY,COMPUTER PERIPHERALS,REGULAR AIR
169.48,0.08,155.92159999999998,40,-134.76,5.68,285.00159999999994,NOT SPECIFIED,OFFICE SUPPLIES,PAPER,REGULAR AIR
2750.7105,0.0,2750.7105,48,791.9,5.26,1953.5504999999998,NOT SPECIFIED,TECHNOLOGY,TELEPHONES AND COMMUNICATION,REGULAR AIR
2118.26,0.01,2097.0774,33,554.22,9.71,1533.1474,HIGH,OFFICE SUPPLIES,STORAGE & ORGANIZATION,REGULAR AIR
822.7,0.05,781.565,27,141.28,5.5,634.7850000000001,MEDIUM,TECHNOLOGY,COMPUTER PERIPHERALS,EXPRESS AIR
471.24,0.07,438.2532,21,115.54,1.99,320.72319999999996,HIGH,TECHNOLOGY,COMPUTER PERIPHERALS,REGULAR AIR
4813.67,0.03,4669.2599,48,44.58,19.99,4604.6899,HIGH,OFFICE SUPPLIES,STORAGE & ORGANIZATION,EXPRESS AIR
307.76,0.1,276.984,34,-22.88,4.93,294.93399999999997,MEDIUM,FURNITURE,OFFICE FURNISHINGS,EXPRESS AIR
1129.9305,0.05,1073.433975,36,574.16,1.25,498.02397499999995,MEDIUM,TECHNOLOGY,TELEPHONES AND COMMUNICATION,REGULAR AIR
75.94,0.01,75.1806,9,-16.56,5.83,85.9106,MEDIUM,OFFICE SUPPLIES,PAPER,REGULAR AIR
533.47,0.09,485.45770000000005,47,-50.21,7.19,528.4777,CRITICAL,OFFICE SUPPLIES,BINDERS AND BINDER ACCESSORIES,REGULAR AIR
61.94,0.09,56.3654,21,-22.32,2.03,76.6554,CRITICAL,OFFICE SUPPLIES,PENS & ART SUPPLIES,EXPRESS AIR
49.81,0.05,47.319500000000005,6,-16.95,5.83,58.43950000000001,NOT SPECIFIED,OFFICE SUPPLIES,PAPER,REGULAR AIR
9141.64,0.04,8775.9744,40,-528.65,69.64,9234.9844,NOT SPECIFIED,FURNITURE,TABLES,DELIVERY TRUCK
438.8,0.09,399.308,39,-84.19,6.96,476.538,CRITICAL,OFFICE SUPPLIES,APPLIANCES,REGULAR AIR
647.77,0.09,589.4707,33,166.85,5.77,416.85069999999996,NOT SPECIFIED,OFFICE SUPPLIES,PAPER,REGULAR AIR
315.88,0.09,287.4508,39,-60.4,3.62,344.2308,NOT SPECIFIED,TECHNOLOGY,COMPUTER PERIPHERALS,REGULAR AIR
258.11,0.06,242.6234,8,-113.6,6.5,349.72339999999997,NOT SPECIFIED,TECHNOLOGY,COMPUTER PERIPHERALS,REGULAR AIR
374.78,0.09,341.0498,7,20.03,14.3,306.71979999999996,LOW,OFFICE SUPPLIES,PAPER,REGULAR AIR
43.56,0.01,43.1244,4,21.21,4.93,16.9844,LOW,FURNITURE,OFFICE FURNISHINGS,REGULAR AIR
2553.84,0.05,2426.148,25,553.7,5.81,1866.6380000000001,CRITICAL,FURNITURE,OFFICE FURNISHINGS,REGULAR AIR
7518.12,0.04,7217.3952,48,1027.63,6.5,6183.2652,HIGH,TECHNOLOGY,COMPUTER PERIPHERALS,REGULAR AIR
374.38,0.03,363.1486,42,-1.16,3.5,360.8086,NOT SPECIFIED,OFFICE SUPPLIES,APPLIANCES,REGULAR AIR
410.27,0.08,377.4484,14,226.72,3.92,146.80839999999998,NOT SPECIFIED,FURNITURE,OFFICE FURNISHINGS,REGULAR AIR
1557.42,0.01,1541.8458,21,-123.81,4.0,1661.6558,NOT SPECIFIED,TECHNOLOGY,COMPUTER PERIPHERALS,REGULAR AIR
2232.06,0.03,2165.0982,14,542.16,7.07,1615.8682,HIGH,OFFICE SUPPLIES,STORAGE & ORGANIZATION,REGULAR AIR
1531.93,0.1,1378.737,18,326.56,14.0,1038.1770000000001,NOT SPECIFIED,TECHNOLOGY,OFFICE MACHINES,DELIVERY TRUCK
68.32,0.05,64.904,15,-66.72,6.72,124.904,HIGH,OFFICE SUPPLIES,PAPER,REGULAR AIR
391.8755,0.1,352.68795,23,-38.02,4.81,385.89795,HIGH,TECHNOLOGY,TELEPHONES AND COMMUNICATION,REGULAR AIR
1991.93,0.02,1952.0914,41,951.5,5.86,994.7314000000001,MEDIUM,OFFICE SUPPLIES,PAPER,REGULAR AIR
373.33,0.01,369.5967,35,-22.18,4.68,387.0967,LOW,OFFICE SUPPLIES,"SCISSORS, RULERS AND TRIMMERS",REGULAR AIR
164.62,0.03,159.6814,31,-93.71,5.74,247.65139999999997,NOT SPECIFIED,OFFICE SUPPLIES,BINDERS AND BINDER ACCESSORIES,REGULAR AIR
4225.77,0.08,3887.7084000000004,36,-1393.69,58.64,5222.758400000001,NOT SPECIFIED,FURNITURE,BOOKCASES,DELIVERY TRUCK
53.89,0.01,53.3511,8,17.63,0.5,35.22110000000001,NOT SPECIFIED,OFFICE SUPPLIES,LABELS,REGULAR AIR
181.32,0.03,175.88039999999998,7,80.32,8.99,86.57039999999998,MEDIUM,FURNITURE,OFFICE FURNISHINGS,REGULAR AIR
387.17,0.1,348.45300000000003,7,-204.65,6.55,546.553,CRITICAL,TECHNOLOGY,COMPUTER PERIPHERALS,REGULAR AIR
835.1505,0.09,759.986955,30,158.18,1.1,600.7069549999999,HIGH,TECHNOLOGY,TELEPHONES AND COMMUNICATION,REGULAR AIR
771.834,0.01,764.1156599999999,7,-295.43,2.5,1057.04566,HIGH,TECHNOLOGY,TELEPHONES AND COMMUNICATION,REGULAR AIR
449.17,0.01,444.67830000000004,43,198.83,1.09,244.75830000000005,MEDIUM,OFFICE SUPPLIES,PENS & ART SUPPLIES,REGULAR AIR
79.81,0.08,73.4252,38,5.48,1.0,66.9452,MEDIUM,OFFICE SUPPLIES,PENS & ART SUPPLIES,REGULAR AIR
1520.26,0.04,1459.4496,37,640.84,2.99,815.6195999999999,HIGH,OFFICE SUPPLIES,BINDERS AND BINDER ACCESSORIES,REGULAR AIR
688.02,0.06,646.7388,30,154.99,7.58,484.1687999999999,HIGH,FURNITURE,OFFICE FURNISHINGS,REGULAR AIR
473.67,0.04,454.7232,41,78.2,5.01,371.51320000000004,HIGH,OFFICE SUPPLIES,PAPER,REGULAR AIR
28.41,0.07,26.4213,12,-44.08,4.77,65.7313,HIGH,OFFICE SUPPLIES,BINDERS AND BINDER ACCESSORIES,REGULAR AIR
7869.22,0.1,7082.298000000001,33,1523.46,43.32,5515.518000000001,NOT SPECIFIED,FURNITURE,CHAIRS & CHAIRMATS,DELIVERY TRUCK
912.44,0.04,875.9424,36,182.72,8.99,684.2324,NOT SPECIFIED,FURNITURE,OFFICE FURNISHINGS,REGULAR AIR
65.42,0.04,62.803200000000004,36,-112.92,4.08,171.6432,CRITICAL,FURNITURE,OFFICE FURNISHINGS,REGULAR AIR
168.57,0.02,165.1986,28,16.65,2.99,145.55859999999998,CRITICAL,OFFICE SUPPLIES,BINDERS AND BINDER ACCESSORIES,EXPRESS AIR
5750.94,0.01,5693.4306,47,432.98,56.14,5204.310599999999,CRITICAL,TECHNOLOGY,OFFICE MACHINES,DELIVERY TRUCK
1991.26,0.01,1971.3473999999999,27,-528.09,60.0,2439.4374,LOW,OFFICE SUPPLIES,APPLIANCES,DELIVERY TRUCK
383.81,0.03,372.2957,32,-21.15,4.81,388.6357,NOT SPECIFIED,OFFICE SUPPLIES,STORAGE & ORGANIZATION,REGULAR AIR
5.31,0.0,5.31,4,-1.5,0.7,6.109999999999999,NOT SPECIFIED,OFFICE SUPPLIES,RUBBER BANDS,REGULAR AIR
231.35,0.03,224.4095,46,-81.86,4.7,301.5695,HIGH,OFFICE SUPPLIES,PAPER,REGULAR AIR
898.9,0.03,871.933,27,325.88,1.99,544.063,CRITICAL,TECHNOLOGY,COMPUTER PERIPHERALS,REGULAR AIR
413.86,0.0,413.86,50,39.29,4.0,370.57,CRITICAL,FURNITURE,OFFICE FURNISHINGS,REGULAR AIR
331.99,0.03,322.0303,48,45.31,2.35,274.3703,MEDIUM,OFFICE SUPPLIES,PENS & ART SUPPLIES,REGULAR AIR
426.64,0.09,388.2424,37,96.95,2.85,288.44239999999996,HIGH,FURNITURE,OFFICE FURNISHINGS,REGULAR AIR
5610.612,0.01,5554.50588,49,2040.87,2.5,3511.13588,HIGH,TECHNOLOGY,TELEPHONES AND COMMUNICATION,REGULAR AIR
1383.919,0.05,1314.72305,8,-433.49,2.5,1745.71305,MEDIUM,TECHNOLOGY,TELEPHONES AND COMMUNICATION,REGULAR AIR
528.54,0.06,496.82759999999996,33,168.54,1.99,326.2976,MEDIUM,TECHNOLOGY,COMPUTER PERIPHERALS,REGULAR AIR
362.17,0.08,333.19640000000004,33,-83.96,6.96,410.19640000000004,NOT SPECIFIED,OFFICE SUPPLIES,APPLIANCES,REGULAR AIR
290.46,0.1,261.414,25,-31.55,4.98,287.984,NOT SPECIFIED,OFFICE SUPPLIES,APPLIANCES,REGULAR AIR
1745.118,0.03,1692.7644599999999,21,307.25,4.9,1380.6144599999998,NOT SPECIFIED,TECHNOLOGY,TELEPHONES AND COMMUNICATION,REGULAR AIR
1207.4,0.03,1171.178,44,-25.23,5.89,1190.518,NOT SPECIFIED,TECHNOLOGY,COMPUTER PERIPHERALS,REGULAR AIR
629.5865,0.04,604.40304,11,-120.09,8.99,715.50304,CRITICAL,TECHNOLOGY,TELEPHONES AND COMMUNICATION,REGULAR AIR
178.45,0.09,162.3895,31,-104.96,4.69,262.6595,CRITICAL,OFFICE SUPPLIES,STORAGE & ORGANIZATION,REGULAR AIR
56.22,0.04,53.971199999999996,6,-20.39,6.19,68.1712,LOW,OFFICE SUPPLIES,BINDERS AND BINDER ACCESSORIES,REGULAR AIR
107.96,0.01,106.8804,30,13.24,1.63,92.0104,LOW,OFFICE SUPPLIES,RUBBER BANDS,REGULAR AIR
3169.992,0.08,2916.39264,40,-973.3,41.64,3848.05264,LOW,FURNITURE,TABLES,DELIVERY TRUCK
5232.83,0.01,5180.5017,40,-1461.65,70.2,6571.9517,NOT SPECIFIED,FURNITURE,CHAIRS & CHAIRMATS,DELIVERY TRUCK
236.32,0.03,229.2304,3,-339.95,4.0,565.1804,NOT SPECIFIED,TECHNOLOGY,COMPUTER PERIPHERALS,REGULAR AIR
2728.42,0.06,2564.7148,45,664.15,19.99,1880.5748000000003,NOT SPECIFIED,OFFICE SUPPLIES,ENVELOPES,REGULAR AIR
6.77,0.06,6.3637999999999995,1,-3.66,4.28,5.743799999999999,HIGH,OFFICE SUPPLIES,PENS & ART SUPPLIES,REGULAR AIR
43.29,0.07,40.259699999999995,7,-39.12,7.57,71.80969999999999,MEDIUM,OFFICE SUPPLIES,BINDERS AND BINDER ACCESSORIES,REGULAR AIR
487.7,0.06,458.438,16,-67.54,6.72,519.2579999999999,NOT SPECIFIED,OFFICE SUPPLIES,STORAGE & ORGANIZATION,REGULAR AIR
4158.0725,0.02,4074.91105,32,836.15,8.99,3229.7710500000003,CRITICAL,TECHNOLOGY,TELEPHONES AND COMMUNICATION,REGULAR AIR
199.58,0.05,189.601,42,46.31,1.49,141.801,CRITICAL,OFFICE SUPPLIES,BINDERS AND BINDER ACCESSORIES,REGULAR AIR
80.59,0.05,76.5605,10,-20.49,5.83,91.2205,CRITICAL,OFFICE SUPPLIES,PAPER,REGULAR AIR
1840.8535,0.01,1822.444965,24,424.64,2.79,1395.0149649999998,MEDIUM,TECHNOLOGY,TELEPHONES AND COMMUNICATION,REGULAR AIR
1644.59,0.09,1496.5769,33,-52.92,6.5,1542.9969,LOW,TECHNOLOGY,COMPUTER PERIPHERALS,REGULAR AIR
367.11,0.01,363.4389,43,163.42,1.43,198.5889,NOT SPECIFIED,OFFICE SUPPLIES,PAPER,REGULAR AIR
152.44,0.03,147.8668,22,-40.76,5.86,182.7668,NOT SPECIFIED,OFFICE SUPPLIES,PAPER,REGULAR AIR
2850.31,0.09,2593.7821,20,569.08,7.07,2017.6320999999998,CRITICAL,OFFICE SUPPLIES,STORAGE & ORGANIZATION,REGULAR AIR
735.54,0.0,735.54,13,171.82,14.3,549.4200000000001,LOW,OFFICE SUPPLIES,PAPER,REGULAR AIR
6636.664,0.08,6105.73088,40,1623.7,8.99,4473.0408800000005,MEDIUM,TECHNOLOGY,TELEPHONES AND COMMUNICATION,REGULAR AIR
2860.93,0.03,2775.1021,50,832.62,5.26,1937.2221,LOW,TECHNOLOGY,TELEPHONES AND COMMUNICATION,REGULAR AIR
220.82,0.1,198.738,23,77.68,1.09,119.96799999999999,CRITICAL,OFFICE SUPPLIES,PENS & ART SUPPLIES,EXPRESS AIR
336.29,0.08,309.3868,16,-52.14,8.99,352.53679999999997,LOW,OFFICE SUPPLIES,PENS & ART SUPPLIES,REGULAR AIR
1390.6935,0.03,1348.9726950000002,24,168.46,7.69,1172.822695,LOW,TECHNOLOGY,TELEPHONES AND COMMUNICATION,REGULAR AIR
1017.2885,0.1,915.55965,20,-115.3,8.99,1021.86965,LOW,TECHNOLOGY,TELEPHONES AND COMMUNICATION,REGULAR AIR
86.7,0.07,80.631,50,-185.34,4.86,261.111,MEDIUM,FURNITURE,OFFICE FURNISHINGS,REGULAR AIR
864.16,0.09,786.3856,26,-175.47,19.99,941.8656,CRITICAL,FURNITURE,OFFICE FURNISHINGS,REGULAR AIR
623.35,0.03,604.6495,16,235.51,5.08,364.05949999999996,CRITICAL,OFFICE SUPPLIES,PAPER,REGULAR AIR
70.88,0.01,70.1712,9,-50.2,9.68,110.69120000000001,HIGH,OFFICE SUPPLIES,PAPER,REGULAR AIR
1060.0605,0.1,954.0544500000001,47,-71.03,8.59,1016.49445,HIGH,TECHNOLOGY,TELEPHONES AND COMMUNICATION,REGULAR AIR
1335.316,0.03,1295.2565200000001,45,701.66,0.99,592.6065200000002,CRITICAL,TECHNOLOGY,TELEPHONES AND COMMUNICATION,REGULAR AIR
55.82,0.01,55.2618,10,-28.85,5.72,78.3918,CRITICAL,FURNITURE,OFFICE FURNISHINGS,REGULAR AIR
213.0,0.01,210.87,39,-71.09,5.06,276.9,HIGH,OFFICE SUPPLIES,PAPER,REGULAR AIR
231.08,0.01,228.7692,39,-79.08,5.57,302.2792,HIGH,OFFICE SUPPLIES,PAPER,EXPRESS AIR
428.36,0.06,402.65840000000003,48,74.75,2.25,325.65840000000003,HIGH,OFFICE SUPPLIES,PENS & ART SUPPLIES,EXPRESS AIR
118.43,0.02,116.0614,26,11.96,2.26,101.8414,LOW,OFFICE SUPPLIES,PAPER,EXPRESS AIR
172.51,0.03,167.3347,29,12.55,2.99,151.79469999999998,HIGH,OFFICE SUPPLIES,BINDERS AND BINDER ACCESSORIES,REGULAR AIR
447.23,0.03,433.8131,22,122.78,6.67,304.36310000000003,HIGH,FURNITURE,OFFICE FURNISHINGS,REGULAR AIR
1541.458,0.05,1464.3851,34,-238.16,5.0,1697.5451,LOW,TECHNOLOGY,TELEPHONES AND COMMUNICATION,REGULAR AIR
3277.39,0.02,3211.8422,43,286.01,4.0,2921.8322,CRITICAL,TECHNOLOGY,COMPUTER PERIPHERALS,REGULAR AIR
4253.009,0.01,4210.47891,30,1115.69,8.99,3085.79891,HIGH,TECHNOLOGY,TELEPHONES AND COMMUNICATION,REGULAR AIR
1210.0515,0.04,1161.6494400000001,11,-104.25,7.69,1258.20944,HIGH,TECHNOLOGY,TELEPHONES AND COMMUNICATION,REGULAR AIR
199.39,0.1,179.451,39,101.13,0.5,77.821,LOW,OFFICE SUPPLIES,LABELS,EXPRESS AIR
127.32,0.1,114.588,11,22.96,2.99,88.638,NOT SPECIFIED,OFFICE SUPPLIES,BINDERS AND BINDER ACCESSORIES,EXPRESS AIR
248.64,0.08,228.7488,39,-69.27,5.29,292.7288,CRITICAL,FURNITURE,OFFICE FURNISHINGS,REGULAR AIR
845.614,0.01,837.15786,5,-653.49,4.2,1486.44786,LOW,TECHNOLOGY,TELEPHONES AND COMMUNICATION,EXPRESS AIR
84.74,0.06,79.65559999999999,18,34.1,0.5,45.05559999999999,MEDIUM,OFFICE SUPPLIES,LABELS,REGULAR AIR
98.57,0.07,91.67009999999999,20,-49.64,5.02,136.2901,MEDIUM,OFFICE SUPPLIES,PAPER,REGULAR AIR
279.83,0.01,277.0317,43,77.04,2.14,197.8517,MEDIUM,OFFICE SUPPLIES,PAPER,REGULAR AIR
102.15,0.03,99.08550000000001,40,-138.51,5.33,232.2655,HIGH,FURNITURE,OFFICE FURNISHINGS,EXPRESS AIR
19.57,0.02,19.1786,3,-5.35,1.2,23.3286,CRITICAL,OFFICE SUPPLIES,PENS & ART SUPPLIES,REGULAR AIR
856.9,0.02,839.762,43,106.93,9.54,723.2919999999999,CRITICAL,OFFICE SUPPLIES,PAPER,REGULAR AIR
519.65,0.03,504.0605,16,26.36,8.99,468.71049999999997,CRITICAL,OFFICE SUPPLIES,PENS & ART SUPPLIES,EXPRESS AIR
655.33,0.08,602.9036000000001,31,-57.16,8.99,651.0736,CRITICAL,OFFICE SUPPLIES,PENS & ART SUPPLIES,REGULAR AIR
958.18,0.03,929.4345999999999,10,126.81,14.0,788.6245999999999,LOW,TECHNOLOGY,OFFICE MACHINES,DELIVERY TRUCK
506.49,0.06,476.1006,19,105.69,5.37,365.0406,MEDIUM,OFFICE SUPPLIES,APPLIANCES,REGULAR AIR
8367.68,0.06,7865.6192,48,886.35,35.89,6943.379199999999,MEDIUM,FURNITURE,BOOKCASES,DELIVERY TRUCK
4584.73,0.07,4263.7989,27,812.38,19.99,3431.4289,HIGH,TECHNOLOGY,COMPUTER PERIPHERALS,REGULAR AIR
2570.944,0.03,2493.81568,25,553.36,5.92,1934.53568,HIGH,TECHNOLOGY,TELEPHONES AND COMMUNICATION,EXPRESS AIR
4039.72,0.02,3958.9255999999996,44,-237.6,39.61,4156.915599999999,HIGH,FURNITURE,OFFICE FURNISHINGS,EXPRESS AIR
1944.87,0.06,1828.1778,49,496.43,4.5,1327.2477999999999,HIGH,OFFICE SUPPLIES,APPLIANCES,REGULAR AIR
61.82,0.1,55.638,12,-10.45,2.99,63.098,HIGH,OFFICE SUPPLIES,BINDERS AND BINDER ACCESSORIES,REGULAR AIR
144.28,0.01,142.8372,40,52.94,0.99,88.90719999999999,NOT SPECIFIED,OFFICE SUPPLIES,LABELS,EXPRESS AIR
126.53,0.03,122.7341,19,-73.38,7.5,188.6141,NOT SPECIFIED,OFFICE SUPPLIES,PAPER,REGULAR AIR
417.53,0.02,409.1794,41,-309.06,12.52,705.7194,MEDIUM,FURNITURE,OFFICE FURNISHINGS,REGULAR AIR
186.94,0.05,177.593,44,85.81,0.5,91.28299999999999,CRITICAL,OFFICE SUPPLIES,LABELS,REGULAR AIR
1882.12,0.05,1788.014,32,584.15,10.29,1193.574,CRITICAL,OFFICE SUPPLIES,BINDERS AND BINDER ACCESSORIES,REGULAR AIR
407.2,0.01,403.128,12,-8.42,17.08,394.468,CRITICAL,OFFICE SUPPLIES,PAPER,REGULAR AIR
167.07,0.04,160.3872,32,-93.23,5.68,247.93720000000002,LOW,OFFICE SUPPLIES,BINDERS AND BINDER ACCESSORIES,REGULAR AIR
554.88,0.06,521.5871999999999,34,-145.33,13.18,653.7371999999999,LOW,OFFICE SUPPLIES,BINDERS AND BINDER ACCESSORIES,REGULAR AIR
309.65,0.04,297.26399999999995,48,-79.81,5.27,371.804,LOW,OFFICE SUPPLIES,BINDERS AND BINDER ACCESSORIES,REGULAR AIR
152.37,0.09,138.6567,24,-76.53,6.6,208.5867,LOW,OFFICE SUPPLIES,PAPER,REGULAR AIR
76.38,0.03,74.0886,13,-29.69,5.24,98.5386,MEDIUM,OFFICE SUPPLIES,BINDERS AND BINDER ACCESSORIES,EXPRESS AIR
2948.63,0.05,2801.1985,29,888.62,7.18,1905.3985000000002,MEDIUM,TECHNOLOGY,COMPUTER PERIPHERALS,REGULAR AIR
18.33,0.09,16.6803,4,-7.08,2.97,20.7903,MEDIUM,OFFICE SUPPLIES,PAPER,REGULAR AIR
86.0,0.05,81.7,10,-66.91,9.23,139.38,CRITICAL,OFFICE SUPPLIES,APPLIANCES,REGULAR AIR
475.92,0.05,452.124,36,-95.3,4.59,542.8340000000001,CRITICAL,OFFICE SUPPLIES,"SCISSORS, RULERS AND TRIMMERS",REGULAR AIR
146.71,0.01,145.24290000000002,36,38.63,1.3,105.31290000000001,CRITICAL,OFFICE SUPPLIES,PAPER,REGULAR AIR
4158.1235,0.01,4116.542265,37,1228.89,8.99,2878.662265,HIGH,TECHNOLOGY,TELEPHONES AND COMMUNICATION,REGULAR AIR
208.6,0.0,208.6,26,-56.45,5.21,259.84,CRITICAL,FURNITURE,OFFICE FURNISHINGS,REGULAR AIR
283.65,0.02,277.977,38,-29.21,5.41,301.77699999999993,CRITICAL,OFFICE SUPPLIES,PAPER,EXPRESS AIR
262.87,0.1,236.583,50,-166.29,6.26,396.613,MEDIUM,OFFICE SUPPLIES,PAPER,REGULAR AIR
2531.0875,0.01,2505.776625,43,881.68,2.5,1621.5966250000001,MEDIUM,TECHNOLOGY,TELEPHONES AND COMMUNICATION,REGULAR AIR
726.22,0.01,718.9578,41,52.47,8.99,657.4978,LOW,FURNITURE,OFFICE FURNISHINGS,REGULAR AIR
353.62,0.01,350.0838,27,140.15,1.49,208.44379999999998,MEDIUM,OFFICE SUPPLIES,BINDERS AND BINDER ACCESSORIES,REGULAR AIR
646.07,0.06,607.3058000000001,22,237.75,1.99,367.5658000000001,HIGH,TECHNOLOGY,COMPUTER PERIPHERALS,EXPRESS AIR
126.87,0.08,116.7204,4,-125.99,5.5,237.2104,MEDIUM,TECHNOLOGY,COMPUTER PERIPHERALS,REGULAR AIR
520.49,0.0,520.49,9,-51.01,18.45,553.0500000000001,CRITICAL,FURNITURE,OFFICE FURNISHINGS,REGULAR AIR
334.89,0.03,324.8433,28,-1.44,5.99,320.2933,CRITICAL,TECHNOLOGY,OFFICE MACHINES,REGULAR AIR
172.04,0.02,168.5992,3,143.08,11.1,14.41919999999999,NOT SPECIFIED,FURNITURE,OFFICE FURNISHINGS,REGULAR AIR
113.14,0.06,106.3516,3,-21.23,5.08,122.50160000000001,NOT SPECIFIED,OFFICE SUPPLIES,PAPER,REGULAR AIR
778.38,0.01,770.5962,29,257.32,5.86,507.41619999999995,LOW,OFFICE SUPPLIES,PAPER,REGULAR AIR
1724.82,0.1,1552.338,32,407.8,5.08,1139.458,NOT SPECIFIED,OFFICE SUPPLIES,STORAGE & ORGANIZATION,REGULAR AIR
1337.81,0.02,1311.0538,22,407.12,10.29,893.6437999999999,CRITICAL,OFFICE SUPPLIES,BINDERS AND BINDER ACCESSORIES,REGULAR AIR
937.8,0.0,937.8,31,27.12,6.64,904.04,LOW,OFFICE SUPPLIES,STORAGE & ORGANIZATION,REGULAR AIR
227.37,0.0,227.37,40,-92.07,5.61,313.83,CRITICAL,OFFICE SUPPLIES,PAPER,REGULAR AIR
6330.086,0.1,5697.0774,39,1421.89,2.5,4272.6874,HIGH,TECHNOLOGY,TELEPHONES AND COMMUNICATION,REGULAR AIR
438.6085,0.01,434.222415,17,-56.05,8.59,481.68241500000005,NOT SPECIFIED,TECHNOLOGY,TELEPHONES AND COMMUNICATION,REGULAR AIR
616.01,0.09,560.5690999999999,30,-74.88,8.99,626.4590999999999,NOT SPECIFIED,OFFICE SUPPLIES,PENS & ART SUPPLIES,REGULAR AIR
1553.38,0.1,1398.0420000000001,45,180.88,13.89,1203.272,NOT SPECIFIED,OFFICE SUPPLIES,PENS & ART SUPPLIES,REGULAR AIR
441.7,0.08,406.364,21,167.18,3.63,235.55399999999997,HIGH,FURNITURE,OFFICE FURNISHINGS,REGULAR AIR
60.36,0.03,58.5492,24,-119.62,6.05,172.1192,CRITICAL,OFFICE SUPPLIES,BINDERS AND BINDER ACCESSORIES,REGULAR AIR
42.3,0.06,39.762,2,-25.38,6.15,58.992000000000004,LOW,FURNITURE,OFFICE FURNISHINGS,REGULAR AIR
94.86,0.08,87.2712,20,39.69,0.5,47.081199999999995,HIGH,OFFICE SUPPLIES,LABELS,REGULAR AIR
744.12,0.02,729.2376,25,146.51,6.17,576.5576000000001,HIGH,OFFICE SUPPLIES,PENS & ART SUPPLIES,REGULAR AIR
174.9,0.06,164.406,44,-150.9,5.47,309.836,NOT SPECIFIED,OFFICE SUPPLIES,BINDERS AND BINDER ACCESSORIES,EXPRESS AIR
103.8,0.1,93.42,48,-150.53,4.57,239.38,NOT SPECIFIED,FURNITURE,OFFICE FURNISHINGS,REGULAR AIR
2557.51,0.01,2531.9349,19,-168.48,51.94,2648.4749,NOT SPECIFIED,FURNITURE,TABLES,DELIVERY TRUCK
67.03,0.04,64.3488,20,-30.4,1.92,92.8288,CRITICAL,OFFICE SUPPLIES,"SCISSORS, RULERS AND TRIMMERS",REGULAR AIR
140.82,0.08,129.5544,15,-43.26,6.5,166.31439999999998,CRITICAL,OFFICE SUPPLIES,STORAGE & ORGANIZATION,EXPRESS AIR
1936.3,0.03,1878.211,36,278.12,13.66,1586.431,MEDIUM,OFFICE SUPPLIES,APPLIANCES,REGULAR AIR
4371.92,0.03,4240.7624,28,-533.44,66.27,4707.9324,NOT SPECIFIED,FURNITURE,BOOKCASES,DELIVERY TRUCK
479.96,0.08,441.5632,44,122.54,2.99,316.03319999999997,NOT SPECIFIED,OFFICE SUPPLIES,BINDERS AND BINDER ACCESSORIES,REGULAR AIR
635.7405,0.03,616.668285,6,-397.53,8.08,1006.1182849999999,HIGH,TECHNOLOGY,TELEPHONES AND COMMUNICATION,REGULAR AIR
423.07,0.01,418.8393,16,126.95,8.99,282.8993,LOW,FURNITURE,OFFICE FURNISHINGS,REGULAR AIR
1602.21,0.05,1522.0995,33,728.49,5.79,787.8195000000001,LOW,OFFICE SUPPLIES,PAPER,REGULAR AIR
547.82,0.08,503.99440000000004,29,69.63,8.99,425.37440000000004,MEDIUM,FURNITURE,OFFICE FURNISHINGS,REGULAR AIR
278.27,0.02,272.70459999999997,14,-51.91,12.79,311.8245999999999,MEDIUM,OFFICE SUPPLIES,BINDERS AND BINDER ACCESSORIES,REGULAR AIR
667.36,0.09,607.2976,25,218.89,1.99,386.4176,CRITICAL,TECHNOLOGY,COMPUTER PERIPHERALS,REGULAR AIR
32.37,0.0,32.37,13,-48.55,5.33,75.59,CRITICAL,FURNITURE,OFFICE FURNISHINGS,REGULAR AIR
14.23,0.0,14.23,4,-4.43,5.33,13.33,HIGH,FURNITURE,OFFICE FURNISHINGS,REGULAR AIR
1409.0875,0.06,1324.5422500000002,38,233.56,4.99,1085.9922500000002,CRITICAL,TECHNOLOGY,TELEPHONES AND COMMUNICATION,EXPRESS AIR
180.79,0.05,171.7505,8,20.09,5.47,146.1905,MEDIUM,OFFICE SUPPLIES,PAPER,REGULAR AIR
487.59,0.04,468.08639999999997,8,-205.29,36.61,636.7664,LOW,FURNITURE,BOOKCASES,DELIVERY TRUCK
4152.12,0.0,4152.12,34,817.98,19.99,3314.15,MEDIUM,OFFICE SUPPLIES,STORAGE & ORGANIZATION,REGULAR AIR
323.26,0.06,303.8644,16,98.34,6.67,198.85439999999997,MEDIUM,FURNITURE,OFFICE FURNISHINGS,REGULAR AIR
208.77,0.07,194.1561,10,-76.58,4.0,266.7361,LOW,TECHNOLOGY,COMPUTER PERIPHERALS,REGULAR AIR
34.27,0.1,30.843000000000004,4,-26.44,9.54,47.74300000000001,MEDIUM,OFFICE SUPPLIES,PAPER,REGULAR AIR
2555.37,0.08,2350.9404,28,-824.91,58.2,3117.6504,CRITICAL,FURNITURE,CHAIRS & CHAIRMATS,DELIVERY TRUCK
272.07,0.02,266.6286,39,-206.46,9.54,463.54859999999996,HIGH,OFFICE SUPPLIES,PAPER,REGULAR AIR
3279.01,0.06,3082.2694,41,349.22,33.6,2699.4494000000004,CRITICAL,TECHNOLOGY,OFFICE MACHINES,DELIVERY TRUCK
213.49,0.05,202.81550000000001,26,-136.45,8.94,330.32550000000003,HIGH,OFFICE SUPPLIES,BINDERS AND BINDER ACCESSORIES,REGULAR AIR
375.61,0.1,338.04900000000004,38,-21.26,5.75,353.559,LOW,OFFICE SUPPLIES,BINDERS AND BINDER ACCESSORIES,EXPRESS AIR
706.91,0.03,685.7026999999999,34,85.68,8.83,591.1926999999998,CRITICAL,OFFICE SUPPLIES,BINDERS AND BINDER ACCESSORIES,EXPRESS AIR
190.06,0.06,178.6564,31,-61.9,5.35,235.2064,CRITICAL,OFFICE SUPPLIES,PAPER,REGULAR AIR
86.79,0.06,81.58260000000001,11,-45.6,2.83,124.35260000000002,LOW,TECHNOLOGY,COMPUTER PERIPHERALS,REGULAR AIR
753.8,0.06,708.572,8,-32.3,13.99,726.882,LOW,TECHNOLOGY,OFFICE MACHINES,REGULAR AIR
212.12,0.02,207.8776,38,-93.78,5.66,295.99760000000003,NOT SPECIFIED,OFFICE SUPPLIES,PAPER,REGULAR AIR
137.77,0.01,136.3923,10,1.85,6.47,128.0723,NOT SPECIFIED,OFFICE SUPPLIES,PAPER,REGULAR AIR
325.43,0.09,296.1413,5,-76.11,6.88,365.3713,HIGH,OFFICE SUPPLIES,STORAGE & ORGANIZATION,EXPRESS AIR
540.33,0.04,518.7168,43,-59.06,6.27,571.5068000000001,HIGH,OFFICE SUPPLIES,STORAGE & ORGANIZATION,REGULAR AIR
15.88,0.05,15.086,3,-11.04,4.69,21.436,HIGH,OFFICE SUPPLIES,BINDERS AND BINDER ACCESSORIES,REGULAR AIR
466.35,0.01,461.6865,11,159.25,9.2,293.23650000000004,NOT SPECIFIED,FURNITURE,OFFICE FURNISHINGS,REGULAR AIR
153.01,0.04,146.8896,42,-218.53,6.83,358.5896,CRITICAL,OFFICE SUPPLIES,BINDERS AND BINDER ACCESSORIES,REGULAR AIR
27.0,0.02,26.46,2,-4.9,8.09,23.270000000000003,HIGH,OFFICE SUPPLIES,PAPER,EXPRESS AIR
225.06,0.05,213.80700000000002,41,7.3,2.99,203.517,HIGH,OFFICE SUPPLIES,BINDERS AND BINDER ACCESSORIES,EXPRESS AIR
1041.78,0.1,937.602,47,283.79,6.71,647.1019999999999,HIGH,OFFICE SUPPLIES,ENVELOPES,REGULAR AIR
32.76,0.06,30.7944,3,11.29,0.5,19.0044,LOW,OFFICE SUPPLIES,LABELS,EXPRESS AIR
1503.49,0.03,1458.3853,21,408.73,3.5,1046.1553,LOW,OFFICE SUPPLIES,APPLIANCES,REGULAR AIR
2337.03,0.1,2103.327,50,-37.19,19.99,2120.5270000000005,LOW,TECHNOLOGY,COMPUTER PERIPHERALS,REGULAR AIR
10.62,0.02,10.407599999999999,1,-31.2,2.38,39.227599999999995,LOW,TECHNOLOGY,COMPUTER PERIPHERALS,REGULAR AIR
187.83,0.03,182.19510000000002,50,85.96,0.5,95.73510000000003,HIGH,OFFICE SUPPLIES,LABELS,REGULAR AIR
843.53,0.04,809.7887999999999,42,268.32,6.15,535.3188,HIGH,FURNITURE,OFFICE FURNISHINGS,REGULAR AIR
3355.1,0.07,3120.243,48,-1701.96,59.81,4762.393,LOW,FURNITURE,CHAIRS & CHAIRMATS,DELIVERY TRUCK
65.61,0.02,64.2978,31,-16.63,1.63,79.2978,LOW,OFFICE SUPPLIES,PENS & ART SUPPLIES,REGULAR AIR
2864.55,0.06,2692.677,34,1021.07,5.5,1666.107,LOW,TECHNOLOGY,COMPUTER PERIPHERALS,REGULAR AIR
742.8,0.02,727.944,15,265.87,10.25,451.82399999999996,LOW,FURNITURE,OFFICE FURNISHINGS,REGULAR AIR
2188.06,0.1,1969.254,46,33.77,19.99,1915.494,LOW,TECHNOLOGY,COMPUTER PERIPHERALS,EXPRESS AIR
6181.48,0.03,5996.035599999999,47,-194.83,51.94,6138.9256,HIGH,FURNITURE,TABLES,DELIVERY TRUCK
283.8,0.04,272.44800000000004,33,47.52,2.99,221.93800000000002,LOW,OFFICE SUPPLIES,BINDERS AND BINDER ACCESSORIES,REGULAR AIR
49.14,0.05,46.683,8,-22.56,6.18,63.063,MEDIUM,OFFICE SUPPLIES,PAPER,EXPRESS AIR
320.93,0.05,304.8835,46,-66.48,5.66,365.7035,MEDIUM,OFFICE SUPPLIES,PAPER,REGULAR AIR
6641.14,0.05,6309.0830000000005,23,673.77,64.73,5570.5830000000005,HIGH,FURNITURE,CHAIRS & CHAIRMATS,DELIVERY TRUCK
261.85,0.03,253.99450000000002,14,-52.33,9.47,296.85450000000003,MEDIUM,OFFICE SUPPLIES,STORAGE & ORGANIZATION,REGULAR AIR
56.91,0.01,56.3409,10,7.5,2.04,46.8009,NOT SPECIFIED,OFFICE SUPPLIES,PAPER,REGULAR AIR
113.2,0.1,101.88,19,24.83,0.91,76.14,HIGH,OFFICE SUPPLIES,PENS & ART SUPPLIES,REGULAR AIR
94.46,0.02,92.57079999999999,27,-75.09,4.2,163.4608,CRITICAL,OFFICE SUPPLIES,PENS & ART SUPPLIES,REGULAR AIR
1291.2,0.04,1239.5520000000001,25,-5.6,6.5,1238.652,MEDIUM,TECHNOLOGY,COMPUTER PERIPHERALS,REGULAR AIR
110.2,0.07,102.486,28,42.84,0.5,59.146,NOT SPECIFIED,OFFICE SUPPLIES,LABELS,REGULAR AIR
54.86,0.09,49.9226,12,-50.6,6.72,93.80260000000001,NOT SPECIFIED,OFFICE SUPPLIES,PAPER,REGULAR AIR
1069.85,0.07,994.9604999999999,34,-1179.39,45.51,2128.8405000000002,CRITICAL,FURNITURE,TABLES,DELIVERY TRUCK
1967.83,0.04,1889.1168,42,659.6,1.99,1227.5268,HIGH,TECHNOLOGY,COMPUTER PERIPHERALS,REGULAR AIR
52.59,0.03,51.0123,9,-28.14,6.07,73.0823,HIGH,OFFICE SUPPLIES,PAPER,REGULAR AIR
283.6535,0.09,258.124685,17,-113.05,2.5,368.674685,LOW,TECHNOLOGY,TELEPHONES AND COMMUNICATION,REGULAR AIR
412.86,0.07,383.95980000000003,29,-104.43,4.53,483.85980000000006,HIGH,OFFICE SUPPLIES,STORAGE & ORGANIZATION,REGULAR AIR
309.17,0.09,281.3447,42,-283.31,9.23,555.4247,HIGH,OFFICE SUPPLIES,APPLIANCES,REGULAR AIR
103.32,0.0,103.32,33,-25.68,2.03,126.97,LOW,OFFICE SUPPLIES,PENS & ART SUPPLIES,REGULAR AIR
503.75,0.0,503.75,35,16.46,5.5,481.79,MEDIUM,OFFICE SUPPLIES,STORAGE & ORGANIZATION,REGULAR AIR
2119.0415,0.0,2119.0415,12,-6.57,8.99,2116.6215,HIGH,TECHNOLOGY,TELEPHONES AND COMMUNICATION,REGULAR AIR
272.39,0.03,264.2183,39,-91.48,6.6,349.0983,MEDIUM,OFFICE SUPPLIES,PAPER,EXPRESS AIR
1439.96,0.02,1411.1608,41,182.46,8.74,1219.9608,NOT SPECIFIED,OFFICE SUPPLIES,STORAGE & ORGANIZATION,REGULAR AIR
5369.46,0.0,5369.46,50,1370.26,19.99,3979.21,NOT SPECIFIED,TECHNOLOGY,OFFICE MACHINES,REGULAR AIR
122.05,0.0,122.05,25,-67.6,5.41,184.24,CRITICAL,OFFICE SUPPLIES,BINDERS AND BINDER ACCESSORIES,EXPRESS AIR
835.55,0.04,802.1279999999999,18,171.59,1.99,628.5479999999999,HIGH,TECHNOLOGY,COMPUTER PERIPHERALS,REGULAR AIR
48.0,0.09,43.68,10,-29.14,6.92,65.9,NOT SPECIFIED,FURNITURE,OFFICE FURNISHINGS,REGULAR AIR
505.08,0.01,500.0292,33,-56.91,10.13,546.8092,MEDIUM,OFFICE SUPPLIES,BINDERS AND BINDER ACCESSORIES,REGULAR AIR
649.2385,0.1,584.31465,4,-830.72,2.79,1412.24465,MEDIUM,TECHNOLOGY,TELEPHONES AND COMMUNICATION,REGULAR AIR
837.386,0.03,812.26442,45,104.33,4.81,703.12442,NOT SPECIFIED,TECHNOLOGY,TELEPHONES AND COMMUNICATION,REGULAR AIR
392.77,0.09,357.4207,10,-146.2,7.12,496.5007,MEDIUM,TECHNOLOGY,COMPUTER PERIPHERALS,REGULAR AIR
7332.088,0.06,6892.162719999999,24,53.79,85.63,6752.742719999999,MEDIUM,FURNITURE,TABLES,DELIVERY TRUCK
1504.22,0.02,1474.1356,38,118.97,10.25,1344.9156,HIGH,TECHNOLOGY,COMPUTER PERIPHERALS,EXPRESS AIR
745.48,0.02,730.5704000000001,50,119.12,3.5,607.9504000000001,HIGH,OFFICE SUPPLIES,APPLIANCES,REGULAR AIR
3086.5115,0.08,2839.59058,45,1560.96,2.5,1276.13058,HIGH,TECHNOLOGY,TELEPHONES AND COMMUNICATION,REGULAR AIR
20.19,0.02,19.7862,6,1.25,0.99,17.546200000000002,CRITICAL,OFFICE SUPPLIES,LABELS,REGULAR AIR
215.93,0.08,198.6556,18,-41.87,5.81,234.7156,NOT SPECIFIED,OFFICE SUPPLIES,PENS & ART SUPPLIES,REGULAR AIR
251.59,0.09,228.9469,7,39.23,5.08,184.6369,MEDIUM,OFFICE SUPPLIES,PAPER,REGULAR AIR
250.29,0.1,225.261,8,-9.31,12.62,221.951,MEDIUM,OFFICE SUPPLIES,BINDERS AND BINDER ACCESSORIES,REGULAR AIR
151.75,0.04,145.68,25,-66.24,5.59,206.32999999999998,MEDIUM,OFFICE SUPPLIES,BINDERS AND BINDER ACCESSORIES,REGULAR AIR
437.73,0.01,433.3527,42,205.7,1.39,226.26270000000005,HIGH,OFFICE SUPPLIES,ENVELOPES,REGULAR AIR
275.01,0.0,275.01,16,-87.11,11.25,350.87,HIGH,OFFICE SUPPLIES,STORAGE & ORGANIZATION,REGULAR AIR
567.936,0.02,556.5772800000001,10,-126.09,8.99,673.6772800000001,HIGH,TECHNOLOGY,TELEPHONES AND COMMUNICATION,EXPRESS AIR
310.52,0.01,307.41479999999996,23,33.22,3.14,271.0548,HIGH,OFFICE SUPPLIES,"SCISSORS, RULERS AND TRIMMERS",REGULAR AIR
210.4,0.07,195.672,19,-18.96,4.5,210.132,CRITICAL,OFFICE SUPPLIES,APPLIANCES,REGULAR AIR
161.77,0.01,160.1523,42,-150.37,5.47,305.0523,LOW,OFFICE SUPPLIES,BINDERS AND BINDER ACCESSORIES,REGULAR AIR
447.09,0.09,406.8519,11,89.03,8.66,309.16189999999995,LOW,FURNITURE,OFFICE FURNISHINGS,REGULAR AIR
4192.88,0.02,4109.0224,29,731.32,17.85,3359.8523999999998,LOW,TECHNOLOGY,OFFICE MACHINES,DELIVERY TRUCK
140.24,0.05,133.228,30,32.87,1.49,98.868,CRITICAL,OFFICE SUPPLIES,BINDERS AND BINDER ACCESSORIES,REGULAR AIR
59.85,0.03,58.054500000000004,20,-47.41,3.5,101.9645,CRITICAL,OFFICE SUPPLIES,PENS & ART SUPPLIES,REGULAR AIR
1661.04,0.04,1594.5983999999999,23,475.54,3.5,1115.5584,NOT SPECIFIED,OFFICE SUPPLIES,APPLIANCES,REGULAR AIR
494.34,0.05,469.623,15,-30.19,6.72,493.09299999999996,CRITICAL,OFFICE SUPPLIES,STORAGE & ORGANIZATION,REGULAR AIR
448.0,0.08,412.15999999999997,13,27.2,6.31,378.65,MEDIUM,OFFICE SUPPLIES,STORAGE & ORGANIZATION,REGULAR AIR
2150.25,0.06,2021.2350000000001,47,586.93,3.99,1430.315,MEDIUM,OFFICE SUPPLIES,APPLIANCES,REGULAR AIR
3629.1175,0.06,3411.37045,21,636.03,5.26,2770.0804499999995,CRITICAL,TECHNOLOGY,TELEPHONES AND COMMUNICATION,REGULAR AIR
146.51,0.04,140.6496,31,37.14,1.52,101.98959999999998,LOW,OFFICE SUPPLIES,PAPER,REGULAR AIR
2143.2155,0.02,2100.35119,37,464.36,8.99,1627.00119,HIGH,TECHNOLOGY,TELEPHONES AND COMMUNICATION,REGULAR AIR
145.42,0.09,132.3322,7,-98.46,6.5,224.29219999999998,HIGH,TECHNOLOGY,COMPUTER PERIPHERALS,REGULAR AIR
2080.035,0.1,1872.0314999999998,31,844.9,1.25,1025.8815,HIGH,TECHNOLOGY,TELEPHONES AND COMMUNICATION,REGULAR AIR
1559.4355,0.01,1543.841145,11,61.24,3.9,1478.701145,HIGH,TECHNOLOGY,TELEPHONES AND COMMUNICATION,REGULAR AIR
266.94,0.09,242.9154,10,19.2,1.99,221.7254,NOT SPECIFIED,TECHNOLOGY,COMPUTER PERIPHERALS,REGULAR AIR
787.56,0.0,787.56,35,220.04,2.87,564.65,HIGH,OFFICE SUPPLIES,PENS & ART SUPPLIES,REGULAR AIR
565.91,0.05,537.6145,37,192.39,3.73,341.4945,MEDIUM,FURNITURE,OFFICE FURNISHINGS,REGULAR AIR
593.21,0.0,593.21,39,44.71,8.99,539.51,MEDIUM,FURNITURE,OFFICE FURNISHINGS,REGULAR AIR
98.39,0.01,97.4061,13,-31.54,6.6,122.3461,MEDIUM,OFFICE SUPPLIES,PAPER,EXPRESS AIR
65.39,0.09,59.5049,36,-0.46,1.0,58.9649,CRITICAL,OFFICE SUPPLIES,PENS & ART SUPPLIES,REGULAR AIR
2152.404,0.1,1937.1635999999999,24,218.87,8.99,1709.3035999999997,NOT SPECIFIED,TECHNOLOGY,TELEPHONES AND COMMUNICATION,EXPRESS AIR
4669.19,0.06,4389.0386,39,-1864.08,70.2,6182.9186,MEDIUM,FURNITURE,CHAIRS & CHAIRMATS,DELIVERY TRUCK
133.4,0.02,130.732,6,-0.31,2.87,128.172,MEDIUM,OFFICE SUPPLIES,PENS & ART SUPPLIES,REGULAR AIR
2393.63,0.04,2297.8848000000003,35,524.88,19.99,1753.0148000000004,LOW,OFFICE SUPPLIES,BINDERS AND BINDER ACCESSORIES,REGULAR AIR
6177.53,0.1,5559.777,49,-1195.12,54.74,6700.157,LOW,FURNITURE,BOOKCASES,DELIVERY TRUCK
113.85,0.06,107.01899999999999,26,-93.93,6.6,194.349,NOT SPECIFIED,FURNITURE,OFFICE FURNISHINGS,REGULAR AIR
94.6,0.04,90.81599999999999,33,-6.34,1.25,95.90599999999999,LOW,OFFICE SUPPLIES,PENS & ART SUPPLIES,REGULAR AIR
20.5,0.06,19.27,7,-4.04,0.96,22.349999999999998,MEDIUM,OFFICE SUPPLIES,PENS & ART SUPPLIES,REGULAR AIR
76.6,0.01,75.83399999999999,16,-48.51,5.41,118.934,LOW,OFFICE SUPPLIES,BINDERS AND BINDER ACCESSORIES,REGULAR AIR
221.86,0.09,201.89260000000002,40,-1845.66,49.0,1998.5526,CRITICAL,OFFICE SUPPLIES,APPLIANCES,REGULAR AIR
78.26,0.04,75.12960000000001,25,35.09,0.5,39.53960000000001,CRITICAL,OFFICE SUPPLIES,LABELS,EXPRESS AIR
992.95,0.04,953.2320000000001,47,-65.21,8.99,1009.4520000000001,CRITICAL,OFFICE SUPPLIES,PENS & ART SUPPLIES,REGULAR AIR
294.78,0.05,280.041,42,-113.45,6.93,386.561,MEDIUM,OFFICE SUPPLIES,PAPER,REGULAR AIR
282.71,0.09,257.2661,45,-141.44,6.74,391.9661,LOW,OFFICE SUPPLIES,PAPER,REGULAR AIR
724.13,0.01,716.8887,48,-250.53,13.32,954.0986999999999,LOW,OFFICE SUPPLIES,APPLIANCES,REGULAR AIR
294.66,0.07,274.03380000000004,15,86.33,6.67,181.03380000000004,LOW,FURNITURE,OFFICE FURNISHINGS,REGULAR AIR
83.81,0.09,76.2671,7,21.92,0.5,53.8471,MEDIUM,OFFICE SUPPLIES,LABELS,REGULAR AIR
4733.7,0.0,4733.7,36,624.36,30.0,4079.3399999999997,HIGH,FURNITURE,CHAIRS & CHAIRMATS,DELIVERY TRUCK
198.78,0.02,194.8044,17,-28.35,7.19,215.96439999999998,MEDIUM,OFFICE SUPPLIES,BINDERS AND BINDER ACCESSORIES,REGULAR AIR
281.58,0.09,256.2378,50,-161.56,5.92,411.8778,MEDIUM,FURNITURE,OFFICE FURNISHINGS,REGULAR AIR
621.12,0.1,559.008,40,190.53,2.99,365.48800000000006,CRITICAL,OFFICE SUPPLIES,BINDERS AND BINDER ACCESSORIES,REGULAR AIR
175.92,0.09,160.0872,31,-93.41,3.85,249.6472,CRITICAL,TECHNOLOGY,COMPUTER PERIPHERALS,REGULAR AIR
384.74,0.01,380.8926,27,2.69,5.5,372.7026,LOW,OFFICE SUPPLIES,STORAGE & ORGANIZATION,EXPRESS AIR
133.94,0.08,123.2248,24,45.0,1.0,77.2248,LOW,OFFICE SUPPLIES,PENS & ART SUPPLIES,EXPRESS AIR
5433.0895,0.0,5433.0895,29,1365.28,8.99,4058.8195000000005,LOW,TECHNOLOGY,TELEPHONES AND COMMUNICATION,REGULAR AIR
92.63,0.05,87.99849999999999,43,-70.8,2.56,156.2385,CRITICAL,OFFICE SUPPLIES,"SCISSORS, RULERS AND TRIMMERS",REGULAR AIR
129.84,0.05,123.348,19,2.39,4.95,116.008,MEDIUM,FURNITURE,OFFICE FURNISHINGS,EXPRESS AIR
218.81,0.03,212.2457,36,7.45,2.27,202.5257,MEDIUM,OFFICE SUPPLIES,PENS & ART SUPPLIES,REGULAR AIR
3681.7495,0.01,3644.932005,43,1196.44,4.9,2443.592005,LOW,TECHNOLOGY,TELEPHONES AND COMMUNICATION,REGULAR AIR
2300.45,0.02,2254.441,36,624.64,19.99,1609.8110000000001,NOT SPECIFIED,OFFICE SUPPLIES,ENVELOPES,REGULAR AIR
548.11,0.04,526.1856,46,124.24,2.36,399.5856,NOT SPECIFIED,OFFICE SUPPLIES,PENS & ART SUPPLIES,REGULAR AIR
1425.06,0.1,1282.5539999999999,32,597.31,5.09,680.154,MEDIUM,OFFICE SUPPLIES,PAPER,REGULAR AIR
31.35,0.03,30.4095,3,-14.62,5.6,39.4295,MEDIUM,OFFICE SUPPLIES,BINDERS AND BINDER ACCESSORIES,REGULAR AIR
11057.6,0.08,10172.992,46,183.9,66.67,9922.422,LOW,FURNITURE,TABLES,DELIVERY TRUCK
10445.95,0.07,9714.7335,44,1069.61,62.94,8582.1835,HIGH,FURNITURE,CHAIRS & CHAIRMATS,DELIVERY TRUCK
66.33,0.03,64.34009999999999,15,-47.23,5.04,106.53009999999999,CRITICAL,OFFICE SUPPLIES,BINDERS AND BINDER ACCESSORIES,REGULAR AIR
197.574,0.05,187.6953,28,-90.84,5.03,273.50530000000003,MEDIUM,TECHNOLOGY,TELEPHONES AND COMMUNICATION,REGULAR AIR
4935.72,0.07,4590.2196,37,-698.09,36.09,5252.2196,HIGH,FURNITURE,BOOKCASES,DELIVERY TRUCK
49.59,0.07,46.118700000000004,3,-8.38,6.47,48.02870000000001,HIGH,OFFICE SUPPLIES,PAPER,EXPRESS AIR
9502.736,0.02,9312.68128,42,-945.56,81.98,10176.26128,CRITICAL,FURNITURE,TABLES,DELIVERY TRUCK
151.49,0.0,151.49,12,-3.95,6.97,148.47,HIGH,OFFICE SUPPLIES,ENVELOPES,REGULAR AIR
308.22,0.0,308.22,37,-215.57,9.23,514.56,HIGH,OFFICE SUPPLIES,APPLIANCES,REGULAR AIR
994.27,0.09,904.7857,26,-127.11,6.5,1025.3957,HIGH,TECHNOLOGY,COMPUTER PERIPHERALS,EXPRESS AIR
172.15,0.02,168.707,41,86.78,0.5,81.42699999999999,MEDIUM,OFFICE SUPPLIES,LABELS,EXPRESS AIR
772.2675,0.02,756.8221500000001,13,-48.85,8.99,796.6821500000001,LOW,TECHNOLOGY,TELEPHONES AND COMMUNICATION,REGULAR AIR
1767.88,0.07,1644.1284,37,66.47,13.66,1563.9984,LOW,OFFICE SUPPLIES,APPLIANCES,REGULAR AIR
277.42,0.01,274.6458,12,49.82,1.99,222.8358,LOW,TECHNOLOGY,COMPUTER PERIPHERALS,REGULAR AIR
178.13,0.04,171.0048,13,-19.75,5.5,185.2548,LOW,OFFICE SUPPLIES,STORAGE & ORGANIZATION,REGULAR AIR
2637.78,0.04,2532.2688000000003,17,-0.84,6.5,2526.6088000000004,LOW,TECHNOLOGY,COMPUTER PERIPHERALS,REGULAR AIR
157.4,0.01,155.826,29,-118.56,7.28,267.106,LOW,OFFICE SUPPLIES,PAPER,REGULAR AIR
292.808,0.05,278.1676,43,-129.69,5.03,402.8276,NOT SPECIFIED,TECHNOLOGY,TELEPHONES AND COMMUNICATION,REGULAR AIR
1160.55,0.05,1102.5225,43,-179.17,14.36,1267.3325000000002,NOT SPECIFIED,FURNITURE,CHAIRS & CHAIRMATS,DELIVERY TRUCK
106.06,0.08,97.5752,35,-59.74,1.92,155.3952,CRITICAL,OFFICE SUPPLIES,"SCISSORS, RULERS AND TRIMMERS",REGULAR AIR
131.61,0.01,130.2939,7,-7.3,1.99,135.6039,MEDIUM,TECHNOLOGY,COMPUTER PERIPHERALS,REGULAR AIR
10122.72,0.07,9414.1296,36,-381.16,57.0,9738.2896,NOT SPECIFIED,FURNITURE,CHAIRS & CHAIRMATS,DELIVERY TRUCK
203.6,0.0,203.6,39,-166.44,7.44,362.6,NOT SPECIFIED,OFFICE SUPPLIES,PAPER,REGULAR AIR
115.81,0.1,104.229,30,22.06,0.83,81.339,NOT SPECIFIED,OFFICE SUPPLIES,PENS & ART SUPPLIES,REGULAR AIR
1058.43,0.02,1037.2614,49,245.0,6.68,785.5814,NOT SPECIFIED,FURNITURE,OFFICE FURNISHINGS,REGULAR AIR
797.24,0.04,765.3504,16,11.46,14.19,739.7004,LOW,FURNITURE,CHAIRS & CHAIRMATS,DELIVERY TRUCK
566.39,0.06,532.4066,26,76.43,8.18,447.79660000000007,MEDIUM,OFFICE SUPPLIES,PAPER,REGULAR AIR
377.213,0.02,369.66874,4,-411.65,2.5,778.8187399999999,MEDIUM,TECHNOLOGY,TELEPHONES AND COMMUNICATION,REGULAR AIR
140.07,0.04,134.4672,15,-21.85,6.19,150.1272,HIGH,OFFICE SUPPLIES,BINDERS AND BINDER ACCESSORIES,EXPRESS AIR
39.68,0.09,36.1088,5,-6.71,2.87,39.948800000000006,HIGH,OFFICE SUPPLIES,PAPER,REGULAR AIR
1273.266,0.1,1145.9394,8,-615.67,8.99,1752.6194,HIGH,TECHNOLOGY,TELEPHONES AND COMMUNICATION,REGULAR AIR
351.27,0.08,323.16839999999996,22,-37.22,7.42,352.9684,LOW,OFFICE SUPPLIES,"SCISSORS, RULERS AND TRIMMERS",REGULAR AIR
49.89,0.06,46.8966,9,-30.84,6.07,71.6666,CRITICAL,OFFICE SUPPLIES,PAPER,REGULAR AIR
1831.529,0.0,1831.529,25,-139.98,0.99,1970.519,CRITICAL,TECHNOLOGY,TELEPHONES AND COMMUNICATION,EXPRESS AIR
599.52,0.04,575.5391999999999,32,25.14,8.51,541.8892,NOT SPECIFIED,TECHNOLOGY,OFFICE MACHINES,REGULAR AIR
963.3,0.06,905.502,20,367.12,7.23,531.1519999999999,CRITICAL,OFFICE SUPPLIES,PAPER,EXPRESS AIR
3662.16,0.01,3625.5384,26,-372.82,54.74,3943.6184000000003,LOW,FURNITURE,BOOKCASES,DELIVERY TRUCK
329.37,0.04,316.1952,21,-53.57,4.53,365.2352,LOW,OFFICE SUPPLIES,STORAGE & ORGANIZATION,EXPRESS AIR
1676.44,0.02,1642.9112,14,607.5,9.07,1026.3412,CRITICAL,OFFICE SUPPLIES,BINDERS AND BINDER ACCESSORIES,REGULAR AIR
1406.07,0.1,1265.463,14,-701.91,57.38,1909.993,CRITICAL,FURNITURE,BOOKCASES,DELIVERY TRUCK
1771.67,0.09,1612.2197,30,338.95,9.71,1263.5597,CRITICAL,OFFICE SUPPLIES,STORAGE & ORGANIZATION,REGULAR AIR
127.49,0.08,117.29079999999999,6,-57.95,4.0,171.24079999999998,NOT SPECIFIED,TECHNOLOGY,COMPUTER PERIPHERALS,EXPRESS AIR
63.427,0.07,58.98711,2,-191.79,5.0,245.77711,CRITICAL,TECHNOLOGY,TELEPHONES AND COMMUNICATION,REGULAR AIR
259.59,0.06,244.01459999999997,31,34.79,1.99,207.23459999999997,HIGH,TECHNOLOGY,COMPUTER PERIPHERALS,REGULAR AIR
431.06,0.02,422.4388,33,-26.78,6.13,443.0888,HIGH,OFFICE SUPPLIES,STORAGE & ORGANIZATION,REGULAR AIR
34.93,0.04,33.5328,16,-0.05,0.78,32.8028,HIGH,OFFICE SUPPLIES,RUBBER BANDS,REGULAR AIR
55.0,0.05,52.25,8,-23.62,5.36,70.51,MEDIUM,OFFICE SUPPLIES,BINDERS AND BINDER ACCESSORIES,REGULAR AIR
94.56,0.0,94.56,34,37.73,0.5,56.330000000000005,NOT SPECIFIED,OFFICE SUPPLIES,LABELS,REGULAR AIR
107.73,0.08,99.11160000000001,37,39.81,0.5,58.80160000000001,MEDIUM,OFFICE SUPPLIES,LABELS,REGULAR AIR
51.66,0.06,48.560399999999994,7,7.4,1.39,39.770399999999995,MEDIUM,OFFICE SUPPLIES,ENVELOPES,REGULAR AIR
174.55,0.05,165.82250000000002,4,-114.39,10.25,269.96250000000003,HIGH,TECHNOLOGY,COMPUTER PERIPHERALS,EXPRESS AIR
228.8,0.03,221.936,35,-99.08,6.6,314.416,MEDIUM,OFFICE SUPPLIES,PAPER,REGULAR AIR
74.34,0.05,70.623,32,-166.55,6.05,231.12300000000002,MEDIUM,OFFICE SUPPLIES,BINDERS AND BINDER ACCESSORIES,REGULAR AIR
6089.05,0.08,5601.926,43,-2110.56,80.2,7632.286,MEDIUM,FURNITURE,TABLES,DELIVERY TRUCK
839.7,0.07,780.921,44,211.79,5.77,563.3610000000001,NOT SPECIFIED,OFFICE SUPPLIES,PAPER,REGULAR AIR
1662.5,0.01,1645.875,46,289.02,8.99,1347.865,NOT SPECIFIED,OFFICE SUPPLIES,PENS & ART SUPPLIES,REGULAR AIR
745.99,0.02,731.0702,46,226.09,4.0,500.98019999999997,MEDIUM,TECHNOLOGY,COMPUTER PERIPHERALS,REGULAR AIR
473.9855,0.06,445.54637,6,-301.68,4.9,742.32637,HIGH,TECHNOLOGY,TELEPHONES AND COMMUNICATION,REGULAR AIR
1548.43,0.02,1517.4614000000001,24,622.89,14.48,880.0914000000001,MEDIUM,FURNITURE,OFFICE FURNISHINGS,REGULAR AIR
54.84,0.01,54.2916,10,-56.3,5.14,105.4516,MEDIUM,TECHNOLOGY,COMPUTER PERIPHERALS,REGULAR AIR
712.04,0.07,662.1972,45,-110.93,9.4,763.7272,HIGH,TECHNOLOGY,OFFICE MACHINES,REGULAR AIR
2185.9535,0.1,1967.35815,21,268.01,8.99,1690.35815,NOT SPECIFIED,TECHNOLOGY,TELEPHONES AND COMMUNICATION,REGULAR AIR
1323.5435,0.0,1323.5435,12,-34.73,8.08,1350.1935,NOT SPECIFIED,TECHNOLOGY,TELEPHONES AND COMMUNICATION,EXPRESS AIR
257.91,0.0,257.91,36,90.86,1.6,165.45,NOT SPECIFIED,OFFICE SUPPLIES,PAPER,REGULAR AIR
6216.6,0.02,6092.268,38,1082.21,19.99,4990.068,NOT SPECIFIED,OFFICE SUPPLIES,STORAGE & ORGANIZATION,REGULAR AIR
765.96,0.1,689.364,26,240.06,1.99,447.314,MEDIUM,TECHNOLOGY,COMPUTER PERIPHERALS,REGULAR AIR
2174.96,0.05,2066.212,8,-223.89,17.86,2272.2419999999997,LOW,TECHNOLOGY,OFFICE MACHINES,DELIVERY TRUCK
51.03,0.09,46.4373,7,-21.38,5.48,62.3373,NOT SPECIFIED,OFFICE SUPPLIES,BINDERS AND BINDER ACCESSORIES,REGULAR AIR
550.29,0.03,533.7813,30,-82.5,9.47,606.8113,CRITICAL,OFFICE SUPPLIES,STORAGE & ORGANIZATION,REGULAR AIR
62.84,0.06,59.0696,11,9.53,2.04,47.4996,LOW,OFFICE SUPPLIES,PAPER,EXPRESS AIR
283.21,0.08,260.5532,36,-196.06,8.94,447.6732,CRITICAL,OFFICE SUPPLIES,BINDERS AND BINDER ACCESSORIES,REGULAR AIR
45.8,0.04,43.967999999999996,18,-52.92,4.57,92.318,CRITICAL,FURNITURE,OFFICE FURNISHINGS,REGULAR AIR
7156.56,0.03,6941.863200000001,50,1871.26,19.99,5050.613200000001,NOT SPECIFIED,OFFICE SUPPLIES,STORAGE & ORGANIZATION,REGULAR AIR
6481.95,0.09,5898.5745,29,846.23,43.32,5009.0244999999995,LOW,FURNITURE,CHAIRS & CHAIRMATS,DELIVERY TRUCK
2469.15,0.04,2370.384,49,1244.81,5.86,1119.714,LOW,OFFICE SUPPLIES,PAPER,REGULAR AIR
463.42,0.08,426.3464,33,14.2,7.17,404.9764,LOW,OFFICE SUPPLIES,BINDERS AND BINDER ACCESSORIES,REGULAR AIR
2357.9085,0.06,2216.43399,43,538.49,3.99,1673.9539900000002,NOT SPECIFIED,TECHNOLOGY,TELEPHONES AND COMMUNICATION,REGULAR AIR
72.67,0.04,69.7632,15,-62.37,6.72,125.41319999999999,HIGH,OFFICE SUPPLIES,PAPER,REGULAR AIR
99.08,0.01,98.0892,50,11.28,0.7,86.1092,LOW,OFFICE SUPPLIES,PENS & ART SUPPLIES,EXPRESS AIR
25.72,0.04,24.6912,2,-15.5,3.37,36.8212,CRITICAL,OFFICE SUPPLIES,"SCISSORS, RULERS AND TRIMMERS",REGULAR AIR
319.96,0.01,316.7604,43,123.15,1.6,192.01039999999998,LOW,OFFICE SUPPLIES,PAPER,EXPRESS AIR
557.85,0.05,529.9575,42,89.45,4.98,435.5275,HIGH,OFFICE SUPPLIES,BINDERS AND BINDER ACCESSORIES,REGULAR AIR
204.21,0.04,196.04160000000002,32,-204.81,10.39,390.46160000000003,CRITICAL,OFFICE SUPPLIES,PAPER,EXPRESS AIR
223.88,0.03,217.1636,33,55.21,1.5,160.4536,CRITICAL,OFFICE SUPPLIES,PENS & ART SUPPLIES,REGULAR AIR
131.27,0.1,118.143,5,-70.43,14.36,174.21300000000002,NOT SPECIFIED,FURNITURE,CHAIRS & CHAIRMATS,DELIVERY TRUCK
78.72,0.1,70.848,10,-22.36,5.83,87.378,CRITICAL,OFFICE SUPPLIES,PAPER,REGULAR AIR
788.85,0.06,741.519,21,317.53,2.99,420.999,LOW,OFFICE SUPPLIES,BINDERS AND BINDER ACCESSORIES,REGULAR AIR
364.59,0.07,339.0687,43,-14.28,5.16,348.1886999999999,LOW,OFFICE SUPPLIES,PAPER,REGULAR AIR
66.6,0.08,61.27199999999999,26,13.99,0.8,46.48199999999999,LOW,OFFICE SUPPLIES,RUBBER BANDS,REGULAR AIR
312.25,0.05,296.6375,9,15.56,5.1,275.97749999999996,LOW,OFFICE SUPPLIES,STORAGE & ORGANIZATION,REGULAR AIR
70.63,0.1,63.56699999999999,36,-66.87,2.56,127.877,NOT SPECIFIED,OFFICE SUPPLIES,"SCISSORS, RULERS AND TRIMMERS",REGULAR AIR
4261.94,0.02,4176.7011999999995,37,4.15,56.14,4116.4112,MEDIUM,TECHNOLOGY,OFFICE MACHINES,DELIVERY TRUCK
89.75,0.03,87.0575,6,-38.29,7.51,117.8375,LOW,TECHNOLOGY,OFFICE MACHINES,REGULAR AIR
478.38,0.09,435.3258,41,-34.39,4.98,464.7358,MEDIUM,OFFICE SUPPLIES,APPLIANCES,REGULAR AIR
247.15,0.07,229.8495,6,-88.35,18.98,299.21950000000004,CRITICAL,FURNITURE,OFFICE FURNISHINGS,REGULAR AIR
314.93,0.0,314.93,30,-17.5,6.24,326.19,MEDIUM,TECHNOLOGY,OFFICE MACHINES,REGULAR AIR
726.82,0.1,654.138,25,-173.88,8.65,819.368,MEDIUM,TECHNOLOGY,COMPUTER PERIPHERALS,EXPRESS AIR
115.24,0.03,111.7828,44,43.23,0.5,68.05279999999999,CRITICAL,OFFICE SUPPLIES,LABELS,REGULAR AIR
973.862,0.1,876.4757999999999,6,-693.33,8.99,1560.8157999999999,LOW,TECHNOLOGY,TELEPHONES AND COMMUNICATION,REGULAR AIR
1624.67,0.04,1559.6832000000002,35,504.35,1.99,1053.3432000000003,LOW,TECHNOLOGY,COMPUTER PERIPHERALS,REGULAR AIR
116.06,0.1,104.45400000000001,47,25.2,0.8,78.45400000000001,LOW,OFFICE SUPPLIES,RUBBER BANDS,REGULAR AIR
2071.3395,0.06,1947.05913,38,324.93,8.99,1613.13913,MEDIUM,TECHNOLOGY,TELEPHONES AND COMMUNICATION,REGULAR AIR
801.44,0.01,793.4256,35,308.12,1.99,483.3156,LOW,TECHNOLOGY,COMPUTER PERIPHERALS,REGULAR AIR
39.42,0.06,37.0548,10,7.78,0.7,28.574799999999996,LOW,OFFICE SUPPLIES,PENS & ART SUPPLIES,REGULAR AIR
1194.06,0.04,1146.2975999999999,22,326.97,14.83,804.4975999999999,LOW,FURNITURE,OFFICE FURNISHINGS,REGULAR AIR
377.02,0.0,377.02,49,84.66,2.35,290.01,LOW,OFFICE SUPPLIES,PENS & ART SUPPLIES,REGULAR AIR
7339.24,0.0,7339.24,48,-279.74,51.92,7567.0599999999995,LOW,FURNITURE,TABLES,DELIVERY TRUCK
137.07,0.09,124.7337,38,-199.3,6.83,317.2037,NOT SPECIFIED,OFFICE SUPPLIES,BINDERS AND BINDER ACCESSORIES,REGULAR AIR
203.99,0.02,199.9102,28,-8.51,4.23,204.1902,NOT SPECIFIED,OFFICE SUPPLIES,PAPER,REGULAR AIR
2962.96,0.02,2903.7008,48,-612.94,36.61,3480.0308,LOW,FURNITURE,BOOKCASES,DELIVERY TRUCK
782.93,0.03,759.4421,48,401.07,1.39,356.9821,LOW,OFFICE SUPPLIES,ENVELOPES,REGULAR AIR
34.16,0.09,31.085599999999996,17,-2.29,0.7,32.675599999999996,MEDIUM,OFFICE SUPPLIES,PENS & ART SUPPLIES,REGULAR AIR
244.9,0.06,230.20600000000002,5,-135.4,3.61,361.996,CRITICAL,TECHNOLOGY,COMPUTER PERIPHERALS,REGULAR AIR
59.38,0.1,53.442,7,-3.05,2.99,53.501999999999995,NOT SPECIFIED,OFFICE SUPPLIES,BINDERS AND BINDER ACCESSORIES,REGULAR AIR
222.91,0.05,211.7645,14,20.21,4.0,187.5545,MEDIUM,TECHNOLOGY,COMPUTER PERIPHERALS,REGULAR AIR
125.273,0.02,122.76754,2,-301.91,8.99,415.68754,HIGH,TECHNOLOGY,TELEPHONES AND COMMUNICATION,REGULAR AIR
209.33,0.01,207.2367,39,-160.71,7.44,360.5067,NOT SPECIFIED,OFFICE SUPPLIES,PAPER,REGULAR AIR
265.61,0.1,239.049,41,-147.82,7.37,379.499,LOW,OFFICE SUPPLIES,PAPER,REGULAR AIR
485.03,0.07,451.0779,27,-88.02,9.47,529.6279,LOW,OFFICE SUPPLIES,STORAGE & ORGANIZATION,REGULAR AIR
2039.33,0.08,1876.1835999999998,21,-862.44,74.35,2664.2736,MEDIUM,FURNITURE,CHAIRS & CHAIRMATS,DELIVERY TRUCK
2842.54,0.05,2700.413,50,1315.75,1.49,1383.1730000000002,HIGH,OFFICE SUPPLIES,BINDERS AND BINDER ACCESSORIES,REGULAR AIR
40.24,0.1,36.216,24,-3.73,0.7,39.245999999999995,LOW,OFFICE SUPPLIES,PENS & ART SUPPLIES,REGULAR AIR
98.77,0.07,91.8561,21,41.33,0.5,50.0261,CRITICAL,OFFICE SUPPLIES,LABELS,REGULAR AIR
173.7,0.02,170.226,21,-31.59,6.16,195.656,LOW,OFFICE SUPPLIES,BINDERS AND BINDER ACCESSORIES,REGULAR AIR
1634.98,0.09,1487.8318,12,-120.45,19.99,1588.2918,LOW,OFFICE SUPPLIES,STORAGE & ORGANIZATION,REGULAR AIR
614.15,0.03,595.7255,15,-54.37,7.12,642.9755,HIGH,TECHNOLOGY,COMPUTER PERIPHERALS,EXPRESS AIR
154.24,0.03,149.61280000000002,31,68.88,0.49,80.24280000000002,HIGH,OFFICE SUPPLIES,LABELS,REGULAR AIR
140.31,0.06,131.8914,20,-94.11,8.74,217.2614,HIGH,OFFICE SUPPLIES,PAPER,REGULAR AIR
1460.42,0.04,1402.0032,20,-441.44,60.0,1783.4432000000002,LOW,OFFICE SUPPLIES,APPLIANCES,DELIVERY TRUCK
6659.7415,0.05,6326.754425,42,1647.75,3.99,4675.014425,LOW,TECHNOLOGY,TELEPHONES AND COMMUNICATION,EXPRESS AIR
2601.7905,0.02,2549.75469,45,748.2,5.26,1796.29469,MEDIUM,TECHNOLOGY,TELEPHONES AND COMMUNICATION,REGULAR AIR
1227.18,0.0,1227.18,50,-252.53,15.68,1464.03,HIGH,FURNITURE,OFFICE FURNISHINGS,DELIVERY TRUCK
4278.61,0.07,3979.1072999999997,30,-955.56,66.27,4868.3973,HIGH,FURNITURE,BOOKCASES,DELIVERY TRUCK
10.94,0.08,10.0648,1,-4.35,2.03,12.3848,NOT SPECIFIED,OFFICE SUPPLIES,PAPER,REGULAR AIR
204.11,0.06,191.8634,50,28.71,0.94,162.2134,LOW,OFFICE SUPPLIES,PENS & ART SUPPLIES,REGULAR AIR
1755.3,0.04,1685.088,12,-7.01,16.01,1676.088,NOT SPECIFIED,FURNITURE,TABLES,DELIVERY TRUCK
205.11,0.06,192.8034,44,95.52,0.5,96.78340000000001,MEDIUM,OFFICE SUPPLIES,LABELS,REGULAR AIR
2458.2425,0.1,2212.4182499999997,20,110.54,8.99,2092.88825,MEDIUM,TECHNOLOGY,TELEPHONES AND COMMUNICATION,REGULAR AIR
3981.23,0.07,3702.5439,21,294.94,19.99,3387.6139000000003,MEDIUM,OFFICE SUPPLIES,STORAGE & ORGANIZATION,REGULAR AIR
11036.16,0.05,10484.351999999999,46,1187.8,59.24,9237.312,HIGH,FURNITURE,TABLES,DELIVERY TRUCK
115.71,0.08,106.4532,18,-91.61,8.4,189.6632,HIGH,OFFICE SUPPLIES,PAPER,REGULAR AIR
403.71,0.03,391.5987,15,-97.47,14.36,474.7087,HIGH,FURNITURE,CHAIRS & CHAIRMATS,DELIVERY TRUCK
1243.45,0.1,1119.105,39,-1212.55,35.0,2296.6549999999997,HIGH,OFFICE SUPPLIES,STORAGE & ORGANIZATION,REGULAR AIR
175.23,0.04,168.2208,46,-13.35,2.5,179.0708,HIGH,OFFICE SUPPLIES,ENVELOPES,REGULAR AIR
224.58,0.03,217.8426,43,46.31,2.04,169.4926,HIGH,OFFICE SUPPLIES,PAPER,REGULAR AIR
343.36,0.08,315.8912,6,-41.27,13.22,343.9412,CRITICAL,OFFICE SUPPLIES,APPLIANCES,REGULAR AIR
309.2215,0.09,281.391565,7,-68.3,1.25,348.441565,CRITICAL,TECHNOLOGY,TELEPHONES AND COMMUNICATION,REGULAR AIR
1038.4,0.01,1028.016,18,112.36,13.22,902.436,HIGH,OFFICE SUPPLIES,APPLIANCES,REGULAR AIR
2477.99,0.0,2477.99,30,747.68,4.5,1725.81,NOT SPECIFIED,OFFICE SUPPLIES,APPLIANCES,REGULAR AIR
48.83,0.06,45.9002,23,1.0,0.7,44.200199999999995,NOT SPECIFIED,OFFICE SUPPLIES,PENS & ART SUPPLIES,REGULAR AIR
297.76,0.07,276.91679999999997,50,-111.34,5.79,382.4667999999999,LOW,OFFICE SUPPLIES,PAPER,REGULAR AIR
257.41,0.09,234.24310000000003,43,-131.08,4.69,360.6331,MEDIUM,OFFICE SUPPLIES,STORAGE & ORGANIZATION,REGULAR AIR
241.43,0.01,239.0157,35,-65.8,4.42,300.39570000000003,NOT SPECIFIED,OFFICE SUPPLIES,"SCISSORS, RULERS AND TRIMMERS",REGULAR AIR
94.32,0.06,88.6608,14,-66.87,8.19,147.3408,HIGH,OFFICE SUPPLIES,PAPER,REGULAR AIR
554.4295,0.03,537.796615,30,34.01,4.81,498.97661500000004,HIGH,TECHNOLOGY,TELEPHONES AND COMMUNICATION,REGULAR AIR
153.27,0.08,141.0084,45,60.29,0.5,80.2184,CRITICAL,OFFICE SUPPLIES,LABELS,REGULAR AIR
671.78,0.1,604.602,47,297.23,1.39,305.98199999999997,MEDIUM,OFFICE SUPPLIES,ENVELOPES,REGULAR AIR
262.09,0.01,259.46909999999997,12,58.69,10.49,190.28909999999996,MEDIUM,FURNITURE,OFFICE FURNISHINGS,REGULAR AIR
1107.64,0.06,1041.1816000000001,28,333.17,7.47,700.5416,MEDIUM,OFFICE SUPPLIES,BINDERS AND BINDER ACCESSORIES,REGULAR AIR
1119.91,0.08,1030.3172,25,434.71,5.79,589.8172,HIGH,OFFICE SUPPLIES,PAPER,EXPRESS AIR
155.27,0.1,139.743,32,-151.55,7.54,283.75300000000004,LOW,OFFICE SUPPLIES,PAPER,REGULAR AIR
221.33,0.0,221.33,29,77.33,1.77,142.23000000000002,CRITICAL,OFFICE SUPPLIES,PAPER,REGULAR AIR
74.07,0.04,71.10719999999999,25,4.37,1.49,65.24719999999999,MEDIUM,OFFICE SUPPLIES,BINDERS AND BINDER ACCESSORIES,REGULAR AIR
1529.0565,0.06,1437.3131099999998,29,201.73,3.99,1231.5931099999998,MEDIUM,TECHNOLOGY,TELEPHONES AND COMMUNICATION,REGULAR AIR
855.03,0.08,786.6276,7,-1.68,12.65,775.6576,NOT SPECIFIED,FURNITURE,CHAIRS & CHAIRMATS,REGULAR AIR
196.58,0.04,188.7168,31,-102.16,4.38,286.4968,NOT SPECIFIED,TECHNOLOGY,COMPUTER PERIPHERALS,REGULAR AIR
75.19,0.05,71.4305,19,-93.67,7.5,157.6005,CRITICAL,OFFICE SUPPLIES,LABELS,REGULAR AIR
1028.16,0.07,956.1888000000001,23,405.16,1.25,549.7788,HIGH,TECHNOLOGY,TELEPHONES AND COMMUNICATION,REGULAR AIR
346.23,0.0,346.23,5,8.46,19.99,317.78000000000003,NOT SPECIFIED,OFFICE SUPPLIES,ENVELOPES,REGULAR AIR
249.24,0.06,234.28560000000002,22,-92.1,6.5,319.8856,HIGH,TECHNOLOGY,COMPUTER PERIPHERALS,REGULAR AIR
55.45,0.01,54.895500000000006,17,21.42,0.5,32.975500000000004,LOW,OFFICE SUPPLIES,LABELS,REGULAR AIR
133.85,0.03,129.8345,9,-5.28,4.51,130.60449999999997,LOW,OFFICE SUPPLIES,STORAGE & ORGANIZATION,EXPRESS AIR
70.13,0.02,68.72739999999999,13,21.51,0.95,46.26739999999998,NOT SPECIFIED,OFFICE SUPPLIES,PAPER,REGULAR AIR
59.76,0.04,57.3696,5,-10.34,3.37,64.3396,NOT SPECIFIED,OFFICE SUPPLIES,"SCISSORS, RULERS AND TRIMMERS",REGULAR AIR
195.75,0.02,191.835,6,-31.24,1.99,221.085,LOW,TECHNOLOGY,COMPUTER PERIPHERALS,REGULAR AIR
185.16,0.02,181.4568,3,-49.34,3.99,226.80679999999998,LOW,OFFICE SUPPLIES,APPLIANCES,REGULAR AIR
1397.383,0.01,1383.4091700000001,46,-135.86,5.0,1514.26917,LOW,TECHNOLOGY,TELEPHONES AND COMMUNICATION,REGULAR AIR
5144.94,0.09,4681.895399999999,22,729.06,11.25,3941.5853999999995,LOW,TECHNOLOGY,COMPUTER PERIPHERALS,REGULAR AIR
287.61,0.02,281.8578,43,-101.5,6.35,377.0078,HIGH,OFFICE SUPPLIES,PAPER,REGULAR AIR
128.52,0.06,120.8088,23,42.8,1.0,77.00880000000001,HIGH,OFFICE SUPPLIES,PENS & ART SUPPLIES,REGULAR AIR
1011.67,0.04,971.2031999999999,41,-74.64,8.79,1037.0532,HIGH,OFFICE SUPPLIES,STORAGE & ORGANIZATION,REGULAR AIR
31.13,0.06,29.2622,18,-0.81,1.0,29.0722,CRITICAL,OFFICE SUPPLIES,PENS & ART SUPPLIES,REGULAR AIR
4896.93,0.04,4701.0528,37,1467.82,12.65,3220.582800000001,CRITICAL,FURNITURE,CHAIRS & CHAIRMATS,EXPRESS AIR
7201.89,0.09,6553.7199,26,-650.11,54.12,7149.7099,MEDIUM,FURNITURE,TABLES,DELIVERY TRUCK
3156.6,0.1,2840.94,12,454.26,24.49,2362.1900000000005,LOW,FURNITURE,CHAIRS & CHAIRMATS,REGULAR AIR
302.69,0.05,287.5555,47,125.65,1.02,160.8855,LOW,OFFICE SUPPLIES,PAPER,EXPRESS AIR
2040.39,0.07,1897.5627000000002,50,221.09,19.99,1656.4827000000002,MEDIUM,OFFICE SUPPLIES,PAPER,REGULAR AIR
272.8925,0.01,270.163575,15,19.61,0.99,249.56357499999996,HIGH,TECHNOLOGY,TELEPHONES AND COMMUNICATION,REGULAR AIR
123.11,0.06,115.7234,41,48.93,0.49,66.30340000000001,LOW,OFFICE SUPPLIES,LABELS,REGULAR AIR
254.02,0.04,243.85920000000002,40,123.14,0.5,120.21920000000001,MEDIUM,OFFICE SUPPLIES,LABELS,REGULAR AIR
41.52,0.06,39.028800000000004,16,-85.17,7.09,117.1088,MEDIUM,OFFICE SUPPLIES,PAPER,REGULAR AIR
5320.57,0.02,5214.1586,28,534.29,19.99,4659.8786,LOW,OFFICE SUPPLIES,STORAGE & ORGANIZATION,REGULAR AIR
3227.38,0.05,3066.011,26,192.31,30.0,2843.701,MEDIUM,FURNITURE,CHAIRS & CHAIRMATS,DELIVERY TRUCK
134.52,0.03,130.48440000000002,48,-6.04,1.2,135.32440000000003,MEDIUM,OFFICE SUPPLIES,PENS & ART SUPPLIES,REGULAR AIR
433.68,0.07,403.3224,42,44.1,4.8,354.4224,LOW,OFFICE SUPPLIES,ENVELOPES,REGULAR AIR
104.46,0.01,103.41539999999999,7,-36.77,7.51,132.6754,CRITICAL,TECHNOLOGY,OFFICE MACHINES,REGULAR AIR
112.47,0.0,112.47,8,46.74,6.02,59.71,HIGH,FURNITURE,OFFICE FURNISHINGS,EXPRESS AIR
3531.75,0.0,3531.75,38,572.26,20.79,2938.7,CRITICAL,FURNITURE,OFFICE FURNISHINGS,REGULAR AIR
86.69,0.0,86.69,12,-43.48,7.37,122.79999999999998,MEDIUM,OFFICE SUPPLIES,PAPER,REGULAR AIR
157.26,0.06,147.8244,9,-18.84,1.99,164.6744,MEDIUM,TECHNOLOGY,COMPUTER PERIPHERALS,REGULAR AIR
187.6375,0.03,182.008375,6,-190.03,5.0,367.038375,MEDIUM,TECHNOLOGY,TELEPHONES AND COMMUNICATION,REGULAR AIR
114.94,0.09,104.5954,17,-102.24,9.68,197.1554,NOT SPECIFIED,OFFICE SUPPLIES,PAPER,REGULAR AIR
85.36,0.09,77.6776,8,-23.82,4.5,96.9976,LOW,OFFICE SUPPLIES,APPLIANCES,REGULAR AIR
671.75,0.07,624.7275,32,-56.83,4.0,677.5575,HIGH,TECHNOLOGY,COMPUTER PERIPHERALS,REGULAR AIR
717.29,0.01,710.1170999999999,24,191.29,1.99,516.8371,CRITICAL,TECHNOLOGY,COMPUTER PERIPHERALS,REGULAR AIR
74.17,0.01,73.42830000000001,43,-13.4,1.29,85.5383,LOW,OFFICE SUPPLIES,PENS & ART SUPPLIES,REGULAR AIR
113.8,0.07,105.834,25,-84.08,5.42,184.494,NOT SPECIFIED,OFFICE SUPPLIES,BINDERS AND BINDER ACCESSORIES,REGULAR AIR
480.13,0.04,460.9248,29,53.67,7.74,399.5148,NOT SPECIFIED,FURNITURE,OFFICE FURNISHINGS,REGULAR AIR
66.92,0.01,66.2508,5,-23.29,6.13,83.4108,HIGH,OFFICE SUPPLIES,STORAGE & ORGANIZATION,REGULAR AIR
161.87,0.04,155.39520000000002,24,-31.27,5.11,181.5552,CRITICAL,OFFICE SUPPLIES,PAPER,REGULAR AIR
762.2,0.07,708.846,50,16.57,8.4,683.876,CRITICAL,OFFICE SUPPLIES,BINDERS AND BINDER ACCESSORIES,REGULAR AIR
235.45,0.06,221.32299999999998,27,-8.82,5.16,224.98299999999998,CRITICAL,OFFICE SUPPLIES,PAPER,REGULAR AIR
45.38,0.07,42.2034,26,-1.97,0.7,43.4734,MEDIUM,OFFICE SUPPLIES,PENS & ART SUPPLIES,REGULAR AIR
163.3105,0.02,160.04429,9,-105.09,3.3,261.83429,MEDIUM,TECHNOLOGY,TELEPHONES AND COMMUNICATION,REGULAR AIR
123.92,0.09,112.7672,9,45.83,5.3,61.63720000000001,LOW,FURNITURE,OFFICE FURNISHINGS,REGULAR AIR
1423.35,0.1,1281.0149999999999,36,-580.32,19.99,1841.3449999999998,LOW,TECHNOLOGY,COMPUTER PERIPHERALS,REGULAR AIR
7.15,0.03,6.9355,1,-2.55,2.03,7.4555,MEDIUM,FURNITURE,OFFICE FURNISHINGS,REGULAR AIR
192.21,0.07,178.7553,35,-61.36,5.26,234.8553,LOW,FURNITURE,OFFICE FURNISHINGS,REGULAR AIR
207.54,0.03,201.3138,50,24.21,1.23,175.8738,HIGH,OFFICE SUPPLIES,PENS & ART SUPPLIES,REGULAR AIR
17.33,0.06,16.2902,4,-16.58,5.0,27.870199999999997,HIGH,OFFICE SUPPLIES,PENS & ART SUPPLIES,REGULAR AIR
92.77,0.06,87.2038,18,-17.91,3.05,102.0638,CRITICAL,FURNITURE,OFFICE FURNISHINGS,REGULAR AIR
130.16,0.0,130.16,18,28.87,2.17,99.11999999999999,CRITICAL,OFFICE SUPPLIES,PAPER,REGULAR AIR
92.53,0.01,91.60470000000001,25,-71.52,4.17,158.9547,LOW,OFFICE SUPPLIES,PENS & ART SUPPLIES,REGULAR AIR
988.6435,0.04,949.09776,17,89.89,4.2,855.00776,LOW,TECHNOLOGY,TELEPHONES AND COMMUNICATION,REGULAR AIR
1484.89,0.03,1440.3433,41,220.99,14.72,1204.6333,LOW,OFFICE SUPPLIES,ENVELOPES,REGULAR AIR
244.39,0.08,224.8388,20,114.1,0.5,110.2388,NOT SPECIFIED,OFFICE SUPPLIES,LABELS,REGULAR AIR
1285.37,0.1,1156.8329999999999,42,514.07,1.99,640.7729999999998,CRITICAL,TECHNOLOGY,COMPUTER PERIPHERALS,REGULAR AIR
932.892,0.05,886.2474000000001,30,458.98,0.99,426.27740000000006,LOW,TECHNOLOGY,TELEPHONES AND COMMUNICATION,REGULAR AIR
175.35,0.1,157.815,36,-174.18,7.54,324.45500000000004,MEDIUM,OFFICE SUPPLIES,PAPER,REGULAR AIR
590.6,0.0,590.6,25,117.73,8.18,464.69000000000005,MEDIUM,OFFICE SUPPLIES,PAPER,REGULAR AIR
47.12,0.09,42.8792,4,10.8,1.39,30.689199999999996,LOW,OFFICE SUPPLIES,ENVELOPES,EXPRESS AIR
62.89,0.09,57.2299,3,-23.2,9.03,71.3999,LOW,OFFICE SUPPLIES,PAPER,REGULAR AIR
565.01,0.1,508.509,44,-10.33,4.51,514.3290000000001,MEDIUM,OFFICE SUPPLIES,STORAGE & ORGANIZATION,REGULAR AIR
125.78,0.02,123.2644,4,8.43,2.99,111.84440000000001,NOT SPECIFIED,OFFICE SUPPLIES,BINDERS AND BINDER ACCESSORIES,REGULAR AIR
577.0,0.04,553.92,16,-112.88,19.19,647.6099999999999,NOT SPECIFIED,FURNITURE,CHAIRS & CHAIRMATS,DELIVERY TRUCK
24.53,0.04,23.5488,2,-28.14,5.76,45.9288,NOT SPECIFIED,TECHNOLOGY,OFFICE MACHINES,REGULAR AIR
48.75,0.08,44.85,11,3.5,1.49,39.86,CRITICAL,OFFICE SUPPLIES,BINDERS AND BINDER ACCESSORIES,REGULAR AIR
112.6,0.04,108.09599999999999,30,-25.99,1.32,132.766,CRITICAL,OFFICE SUPPLIES,"SCISSORS, RULERS AND TRIMMERS",REGULAR AIR
5977.63,0.1,5379.867,36,-86.68,55.24,5411.307000000001,MEDIUM,OFFICE SUPPLIES,APPLIANCES,DELIVERY TRUCK
620.23,0.06,583.0162,48,115.24,4.98,462.7962,NOT SPECIFIED,FURNITURE,OFFICE FURNISHINGS,EXPRESS AIR
118.66,0.05,112.727,9,32.68,1.49,78.55700000000002,MEDIUM,OFFICE SUPPLIES,BINDERS AND BINDER ACCESSORIES,REGULAR AIR
213.74,0.06,200.9156,36,-32.15,3.37,229.6956,MEDIUM,OFFICE SUPPLIES,RUBBER BANDS,REGULAR AIR
1330.73,0.06,1250.8862,13,-450.1,41.64,1659.3462,LOW,FURNITURE,TABLES,DELIVERY TRUCK
156.31,0.06,146.9314,21,-9.81,4.0,152.7414,CRITICAL,FURNITURE,OFFICE FURNISHINGS,EXPRESS AIR
207.42,0.04,199.1232,40,-115.35,5.68,308.79319999999996,MEDIUM,OFFICE SUPPLIES,BINDERS AND BINDER ACCESSORIES,REGULAR AIR
1031.18,0.01,1020.8682000000001,48,349.82,5.77,665.2782000000002,MEDIUM,OFFICE SUPPLIES,PAPER,REGULAR AIR
461.4,0.03,447.558,36,36.39,6.2,404.968,NOT SPECIFIED,FURNITURE,OFFICE FURNISHINGS,REGULAR AIR
278.1,0.09,253.07100000000003,10,68.1,2.99,181.98100000000002,MEDIUM,OFFICE SUPPLIES,BINDERS AND BINDER ACCESSORIES,REGULAR AIR
85.89,0.08,79.0188,5,-48.88,6.5,121.3988,HIGH,TECHNOLOGY,COMPUTER PERIPHERALS,REGULAR AIR
71.49,0.06,67.2006,3,41.98,11.17,14.050599999999996,NOT SPECIFIED,FURNITURE,OFFICE FURNISHINGS,REGULAR AIR
668.8,0.04,642.048,20,92.34,5.1,544.608,LOW,OFFICE SUPPLIES,STORAGE & ORGANIZATION,REGULAR AIR
641.89,0.03,622.6333,37,207.3,1.99,413.34329999999994,HIGH,TECHNOLOGY,COMPUTER PERIPHERALS,REGULAR AIR
24.09,0.04,23.1264,5,-20.23,5.44,37.916399999999996,NOT SPECIFIED,OFFICE SUPPLIES,BINDERS AND BINDER ACCESSORIES,REGULAR AIR
173.27,0.02,169.80460000000002,41,51.29,1.3,117.21460000000002,NOT SPECIFIED,OFFICE SUPPLIES,PAPER,REGULAR AIR
601.78,0.05,571.691,44,26.44,4.51,540.741,NOT SPECIFIED,OFFICE SUPPLIES,STORAGE & ORGANIZATION,REGULAR AIR
60.67,0.08,55.8164,6,10.29,7.29,38.2364,LOW,FURNITURE,OFFICE FURNISHINGS,REGULAR AIR
170.88,0.01,169.1712,43,-149.09,5.44,312.8212,NOT SPECIFIED,OFFICE SUPPLIES,BINDERS AND BINDER ACCESSORIES,REGULAR AIR
6195.87,0.03,6009.9938999999995,32,781.03,19.99,5208.9739,LOW,OFFICE SUPPLIES,STORAGE & ORGANIZATION,REGULAR AIR
299.07,0.1,269.163,26,137.47,0.49,131.203,HIGH,OFFICE SUPPLIES,LABELS,REGULAR AIR
2167.05,0.02,2123.7090000000003,36,684.9,3.5,1435.3090000000002,CRITICAL,OFFICE SUPPLIES,APPLIANCES,REGULAR AIR
70.02,0.07,65.1186,10,22.62,0.5,41.998599999999996,CRITICAL,OFFICE SUPPLIES,LABELS,REGULAR AIR
236.17,0.09,214.91469999999998,10,-21.39,15.68,220.62469999999996,MEDIUM,FURNITURE,OFFICE FURNISHINGS,DELIVERY TRUCK
152.31,0.03,147.7407,25,38.08,1.49,108.1707,NOT SPECIFIED,OFFICE SUPPLIES,BINDERS AND BINDER ACCESSORIES,REGULAR AIR
3582.79,0.0,3582.79,28,-1177.14,70.2,4689.7300000000005,NOT SPECIFIED,FURNITURE,CHAIRS & CHAIRMATS,DELIVERY TRUCK
149.4,0.06,140.436,23,-126.05,8.49,257.996,HIGH,OFFICE SUPPLIES,BINDERS AND BINDER ACCESSORIES,EXPRESS AIR
303.97,0.1,273.57300000000004,28,23.3,5.14,245.13300000000004,MEDIUM,OFFICE SUPPLIES,BINDERS AND BINDER ACCESSORIES,REGULAR AIR
434.62,0.08,399.8504,40,-68.98,7.19,461.6404,MEDIUM,OFFICE SUPPLIES,BINDERS AND BINDER ACCESSORIES,REGULAR AIR
876.59,0.05,832.7605,46,233.6,5.23,593.9304999999999,HIGH,OFFICE SUPPLIES,BINDERS AND BINDER ACCESSORIES,REGULAR AIR
5000.87,0.04,4800.8351999999995,41,-593.23,51.94,5342.1252,HIGH,FURNITURE,TABLES,DELIVERY TRUCK
331.37,0.03,321.4289,36,-172.17,9.86,483.73889999999994,CRITICAL,OFFICE SUPPLIES,PAPER,EXPRESS AIR
78.03,0.05,74.1285,26,0.51,1.05,72.5685,CRITICAL,OFFICE SUPPLIES,PENS & ART SUPPLIES,REGULAR AIR
111.04,0.08,102.1568,40,45.1,0.5,56.5568,MEDIUM,OFFICE SUPPLIES,LABELS,EXPRESS AIR
103.55,0.03,100.4435,15,19.59,1.5,79.3535,NOT SPECIFIED,OFFICE SUPPLIES,PENS & ART SUPPLIES,REGULAR AIR
301.12,0.0,301.12,40,-206.05,8.37,498.8,CRITICAL,OFFICE SUPPLIES,"SCISSORS, RULERS AND TRIMMERS",REGULAR AIR
1876.09,0.02,1838.5682,42,809.74,2.99,1025.8382,MEDIUM,OFFICE SUPPLIES,BINDERS AND BINDER ACCESSORIES,REGULAR AIR
145.26,0.05,137.99699999999999,19,-35.75,5.96,167.78699999999998,MEDIUM,OFFICE SUPPLIES,PAPER,REGULAR AIR
871.25,0.06,818.975,38,-14.31,8.99,824.295,MEDIUM,OFFICE SUPPLIES,PENS & ART SUPPLIES,REGULAR AIR
313.85,0.03,304.4345,14,-31.37,8.99,326.8145,CRITICAL,OFFICE SUPPLIES,PENS & ART SUPPLIES,REGULAR AIR
35.68,0.01,35.3232,3,-11.43,5.76,40.9932,MEDIUM,OFFICE SUPPLIES,ENVELOPES,REGULAR AIR
234.76,0.04,225.3696,11,-45.65,8.99,262.02959999999996,MEDIUM,OFFICE SUPPLIES,PENS & ART SUPPLIES,REGULAR AIR
6069.05,0.05,5765.5975,40,1816.71,7.07,3941.8175,HIGH,OFFICE SUPPLIES,STORAGE & ORGANIZATION,REGULAR AIR
34.18,0.06,32.1292,9,-5.46,2.2,35.389199999999995,CRITICAL,OFFICE SUPPLIES,PAPER,REGULAR AIR
194.35,0.0,194.35,27,30.88,2.99,160.48,MEDIUM,OFFICE SUPPLIES,BINDERS AND BINDER ACCESSORIES,REGULAR AIR
413.83,0.08,380.7236,43,111.74,1.99,266.99359999999996,NOT SPECIFIED,TECHNOLOGY,COMPUTER PERIPHERALS,REGULAR AIR
3339.65,0.01,3306.2535000000003,30,788.51,7.69,2510.0535,NOT SPECIFIED,TECHNOLOGY,TELEPHONES AND COMMUNICATION,REGULAR AIR
3601.07,0.04,3457.0272,50,174.8,14.52,3267.7072,HIGH,TECHNOLOGY,COMPUTER PERIPHERALS,REGULAR AIR
537.87,0.05,510.9765,46,-162.24,7.95,665.2665,MEDIUM,OFFICE SUPPLIES,PENS & ART SUPPLIES,REGULAR AIR
468.48,0.07,435.6864,43,-213.49,11.25,637.9264000000001,MEDIUM,OFFICE SUPPLIES,PAPER,EXPRESS AIR
284.14,0.05,269.933,23,-104.18,8.99,365.123,MEDIUM,OFFICE SUPPLIES,PENS & ART SUPPLIES,REGULAR AIR
198.7,0.1,178.82999999999998,32,-62.13,2.74,238.21999999999997,HIGH,TECHNOLOGY,COMPUTER PERIPHERALS,REGULAR AIR
951.33,0.0,951.33,44,-60.66,14.39,997.6,MEDIUM,FURNITURE,OFFICE FURNISHINGS,REGULAR AIR
15.72,0.0,15.72,1,-6.1,4.5,17.32,MEDIUM,OFFICE SUPPLIES,APPLIANCES,REGULAR AIR
201.5945,0.04,193.53072,11,32.31,0.99,160.23072,MEDIUM,TECHNOLOGY,TELEPHONES AND COMMUNICATION,REGULAR AIR
313.83,0.08,288.7236,36,56.78,2.99,228.95359999999997,MEDIUM,OFFICE SUPPLIES,BINDERS AND BINDER ACCESSORIES,REGULAR AIR
525.4,0.08,483.368,28,126.49,4.1,352.77799999999996,LOW,OFFICE SUPPLIES,PENS & ART SUPPLIES,REGULAR AIR
61.77,0.04,59.299200000000006,37,12.65,0.7,45.949200000000005,LOW,OFFICE SUPPLIES,RUBBER BANDS,EXPRESS AIR
99.65,0.01,98.65350000000001,37,27.0,0.8,70.85350000000001,HIGH,OFFICE SUPPLIES,RUBBER BANDS,REGULAR AIR
14.15,0.1,12.735,10,-1.29,0.7,13.325,MEDIUM,OFFICE SUPPLIES,RUBBER BANDS,REGULAR AIR
2031.98,0.05,1930.381,17,778.6,9.07,1142.7110000000002,HIGH,OFFICE SUPPLIES,BINDERS AND BINDER ACCESSORIES,REGULAR AIR
85.74,0.03,83.1678,18,-73.57,6.21,150.5278,HIGH,OFFICE SUPPLIES,BINDERS AND BINDER ACCESSORIES,REGULAR AIR
608.21,0.09,553.4711,50,-175.13,4.59,724.0110999999999,HIGH,OFFICE SUPPLIES,"SCISSORS, RULERS AND TRIMMERS",REGULAR AIR
131.94,0.04,126.66239999999999,24,2.32,2.99,121.3524,HIGH,OFFICE SUPPLIES,BINDERS AND BINDER ACCESSORIES,REGULAR AIR
528.53,0.05,502.1035,43,-7.24,4.81,504.5335,MEDIUM,OFFICE SUPPLIES,STORAGE & ORGANIZATION,REGULAR AIR
720.52,0.1,648.468,44,-36.79,8.51,676.7479999999999,MEDIUM,TECHNOLOGY,OFFICE MACHINES,REGULAR AIR
5975.0495,0.06,5616.54653,47,1417.23,8.99,4190.32653,MEDIUM,TECHNOLOGY,TELEPHONES AND COMMUNICATION,REGULAR AIR
3849.17,0.06,3618.2198,46,1982.78,5.01,1630.4297999999997,CRITICAL,OFFICE SUPPLIES,ENVELOPES,REGULAR AIR
1208.35,0.0,1208.35,28,145.54,10.25,1052.56,CRITICAL,TECHNOLOGY,COMPUTER PERIPHERALS,REGULAR AIR
69.97,0.01,69.27029999999999,12,24.25,0.95,44.07029999999999,LOW,OFFICE SUPPLIES,PAPER,REGULAR AIR
925.8,0.01,916.5419999999999,37,30.69,12.98,872.8719999999998,CRITICAL,OFFICE SUPPLIES,BINDERS AND BINDER ACCESSORIES,REGULAR AIR
282.48,0.08,259.8816,39,-87.01,6.05,340.84159999999997,CRITICAL,OFFICE SUPPLIES,BINDERS AND BINDER ACCESSORIES,EXPRESS AIR
285.84,0.02,280.1232,17,-27.26,10.91,296.47319999999996,HIGH,OFFICE SUPPLIES,BINDERS AND BINDER ACCESSORIES,REGULAR AIR
1243.52,0.08,1144.0384,47,360.94,6.93,776.1683999999998,LOW,FURNITURE,OFFICE FURNISHINGS,REGULAR AIR
1932.58,0.1,1739.322,34,356.48,10.84,1372.002,NOT SPECIFIED,FURNITURE,OFFICE FURNISHINGS,REGULAR AIR
601.57,0.09,547.4287,10,-247.25,30.0,764.6787,MEDIUM,FURNITURE,CHAIRS & CHAIRMATS,DELIVERY TRUCK
157.42,0.05,149.54899999999998,9,-18.68,1.99,166.23899999999998,MEDIUM,TECHNOLOGY,COMPUTER PERIPHERALS,REGULAR AIR
299.66,0.08,275.6872,30,-18.25,5.75,288.1872,LOW,OFFICE SUPPLIES,BINDERS AND BINDER ACCESSORIES,REGULAR AIR
375.57,0.02,368.0586,7,12.71,16.11,339.2386,HIGH,OFFICE SUPPLIES,BINDERS AND BINDER ACCESSORIES,REGULAR AIR
81.97,0.07,76.2321,15,-81.33,8.33,149.2321,HIGH,OFFICE SUPPLIES,PAPER,REGULAR AIR
636.7,0.1,573.0300000000001,27,-29.91,12.98,589.96,HIGH,OFFICE SUPPLIES,BINDERS AND BINDER ACCESSORIES,REGULAR AIR
1912.76,0.03,1855.3772,17,71.56,8.64,1775.1771999999999,MEDIUM,OFFICE SUPPLIES,STORAGE & ORGANIZATION,REGULAR AIR
142.94,0.03,138.6518,17,-129.56,11.51,256.7018,MEDIUM,OFFICE SUPPLIES,BINDERS AND BINDER ACCESSORIES,REGULAR AIR
240.61,0.05,228.57950000000002,35,-133.12,7.91,353.78950000000003,MEDIUM,OFFICE SUPPLIES,PAPER,REGULAR AIR
1591.89,0.02,1560.0522,46,-117.31,7.53,1669.8322,NOT SPECIFIED,TECHNOLOGY,COMPUTER PERIPHERALS,EXPRESS AIR
220.07,0.01,217.86929999999998,44,-158.42,4.93,371.35929999999996,NOT SPECIFIED,TECHNOLOGY,COMPUTER PERIPHERALS,REGULAR AIR
319.39,0.03,309.8083,37,-39.33,3.62,345.51829999999995,HIGH,TECHNOLOGY,COMPUTER PERIPHERALS,REGULAR AIR
2379.3285,0.09,2165.188935,26,284.59,5.92,1874.6789350000001,CRITICAL,TECHNOLOGY,TELEPHONES AND COMMUNICATION,REGULAR AIR
4346.98,0.05,4129.630999999999,42,10.22,35.84,4083.5709999999995,MEDIUM,FURNITURE,BOOKCASES,DELIVERY TRUCK
145.76,0.0,145.76,26,5.67,2.99,137.1,LOW,OFFICE SUPPLIES,BINDERS AND BINDER ACCESSORIES,REGULAR AIR
9757.48,0.07,9074.4564,36,-96.05,50.0,9120.506399999998,CRITICAL,FURNITURE,CHAIRS & CHAIRMATS,DELIVERY TRUCK
87.91,0.05,83.5145,13,-27.91,5.41,106.0145,LOW,OFFICE SUPPLIES,PAPER,REGULAR AIR
5824.01,0.1,5241.609,41,-288.68,30.0,5500.289000000001,CRITICAL,FURNITURE,CHAIRS & CHAIRMATS,DELIVERY TRUCK
1187.1525,0.03,1151.5379249999999,15,33.19,4.9,1113.4479249999997,HIGH,TECHNOLOGY,TELEPHONES AND COMMUNICATION,REGULAR AIR
414.11,0.08,380.9812,49,-172.32,8.29,545.0111999999999,HIGH,OFFICE SUPPLIES,ENVELOPES,REGULAR AIR
48.91,0.01,48.420899999999996,11,-7.04,2.97,52.490899999999996,LOW,OFFICE SUPPLIES,PAPER,REGULAR AIR
2083.0525,0.09,1895.5777749999997,39,354.96,5.99,1534.6277749999997,LOW,TECHNOLOGY,TELEPHONES AND COMMUNICATION,EXPRESS AIR
4799.7885,0.09,4367.807535,39,1231.89,3.9,3132.017535,NOT SPECIFIED,TECHNOLOGY,TELEPHONES AND COMMUNICATION,REGULAR AIR
122.42,0.08,112.6264,17,-37.04,6.22,143.4464,LOW,OFFICE SUPPLIES,PAPER,EXPRESS AIR
305.76,0.1,275.18399999999997,31,-22.53,5.75,291.96399999999994,HIGH,OFFICE SUPPLIES,BINDERS AND BINDER ACCESSORIES,REGULAR AIR
25.48,0.06,23.9512,3,-26.8,1.99,48.7612,HIGH,TECHNOLOGY,COMPUTER PERIPHERALS,REGULAR AIR
409.97,0.07,381.2721,13,39.36,3.5,338.4121,CRITICAL,OFFICE SUPPLIES,APPLIANCES,REGULAR AIR
1457.78,0.04,1399.4687999999999,28,68.23,19.99,1311.2487999999998,HIGH,TECHNOLOGY,COMPUTER PERIPHERALS,REGULAR AIR
5615.4,0.07,5222.321999999999,46,1807.16,26.3,3388.861999999999,MEDIUM,TECHNOLOGY,OFFICE MACHINES,DELIVERY TRUCK
1692.03,0.1,1522.827,33,574.44,10.75,937.637,LOW,OFFICE SUPPLIES,PAPER,REGULAR AIR
242.284,0.03,235.01548,14,51.75,0.99,182.27548,HIGH,TECHNOLOGY,TELEPHONES AND COMMUNICATION,REGULAR AIR
1391.7645,0.08,1280.42334,8,-426.07,8.99,1697.50334,NOT SPECIFIED,TECHNOLOGY,TELEPHONES AND COMMUNICATION,REGULAR AIR
233.28,0.04,223.9488,49,112.35,0.5,111.09880000000001,LOW,OFFICE SUPPLIES,LABELS,REGULAR AIR
211.94,0.05,201.343,31,-56.39,5.84,251.89299999999997,MEDIUM,OFFICE SUPPLIES,PAPER,REGULAR AIR
142.88,0.08,131.4496,22,35.37,1.6,94.4796,NOT SPECIFIED,OFFICE SUPPLIES,PAPER,REGULAR AIR
876.01,0.07,814.6893,8,-108.0,8.64,914.0493,MEDIUM,OFFICE SUPPLIES,STORAGE & ORGANIZATION,REGULAR AIR
105.94,0.07,98.5242,7,-13.33,7.17,104.68419999999999,CRITICAL,OFFICE SUPPLIES,BINDERS AND BINDER ACCESSORIES,REGULAR AIR
1337.08,0.1,1203.3719999999998,29,-953.0,35.0,2121.372,MEDIUM,OFFICE SUPPLIES,STORAGE & ORGANIZATION,REGULAR AIR
839.19,0.0,839.19,44,76.38,8.51,754.3000000000001,NOT SPECIFIED,TECHNOLOGY,OFFICE MACHINES,REGULAR AIR
155.89,0.1,140.301,17,50.19,1.39,88.721,LOW,OFFICE SUPPLIES,ENVELOPES,REGULAR AIR
1333.18,0.07,1239.8574,26,120.01,14.19,1105.6574,LOW,FURNITURE,CHAIRS & CHAIRMATS,DELIVERY TRUCK
117.27,0.01,116.09729999999999,19,35.45,0.83,79.81729999999999,LOW,OFFICE SUPPLIES,PENS & ART SUPPLIES,REGULAR AIR
63.02,0.07,58.6086,27,-119.66,5.0,173.2686,LOW,OFFICE SUPPLIES,"SCISSORS, RULERS AND TRIMMERS",REGULAR AIR
3245.73,0.09,2953.6143,32,569.57,13.99,2370.0543000000002,LOW,FURNITURE,OFFICE FURNISHINGS,REGULAR AIR
167.55,0.03,162.5235,44,-223.5,7.5,378.5235,NOT SPECIFIED,OFFICE SUPPLIES,LABELS,REGULAR AIR
254.89,0.09,231.94989999999999,10,-106.58,5.89,332.6399,MEDIUM,TECHNOLOGY,COMPUTER PERIPHERALS,REGULAR AIR
51.23,0.1,46.107,19,-5.29,0.96,50.437,HIGH,OFFICE SUPPLIES,PENS & ART SUPPLIES,REGULAR AIR
470.11,0.08,432.50120000000004,25,91.09,5.97,335.4412,HIGH,OFFICE SUPPLIES,PAPER,REGULAR AIR
10854.83,0.08,9986.4436,43,2039.41,28.06,7918.973600000001,HIGH,TECHNOLOGY,OFFICE MACHINES,DELIVERY TRUCK
195.51,0.03,189.6447,37,95.56,0.49,93.59469999999999,NOT SPECIFIED,OFFICE SUPPLIES,LABELS,EXPRESS AIR
4992.63,0.07,4643.1459,38,44.13,19.99,4579.025900000001,NOT SPECIFIED,OFFICE SUPPLIES,STORAGE & ORGANIZATION,EXPRESS AIR
95.0555,0.1,85.54995,2,-298.17,5.0,378.71995000000004,CRITICAL,TECHNOLOGY,TELEPHONES AND COMMUNICATION,REGULAR AIR
67.97,0.06,63.891799999999996,29,-109.94,5.2,168.6318,NOT SPECIFIED,OFFICE SUPPLIES,PENS & ART SUPPLIES,REGULAR AIR
15.6,0.09,14.196,5,1.67,0.78,11.746,CRITICAL,OFFICE SUPPLIES,RUBBER BANDS,EXPRESS AIR
631.499,0.09,574.66409,6,-403.02,8.08,969.6040899999999,CRITICAL,TECHNOLOGY,TELEPHONES AND COMMUNICATION,REGULAR AIR
63.85,0.04,61.296,5,40.44,2.85,18.006,LOW,FURNITURE,OFFICE FURNISHINGS,REGULAR AIR
147.71,0.05,140.3245,36,40.04,0.7,99.58450000000002,LOW,OFFICE SUPPLIES,PENS & ART SUPPLIES,REGULAR AIR
1163.75,0.05,1105.5625,18,222.17,19.99,863.4025,MEDIUM,OFFICE SUPPLIES,BINDERS AND BINDER ACCESSORIES,EXPRESS AIR
2544.73,0.02,2493.8354,45,375.87,11.1,2106.8654,CRITICAL,FURNITURE,OFFICE FURNISHINGS,REGULAR AIR
4281.13,0.05,4067.0735,34,-1446.08,70.2,5442.9535,MEDIUM,FURNITURE,CHAIRS & CHAIRMATS,DELIVERY TRUCK
1779.87,0.01,1762.0712999999998,43,311.72,17.48,1432.8712999999998,HIGH,OFFICE SUPPLIES,PAPER,REGULAR AIR
115.02,0.0,115.02,28,46.3,0.71,68.01,NOT SPECIFIED,OFFICE SUPPLIES,RUBBER BANDS,REGULAR AIR
118.63,0.05,112.6985,7,6.3,5.08,101.3185,NOT SPECIFIED,OFFICE SUPPLIES,BINDERS AND BINDER ACCESSORIES,REGULAR AIR
705.85,0.04,677.616,17,151.67,1.99,523.956,HIGH,TECHNOLOGY,COMPUTER PERIPHERALS,EXPRESS AIR
321.3,0.0,321.3,37,-47.23,2.83,365.70000000000005,HIGH,TECHNOLOGY,COMPUTER PERIPHERALS,REGULAR AIR
2407.693,0.04,2311.3852800000004,25,424.14,8.99,1878.2552800000008,LOW,TECHNOLOGY,TELEPHONES AND COMMUNICATION,REGULAR AIR
227.41,0.06,213.7654,11,44.29,10.49,158.9854,HIGH,FURNITURE,OFFICE FURNISHINGS,REGULAR AIR
87.44,0.08,80.4448,50,-184.6,4.86,260.1848,HIGH,FURNITURE,OFFICE FURNISHINGS,REGULAR AIR
424.09,0.01,419.84909999999996,35,-114.18,7.95,526.0790999999999,HIGH,OFFICE SUPPLIES,PENS & ART SUPPLIES,REGULAR AIR
40.75,0.03,39.5275,15,12.76,0.5,26.267500000000005,HIGH,OFFICE SUPPLIES,LABELS,REGULAR AIR
53.32,0.07,49.5876,10,-20.68,5.71,64.55760000000001,LOW,FURNITURE,OFFICE FURNISHINGS,REGULAR AIR
64.03,0.09,58.2673,26,11.42,0.8,46.0473,LOW,OFFICE SUPPLIES,RUBBER BANDS,REGULAR AIR
2710.5055,0.03,2629.1903350000002,46,624.12,8.8,1996.2703350000002,LOW,TECHNOLOGY,TELEPHONES AND COMMUNICATION,REGULAR AIR
86.29,0.02,84.5642,17,34.98,0.49,49.09420000000001,CRITICAL,OFFICE SUPPLIES,LABELS,REGULAR AIR
1717.88,0.05,1631.986,28,513.93,4.5,1113.556,HIGH,OFFICE SUPPLIES,APPLIANCES,EXPRESS AIR
1978.4345,0.09,1800.375395,38,471.09,2.5,1326.785395,HIGH,TECHNOLOGY,TELEPHONES AND COMMUNICATION,REGULAR AIR
109.49,0.04,105.1104,31,26.09,0.85,78.1704,LOW,OFFICE SUPPLIES,PENS & ART SUPPLIES,REGULAR AIR
566.66,0.1,509.99399999999997,29,60.59,8.68,440.72399999999993,MEDIUM,OFFICE SUPPLIES,PAPER,REGULAR AIR
134.83,0.07,125.3919,49,50.74,0.5,74.15190000000001,MEDIUM,OFFICE SUPPLIES,LABELS,REGULAR AIR
8865.1,0.0,8865.1,39,1517.12,29.1,7318.88,MEDIUM,FURNITURE,TABLES,DELIVERY TRUCK
10348.73,0.09,9417.344299999999,47,1094.57,32.48,8290.2943,CRITICAL,FURNITURE,TABLES,DELIVERY TRUCK
1258.97,0.1,1133.073,41,-112.58,5.5,1240.153,LOW,TECHNOLOGY,COMPUTER PERIPHERALS,REGULAR AIR
830.53,0.01,822.2247,41,120.69,8.99,692.5446999999999,MEDIUM,FURNITURE,OFFICE FURNISHINGS,REGULAR AIR
995.724,0.05,945.9378,11,-117.61,2.5,1061.0478,MEDIUM,TECHNOLOGY,TELEPHONES AND COMMUNICATION,REGULAR AIR
1689.137,0.07,1570.89741,16,71.06,8.08,1491.7574100000002,MEDIUM,TECHNOLOGY,TELEPHONES AND COMMUNICATION,REGULAR AIR
799.84,0.08,735.8528,26,64.13,3.6,668.1228,MEDIUM,TECHNOLOGY,COMPUTER PERIPHERALS,REGULAR AIR
42.23,0.1,38.007,23,-15.11,0.76,52.357,CRITICAL,OFFICE SUPPLIES,RUBBER BANDS,REGULAR AIR
283.17,0.0,283.17,31,119.64,1.39,162.14000000000004,HIGH,OFFICE SUPPLIES,ENVELOPES,REGULAR AIR
4008.7275,0.0,4008.7275,38,1219.34,5.92,2783.4674999999997,HIGH,TECHNOLOGY,TELEPHONES AND COMMUNICATION,REGULAR AIR
10.94,0.1,9.846,1,-5.16,2.25,12.756,NOT SPECIFIED,OFFICE SUPPLIES,PENS & ART SUPPLIES,REGULAR AIR
205.43,0.0,205.43,28,-24.3,5.27,224.46,MEDIUM,OFFICE SUPPLIES,BINDERS AND BINDER ACCESSORIES,EXPRESS AIR
979.06,0.07,910.5257999999999,27,-131.9,9.02,1033.4058,MEDIUM,TECHNOLOGY,COMPUTER PERIPHERALS,REGULAR AIR
332.55,0.1,299.295,48,-66.87,5.47,360.695,MEDIUM,OFFICE SUPPLIES,PAPER,REGULAR AIR
466.36,0.07,433.7148,20,-192.7,15.68,610.7348,CRITICAL,FURNITURE,OFFICE FURNISHINGS,DELIVERY TRUCK
130.36,0.02,127.75280000000001,43,58.52,0.5,68.7328,LOW,OFFICE SUPPLIES,LABELS,REGULAR AIR
45.24,0.01,44.787600000000005,8,-42.12,4.62,82.2876,MEDIUM,TECHNOLOGY,COMPUTER PERIPHERALS,REGULAR AIR
148.05,0.08,136.20600000000002,7,-45.94,8.99,173.156,MEDIUM,OFFICE SUPPLIES,PENS & ART SUPPLIES,REGULAR AIR
1419.83,0.07,1320.4418999999998,46,385.8,8.74,925.9018999999998,CRITICAL,OFFICE SUPPLIES,PAPER,EXPRESS AIR
17.0,0.07,15.81,6,-4.61,1.49,18.93,LOW,OFFICE SUPPLIES,BINDERS AND BINDER ACCESSORIES,REGULAR AIR
154.62,0.04,148.4352,27,-118.6,6.98,260.0552,MEDIUM,OFFICE SUPPLIES,BINDERS AND BINDER ACCESSORIES,REGULAR AIR
1638.2,0.1,1474.38,31,471.22,13.88,989.28,MEDIUM,OFFICE SUPPLIES,PAPER,REGULAR AIR
479.13,0.05,455.1735,24,166.92,6.15,282.10350000000005,HIGH,FURNITURE,OFFICE FURNISHINGS,EXPRESS AIR
1718.87,0.02,1684.4925999999998,40,754.1,1.99,928.4025999999998,HIGH,TECHNOLOGY,COMPUTER PERIPHERALS,REGULAR AIR
1193.1,0.09,1085.721,6,-139.5,13.99,1211.231,MEDIUM,TECHNOLOGY,OFFICE MACHINES,EXPRESS AIR
1008.34,0.09,917.5894000000001,45,218.65,6.3,692.6394000000001,HIGH,TECHNOLOGY,OFFICE MACHINES,REGULAR AIR
170.4,0.02,166.99200000000002,25,-153.75,10.05,310.692,NOT SPECIFIED,OFFICE SUPPLIES,PAPER,REGULAR AIR
9059.9,0.07,8425.707,50,778.01,55.24,7592.457,MEDIUM,OFFICE SUPPLIES,APPLIANCES,DELIVERY TRUCK
368.17,0.0,368.17,41,-15.12,2.38,380.91,MEDIUM,TECHNOLOGY,COMPUTER PERIPHERALS,EXPRESS AIR
14.46,0.06,13.592400000000001,3,-5.26,2.26,16.5924,MEDIUM,OFFICE SUPPLIES,PAPER,REGULAR AIR
67.41,0.04,64.7136,15,-49.6,6.6,107.7136,LOW,FURNITURE,OFFICE FURNISHINGS,REGULAR AIR
168.39,0.03,163.33829999999998,25,-144.89,9.68,298.5482999999999,MEDIUM,OFFICE SUPPLIES,PAPER,REGULAR AIR
599.1,0.02,587.118,24,3.82,12.98,570.318,CRITICAL,OFFICE SUPPLIES,BINDERS AND BINDER ACCESSORIES,REGULAR AIR
1309.53,0.06,1230.9582,6,19.18,18.06,1193.7182,LOW,FURNITURE,CHAIRS & CHAIRMATS,REGULAR AIR
806.37,0.01,798.3063,48,-166.4,10.68,954.0263,LOW,OFFICE SUPPLIES,STORAGE & ORGANIZATION,EXPRESS AIR
3908.65,0.06,3674.1310000000003,39,480.57,10.12,3183.4410000000003,HIGH,FURNITURE,OFFICE FURNISHINGS,REGULAR AIR
41.25,0.02,40.425,5,-23.25,7.91,55.765,MEDIUM,OFFICE SUPPLIES,PAPER,REGULAR AIR
294.89,0.09,268.3499,4,-321.84,12.14,578.0499,LOW,TECHNOLOGY,COMPUTER PERIPHERALS,REGULAR AIR
246.57,0.06,231.7758,50,-132.51,5.49,358.7958,LOW,OFFICE SUPPLIES,PAPER,REGULAR AIR
3841.72,0.03,3726.4683999999997,15,691.13,43.32,2992.0183999999995,HIGH,FURNITURE,CHAIRS & CHAIRMATS,DELIVERY TRUCK
130.67,0.05,124.13649999999998,19,-77.18,7.86,193.4565,LOW,OFFICE SUPPLIES,PAPER,REGULAR AIR
77.62,0.01,76.8438,21,-50.88,3.97,123.75380000000001,LOW,OFFICE SUPPLIES,PENS & ART SUPPLIES,REGULAR AIR
2053.379,0.1,1848.0411,47,1040.4,1.25,806.3910999999998,CRITICAL,TECHNOLOGY,TELEPHONES AND COMMUNICATION,REGULAR AIR
3206.3955,0.08,2949.88386,35,784.77,2.5,2162.61386,CRITICAL,TECHNOLOGY,TELEPHONES AND COMMUNICATION,REGULAR AIR
288.91,0.08,265.79720000000003,25,-14.06,6.47,273.3872,LOW,OFFICE SUPPLIES,PAPER,REGULAR AIR
138.85,0.08,127.74199999999999,19,-49.35,6.05,171.042,LOW,OFFICE SUPPLIES,BINDERS AND BINDER ACCESSORIES,REGULAR AIR
41.18,0.1,37.062,5,-19.31,7.46,48.91199999999999,HIGH,OFFICE SUPPLIES,BINDERS AND BINDER ACCESSORIES,EXPRESS AIR
1735.3515,0.08,1596.52338,31,258.62,8.99,1328.91338,NOT SPECIFIED,TECHNOLOGY,TELEPHONES AND COMMUNICATION,REGULAR AIR
254.69,0.06,239.4086,41,-269.37,10.39,498.3886,LOW,OFFICE SUPPLIES,PAPER,REGULAR AIR
206.09,0.0,206.09,39,36.04,2.03,168.02,LOW,FURNITURE,OFFICE FURNISHINGS,REGULAR AIR
320.26,0.01,317.0574,43,-84.13,6.05,395.13739999999996,HIGH,OFFICE SUPPLIES,BINDERS AND BINDER ACCESSORIES,EXPRESS AIR
129.62,0.05,123.13900000000001,22,4.41,3.04,115.68900000000001,CRITICAL,OFFICE SUPPLIES,PAPER,REGULAR AIR
440.39,0.05,418.3705,45,186.64,1.39,230.34050000000002,NOT SPECIFIED,OFFICE SUPPLIES,ENVELOPES,REGULAR AIR
806.05,0.04,773.808,39,-63.39,5.99,831.208,CRITICAL,TECHNOLOGY,COMPUTER PERIPHERALS,REGULAR AIR
622.72,0.0,622.72,14,76.51,8.99,537.22,MEDIUM,OFFICE SUPPLIES,PENS & ART SUPPLIES,REGULAR AIR
2130.22,0.09,1938.5002,25,-584.6,42.0,2481.1002,MEDIUM,FURNITURE,CHAIRS & CHAIRMATS,DELIVERY TRUCK
151.05,0.09,137.4555,26,-76.14,5.59,208.00549999999998,HIGH,OFFICE SUPPLIES,BINDERS AND BINDER ACCESSORIES,REGULAR AIR
133.04,0.04,127.71839999999999,13,49.69,0.99,77.0384,HIGH,OFFICE SUPPLIES,LABELS,REGULAR AIR
1184.11,0.07,1101.2223,6,-145.07,19.99,1226.3022999999998,NOT SPECIFIED,OFFICE SUPPLIES,STORAGE & ORGANIZATION,REGULAR AIR
514.22,0.02,503.9356,17,187.37,2.99,313.5756,NOT SPECIFIED,OFFICE SUPPLIES,BINDERS AND BINDER ACCESSORIES,REGULAR AIR
82.42,0.07,76.6506,11,18.53,4.0,54.120599999999996,NOT SPECIFIED,FURNITURE,OFFICE FURNISHINGS,REGULAR AIR
1907.71,0.0,1907.71,25,32.55,26.74,1848.42,LOW,FURNITURE,BOOKCASES,DELIVERY TRUCK
3449.26,0.1,3104.3340000000003,46,252.77,30.06,2821.5040000000004,MEDIUM,TECHNOLOGY,OFFICE MACHINES,DELIVERY TRUCK
96.99,0.02,95.05019999999999,27,-66.35,3.97,157.43019999999999,NOT SPECIFIED,OFFICE SUPPLIES,PENS & ART SUPPLIES,EXPRESS AIR
14.84,0.08,13.6528,3,-2.42,0.49,15.582799999999999,HIGH,OFFICE SUPPLIES,LABELS,REGULAR AIR
922.47,0.09,839.4477,8,-13.1,14.0,838.5477000000001,HIGH,TECHNOLOGY,OFFICE MACHINES,DELIVERY TRUCK
225.47,0.0,225.47,14,-29.07,7.51,247.03,NOT SPECIFIED,OFFICE SUPPLIES,STORAGE & ORGANIZATION,REGULAR AIR
209.53,0.03,203.2441,36,-81.06,5.67,278.6341,NOT SPECIFIED,OFFICE SUPPLIES,PAPER,REGULAR AIR
951.31,0.06,894.2313999999999,13,-333.07,60.0,1167.3013999999998,MEDIUM,OFFICE SUPPLIES,APPLIANCES,DELIVERY TRUCK
195.12,0.0,195.12,14,-6.32,4.51,196.93,CRITICAL,OFFICE SUPPLIES,STORAGE & ORGANIZATION,REGULAR AIR
397.732,0.01,393.75468,21,-26.05,0.99,418.81468,CRITICAL,TECHNOLOGY,TELEPHONES AND COMMUNICATION,REGULAR AIR
189.6,0.02,185.808,37,89.65,0.49,95.66799999999998,CRITICAL,OFFICE SUPPLIES,LABELS,REGULAR AIR
528.6,0.01,523.3140000000001,43,52.59,5.63,465.09400000000005,CRITICAL,OFFICE SUPPLIES,BINDERS AND BINDER ACCESSORIES,REGULAR AIR
107.41,0.03,104.18769999999999,24,20.68,1.49,82.01769999999999,CRITICAL,OFFICE SUPPLIES,BINDERS AND BINDER ACCESSORIES,REGULAR AIR
1390.49,0.01,1376.5851,15,366.8,19.99,989.7951,NOT SPECIFIED,OFFICE SUPPLIES,ENVELOPES,REGULAR AIR
590.43,0.09,537.2913,46,82.59,4.98,449.7212999999999,LOW,OFFICE SUPPLIES,BINDERS AND BINDER ACCESSORIES,REGULAR AIR
128.31,0.05,121.89450000000001,39,-55.72,1.92,175.6945,CRITICAL,OFFICE SUPPLIES,"SCISSORS, RULERS AND TRIMMERS",EXPRESS AIR
82.56,0.01,81.73440000000001,19,21.74,1.3,58.694400000000016,MEDIUM,OFFICE SUPPLIES,PAPER,REGULAR AIR
141.07,0.08,129.7844,11,-5.1,3.14,131.7444,MEDIUM,OFFICE SUPPLIES,"SCISSORS, RULERS AND TRIMMERS",REGULAR AIR
1841.6,0.01,1823.184,36,12.95,6.5,1803.734,CRITICAL,TECHNOLOGY,COMPUTER PERIPHERALS,REGULAR AIR
169.48,0.03,164.3956,17,48.55,2.27,113.5756,LOW,OFFICE SUPPLIES,PAPER,REGULAR AIR
581.52,0.03,564.0744,16,175.16,7.5,381.4144,CRITICAL,OFFICE SUPPLIES,PAPER,EXPRESS AIR
19.17,0.1,17.253,5,-16.42,3.97,29.703000000000003,CRITICAL,OFFICE SUPPLIES,PENS & ART SUPPLIES,REGULAR AIR
943.44,0.08,867.9648000000001,30,-89.98,19.99,937.9548000000001,NOT SPECIFIED,OFFICE SUPPLIES,PAPER,REGULAR AIR
14493.84,0.0,14493.84,47,634.76,85.63,13773.45,NOT SPECIFIED,FURNITURE,TABLES,DELIVERY TRUCK
216.33,0.0,216.33,8,-17.37,12.98,220.72000000000003,LOW,OFFICE SUPPLIES,BINDERS AND BINDER ACCESSORIES,REGULAR AIR
852.05,0.1,766.8449999999999,45,-20.6,10.49,776.9549999999999,MEDIUM,FURNITURE,OFFICE FURNISHINGS,REGULAR AIR
209.3,0.01,207.20700000000002,14,7.86,4.51,194.83700000000002,HIGH,OFFICE SUPPLIES,STORAGE & ORGANIZATION,EXPRESS AIR
200.24,0.0,200.24,30,-59.85,5.84,254.25,CRITICAL,OFFICE SUPPLIES,PAPER,REGULAR AIR
706.53,0.0,706.53,16,-314.42,19.99,1000.96,CRITICAL,TECHNOLOGY,COMPUTER PERIPHERALS,REGULAR AIR
1038.99,0.0,1038.99,48,-180.45,14.87,1204.5700000000002,LOW,FURNITURE,OFFICE FURNISHINGS,REGULAR AIR
114.01,0.08,104.8892,17,6.99,3.1,94.79920000000001,LOW,OFFICE SUPPLIES,PAPER,REGULAR AIR
30.37,0.01,30.066300000000002,3,-1.74,5.49,26.316300000000002,LOW,OFFICE SUPPLIES,PAPER,EXPRESS AIR
228.82,0.03,221.9554,33,-107.0,7.3,321.6554,LOW,OFFICE SUPPLIES,PAPER,EXPRESS AIR
1351.76,0.03,1311.2072,13,107.31,18.93,1184.9672,LOW,OFFICE SUPPLIES,APPLIANCES,REGULAR AIR
3152.75,0.04,3026.64,38,1166.4,6.13,1854.1099999999997,NOT SPECIFIED,TECHNOLOGY,COMPUTER PERIPHERALS,REGULAR AIR
595.4,0.03,577.538,49,-148.85,7.95,718.438,LOW,OFFICE SUPPLIES,PENS & ART SUPPLIES,REGULAR AIR
2094.978,0.06,1969.27932,44,697.29,1.25,1270.7393200000001,MEDIUM,TECHNOLOGY,TELEPHONES AND COMMUNICATION,EXPRESS AIR
273.89,0.05,260.1955,38,-160.4,7.72,412.8755,HIGH,OFFICE SUPPLIES,BINDERS AND BINDER ACCESSORIES,REGULAR AIR
1645.51,0.06,1546.7794,28,300.34,9.71,1236.7294,NOT SPECIFIED,OFFICE SUPPLIES,STORAGE & ORGANIZATION,REGULAR AIR
495.8,0.03,480.926,25,107.82,6.38,366.726,NOT SPECIFIED,FURNITURE,OFFICE FURNISHINGS,REGULAR AIR
237.54,0.04,228.0384,16,29.76,8.78,189.4984,LOW,FURNITURE,OFFICE FURNISHINGS,REGULAR AIR
143.5,0.08,132.02,3,-27.51,5.81,153.72,LOW,OFFICE SUPPLIES,PAPER,REGULAR AIR
438.66,0.01,434.27340000000004,41,58.86,4.78,370.63340000000005,LOW,OFFICE SUPPLIES,PAPER,REGULAR AIR
416.99,0.02,408.6502,32,-93.62,4.59,497.6802,LOW,OFFICE SUPPLIES,"SCISSORS, RULERS AND TRIMMERS",EXPRESS AIR
216.51,0.02,212.1798,32,109.29,0.5,102.3898,HIGH,OFFICE SUPPLIES,LABELS,EXPRESS AIR
3609.88,0.07,3357.1884,42,-1396.22,56.2,4697.2084,NOT SPECIFIED,FURNITURE,OFFICE FURNISHINGS,REGULAR AIR
161.96,0.0,161.96,26,-51.12,5.67,207.41000000000003,HIGH,OFFICE SUPPLIES,PAPER,REGULAR AIR
587.92,0.09,535.0072,35,-7.92,6.25,536.6772,LOW,OFFICE SUPPLIES,STORAGE & ORGANIZATION,REGULAR AIR
950.464,0.02,931.4547200000001,16,-763.8,69.0,1626.25472,HIGH,FURNITURE,TABLES,REGULAR AIR
705.687,0.03,684.51639,4,-803.08,8.99,1478.60639,HIGH,TECHNOLOGY,TELEPHONES AND COMMUNICATION,EXPRESS AIR
58.63,0.0,58.63,3,-40.86,1.99,97.5,LOW,TECHNOLOGY,COMPUTER PERIPHERALS,REGULAR AIR
94.99,0.06,89.2906,13,-106.29,9.69,185.8906,LOW,OFFICE SUPPLIES,STORAGE & ORGANIZATION,REGULAR AIR
22.37,0.04,21.4752,8,-14.09,2.4,33.1652,CRITICAL,OFFICE SUPPLIES,PENS & ART SUPPLIES,REGULAR AIR
539.66,0.0,539.66,26,147.08,5.97,386.6099999999999,CRITICAL,OFFICE SUPPLIES,PAPER,EXPRESS AIR
188.05,0.04,180.52800000000002,26,-21.41,5.16,196.77800000000002,LOW,OFFICE SUPPLIES,PAPER,EXPRESS AIR
4620.53,0.0,4620.53,43,1025.23,19.99,3575.31,HIGH,TECHNOLOGY,COMPUTER PERIPHERALS,REGULAR AIR
3016.85,0.05,2866.0074999999997,38,-967.67,35.0,3798.6775,HIGH,OFFICE SUPPLIES,STORAGE & ORGANIZATION,REGULAR AIR
48.5,0.07,45.105,11,23.88,0.5,20.724999999999998,HIGH,OFFICE SUPPLIES,LABELS,EXPRESS AIR
3776.28,0.06,3549.7032000000004,46,579.79,30.06,2939.8532000000005,MEDIUM,TECHNOLOGY,OFFICE MACHINES,DELIVERY TRUCK
1487.8995,0.09,1353.988545,29,79.32,8.99,1265.678545,MEDIUM,TECHNOLOGY,TELEPHONES AND COMMUNICATION,REGULAR AIR
250.6,0.1,225.54,40,-107.06,6.22,326.38,HIGH,OFFICE SUPPLIES,PAPER,EXPRESS AIR
107.63,0.0,107.63,15,-29.89,5.48,132.04,MEDIUM,OFFICE SUPPLIES,BINDERS AND BINDER ACCESSORIES,REGULAR AIR
68.73,0.07,63.9189,23,17.17,0.81,45.9389,CRITICAL,OFFICE SUPPLIES,PENS & ART SUPPLIES,REGULAR AIR
1681.6,0.07,1563.888,42,167.37,10.25,1386.268,LOW,TECHNOLOGY,COMPUTER PERIPHERALS,REGULAR AIR
4359.0,0.02,4271.82,41,907.67,19.99,3344.16,NOT SPECIFIED,TECHNOLOGY,COMPUTER PERIPHERALS,REGULAR AIR
3046.01,0.08,2802.3292,32,998.65,14.0,1789.6792,NOT SPECIFIED,TECHNOLOGY,OFFICE MACHINES,DELIVERY TRUCK
353.52,0.04,339.37919999999997,15,51.53,8.18,279.66919999999993,NOT SPECIFIED,OFFICE SUPPLIES,PAPER,REGULAR AIR
636.5,0.01,630.135,46,-71.98,9.44,692.675,NOT SPECIFIED,TECHNOLOGY,OFFICE MACHINES,REGULAR AIR
2614.3705,0.07,2431.364565,25,384.01,7.69,2039.6645649999998,NOT SPECIFIED,TECHNOLOGY,TELEPHONES AND COMMUNICATION,REGULAR AIR
1175.53,0.03,1140.2640999999999,18,257.59,14.48,868.1940999999999,CRITICAL,FURNITURE,OFFICE FURNISHINGS,REGULAR AIR
178.44,0.03,173.0868,19,50.13,2.15,120.80680000000001,HIGH,OFFICE SUPPLIES,PAPER,REGULAR AIR
472.35,0.03,458.1795,31,61.68,6.46,390.03950000000003,HIGH,OFFICE SUPPLIES,BINDERS AND BINDER ACCESSORIES,REGULAR AIR
505.01,0.06,474.7094,44,-43.52,4.98,513.2494,LOW,OFFICE SUPPLIES,APPLIANCES,REGULAR AIR
286.75,0.06,269.545,41,98.44,1.6,169.505,LOW,OFFICE SUPPLIES,PAPER,REGULAR AIR
5203.9,0.07,4839.6269999999995,17,636.2,64.73,4138.697,HIGH,FURNITURE,CHAIRS & CHAIRMATS,DELIVERY TRUCK
980.07,0.09,891.8637000000001,32,337.25,5.76,548.8537000000001,NOT SPECIFIED,OFFICE SUPPLIES,PAPER,REGULAR AIR
353.25,0.02,346.185,31,60.06,2.36,283.765,CRITICAL,OFFICE SUPPLIES,PENS & ART SUPPLIES,REGULAR AIR
30.1,0.09,27.391000000000002,7,-28.31,5.47,50.231,HIGH,OFFICE SUPPLIES,BINDERS AND BINDER ACCESSORIES,REGULAR AIR
4547.26,0.0,4547.26,24,468.27,30.0,4048.9900000000002,LOW,FURNITURE,CHAIRS & CHAIRMATS,DELIVERY TRUCK
430.33,0.08,395.9036,26,85.48,5.03,305.3936,HIGH,FURNITURE,OFFICE FURNISHINGS,REGULAR AIR
1221.47,0.09,1111.5377,46,-233.14,13.99,1330.6877,HIGH,OFFICE SUPPLIES,STORAGE & ORGANIZATION,REGULAR AIR
128.27,0.0,128.27,15,22.85,2.82,102.60000000000002,CRITICAL,OFFICE SUPPLIES,RUBBER BANDS,REGULAR AIR
292.3405,0.01,289.417095,4,-420.59,0.99,709.0170949999999,LOW,TECHNOLOGY,TELEPHONES AND COMMUNICATION,REGULAR AIR
253.26,0.02,248.1948,8,49.66,6.27,192.26479999999998,NOT SPECIFIED,OFFICE SUPPLIES,BINDERS AND BINDER ACCESSORIES,REGULAR AIR
6865.072,0.0,6865.072,45,1117.24,29.21,5718.622,NOT SPECIFIED,FURNITURE,TABLES,DELIVERY TRUCK
744.12,0.01,736.6788,33,-1163.21,45.0,1854.8888000000002,HIGH,OFFICE SUPPLIES,STORAGE & ORGANIZATION,DELIVERY TRUCK
3361.7585,0.04,3227.28816,20,394.35,8.99,2823.9481600000004,CRITICAL,TECHNOLOGY,TELEPHONES AND COMMUNICATION,REGULAR AIR
117.84,0.04,113.1264,38,30.76,0.99,81.3764,NOT SPECIFIED,OFFICE SUPPLIES,LABELS,REGULAR AIR
121.2,0.1,109.08,47,-20.2,1.25,128.03,NOT SPECIFIED,OFFICE SUPPLIES,PENS & ART SUPPLIES,REGULAR AIR
1334.05,0.06,1254.007,43,581.77,2.99,669.2470000000001,LOW,OFFICE SUPPLIES,BINDERS AND BINDER ACCESSORIES,REGULAR AIR
6552.86,0.07,6094.159799999999,50,-692.82,32.18,6754.799799999999,LOW,FURNITURE,BOOKCASES,DELIVERY TRUCK
587.88,0.0,587.88,16,135.37,1.99,450.52,MEDIUM,TECHNOLOGY,COMPUTER PERIPHERALS,EXPRESS AIR
2207.9,0.02,2163.742,45,579.76,10.25,1573.7320000000002,LOW,FURNITURE,OFFICE FURNISHINGS,REGULAR AIR
139.93,0.05,132.9335,41,-3.06,1.95,134.04350000000002,LOW,OFFICE SUPPLIES,PENS & ART SUPPLIES,REGULAR AIR
15.45,0.05,14.677499999999998,8,-7.75,1.56,20.8675,LOW,OFFICE SUPPLIES,RUBBER BANDS,REGULAR AIR
88.59,0.05,84.1605,7,-26.29,5.81,104.6405,NOT SPECIFIED,OFFICE SUPPLIES,PENS & ART SUPPLIES,REGULAR AIR
146.69,0.05,139.3555,21,4.43,4.95,129.9755,NOT SPECIFIED,FURNITURE,OFFICE FURNISHINGS,REGULAR AIR
394.27,0.08,362.72839999999997,19,30.94,5.94,325.84839999999997,NOT SPECIFIED,OFFICE SUPPLIES,APPLIANCES,REGULAR AIR
118.97,0.09,108.2627,12,-0.06,6.22,102.1027,NOT SPECIFIED,FURNITURE,OFFICE FURNISHINGS,REGULAR AIR
293.3,0.04,281.568,48,-193.48,7.5,467.548,LOW,OFFICE SUPPLIES,PAPER,EXPRESS AIR
281.09,0.01,278.27909999999997,28,-114.58,9.86,382.99909999999994,MEDIUM,OFFICE SUPPLIES,PAPER,REGULAR AIR
276.65,0.02,271.11699999999996,41,-75.28,5.87,340.52699999999993,MEDIUM,OFFICE SUPPLIES,PAPER,REGULAR AIR
508.38,0.06,477.8772,49,4.68,5.4,467.79720000000003,MEDIUM,FURNITURE,OFFICE FURNISHINGS,REGULAR AIR
245.55,0.03,238.1835,45,-227.25,8.16,457.2735,HIGH,OFFICE SUPPLIES,PAPER,REGULAR AIR
120.751,0.03,117.12847000000001,17,-71.39,5.03,183.48847,HIGH,TECHNOLOGY,TELEPHONES AND COMMUNICATION,REGULAR AIR
1911.69,0.07,1777.8717000000001,34,939.43,5.15,833.2917000000001,HIGH,OFFICE SUPPLIES,PAPER,REGULAR AIR
75.39,0.05,71.6205,45,-4.83,0.7,75.7505,LOW,OFFICE SUPPLIES,PENS & ART SUPPLIES,REGULAR AIR
28.82,0.0,28.82,19,2.16,0.7,25.96,LOW,OFFICE SUPPLIES,RUBBER BANDS,REGULAR AIR
851.17,0.07,791.5880999999999,39,-131.28,15.1,907.7680999999999,CRITICAL,OFFICE SUPPLIES,BINDERS AND BINDER ACCESSORIES,REGULAR AIR
68.03,0.05,64.6285,15,8.87,1.49,54.2685,HIGH,OFFICE SUPPLIES,BINDERS AND BINDER ACCESSORIES,REGULAR AIR
1244.01,0.0,1244.01,42,539.57,1.99,702.4499999999999,HIGH,TECHNOLOGY,COMPUTER PERIPHERALS,REGULAR AIR
981.73,0.03,952.2781,42,388.23,3.63,560.4181,HIGH,FURNITURE,OFFICE FURNISHINGS,REGULAR AIR
302.07,0.0,302.07,44,-185.98,8.4,479.65,HIGH,OFFICE SUPPLIES,PAPER,REGULAR AIR
50.93,0.06,47.8742,9,-34.98,6.26,76.5942,MEDIUM,OFFICE SUPPLIES,PAPER,REGULAR AIR
436.3,0.08,401.396,9,-50.31,14.19,437.516,LOW,FURNITURE,CHAIRS & CHAIRMATS,DELIVERY TRUCK
364.23,0.01,360.58770000000004,47,41.58,4.0,315.00770000000006,LOW,FURNITURE,OFFICE FURNISHINGS,REGULAR AIR
750.14,0.02,735.1372,40,93.68,8.99,632.4672,HIGH,FURNITURE,OFFICE FURNISHINGS,REGULAR AIR
94.35,0.1,84.91499999999999,8,42.22,2.85,39.845,NOT SPECIFIED,FURNITURE,OFFICE FURNISHINGS,REGULAR AIR
276.75,0.04,265.68,50,-117.91,5.57,378.02,NOT SPECIFIED,OFFICE SUPPLIES,PAPER,REGULAR AIR
1929.19,0.04,1852.0224,32,570.67,4.5,1276.8524000000002,NOT SPECIFIED,OFFICE SUPPLIES,APPLIANCES,REGULAR AIR
58.86,0.03,57.0942,17,6.96,1.35,48.7842,NOT SPECIFIED,OFFICE SUPPLIES,RUBBER BANDS,REGULAR AIR
801.45,0.01,793.4355,31,227.59,6.3,559.5455000000001,HIGH,TECHNOLOGY,OFFICE MACHINES,REGULAR AIR
5518.5315,0.1,4966.67835,34,1111.26,8.99,3846.42835,MEDIUM,TECHNOLOGY,TELEPHONES AND COMMUNICATION,REGULAR AIR
782.4505,0.06,735.50347,14,-11.4,3.99,742.91347,MEDIUM,TECHNOLOGY,TELEPHONES AND COMMUNICATION,REGULAR AIR
792.8,0.08,729.376,44,26.27,9.54,693.566,MEDIUM,OFFICE SUPPLIES,PAPER,REGULAR AIR
188.47,0.03,182.8159,24,-191.23,11.51,362.53589999999997,MEDIUM,OFFICE SUPPLIES,BINDERS AND BINDER ACCESSORIES,REGULAR AIR
163.27,0.04,156.7392,31,-0.62,2.99,154.3692,NOT SPECIFIED,OFFICE SUPPLIES,BINDERS AND BINDER ACCESSORIES,REGULAR AIR
1217.5,0.07,1132.275,21,-412.36,36.61,1508.025,NOT SPECIFIED,FURNITURE,BOOKCASES,DELIVERY TRUCK
441.53,0.07,410.62289999999996,17,-119.55,14.36,515.8128999999999,NOT SPECIFIED,FURNITURE,CHAIRS & CHAIRMATS,DELIVERY TRUCK
834.2155,0.02,817.53119,6,-449.42,8.08,1258.87119,NOT SPECIFIED,TECHNOLOGY,TELEPHONES AND COMMUNICATION,REGULAR AIR
2377.28,0.04,2282.1888000000004,49,-5.79,5.0,2282.9788000000003,MEDIUM,TECHNOLOGY,TELEPHONES AND COMMUNICATION,REGULAR AIR
1233.76,0.06,1159.7344,38,-168.08,19.99,1307.8244,MEDIUM,FURNITURE,OFFICE FURNISHINGS,REGULAR AIR
134.68,0.1,121.212,29,-66.46,4.7,182.97199999999998,CRITICAL,OFFICE SUPPLIES,PAPER,REGULAR AIR
3671.1415,0.02,3597.71867,33,995.09,8.99,2593.6386700000003,LOW,TECHNOLOGY,TELEPHONES AND COMMUNICATION,REGULAR AIR
226.18,0.01,223.9182,44,-115.54,5.72,333.7382,MEDIUM,FURNITURE,OFFICE FURNISHINGS,REGULAR AIR
5445.992,0.08,5010.31264,31,-791.66,69.64,5732.33264,CRITICAL,FURNITURE,TABLES,DELIVERY TRUCK
1169.26,0.02,1145.8748,41,515.62,1.49,628.7648,MEDIUM,OFFICE SUPPLIES,BINDERS AND BINDER ACCESSORIES,REGULAR AIR
136.45,0.1,122.80499999999999,41,-202.08,6.27,318.615,CRITICAL,OFFICE SUPPLIES,BINDERS AND BINDER ACCESSORIES,REGULAR AIR
121.81,0.05,115.7195,24,-50.21,4.86,161.0695,CRITICAL,OFFICE SUPPLIES,PAPER,REGULAR AIR
203.57,0.01,201.5343,18,-4.84,3.99,202.3843,CRITICAL,OFFICE SUPPLIES,APPLIANCES,REGULAR AIR
287.75,0.02,281.995,42,-136.02,7.3,410.71500000000003,MEDIUM,OFFICE SUPPLIES,PAPER,REGULAR AIR
171.77,0.01,170.0523,6,-59.88,14.36,215.57229999999998,CRITICAL,FURNITURE,CHAIRS & CHAIRMATS,DELIVERY TRUCK
36.43,0.04,34.9728,5,-22.04,7.15,49.8628,NOT SPECIFIED,OFFICE SUPPLIES,PAPER,REGULAR AIR
2173.26,0.0,2173.26,35,-465.66,36.61,2602.31,NOT SPECIFIED,FURNITURE,BOOKCASES,DELIVERY TRUCK
623.29,0.0,623.29,20,57.44,5.5,560.3499999999999,NOT SPECIFIED,TECHNOLOGY,COMPUTER PERIPHERALS,REGULAR AIR
1856.9695,0.0,1856.9695,17,176.87,8.08,1672.0194999999999,NOT SPECIFIED,TECHNOLOGY,TELEPHONES AND COMMUNICATION,REGULAR AIR
40.34,0.03,39.1298,2,-23.62,7.74,55.0098,NOT SPECIFIED,FURNITURE,OFFICE FURNISHINGS,REGULAR AIR
1608.87,0.07,1496.2491,9,346.98,0.99,1148.2791,HIGH,OFFICE SUPPLIES,APPLIANCES,REGULAR AIR
37.64,0.01,37.263600000000004,11,7.52,1.49,28.253600000000002,HIGH,OFFICE SUPPLIES,BINDERS AND BINDER ACCESSORIES,EXPRESS AIR
161.56,0.0,161.56,36,59.67,0.99,100.89999999999999,LOW,OFFICE SUPPLIES,LABELS,REGULAR AIR
917.31,0.05,871.4445,19,-139.86,19.99,991.3145,HIGH,TECHNOLOGY,COMPUTER PERIPHERALS,EXPRESS AIR
202.95,0.02,198.891,29,-50.64,5.9,243.63099999999997,CRITICAL,OFFICE SUPPLIES,PAPER,REGULAR AIR
129.49,0.04,124.31040000000002,41,36.02,0.99,87.30040000000002,CRITICAL,OFFICE SUPPLIES,LABELS,REGULAR AIR
2753.1925,0.04,2643.0648,26,510.49,4.2,2128.3748000000005,CRITICAL,TECHNOLOGY,TELEPHONES AND COMMUNICATION,REGULAR AIR
88.84,0.08,81.7328,18,-38.35,4.72,115.3628,CRITICAL,OFFICE SUPPLIES,PAPER,REGULAR AIR
909.82,0.02,891.6236,40,292.49,1.99,597.1436,CRITICAL,TECHNOLOGY,COMPUTER PERIPHERALS,REGULAR AIR
1411.58,0.01,1397.4642,24,699.31,4.86,693.2942,CRITICAL,OFFICE SUPPLIES,PAPER,EXPRESS AIR
241.19,0.08,221.8948,43,-103.65,5.67,319.87480000000005,NOT SPECIFIED,OFFICE SUPPLIES,PAPER,REGULAR AIR
2115.242,0.04,2030.6323200000002,38,371.41,8.99,1650.23232,CRITICAL,TECHNOLOGY,TELEPHONES AND COMMUNICATION,REGULAR AIR
1246.68,0.01,1234.2132000000001,9,218.48,12.65,1003.0832,CRITICAL,FURNITURE,CHAIRS & CHAIRMATS,REGULAR AIR
169.18,0.09,153.9538,20,-18.73,3.5,169.1838,LOW,OFFICE SUPPLIES,APPLIANCES,REGULAR AIR
77.19,0.03,74.8743,17,-81.35,6.89,149.33429999999998,LOW,OFFICE SUPPLIES,APPLIANCES,REGULAR AIR
7223.59,0.07,6717.9387,36,1769.81,23.76,4924.368699999999,MEDIUM,FURNITURE,CHAIRS & CHAIRMATS,DELIVERY TRUCK
1307.0,0.02,1280.86,24,428.99,0.99,850.8799999999999,NOT SPECIFIED,OFFICE SUPPLIES,APPLIANCES,REGULAR AIR
41.39,0.09,37.6649,22,-12.02,1.49,48.194900000000004,NOT SPECIFIED,OFFICE SUPPLIES,BINDERS AND BINDER ACCESSORIES,REGULAR AIR
2354.15,0.03,2283.5255,26,774.79,14.0,1494.7355000000002,LOW,TECHNOLOGY,OFFICE MACHINES,DELIVERY TRUCK
4177.52,0.04,4010.4192000000003,30,-443.78,36.09,4418.1092,LOW,FURNITURE,BOOKCASES,DELIVERY TRUCK
1558.18,0.0,1558.18,50,417.62,9.18,1131.38,HIGH,OFFICE SUPPLIES,PAPER,REGULAR AIR
1370.56,0.1,1233.504,31,511.51,5.97,716.0239999999999,HIGH,OFFICE SUPPLIES,PAPER,REGULAR AIR
172.98,0.08,159.14159999999998,29,-59.75,5.46,213.43159999999997,HIGH,OFFICE SUPPLIES,PAPER,REGULAR AIR
1372.9455,0.0,1372.9455,44,429.89,1.25,941.8055,NOT SPECIFIED,TECHNOLOGY,TELEPHONES AND COMMUNICATION,REGULAR AIR
88.02,0.0,88.02,40,-6.54,1.49,93.07000000000001,LOW,OFFICE SUPPLIES,BINDERS AND BINDER ACCESSORIES,REGULAR AIR
800.0,0.1,720.0,32,-210.3,14.36,915.94,LOW,FURNITURE,CHAIRS & CHAIRMATS,DELIVERY TRUCK
381.69,0.04,366.4224,8,256.18,6.77,103.4724,HIGH,FURNITURE,OFFICE FURNISHINGS,REGULAR AIR
1009.42,0.02,989.2316,35,339.58,8.55,641.1016,LOW,FURNITURE,OFFICE FURNISHINGS,REGULAR AIR
1030.09,0.09,937.3819,40,-568.71,19.99,1486.1019000000001,NOT SPECIFIED,OFFICE SUPPLIES,STORAGE & ORGANIZATION,REGULAR AIR
3351.08,0.05,3183.526,26,-1086.43,70.2,4199.756,LOW,FURNITURE,CHAIRS & CHAIRMATS,DELIVERY TRUCK
88.7,0.06,83.378,47,-20.45,1.49,102.33800000000001,NOT SPECIFIED,OFFICE SUPPLIES,BINDERS AND BINDER ACCESSORIES,REGULAR AIR
105.89,0.08,97.4188,39,4.13,0.93,92.3588,NOT SPECIFIED,OFFICE SUPPLIES,PENS & ART SUPPLIES,REGULAR AIR
71.39,0.09,64.9649,27,-39.33,2.4,101.8949,MEDIUM,OFFICE SUPPLIES,PENS & ART SUPPLIES,REGULAR AIR
1596.86,0.05,1517.0169999999998,37,418.6,3.5,1094.917,CRITICAL,OFFICE SUPPLIES,APPLIANCES,REGULAR AIR
78.36,0.06,73.6584,12,8.52,1.5,63.638400000000004,CRITICAL,OFFICE SUPPLIES,PENS & ART SUPPLIES,REGULAR AIR
3300.216,0.1,2970.1944,20,-855.03,69.64,3755.5843999999997,HIGH,FURNITURE,TABLES,DELIVERY TRUCK
331.54,0.05,314.963,23,9.41,7.27,298.283,HIGH,OFFICE SUPPLIES,BINDERS AND BINDER ACCESSORIES,REGULAR AIR
251.3,0.1,226.17000000000002,38,-112.72,6.05,332.84000000000003,MEDIUM,OFFICE SUPPLIES,BINDERS AND BINDER ACCESSORIES,REGULAR AIR
226.68,0.04,217.6128,41,-159.35,7.28,369.6828,LOW,OFFICE SUPPLIES,PAPER,EXPRESS AIR
159.11,0.07,147.97230000000002,29,64.01,0.95,83.01230000000002,LOW,OFFICE SUPPLIES,PAPER,REGULAR AIR
401.14,0.1,361.02599999999995,10,-131.03,6.5,485.5559999999999,MEDIUM,TECHNOLOGY,COMPUTER PERIPHERALS,REGULAR AIR
467.4,0.01,462.726,19,-851.09,53.03,1260.786,HIGH,OFFICE SUPPLIES,STORAGE & ORGANIZATION,DELIVERY TRUCK
7.64,0.1,6.8759999999999994,1,-6.6,3.01,10.466,NOT SPECIFIED,OFFICE SUPPLIES,PAPER,REGULAR AIR
1154.89,0.03,1120.2433,27,66.36,6.5,1047.3833000000002,HIGH,TECHNOLOGY,COMPUTER PERIPHERALS,REGULAR AIR
1220.08,0.0,1220.08,42,515.64,1.99,702.4499999999999,CRITICAL,TECHNOLOGY,COMPUTER PERIPHERALS,REGULAR AIR
709.54,0.07,659.8722,12,131.44,3.99,524.4422,CRITICAL,OFFICE SUPPLIES,APPLIANCES,REGULAR AIR
606.3985,0.09,551.822635,20,126.13,5.99,419.702635,CRITICAL,TECHNOLOGY,TELEPHONES AND COMMUNICATION,REGULAR AIR
1108.366,0.05,1052.9477,20,178.31,2.5,872.1377,CRITICAL,TECHNOLOGY,TELEPHONES AND COMMUNICATION,REGULAR AIR
734.25,0.08,675.51,17,160.58,4.62,510.30999999999995,MEDIUM,OFFICE SUPPLIES,APPLIANCES,EXPRESS AIR
741.49,0.08,682.1708,8,-360.18,35.0,1007.3507999999999,HIGH,OFFICE SUPPLIES,STORAGE & ORGANIZATION,REGULAR AIR
1127.81,0.1,1015.029,44,425.08,1.99,587.9590000000001,HIGH,TECHNOLOGY,COMPUTER PERIPHERALS,REGULAR AIR
768.41,0.1,691.569,12,60.38,19.99,611.199,NOT SPECIFIED,OFFICE SUPPLIES,BINDERS AND BINDER ACCESSORIES,REGULAR AIR
5238.192,0.08,4819.13664,47,-503.77,46.2,5276.70664,NOT SPECIFIED,FURNITURE,TABLES,DELIVERY TRUCK
600.22,0.08,552.2024,50,27.86,3.14,521.2024,LOW,OFFICE SUPPLIES,"SCISSORS, RULERS AND TRIMMERS",REGULAR AIR
125.21,0.01,123.9579,45,37.99,0.8,85.1679,NOT SPECIFIED,OFFICE SUPPLIES,RUBBER BANDS,EXPRESS AIR
924.1115,0.06,868.66481,9,-287.99,8.08,1148.57481,NOT SPECIFIED,TECHNOLOGY,TELEPHONES AND COMMUNICATION,REGULAR AIR
2440.26,0.0,2440.26,50,917.28,1.99,1520.9900000000005,MEDIUM,TECHNOLOGY,COMPUTER PERIPHERALS,REGULAR AIR
1008.19,0.03,977.9443000000001,23,210.01,1.99,765.9443000000001,MEDIUM,TECHNOLOGY,COMPUTER PERIPHERALS,REGULAR AIR
169.4,0.1,152.46,19,-59.64,7.29,204.81,CRITICAL,FURNITURE,OFFICE FURNISHINGS,REGULAR AIR
6944.092,0.06,6527.44648,45,1820.95,13.99,4692.50648,CRITICAL,TECHNOLOGY,TELEPHONES AND COMMUNICATION,EXPRESS AIR
66.83,0.02,65.4934,12,-24.31,5.17,84.6334,NOT SPECIFIED,OFFICE SUPPLIES,PAPER,EXPRESS AIR
61.8715,0.0,61.8715,8,-50.33,5.03,107.1715,NOT SPECIFIED,TECHNOLOGY,TELEPHONES AND COMMUNICATION,REGULAR AIR
80.79,0.0,80.79,27,12.58,0.7,67.51,NOT SPECIFIED,OFFICE SUPPLIES,PENS & ART SUPPLIES,REGULAR AIR
1407.515,0.0,1407.515,43,657.45,3.3,746.7650000000001,NOT SPECIFIED,TECHNOLOGY,TELEPHONES AND COMMUNICATION,REGULAR AIR
273.14,0.02,267.67719999999997,40,-96.9,4.07,360.5072,MEDIUM,TECHNOLOGY,COMPUTER PERIPHERALS,REGULAR AIR
3100.1115,0.02,3038.10927,22,567.37,8.08,2462.65927,MEDIUM,TECHNOLOGY,TELEPHONES AND COMMUNICATION,EXPRESS AIR
57.35,0.06,53.909,7,-28.55,1.99,80.469,NOT SPECIFIED,TECHNOLOGY,COMPUTER PERIPHERALS,REGULAR AIR
371.45,0.01,367.7355,10,17.73,7.73,342.27549999999997,NOT SPECIFIED,OFFICE SUPPLIES,PENS & ART SUPPLIES,REGULAR AIR
364.69,0.06,342.8086,22,-22.4,6.25,358.9586,MEDIUM,OFFICE SUPPLIES,STORAGE & ORGANIZATION,EXPRESS AIR
86.3,0.0,86.3,16,-68.67,4.93,150.04000000000002,MEDIUM,TECHNOLOGY,COMPUTER PERIPHERALS,REGULAR AIR
12723.95,0.08,11706.034000000001,47,11.54,35.0,11659.494,LOW,OFFICE SUPPLIES,STORAGE & ORGANIZATION,REGULAR AIR
272.63,0.04,261.7248,43,-64.45,5.14,321.0348,MEDIUM,OFFICE SUPPLIES,PAPER,REGULAR AIR
925.03,0.06,869.5282,18,-3.68,19.99,853.2181999999999,LOW,TECHNOLOGY,COMPUTER PERIPHERALS,REGULAR AIR
546.4,0.1,491.76,39,-138.82,4.53,626.05,NOT SPECIFIED,OFFICE SUPPLIES,STORAGE & ORGANIZATION,EXPRESS AIR
672.93,0.0,672.93,31,27.85,4.0,641.0799999999999,LOW,TECHNOLOGY,COMPUTER PERIPHERALS,REGULAR AIR
109.92,0.06,103.3248,27,24.75,0.83,77.7448,LOW,OFFICE SUPPLIES,PENS & ART SUPPLIES,REGULAR AIR
150.29,0.03,145.7813,35,5.04,2.5,138.2413,HIGH,OFFICE SUPPLIES,ENVELOPES,EXPRESS AIR
3500.49,0.09,3185.4458999999997,32,230.64,8.64,2946.1659,HIGH,OFFICE SUPPLIES,STORAGE & ORGANIZATION,REGULAR AIR
223.34,0.1,201.006,39,95.42,0.5,105.086,LOW,OFFICE SUPPLIES,LABELS,REGULAR AIR
380.28,0.08,349.8576,30,-20.58,4.51,365.9276,NOT SPECIFIED,OFFICE SUPPLIES,STORAGE & ORGANIZATION,REGULAR AIR
67.84,0.07,63.0912,24,13.44,0.99,48.6612,HIGH,OFFICE SUPPLIES,LABELS,REGULAR AIR
96.03,0.1,86.42699999999999,6,-59.39,11.25,134.567,LOW,OFFICE SUPPLIES,STORAGE & ORGANIZATION,REGULAR AIR
122.35,0.02,119.90299999999999,11,-13.55,3.99,129.463,LOW,OFFICE SUPPLIES,APPLIANCES,REGULAR AIR
27.89,0.08,25.6588,6,-23.81,5.26,44.2088,MEDIUM,OFFICE SUPPLIES,BINDERS AND BINDER ACCESSORIES,REGULAR AIR
566.12,0.03,549.1364,27,-19.33,11.17,557.2964000000001,NOT SPECIFIED,FURNITURE,OFFICE FURNISHINGS,REGULAR AIR
2560.9395,0.06,2407.28313,24,457.79,2.5,1946.9931299999998,MEDIUM,TECHNOLOGY,TELEPHONES AND COMMUNICATION,REGULAR AIR
43.46,0.0,43.46,27,6.81,0.7,35.949999999999996,NOT SPECIFIED,OFFICE SUPPLIES,RUBBER BANDS,REGULAR AIR
927.9875,0.0,927.9875,5,-615.91,8.99,1534.9074999999998,NOT SPECIFIED,TECHNOLOGY,TELEPHONES AND COMMUNICATION,REGULAR AIR
3575.23,0.04,3432.2208,30,87.88,30.0,3314.3408,LOW,FURNITURE,CHAIRS & CHAIRMATS,DELIVERY TRUCK
662.16,0.07,615.8088,25,185.21,1.99,428.6088,NOT SPECIFIED,TECHNOLOGY,COMPUTER PERIPHERALS,REGULAR AIR
133.04,0.07,123.7272,48,6.73,1.49,115.5072,HIGH,OFFICE SUPPLIES,BINDERS AND BINDER ACCESSORIES,REGULAR AIR
554.21,0.05,526.4995,10,-105.37,5.5,626.3695,LOW,TECHNOLOGY,COMPUTER PERIPHERALS,REGULAR AIR
238.34,0.06,224.0396,26,-19.31,3.98,239.36960000000002,CRITICAL,OFFICE SUPPLIES,"SCISSORS, RULERS AND TRIMMERS",REGULAR AIR
327.61,0.07,304.6773,8,54.9,7.47,242.30729999999997,CRITICAL,OFFICE SUPPLIES,BINDERS AND BINDER ACCESSORIES,REGULAR AIR
67.72,0.01,67.0428,28,-142.67,6.05,203.6628,CRITICAL,OFFICE SUPPLIES,BINDERS AND BINDER ACCESSORIES,REGULAR AIR
68.64,0.07,63.8352,3,-38.93,8.99,93.7752,CRITICAL,OFFICE SUPPLIES,PENS & ART SUPPLIES,REGULAR AIR
875.52,0.09,796.7232,24,5.71,13.99,777.0232,MEDIUM,FURNITURE,OFFICE FURNISHINGS,REGULAR AIR
405.53,0.04,389.30879999999996,11,130.52,5.09,253.69879999999998,MEDIUM,OFFICE SUPPLIES,PAPER,REGULAR AIR
1866.12,0.07,1735.4915999999998,15,400.69,24.49,1310.3115999999998,MEDIUM,OFFICE SUPPLIES,APPLIANCES,REGULAR AIR
522.49,0.08,480.6908,12,-236.43,16.71,700.4108000000001,LOW,TECHNOLOGY,COMPUTER PERIPHERALS,REGULAR AIR
123.76,0.04,118.8096,12,32.44,2.27,84.09960000000001,LOW,OFFICE SUPPLIES,PAPER,REGULAR AIR
12.61,0.07,11.7273,6,-4.9,1.49,15.1373,HIGH,OFFICE SUPPLIES,BINDERS AND BINDER ACCESSORIES,REGULAR AIR
74.75,0.06,70.265,31,-115.43,5.2,180.495,NOT SPECIFIED,OFFICE SUPPLIES,PENS & ART SUPPLIES,EXPRESS AIR
178.4,0.04,171.264,16,20.08,5.16,146.024,NOT SPECIFIED,FURNITURE,OFFICE FURNISHINGS,REGULAR AIR
1111.008,0.09,1011.01728,10,-146.29,43.75,1113.55728,HIGH,FURNITURE,TABLES,DELIVERY TRUCK
15.64,0.08,14.3888,3,-16.01,6.27,24.128800000000002,MEDIUM,OFFICE SUPPLIES,BINDERS AND BINDER ACCESSORIES,REGULAR AIR
1751.08,0.0,1751.08,28,587.01,10.29,1153.78,MEDIUM,OFFICE SUPPLIES,BINDERS AND BINDER ACCESSORIES,REGULAR AIR
225.37,0.04,216.3552,18,77.53,2.85,135.9752,MEDIUM,FURNITURE,OFFICE FURNISHINGS,EXPRESS AIR
558.04,0.05,530.1379999999999,45,40.32,3.14,486.67799999999994,CRITICAL,OFFICE SUPPLIES,"SCISSORS, RULERS AND TRIMMERS",REGULAR AIR
1486.72,0.0,1486.72,32,294.81,8.99,1182.92,CRITICAL,OFFICE SUPPLIES,PENS & ART SUPPLIES,REGULAR AIR
597.66,0.08,549.8471999999999,29,-178.0,13.99,713.8571999999999,HIGH,OFFICE SUPPLIES,APPLIANCES,REGULAR AIR
1403.741,0.01,1389.70359,45,622.25,3.3,764.1535900000001,HIGH,TECHNOLOGY,TELEPHONES AND COMMUNICATION,REGULAR AIR
1246.3635,0.06,1171.58169,10,-339.11,8.99,1501.7016899999999,HIGH,TECHNOLOGY,TELEPHONES AND COMMUNICATION,REGULAR AIR
2507.48,0.04,2407.1808,42,762.53,4.5,1640.1508000000001,CRITICAL,OFFICE SUPPLIES,APPLIANCES,REGULAR AIR
150.16,0.09,136.6456,21,-32.78,5.47,163.9556,LOW,OFFICE SUPPLIES,PAPER,REGULAR AIR
115.01,0.03,111.5597,40,5.81,1.34,104.4097,NOT SPECIFIED,OFFICE SUPPLIES,PENS & ART SUPPLIES,EXPRESS AIR
4687.6735,0.06,4406.41309,43,1304.56,8.08,3093.77309,LOW,TECHNOLOGY,TELEPHONES AND COMMUNICATION,EXPRESS AIR
6435.87,0.04,6178.4352,21,935.06,64.73,5178.645200000001,CRITICAL,FURNITURE,CHAIRS & CHAIRMATS,DELIVERY TRUCK
312.03,0.08,287.06759999999997,11,-66.66,5.5,348.22759999999994,CRITICAL,TECHNOLOGY,COMPUTER PERIPHERALS,REGULAR AIR
418.93,0.03,406.3621,13,82.25,8.74,315.3721,HIGH,OFFICE SUPPLIES,PAPER,REGULAR AIR
676.44,0.07,629.0892,20,48.76,14.72,565.6092,NOT SPECIFIED,OFFICE SUPPLIES,BINDERS AND BINDER ACCESSORIES,REGULAR AIR
128.02,0.02,125.45960000000001,10,-7.9,6.47,126.88960000000002,NOT SPECIFIED,OFFICE SUPPLIES,PAPER,REGULAR AIR
526.82,0.06,495.21080000000006,15,32.34,8.99,453.8808,NOT SPECIFIED,OFFICE SUPPLIES,PENS & ART SUPPLIES,EXPRESS AIR
5074.07,0.0,5074.07,46,-1390.53,57.38,6407.219999999999,NOT SPECIFIED,FURNITURE,BOOKCASES,DELIVERY TRUCK
1526.67,0.01,1511.4033000000002,31,118.82,3.61,1388.9733000000003,NOT SPECIFIED,TECHNOLOGY,COMPUTER PERIPHERALS,EXPRESS AIR
181.83,0.03,176.3751,29,-43.36,5.2,214.5351,MEDIUM,OFFICE SUPPLIES,PAPER,REGULAR AIR
77.41,0.05,73.5395,5,9.35,1.39,62.7995,NOT SPECIFIED,OFFICE SUPPLIES,ENVELOPES,REGULAR AIR
112.67,0.09,102.5297,19,-37.85,5.14,135.2397,NOT SPECIFIED,OFFICE SUPPLIES,PAPER,REGULAR AIR
223.2,0.1,200.88,24,78.74,1.39,120.75000000000001,HIGH,OFFICE SUPPLIES,ENVELOPES,REGULAR AIR
101.9,0.0,101.9,37,40.52,0.5,60.88,LOW,OFFICE SUPPLIES,LABELS,REGULAR AIR
187.33,0.03,181.7101,7,66.47,9.87,105.37010000000001,LOW,FURNITURE,OFFICE FURNISHINGS,REGULAR AIR
259.17,0.01,256.5783,45,-57.33,3.6,310.30830000000003,LOW,OFFICE SUPPLIES,"SCISSORS, RULERS AND TRIMMERS",REGULAR AIR
4697.032,0.0,4697.032,43,1263.01,5.63,3428.392,LOW,TECHNOLOGY,TELEPHONES AND COMMUNICATION,REGULAR AIR
13.42,0.03,13.0174,4,-1.26,0.99,13.2874,CRITICAL,OFFICE SUPPLIES,LABELS,REGULAR AIR
320.57,0.09,291.7187,32,27.95,1.99,261.7787,MEDIUM,TECHNOLOGY,COMPUTER PERIPHERALS,REGULAR AIR
952.47,0.03,923.8959,38,270.69,6.3,646.9059,LOW,TECHNOLOGY,OFFICE MACHINES,REGULAR AIR
138.71,0.09,126.2261,23,-33.16,5.57,153.8161,HIGH,FURNITURE,OFFICE FURNISHINGS,REGULAR AIR
53.79,0.03,52.1763,18,11.55,0.99,39.63629999999999,HIGH,OFFICE SUPPLIES,LABELS,REGULAR AIR
354.96,0.07,330.1128,43,151.27,1.43,177.41279999999998,HIGH,OFFICE SUPPLIES,PAPER,REGULAR AIR
130.97,0.09,119.1827,26,-83.42,6.07,196.53269999999998,HIGH,OFFICE SUPPLIES,PAPER,REGULAR AIR
493.43,0.07,458.8899,26,120.18,4.1,334.6099,HIGH,OFFICE SUPPLIES,PENS & ART SUPPLIES,REGULAR AIR
459.08,0.04,440.7168,34,61.57,3.14,376.0068,MEDIUM,OFFICE SUPPLIES,"SCISSORS, RULERS AND TRIMMERS",EXPRESS AIR
193.7,0.06,182.078,20,-14.99,4.82,192.24800000000002,MEDIUM,OFFICE SUPPLIES,PENS & ART SUPPLIES,REGULAR AIR
6730.07,0.05,6393.5665,46,-1134.61,66.27,7461.906499999999,NOT SPECIFIED,FURNITURE,BOOKCASES,DELIVERY TRUCK
553.3415,0.08,509.07418,33,-67.71,0.99,575.79418,HIGH,TECHNOLOGY,TELEPHONES AND COMMUNICATION,REGULAR AIR
152.52,0.03,147.9444,22,-43.87,5.94,185.8744,HIGH,OFFICE SUPPLIES,PAPER,REGULAR AIR
171.9635,0.07,159.92605500000002,3,-296.37,8.99,447.306055,LOW,TECHNOLOGY,TELEPHONES AND COMMUNICATION,REGULAR AIR
71.6,0.05,68.02,14,-30.65,4.7,93.97,HIGH,OFFICE SUPPLIES,PAPER,REGULAR AIR
1699.983,0.1,1529.9847,37,-202.86,5.0,1727.8447,HIGH,TECHNOLOGY,TELEPHONES AND COMMUNICATION,REGULAR AIR
43.54,0.0,43.54,34,-17.48,0.7,60.31999999999999,MEDIUM,OFFICE SUPPLIES,RUBBER BANDS,REGULAR AIR
330.27,0.07,307.1511,50,-195.57,7.86,494.86109999999996,NOT SPECIFIED,OFFICE SUPPLIES,PAPER,REGULAR AIR
448.3665,0.03,434.915505,3,-748.41,8.99,1174.335505,LOW,TECHNOLOGY,TELEPHONES AND COMMUNICATION,REGULAR AIR
841.51,0.05,799.4345,49,20.86,6.25,772.3245,HIGH,OFFICE SUPPLIES,STORAGE & ORGANIZATION,EXPRESS AIR
71.07,0.08,65.3844,20,-15.09,2.5,77.9744,LOW,OFFICE SUPPLIES,ENVELOPES,REGULAR AIR
176.28,0.07,163.9404,31,-80.3,5.74,238.5004,CRITICAL,OFFICE SUPPLIES,BINDERS AND BINDER ACCESSORIES,EXPRESS AIR
135.88,0.05,129.08599999999998,26,-66.02,5.49,189.61599999999999,LOW,OFFICE SUPPLIES,PAPER,REGULAR AIR
487.98,0.01,483.10020000000003,38,8.1,7.17,467.8302,HIGH,OFFICE SUPPLIES,BINDERS AND BINDER ACCESSORIES,REGULAR AIR
254.92,0.1,229.428,45,-99.62,5.46,323.58799999999997,NOT SPECIFIED,OFFICE SUPPLIES,PAPER,REGULAR AIR
1846.2,0.04,1772.352,26,-584.93,60.0,2297.282,LOW,OFFICE SUPPLIES,APPLIANCES,DELIVERY TRUCK
32.03,0.09,29.1473,11,7.41,0.5,21.2373,LOW,OFFICE SUPPLIES,LABELS,REGULAR AIR
185.82,0.05,176.529,44,11.45,2.26,162.81900000000002,LOW,OFFICE SUPPLIES,PAPER,EXPRESS AIR
14.74,0.08,13.5608,5,-2.58,0.7,15.440800000000001,CRITICAL,OFFICE SUPPLIES,PENS & ART SUPPLIES,REGULAR AIR
423.14,0.03,410.44579999999996,26,85.51,4.0,320.9358,CRITICAL,TECHNOLOGY,COMPUTER PERIPHERALS,REGULAR AIR
628.39,0.1,565.5509999999999,22,181.83,5.09,378.63099999999986,CRITICAL,OFFICE SUPPLIES,PAPER,EXPRESS AIR
162.49,0.03,157.61530000000002,2,-94.83,0.99,251.45530000000002,CRITICAL,OFFICE SUPPLIES,APPLIANCES,REGULAR AIR
384.33,0.1,345.897,7,87.68,1.49,256.727,HIGH,OFFICE SUPPLIES,BINDERS AND BINDER ACCESSORIES,REGULAR AIR
133.15,0.05,126.4925,21,-51.43,5.36,172.5625,NOT SPECIFIED,OFFICE SUPPLIES,BINDERS AND BINDER ACCESSORIES,REGULAR AIR
136.71,0.04,131.2416,45,34.72,0.99,95.5316,NOT SPECIFIED,OFFICE SUPPLIES,LABELS,REGULAR AIR
28.63,0.09,26.0533,11,-21.17,4.08,43.1433,HIGH,FURNITURE,OFFICE FURNISHINGS,EXPRESS AIR
8014.624,0.08,7373.4540799999995,45,1366.1,32.48,5974.87408,HIGH,FURNITURE,TABLES,DELIVERY TRUCK
725.43,0.0,725.43,23,245.97,5.76,473.69999999999993,HIGH,OFFICE SUPPLIES,PAPER,REGULAR AIR
130.96,0.05,124.412,42,-66.74,1.92,189.232,MEDIUM,OFFICE SUPPLIES,"SCISSORS, RULERS AND TRIMMERS",REGULAR AIR
4982.944,0.07,4634.13792,30,693.69,29.1,3911.3479199999997,LOW,FURNITURE,TABLES,DELIVERY TRUCK
208.05,0.01,205.9695,33,46.01,0.96,158.9995,NOT SPECIFIED,OFFICE SUPPLIES,PENS & ART SUPPLIES,REGULAR AIR
31.77,0.04,30.4992,12,8.34,0.5,21.6592,NOT SPECIFIED,OFFICE SUPPLIES,LABELS,REGULAR AIR
435.29,0.03,422.23130000000003,8,122.41,18.45,281.3713,NOT SPECIFIED,FURNITURE,OFFICE FURNISHINGS,REGULAR AIR
827.47,0.0,827.47,25,45.37,6.5,775.6,NOT SPECIFIED,TECHNOLOGY,COMPUTER PERIPHERALS,REGULAR AIR
7017.42,0.08,6456.0264,50,595.2,19.99,5840.8364,LOW,OFFICE SUPPLIES,STORAGE & ORGANIZATION,REGULAR AIR
1176.859,0.03,1141.55323,21,137.86,3.99,999.70323,NOT SPECIFIED,TECHNOLOGY,TELEPHONES AND COMMUNICATION,REGULAR AIR
1075.91,0.03,1043.6327,26,34.42,7.12,1002.0927000000003,NOT SPECIFIED,TECHNOLOGY,COMPUTER PERIPHERALS,REGULAR AIR
651.45,0.07,605.8485000000001,39,-160.56,9.47,756.9385,LOW,OFFICE SUPPLIES,STORAGE & ORGANIZATION,REGULAR AIR
536.25,0.06,504.075,34,-166.75,13.18,657.645,MEDIUM,OFFICE SUPPLIES,BINDERS AND BINDER ACCESSORIES,EXPRESS AIR
5.73,0.01,5.672700000000001,1,-1.84,0.8,6.712700000000001,MEDIUM,OFFICE SUPPLIES,PAPER,REGULAR AIR
189.99,0.03,184.2903,13,72.82,1.49,109.9803,MEDIUM,OFFICE SUPPLIES,BINDERS AND BINDER ACCESSORIES,EXPRESS AIR
201.06,0.08,184.9752,25,-80.86,7.96,257.8752,HIGH,FURNITURE,OFFICE FURNISHINGS,EXPRESS AIR
459.26,0.08,422.5192,46,-54.12,4.68,471.9592,NOT SPECIFIED,OFFICE SUPPLIES,"SCISSORS, RULERS AND TRIMMERS",REGULAR AIR
410.35,0.1,369.315,48,114.02,2.15,253.14500000000004,LOW,OFFICE SUPPLIES,PAPER,EXPRESS AIR
937.04,0.08,862.0767999999999,34,391.6,1.49,468.9867999999999,MEDIUM,OFFICE SUPPLIES,BINDERS AND BINDER ACCESSORIES,REGULAR AIR
901.374,0.01,892.36026,5,-648.65,2.5,1538.51026,MEDIUM,TECHNOLOGY,TELEPHONES AND COMMUNICATION,REGULAR AIR
513.5,0.02,503.23,19,82.96,5.37,414.90000000000003,HIGH,OFFICE SUPPLIES,PENS & ART SUPPLIES,REGULAR AIR
182.89,0.07,170.08769999999998,7,-99.3,4.0,265.3877,CRITICAL,TECHNOLOGY,COMPUTER PERIPHERALS,REGULAR AIR
148.65,0.1,133.785,20,-142.78,11.15,265.41499999999996,MEDIUM,OFFICE SUPPLIES,PAPER,EXPRESS AIR
198.21,0.01,196.2279,28,-163.28,10.05,349.4579,MEDIUM,OFFICE SUPPLIES,PAPER,EXPRESS AIR
5.63,0.03,5.4611,1,-3.55,0.7,8.3111,LOW,OFFICE SUPPLIES,RUBBER BANDS,REGULAR AIR
16.48,0.06,15.491200000000001,5,-0.33,0.99,14.8312,LOW,OFFICE SUPPLIES,LABELS,REGULAR AIR
189.73,0.01,187.8327,7,43.17,2.99,141.67269999999996,LOW,OFFICE SUPPLIES,BINDERS AND BINDER ACCESSORIES,REGULAR AIR
278.8,0.06,262.072,40,77.71,2.0,182.36200000000002,LOW,OFFICE SUPPLIES,PAPER,REGULAR AIR
163.04,0.08,149.9968,29,58.0,1.0,90.99680000000001,NOT SPECIFIED,OFFICE SUPPLIES,PENS & ART SUPPLIES,REGULAR AIR
1616.64,0.07,1503.4752,17,26.94,19.99,1456.5452,MEDIUM,TECHNOLOGY,COMPUTER PERIPHERALS,REGULAR AIR
9041.26,0.01,8950.8474,31,-383.03,61.76,9272.117400000001,NOT SPECIFIED,FURNITURE,TABLES,DELIVERY TRUCK
3519.12,0.09,3202.3992,46,315.33,4.0,2883.0692,NOT SPECIFIED,TECHNOLOGY,COMPUTER PERIPHERALS,EXPRESS AIR
108.33,0.0,108.33,37,17.0,0.7,90.63,NOT SPECIFIED,OFFICE SUPPLIES,PENS & ART SUPPLIES,REGULAR AIR
3950.6,0.02,3871.5879999999997,14,-477.66,57.0,4292.248,CRITICAL,FURNITURE,CHAIRS & CHAIRMATS,DELIVERY TRUCK
254.12,0.06,238.8728,12,-64.97,5.99,297.8528,MEDIUM,TECHNOLOGY,COMPUTER PERIPHERALS,REGULAR AIR
767.04,0.02,751.6992,37,238.84,1.99,510.8692,MEDIUM,TECHNOLOGY,COMPUTER PERIPHERALS,REGULAR AIR
6072.1875,0.09,5525.690625,37,1372.09,2.5,4151.100625,NOT SPECIFIED,TECHNOLOGY,TELEPHONES AND COMMUNICATION,REGULAR AIR
1936.45,0.1,1742.805,46,307.17,4.0,1431.635,CRITICAL,TECHNOLOGY,COMPUTER PERIPHERALS,REGULAR AIR
3711.04,0.04,3562.5984,17,-773.78,69.64,4266.7384,CRITICAL,FURNITURE,TABLES,DELIVERY TRUCK
404.3,0.04,388.128,18,-27.34,8.99,406.47799999999995,HIGH,OFFICE SUPPLIES,PENS & ART SUPPLIES,REGULAR AIR
403.88,0.07,375.6084,10,48.03,1.99,325.5884,HIGH,TECHNOLOGY,COMPUTER PERIPHERALS,REGULAR AIR
3291.13,0.09,2994.9283,49,925.95,3.5,2065.4782999999998,NOT SPECIFIED,OFFICE SUPPLIES,APPLIANCES,REGULAR AIR
736.96,0.1,663.264,40,-34.29,10.49,687.064,NOT SPECIFIED,FURNITURE,OFFICE FURNISHINGS,REGULAR AIR
2333.06,0.08,2146.4152,35,473.39,19.99,1653.0352000000003,MEDIUM,OFFICE SUPPLIES,BINDERS AND BINDER ACCESSORIES,EXPRESS AIR
267.58,0.03,259.5526,17,-137.75,15.09,382.21259999999995,CRITICAL,OFFICE SUPPLIES,BINDERS AND BINDER ACCESSORIES,REGULAR AIR
486.63,0.03,472.0311,44,-146.37,7.46,610.9411,NOT SPECIFIED,OFFICE SUPPLIES,STORAGE & ORGANIZATION,REGULAR AIR
1403.027,0.1,1262.7243,27,153.8,5.63,1103.2943,LOW,TECHNOLOGY,TELEPHONES AND COMMUNICATION,EXPRESS AIR
188.38,0.04,180.8448,38,-120.12,5.68,295.2848,LOW,OFFICE SUPPLIES,BINDERS AND BINDER ACCESSORIES,REGULAR AIR
881.501,0.02,863.87098,28,334.53,3.3,526.0409800000001,HIGH,TECHNOLOGY,TELEPHONES AND COMMUNICATION,EXPRESS AIR
11674.968,0.05,11091.2196,43,715.18,84.84,10291.1996,HIGH,FURNITURE,TABLES,DELIVERY TRUCK
660.059,0.05,627.0560499999999,36,-0.65,1.25,626.4560499999999,HIGH,TECHNOLOGY,TELEPHONES AND COMMUNICATION,REGULAR AIR
161.72,0.09,147.1652,25,-121.18,8.4,259.9452,HIGH,OFFICE SUPPLIES,PAPER,REGULAR AIR
138.91,0.09,126.40809999999999,7,-64.11,4.0,186.5181,NOT SPECIFIED,TECHNOLOGY,COMPUTER PERIPHERALS,REGULAR AIR
162.57,0.02,159.3186,42,75.8,0.5,83.0186,MEDIUM,OFFICE SUPPLIES,LABELS,REGULAR AIR
196.22,0.05,186.409,13,-89.35,13.32,262.43899999999996,MEDIUM,OFFICE SUPPLIES,APPLIANCES,REGULAR AIR
49.76,0.05,47.272,11,-0.13,2.26,45.142,MEDIUM,OFFICE SUPPLIES,PAPER,EXPRESS AIR
670.65,0.08,616.9979999999999,42,41.66,5.45,569.8879999999999,CRITICAL,OFFICE SUPPLIES,PENS & ART SUPPLIES,REGULAR AIR
2797.41,0.06,2629.5654,31,984.3,14.0,1631.2654,MEDIUM,TECHNOLOGY,OFFICE MACHINES,DELIVERY TRUCK
89.93,0.03,87.2321,14,-44.82,3.85,128.2021,NOT SPECIFIED,TECHNOLOGY,COMPUTER PERIPHERALS,REGULAR AIR
340.952,0.09,310.26632,20,108.94,0.99,200.33632,LOW,TECHNOLOGY,TELEPHONES AND COMMUNICATION,REGULAR AIR
831.5805,0.01,823.2646950000001,44,273.05,0.99,549.2246950000001,HIGH,TECHNOLOGY,TELEPHONES AND COMMUNICATION,REGULAR AIR
309.3,0.05,293.83500000000004,10,-77.89,6.5,365.225,NOT SPECIFIED,TECHNOLOGY,COMPUTER PERIPHERALS,EXPRESS AIR
337.61,0.03,327.4817,27,15.61,6.35,305.52169999999995,NOT SPECIFIED,OFFICE SUPPLIES,PAPER,REGULAR AIR
636.34,0.08,585.4328,42,-99.26,4.53,680.1628000000001,NOT SPECIFIED,OFFICE SUPPLIES,STORAGE & ORGANIZATION,REGULAR AIR
98.82,0.09,89.9262,13,-68.66,5.53,153.0562,LOW,TECHNOLOGY,COMPUTER PERIPHERALS,REGULAR AIR
289.19,0.01,286.2981,40,-69.03,6.15,349.1781,LOW,OFFICE SUPPLIES,PAPER,REGULAR AIR
196.07,0.05,186.2665,17,-77.66,6.5,257.42650000000003,MEDIUM,TECHNOLOGY,COMPUTER PERIPHERALS,REGULAR AIR
75.79,0.09,68.9689,11,-18.77,4.91,82.8289,MEDIUM,OFFICE SUPPLIES,PAPER,REGULAR AIR
46.55,0.0,46.55,12,16.34,0.5,29.709999999999997,MEDIUM,OFFICE SUPPLIES,LABELS,REGULAR AIR
1499.5275,0.09,1364.570025,29,188.98,5.26,1170.330025,LOW,TECHNOLOGY,TELEPHONES AND COMMUNICATION,REGULAR AIR
1917.61,0.03,1860.0817,15,-286.9,51.94,2095.0416999999998,HIGH,FURNITURE,TABLES,DELIVERY TRUCK
2492.97,0.06,2343.3918,33,131.02,14.52,2197.8518,NOT SPECIFIED,TECHNOLOGY,COMPUTER PERIPHERALS,REGULAR AIR
575.89,0.06,541.3366,29,-14.04,4.0,551.3765999999999,HIGH,TECHNOLOGY,COMPUTER PERIPHERALS,REGULAR AIR
444.52,0.02,435.6296,44,161.13,2.06,272.4396,LOW,OFFICE SUPPLIES,PAPER,REGULAR AIR
260.6,0.05,247.57000000000002,43,-182.71,7.96,422.32000000000005,HIGH,OFFICE SUPPLIES,PAPER,REGULAR AIR
172.23,0.02,168.78539999999998,50,32.35,1.35,135.0854,HIGH,OFFICE SUPPLIES,RUBBER BANDS,REGULAR AIR
470.74,0.04,451.9104,41,24.09,3.99,423.8304,HIGH,OFFICE SUPPLIES,APPLIANCES,REGULAR AIR
278.76,0.02,273.1848,17,-210.09,17.78,465.4948,MEDIUM,OFFICE SUPPLIES,STORAGE & ORGANIZATION,REGULAR AIR
141.9,0.02,139.062,12,1.46,5.72,131.882,MEDIUM,OFFICE SUPPLIES,ENVELOPES,REGULAR AIR
1379.1,0.06,1296.3539999999998,29,573.8,5.81,716.7439999999999,MEDIUM,OFFICE SUPPLIES,PAPER,REGULAR AIR
182.92,0.06,171.9448,30,-1367.72,49.0,1490.6648,LOW,OFFICE SUPPLIES,APPLIANCES,REGULAR AIR
3361.84,0.08,3092.8928,34,1211.76,14.0,1867.1328,NOT SPECIFIED,TECHNOLOGY,OFFICE MACHINES,DELIVERY TRUCK
195.82,0.07,182.1126,29,-91.7,7.07,266.7426,NOT SPECIFIED,OFFICE SUPPLIES,PAPER,REGULAR AIR
987.3175,0.04,947.8248,33,368.56,3.3,575.9648,NOT SPECIFIED,TECHNOLOGY,TELEPHONES AND COMMUNICATION,EXPRESS AIR
140.56,0.04,134.9376,15,-128.38,8.99,254.32760000000002,HIGH,TECHNOLOGY,COMPUTER PERIPHERALS,REGULAR AIR
742.21,0.03,719.9437,50,122.21,5.3,592.4337,CRITICAL,FURNITURE,OFFICE FURNISHINGS,REGULAR AIR
1186.06,0.09,1079.3146,42,511.69,3.92,563.7045999999998,NOT SPECIFIED,FURNITURE,OFFICE FURNISHINGS,REGULAR AIR
51.53,0.03,49.9841,28,0.35,0.7,48.934099999999994,NOT SPECIFIED,OFFICE SUPPLIES,PENS & ART SUPPLIES,EXPRESS AIR
3872.634,0.02,3795.18132,25,667.33,13.99,3113.8613200000004,CRITICAL,TECHNOLOGY,TELEPHONES AND COMMUNICATION,REGULAR AIR
523.42,0.06,492.0148,44,39.42,5.63,446.96479999999997,HIGH,OFFICE SUPPLIES,BINDERS AND BINDER ACCESSORIES,REGULAR AIR
156.7,0.06,147.298,29,-76.64,5.57,218.368,HIGH,OFFICE SUPPLIES,PAPER,REGULAR AIR
192.54,0.08,177.1368,40,-186.73,7.44,356.42679999999996,HIGH,OFFICE SUPPLIES,PAPER,REGULAR AIR
622.82,0.0,622.82,47,128.88,4.98,488.96000000000004,LOW,FURNITURE,OFFICE FURNISHINGS,REGULAR AIR
5945.3675,0.08,5469.7381000000005,40,1585.48,4.99,3879.2681000000007,MEDIUM,TECHNOLOGY,TELEPHONES AND COMMUNICATION,REGULAR AIR
569.32,0.05,540.854,42,84.38,3.14,453.33400000000006,HIGH,OFFICE SUPPLIES,"SCISSORS, RULERS AND TRIMMERS",EXPRESS AIR
120.03,0.0,120.03,41,10.5,1.49,108.04,CRITICAL,OFFICE SUPPLIES,BINDERS AND BINDER ACCESSORIES,REGULAR AIR
35.58,0.04,34.1568,7,-19.95,4.99,49.1168,MEDIUM,OFFICE SUPPLIES,ENVELOPES,REGULAR AIR
896.1805,0.0,896.1805,15,82.04,5.26,808.8805000000001,HIGH,TECHNOLOGY,TELEPHONES AND COMMUNICATION,EXPRESS AIR
153.28,0.05,145.616,31,73.16,0.5,71.95600000000002,HIGH,OFFICE SUPPLIES,LABELS,REGULAR AIR
139.95,0.04,134.35199999999998,36,-128.59,5.47,257.472,NOT SPECIFIED,OFFICE SUPPLIES,BINDERS AND BINDER ACCESSORIES,EXPRESS AIR
5207.5,0.03,5051.275,24,166.44,64.2,4820.635,NOT SPECIFIED,FURNITURE,CHAIRS & CHAIRMATS,DELIVERY TRUCK
92.14,0.01,91.2186,11,-40.25,2.83,128.6386,NOT SPECIFIED,TECHNOLOGY,COMPUTER PERIPHERALS,REGULAR AIR
257.43,0.05,244.5585,40,-200.63,8.73,436.4585,NOT SPECIFIED,OFFICE SUPPLIES,PAPER,REGULAR AIR
3021.64,0.07,2810.1252,44,-720.2,30.0,3500.3252,MEDIUM,FURNITURE,CHAIRS & CHAIRMATS,DELIVERY TRUCK
17.89,0.0,17.89,4,-1.15,0.7,18.34,NOT SPECIFIED,OFFICE SUPPLIES,PENS & ART SUPPLIES,REGULAR AIR
1560.617,0.04,1498.1923199999999,28,214.29,8.99,1274.91232,CRITICAL,TECHNOLOGY,TELEPHONES AND COMMUNICATION,REGULAR AIR
339.35,0.03,329.1695,8,27.88,5.33,295.95950000000005,HIGH,OFFICE SUPPLIES,APPLIANCES,EXPRESS AIR
33.67,0.09,30.6397,11,4.08,0.99,25.569700000000005,HIGH,OFFICE SUPPLIES,LABELS,REGULAR AIR
239.03,0.01,236.6397,3,-68.22,4.5,300.3597,HIGH,OFFICE SUPPLIES,APPLIANCES,REGULAR AIR
120.56,0.07,112.1208,19,-79.35,7.5,183.9708,HIGH,OFFICE SUPPLIES,PAPER,REGULAR AIR
849.46,0.04,815.4816000000001,23,9.06,19.99,786.4316000000001,LOW,OFFICE SUPPLIES,PAPER,REGULAR AIR
303.69,0.05,288.5055,20,-50.84,7.69,331.65549999999996,CRITICAL,OFFICE SUPPLIES,STORAGE & ORGANIZATION,REGULAR AIR
116.84,0.1,105.156,22,-125.44,7.78,222.816,HIGH,OFFICE SUPPLIES,BINDERS AND BINDER ACCESSORIES,REGULAR AIR
1205.73,0.07,1121.3289,20,310.93,4.5,805.8988999999999,CRITICAL,OFFICE SUPPLIES,APPLIANCES,EXPRESS AIR
2796.67,0.01,2768.7033,50,801.04,5.08,1962.5833000000002,LOW,OFFICE SUPPLIES,STORAGE & ORGANIZATION,REGULAR AIR
354.45,0.01,350.90549999999996,31,11.38,3.99,335.53549999999996,HIGH,OFFICE SUPPLIES,APPLIANCES,REGULAR AIR
238.43,0.02,233.66140000000001,13,-36.11,8.99,260.7814,HIGH,OFFICE SUPPLIES,PENS & ART SUPPLIES,REGULAR AIR
1606.4,0.08,1477.8880000000001,36,-1231.35,46.59,2662.648,HIGH,FURNITURE,TABLES,DELIVERY TRUCK
772.412,0.03,749.23964,16,-184.69,5.0,928.9296400000001,NOT SPECIFIED,TECHNOLOGY,TELEPHONES AND COMMUNICATION,REGULAR AIR
31.95,0.1,28.755,3,-23.69,8.94,43.504999999999995,NOT SPECIFIED,OFFICE SUPPLIES,BINDERS AND BINDER ACCESSORIES,REGULAR AIR
502.44,0.04,482.3424,31,-363.44,17.78,828.0024000000001,NOT SPECIFIED,OFFICE SUPPLIES,STORAGE & ORGANIZATION,REGULAR AIR
2640.6865,0.03,2561.465905,46,751.38,5.92,1804.1659049999998,HIGH,TECHNOLOGY,TELEPHONES AND COMMUNICATION,EXPRESS AIR
563.82,0.03,546.9054000000001,34,188.22,2.99,355.69540000000006,NOT SPECIFIED,OFFICE SUPPLIES,BINDERS AND BINDER ACCESSORIES,REGULAR AIR
767.34,0.04,736.6464000000001,10,-154.65,14.52,876.7764000000001,NOT SPECIFIED,TECHNOLOGY,COMPUTER PERIPHERALS,REGULAR AIR
5554.036,0.09,5054.17276,40,1153.84,8.99,3891.3427600000005,HIGH,TECHNOLOGY,TELEPHONES AND COMMUNICATION,REGULAR AIR
677.43,0.1,609.6869999999999,14,75.48,22.24,511.96699999999987,NOT SPECIFIED,FURNITURE,OFFICE FURNISHINGS,REGULAR AIR
3355.154,0.0,3355.154,19,658.5,3.99,2692.664,CRITICAL,TECHNOLOGY,TELEPHONES AND COMMUNICATION,REGULAR AIR
564.85,0.09,514.0135,10,181.02,1.49,331.50350000000003,CRITICAL,OFFICE SUPPLIES,BINDERS AND BINDER ACCESSORIES,EXPRESS AIR
572.33,0.01,566.6067,14,-62.28,7.12,621.7667,CRITICAL,TECHNOLOGY,COMPUTER PERIPHERALS,REGULAR AIR
310.44,0.03,301.1268,33,-90.21,8.29,383.04679999999996,LOW,OFFICE SUPPLIES,ENVELOPES,REGULAR AIR
626.96,0.0,626.96,39,-35.92,7.69,655.1899999999999,NOT SPECIFIED,OFFICE SUPPLIES,STORAGE & ORGANIZATION,REGULAR AIR
180.27,0.01,178.46730000000002,34,-59.71,5.32,232.85730000000004,NOT SPECIFIED,FURNITURE,OFFICE FURNISHINGS,REGULAR AIR
236.31,0.04,226.8576,18,-2.24,4.98,224.1176,NOT SPECIFIED,OFFICE SUPPLIES,APPLIANCES,EXPRESS AIR
263.63,0.03,255.7211,22,48.86,2.36,204.5011,CRITICAL,OFFICE SUPPLIES,PENS & ART SUPPLIES,REGULAR AIR
1078.58,0.03,1046.2225999999998,35,9.0,4.0,1033.2225999999998,HIGH,TECHNOLOGY,COMPUTER PERIPHERALS,REGULAR AIR
1003.43,0.01,993.3956999999999,47,208.06,8.68,776.6557,HIGH,OFFICE SUPPLIES,PAPER,REGULAR AIR
2779.2,0.02,2723.616,34,889.57,7.18,1826.866,MEDIUM,TECHNOLOGY,COMPUTER PERIPHERALS,REGULAR AIR
65.21,0.08,59.993199999999995,26,-41.6,2.4,99.19319999999999,MEDIUM,OFFICE SUPPLIES,PENS & ART SUPPLIES,REGULAR AIR
3015.494,0.08,2774.25448,18,251.54,8.99,2513.7244800000003,HIGH,TECHNOLOGY,TELEPHONES AND COMMUNICATION,REGULAR AIR
156.82,0.03,152.1154,27,-37.62,3.6,186.1354,MEDIUM,OFFICE SUPPLIES,"SCISSORS, RULERS AND TRIMMERS",REGULAR AIR
2510.71,0.01,2485.6029,50,3.6,19.99,2462.0129,HIGH,OFFICE SUPPLIES,APPLIANCES,EXPRESS AIR
1689.97,0.06,1588.5718,24,-564.74,60.0,2093.3118,CRITICAL,OFFICE SUPPLIES,APPLIANCES,DELIVERY TRUCK
988.42,0.09,899.4621999999999,37,253.94,6.27,639.2521999999999,LOW,OFFICE SUPPLIES,BINDERS AND BINDER ACCESSORIES,REGULAR AIR
101.25,0.05,96.1875,28,40.9,0.5,54.7875,HIGH,OFFICE SUPPLIES,LABELS,REGULAR AIR
67.88,0.08,62.4496,31,4.87,0.7,56.879599999999996,NOT SPECIFIED,OFFICE SUPPLIES,PENS & ART SUPPLIES,EXPRESS AIR
865.21,0.07,804.6453,42,-42.1,5.99,840.7553,MEDIUM,TECHNOLOGY,COMPUTER PERIPHERALS,REGULAR AIR
2660.6105,0.03,2580.792185,46,618.07,8.99,1953.7321849999998,LOW,TECHNOLOGY,TELEPHONES AND COMMUNICATION,REGULAR AIR
65.52,0.07,60.9336,10,-22.57,5.46,78.0436,MEDIUM,OFFICE SUPPLIES,PAPER,REGULAR AIR
441.99,0.08,406.6308,23,32.36,8.68,365.5908,LOW,OFFICE SUPPLIES,PAPER,EXPRESS AIR
245.19,0.03,237.83429999999998,34,37.99,2.35,197.49429999999998,LOW,OFFICE SUPPLIES,PENS & ART SUPPLIES,REGULAR AIR
1271.0475,0.0,1271.0475,41,-158.24,5.0,1424.2875,LOW,TECHNOLOGY,TELEPHONES AND COMMUNICATION,REGULAR AIR
112.03,0.05,106.4285,20,-57.99,5.74,158.6785,NOT SPECIFIED,OFFICE SUPPLIES,BINDERS AND BINDER ACCESSORIES,REGULAR AIR
1394.36,0.0,1394.36,30,271.45,8.99,1113.9199999999998,MEDIUM,OFFICE SUPPLIES,PENS & ART SUPPLIES,REGULAR AIR
375.74,0.05,356.95300000000003,25,-9.31,6.75,359.51300000000003,HIGH,OFFICE SUPPLIES,APPLIANCES,EXPRESS AIR
1095.11,0.1,985.5989999999999,36,-1286.43,45.51,2226.5190000000002,HIGH,FURNITURE,TABLES,DELIVERY TRUCK
124.65,0.01,123.40350000000001,6,13.34,5.21,104.85350000000001,NOT SPECIFIED,OFFICE SUPPLIES,PAPER,REGULAR AIR
3830.84,0.1,3447.7560000000003,14,635.33,23.19,2789.2360000000003,HIGH,OFFICE SUPPLIES,APPLIANCES,DELIVERY TRUCK
267.43,0.07,248.7099,22,-45.98,6.13,288.5599,HIGH,OFFICE SUPPLIES,STORAGE & ORGANIZATION,REGULAR AIR
137.38,0.06,129.1372,8,-11.39,1.99,138.5372,MEDIUM,TECHNOLOGY,COMPUTER PERIPHERALS,REGULAR AIR
296.82,0.07,276.0426,45,-120.37,6.65,389.7626,NOT SPECIFIED,OFFICE SUPPLIES,PAPER,REGULAR AIR
1801.95,0.03,1747.8915,28,-182.07,32.41,1897.5514999999998,MEDIUM,FURNITURE,CHAIRS & CHAIRMATS,DELIVERY TRUCK
116.69,0.02,114.3562,16,11.69,2.35,100.31620000000001,HIGH,OFFICE SUPPLIES,PENS & ART SUPPLIES,REGULAR AIR
210.9,0.03,204.573,32,-62.46,5.74,261.293,MEDIUM,OFFICE SUPPLIES,PAPER,REGULAR AIR
6768.16,0.03,6565.1152,44,907.49,6.5,5651.1252,CRITICAL,TECHNOLOGY,COMPUTER PERIPHERALS,REGULAR AIR
10.65,0.1,9.585,4,-0.64,0.5,9.725000000000001,CRITICAL,OFFICE SUPPLIES,LABELS,REGULAR AIR
149.64,0.05,142.158,9,13.77,5.08,123.30799999999998,LOW,OFFICE SUPPLIES,BINDERS AND BINDER ACCESSORIES,REGULAR AIR
570.24,0.01,564.5376,33,-57.83,11.28,611.0876000000001,MEDIUM,TECHNOLOGY,OFFICE MACHINES,REGULAR AIR
258.54,0.1,232.686,27,-16.3,4.82,244.16600000000003,CRITICAL,OFFICE SUPPLIES,PENS & ART SUPPLIES,REGULAR AIR
1972.884,0.04,1893.96864,19,140.91,7.69,1745.36864,CRITICAL,TECHNOLOGY,TELEPHONES AND COMMUNICATION,REGULAR AIR
75.74,0.1,68.166,28,13.23,0.99,53.946,HIGH,OFFICE SUPPLIES,LABELS,REGULAR AIR
1230.83,0.0,1230.83,38,75.5,6.5,1148.83,MEDIUM,TECHNOLOGY,COMPUTER PERIPHERALS,REGULAR AIR
169.93,0.04,163.1328,37,-114.35,5.74,271.7428,MEDIUM,OFFICE SUPPLIES,PAPER,REGULAR AIR
1176.944,0.1,1059.2495999999999,23,53.65,4.99,1000.6095999999999,MEDIUM,TECHNOLOGY,TELEPHONES AND COMMUNICATION,REGULAR AIR
1146.11,0.09,1042.9601,42,330.63,8.55,703.7801000000001,LOW,FURNITURE,OFFICE FURNISHINGS,REGULAR AIR
909.721,0.01,900.62379,29,287.99,5.99,606.64379,CRITICAL,TECHNOLOGY,TELEPHONES AND COMMUNICATION,REGULAR AIR
203.53,0.06,191.3182,31,-101.28,6.93,285.66819999999996,HIGH,OFFICE SUPPLIES,PAPER,REGULAR AIR
63.47,0.0,63.47,47,-19.92,0.7,82.69,HIGH,OFFICE SUPPLIES,RUBBER BANDS,REGULAR AIR
560.03,0.04,537.6288,26,-139.87,13.99,663.5088,CRITICAL,OFFICE SUPPLIES,APPLIANCES,REGULAR AIR
323.91,0.09,294.7581,11,-96.53,4.0,387.2881,MEDIUM,TECHNOLOGY,COMPUTER PERIPHERALS,REGULAR AIR
185.59,0.1,167.031,10,12.01,5.77,149.251,MEDIUM,OFFICE SUPPLIES,PAPER,REGULAR AIR
278.65,0.05,264.7175,33,-36.34,2.38,298.6775,NOT SPECIFIED,TECHNOLOGY,COMPUTER PERIPHERALS,EXPRESS AIR
642.42,0.03,623.1474,6,80.01,19.99,523.1474,MEDIUM,OFFICE SUPPLIES,PAPER,REGULAR AIR
866.73,0.1,780.057,43,-199.98,6.5,973.537,MEDIUM,TECHNOLOGY,COMPUTER PERIPHERALS,REGULAR AIR
2169.7525,0.02,2126.35745,26,374.75,8.99,1742.6174500000002,MEDIUM,TECHNOLOGY,TELEPHONES AND COMMUNICATION,REGULAR AIR
4488.2635,0.06,4218.96769,27,750.55,5.0,3463.41769,LOW,TECHNOLOGY,TELEPHONES AND COMMUNICATION,REGULAR AIR
102.5,0.1,92.25,16,13.84,1.5,76.91,HIGH,OFFICE SUPPLIES,PENS & ART SUPPLIES,REGULAR AIR
130.28,0.08,119.8576,28,56.97,0.5,62.387600000000006,CRITICAL,OFFICE SUPPLIES,LABELS,REGULAR AIR
273.38,0.06,256.9772,6,-170.91,16.71,411.17719999999997,HIGH,TECHNOLOGY,COMPUTER PERIPHERALS,EXPRESS AIR
179.66,0.01,177.86339999999998,8,-1.73,1.99,177.60339999999997,HIGH,TECHNOLOGY,COMPUTER PERIPHERALS,REGULAR AIR
540.64,0.02,529.8272,38,13.89,5.5,510.43719999999996,HIGH,OFFICE SUPPLIES,STORAGE & ORGANIZATION,REGULAR AIR
13.5,0.04,12.96,2,-7.9,1.67,19.19,HIGH,OFFICE SUPPLIES,PENS & ART SUPPLIES,REGULAR AIR
269.35,0.07,250.49550000000002,35,-14.99,3.68,261.8055,CRITICAL,FURNITURE,OFFICE FURNISHINGS,REGULAR AIR
68.94,0.0,68.94,8,-32.63,2.38,99.19,HIGH,TECHNOLOGY,COMPUTER PERIPHERALS,REGULAR AIR
74.04,0.03,71.81880000000001,10,-37.04,7.3,101.55880000000002,HIGH,OFFICE SUPPLIES,PAPER,REGULAR AIR
1104.28,0.08,1015.9376,29,359.75,1.99,654.1976,MEDIUM,TECHNOLOGY,COMPUTER PERIPHERALS,REGULAR AIR
174.81,0.07,162.5733,49,74.82,0.5,87.2533,MEDIUM,OFFICE SUPPLIES,LABELS,REGULAR AIR
89.51,0.02,87.7198,20,-61.99,5.26,144.4498,MEDIUM,OFFICE SUPPLIES,BINDERS AND BINDER ACCESSORIES,REGULAR AIR
175.99,0.1,158.39100000000002,48,77.3,0.5,80.59100000000002,HIGH,OFFICE SUPPLIES,LABELS,EXPRESS AIR
221.23,0.02,216.8054,33,-45.29,5.2,256.8954,HIGH,OFFICE SUPPLIES,PAPER,REGULAR AIR
262.29,0.09,238.68390000000002,15,7.26,5.03,226.39390000000003,CRITICAL,FURNITURE,OFFICE FURNISHINGS,REGULAR AIR
116.314,0.04,111.66144,2,-300.85,3.9,408.61144,CRITICAL,TECHNOLOGY,TELEPHONES AND COMMUNICATION,REGULAR AIR
402.49,0.0,402.49,32,41.79,5.63,355.07,NOT SPECIFIED,OFFICE SUPPLIES,BINDERS AND BINDER ACCESSORIES,REGULAR AIR
8213.37,0.02,8049.102600000001,27,1148.88,69.55,6830.672600000001,HIGH,FURNITURE,CHAIRS & CHAIRMATS,DELIVERY TRUCK
109.01,0.09,99.1991,32,8.45,1.63,89.1191,HIGH,OFFICE SUPPLIES,RUBBER BANDS,REGULAR AIR
138.88,0.05,131.936,12,-23.99,5.03,150.89600000000002,HIGH,OFFICE SUPPLIES,STORAGE & ORGANIZATION,REGULAR AIR
315.792,0.1,284.21279999999996,13,-105.77,8.59,381.39279999999997,CRITICAL,TECHNOLOGY,TELEPHONES AND COMMUNICATION,REGULAR AIR
61.76,0.0,61.76,21,4.34,0.93,56.489999999999995,LOW,OFFICE SUPPLIES,PENS & ART SUPPLIES,REGULAR AIR
11.76,0.1,10.584,3,-2.83,0.5,12.914,CRITICAL,OFFICE SUPPLIES,LABELS,REGULAR AIR
100.13,0.08,92.11959999999999,22,19.77,1.52,70.8296,CRITICAL,OFFICE SUPPLIES,PAPER,REGULAR AIR
198.43,0.01,196.44570000000002,29,-79.67,6.81,269.3057,NOT SPECIFIED,OFFICE SUPPLIES,PAPER,REGULAR AIR
756.7295,0.07,703.758435,42,64.78,4.81,634.168435,CRITICAL,TECHNOLOGY,TELEPHONES AND COMMUNICATION,REGULAR AIR
3676.96,0.09,3346.0336,38,1233.45,19.99,2092.5936,CRITICAL,OFFICE SUPPLIES,PAPER,EXPRESS AIR
3982.42,0.04,3823.1232,48,1560.82,6.13,2256.1732,LOW,TECHNOLOGY,COMPUTER PERIPHERALS,REGULAR AIR
4025.66,0.05,3824.377,32,-395.12,51.94,4167.557,LOW,FURNITURE,TABLES,DELIVERY TRUCK
1114.42,0.09,1014.1222,43,425.07,1.99,587.0622000000001,NOT SPECIFIED,TECHNOLOGY,COMPUTER PERIPHERALS,REGULAR AIR
753.75,0.1,678.375,23,31.17,7.73,639.475,LOW,OFFICE SUPPLIES,PENS & ART SUPPLIES,REGULAR AIR
839.07,0.06,788.7258,50,212.73,5.08,570.9158,LOW,OFFICE SUPPLIES,BINDERS AND BINDER ACCESSORIES,REGULAR AIR
3922.42,0.08,3608.6264,44,-354.9,39.61,3923.9164,LOW,FURNITURE,OFFICE FURNISHINGS,REGULAR AIR
1733.3625,0.07,1612.0271249999998,25,-267.01,0.99,1878.0471249999998,LOW,TECHNOLOGY,TELEPHONES AND COMMUNICATION,REGULAR AIR
1280.34,0.0,1280.34,36,-1048.25,45.51,2283.08,LOW,FURNITURE,TABLES,DELIVERY TRUCK
5643.49,0.05,5361.3155,45,-1857.06,70.2,7148.175499999999,LOW,FURNITURE,CHAIRS & CHAIRMATS,DELIVERY TRUCK
405.83,0.06,381.48019999999997,41,178.86,1.39,201.23019999999997,MEDIUM,OFFICE SUPPLIES,ENVELOPES,REGULAR AIR
5294.48,0.03,5135.6456,47,1521.31,5.81,3608.5255999999995,CRITICAL,FURNITURE,OFFICE FURNISHINGS,REGULAR AIR
2762.857,0.03,2679.97129,27,722.24,4.23,1953.50129,CRITICAL,TECHNOLOGY,TELEPHONES AND COMMUNICATION,REGULAR AIR
423.15,0.05,401.99249999999995,25,-47.28,7.78,441.49249999999995,CRITICAL,OFFICE SUPPLIES,PENS & ART SUPPLIES,REGULAR AIR
1130.806,0.04,1085.57376,21,95.15,4.99,985.43376,HIGH,TECHNOLOGY,TELEPHONES AND COMMUNICATION,REGULAR AIR
461.05,0.04,442.608,45,-38.39,6.22,474.77799999999996,LOW,FURNITURE,OFFICE FURNISHINGS,EXPRESS AIR
9501.624,0.07,8836.51032,43,-686.45,61.76,9461.20032,NOT SPECIFIED,FURNITURE,TABLES,DELIVERY TRUCK
205.32,0.08,188.8944,21,37.3,1.99,149.6044,CRITICAL,TECHNOLOGY,COMPUTER PERIPHERALS,EXPRESS AIR
807.6,0.0,807.6,47,214.3,5.08,588.22,CRITICAL,OFFICE SUPPLIES,BINDERS AND BINDER ACCESSORIES,REGULAR AIR
694.17,0.0,694.17,11,174.22,10.29,509.65999999999997,CRITICAL,OFFICE SUPPLIES,BINDERS AND BINDER ACCESSORIES,REGULAR AIR
76.61,0.09,69.7151,12,-31.83,5.29,96.2551,CRITICAL,FURNITURE,OFFICE FURNISHINGS,REGULAR AIR
257.66,0.05,244.77700000000002,41,-69.23,2.74,311.267,HIGH,TECHNOLOGY,COMPUTER PERIPHERALS,REGULAR AIR
287.22,0.06,269.9868,44,-72.93,5.41,337.5068,HIGH,OFFICE SUPPLIES,PAPER,REGULAR AIR
211.4,0.09,192.374,18,91.63,0.5,100.244,HIGH,OFFICE SUPPLIES,LABELS,REGULAR AIR
1148.0355,0.08,1056.19266,22,21.98,8.99,1025.22266,HIGH,TECHNOLOGY,TELEPHONES AND COMMUNICATION,EXPRESS AIR
2770.79,0.02,2715.3741999999997,29,109.39,30.0,2575.9842,NOT SPECIFIED,FURNITURE,CHAIRS & CHAIRMATS,DELIVERY TRUCK
5301.2,0.01,5248.188,47,1126.72,10.12,4111.348,MEDIUM,FURNITURE,OFFICE FURNISHINGS,REGULAR AIR
418.44,0.05,397.518,12,-407.17,45.51,759.178,MEDIUM,FURNITURE,TABLES,DELIVERY TRUCK
21.01,0.0,21.01,3,-9.69,5.02,25.68,HIGH,OFFICE SUPPLIES,PAPER,REGULAR AIR
270.25,0.02,264.845,14,100.9,1.49,162.455,NOT SPECIFIED,OFFICE SUPPLIES,BINDERS AND BINDER ACCESSORIES,REGULAR AIR
1152.63,0.03,1118.0511000000001,36,389.4,7.09,721.5611000000002,LOW,FURNITURE,OFFICE FURNISHINGS,REGULAR AIR
1483.44,0.04,1424.1024,38,439.77,1.99,982.3424,CRITICAL,TECHNOLOGY,COMPUTER PERIPHERALS,REGULAR AIR
7.56,0.1,6.803999999999999,4,-5.53,0.76,11.574,LOW,OFFICE SUPPLIES,RUBBER BANDS,REGULAR AIR
1710.65,0.01,1693.5435,40,782.01,2.99,908.5435,HIGH,OFFICE SUPPLIES,BINDERS AND BINDER ACCESSORIES,REGULAR AIR
85.62,0.07,79.6266,11,-81.22,11.15,149.6966,HIGH,OFFICE SUPPLIES,PAPER,REGULAR AIR
5441.06,0.06,5114.5964,19,-557.2,61.76,5610.0364,NOT SPECIFIED,FURNITURE,TABLES,DELIVERY TRUCK
70.45,0.1,63.405,40,-2.31,1.0,64.715,NOT SPECIFIED,OFFICE SUPPLIES,PENS & ART SUPPLIES,REGULAR AIR
129.18,0.04,124.01280000000001,8,-30.02,4.0,150.0328,CRITICAL,TECHNOLOGY,COMPUTER PERIPHERALS,REGULAR AIR
1016.26,0.06,955.2844,44,337.97,5.47,611.8444,CRITICAL,OFFICE SUPPLIES,PAPER,REGULAR AIR
382.65,0.03,371.1705,40,47.61,4.39,319.1705,CRITICAL,OFFICE SUPPLIES,PAPER,EXPRESS AIR
3559.613,0.0,3559.613,19,747.74,3.0,2808.8729999999996,CRITICAL,TECHNOLOGY,TELEPHONES AND COMMUNICATION,REGULAR AIR
61.0,0.08,56.12,9,-34.25,6.81,83.56,CRITICAL,OFFICE SUPPLIES,PAPER,REGULAR AIR
245.82,0.08,226.15439999999998,40,86.44,1.34,138.37439999999998,MEDIUM,OFFICE SUPPLIES,PAPER,REGULAR AIR
145.68,0.04,139.8528,39,12.0,1.61,126.24279999999999,CRITICAL,FURNITURE,OFFICE FURNISHINGS,REGULAR AIR
155.924,0.09,141.89084,8,-63.12,4.81,200.20084,CRITICAL,TECHNOLOGY,TELEPHONES AND COMMUNICATION,EXPRESS AIR
34.23,0.02,33.545399999999994,3,-9.5,7.86,35.185399999999994,HIGH,OFFICE SUPPLIES,PAPER,EXPRESS AIR
383.33,0.03,371.83009999999996,22,27.62,8.13,336.08009999999996,HIGH,OFFICE SUPPLIES,ENVELOPES,REGULAR AIR
7647.97,0.05,7265.5715,47,-1014.01,35.0,8244.5815,NOT SPECIFIED,OFFICE SUPPLIES,STORAGE & ORGANIZATION,EXPRESS AIR
6861.8545,0.07,6381.524685,43,1754.08,3.99,4623.454685000001,NOT SPECIFIED,TECHNOLOGY,TELEPHONES AND COMMUNICATION,REGULAR AIR
44.84,0.09,40.8044,3,37.74,5.3,-2.235599999999998,MEDIUM,FURNITURE,OFFICE FURNISHINGS,REGULAR AIR
1281.1795,0.02,1255.55591,13,-26.62,5.92,1276.2559099999999,MEDIUM,TECHNOLOGY,TELEPHONES AND COMMUNICATION,REGULAR AIR
710.33,0.09,646.4003,38,62.53,9.03,574.8403000000001,MEDIUM,OFFICE SUPPLIES,PAPER,EXPRESS AIR
1504.01,0.05,1428.8095,42,211.04,14.72,1203.0495,MEDIUM,OFFICE SUPPLIES,ENVELOPES,REGULAR AIR
500.48,0.08,460.4416,45,-48.2,5.03,503.6116,LOW,OFFICE SUPPLIES,STORAGE & ORGANIZATION,REGULAR AIR
163.62,0.0,163.62,13,16.34,5.43,141.85,MEDIUM,OFFICE SUPPLIES,PAPER,REGULAR AIR
887.98,0.04,852.4608000000001,22,239.94,9.83,602.6908000000001,CRITICAL,OFFICE SUPPLIES,ENVELOPES,REGULAR AIR
470.39,0.08,432.7588,19,-147.99,5.89,574.8588,NOT SPECIFIED,TECHNOLOGY,COMPUTER PERIPHERALS,REGULAR AIR
15.04,0.02,14.739199999999999,2,-6.12,0.49,20.3692,NOT SPECIFIED,OFFICE SUPPLIES,LABELS,REGULAR AIR
312.05,0.04,299.568,42,-342.38,11.51,630.438,HIGH,OFFICE SUPPLIES,BINDERS AND BINDER ACCESSORIES,REGULAR AIR
606.91,0.09,552.2881,29,-271.77,11.52,812.5381,MEDIUM,OFFICE SUPPLIES,STORAGE & ORGANIZATION,REGULAR AIR
91.94,0.01,91.0206,23,-10.11,2.0,99.1306,CRITICAL,OFFICE SUPPLIES,RUBBER BANDS,REGULAR AIR
377.03,0.06,354.40819999999997,6,-78.82,6.88,426.34819999999996,CRITICAL,OFFICE SUPPLIES,STORAGE & ORGANIZATION,REGULAR AIR
8221.2935,0.06,7728.01589,50,2342.21,4.2,5381.60589,HIGH,TECHNOLOGY,TELEPHONES AND COMMUNICATION,REGULAR AIR
76.85,0.1,69.16499999999999,18,-64.08,5.41,127.835,LOW,OFFICE SUPPLIES,BINDERS AND BINDER ACCESSORIES,REGULAR AIR
6356.68,0.03,6165.979600000001,50,1812.86,12.65,4340.469600000001,LOW,FURNITURE,CHAIRS & CHAIRMATS,REGULAR AIR
193.15,0.09,175.7665,47,27.76,0.94,147.06650000000002,LOW,OFFICE SUPPLIES,PENS & ART SUPPLIES,REGULAR AIR
170.82,0.0,170.82,41,85.45,0.5,84.86999999999999,NOT SPECIFIED,OFFICE SUPPLIES,LABELS,EXPRESS AIR
82.09,0.02,80.4482,36,11.44,1.0,68.0082,NOT SPECIFIED,OFFICE SUPPLIES,PENS & ART SUPPLIES,REGULAR AIR
299.85,0.03,290.85450000000003,44,-260.8,10.05,541.6045,MEDIUM,OFFICE SUPPLIES,PAPER,EXPRESS AIR
63.53,0.1,57.177,36,-2.51,0.79,58.897,CRITICAL,OFFICE SUPPLIES,RUBBER BANDS,REGULAR AIR
48.05,0.01,47.5695,6,-11.34,5.2,53.70949999999999,NOT SPECIFIED,OFFICE SUPPLIES,PAPER,REGULAR AIR
1158.26,0.06,1088.7644,7,170.08,19.99,898.6944,HIGH,OFFICE SUPPLIES,BINDERS AND BINDER ACCESSORIES,REGULAR AIR
3373.7095,0.01,3339.972405,34,861.72,8.99,2469.2624050000004,CRITICAL,TECHNOLOGY,TELEPHONES AND COMMUNICATION,REGULAR AIR
812.21,0.06,763.4774,41,-128.02,14.39,877.1074,HIGH,FURNITURE,OFFICE FURNISHINGS,EXPRESS AIR
15.61,0.03,15.1417,7,-5.19,1.49,18.8417,LOW,OFFICE SUPPLIES,BINDERS AND BINDER ACCESSORIES,REGULAR AIR
47.11,0.0,47.11,18,-95.42,7.09,135.44,LOW,OFFICE SUPPLIES,PAPER,REGULAR AIR
3451.85,0.05,3279.2574999999997,39,1264.75,14.0,2000.5074999999997,CRITICAL,TECHNOLOGY,OFFICE MACHINES,DELIVERY TRUCK
54.59,0.0,54.59,11,-47.18,6.89,94.88,CRITICAL,OFFICE SUPPLIES,LABELS,REGULAR AIR
597.04,0.05,567.188,35,-157.42,7.04,717.568,CRITICAL,OFFICE SUPPLIES,STORAGE & ORGANIZATION,REGULAR AIR
32.31,0.09,29.4021,8,-33.59,5.47,57.52210000000001,HIGH,OFFICE SUPPLIES,BINDERS AND BINDER ACCESSORIES,REGULAR AIR
57.9,0.03,56.163,6,-48.14,11.51,92.793,HIGH,OFFICE SUPPLIES,BINDERS AND BINDER ACCESSORIES,REGULAR AIR
562.95,0.06,529.173,46,147.12,2.85,379.203,HIGH,FURNITURE,OFFICE FURNISHINGS,REGULAR AIR
298.52,0.0,298.52,9,73.19,5.76,219.57,HIGH,OFFICE SUPPLIES,PAPER,REGULAR AIR
667.35,0.04,640.6560000000001,34,80.92,8.68,551.0560000000002,HIGH,OFFICE SUPPLIES,PAPER,REGULAR AIR
285.01,0.01,282.1599,35,124.82,1.39,155.9499,LOW,OFFICE SUPPLIES,ENVELOPES,EXPRESS AIR
138.67,0.08,127.57639999999999,12,-9.72,5.63,131.6664,NOT SPECIFIED,OFFICE SUPPLIES,BINDERS AND BINDER ACCESSORIES,REGULAR AIR
506.84,0.02,496.7032,16,-38.32,6.5,528.5232,NOT SPECIFIED,TECHNOLOGY,COMPUTER PERIPHERALS,REGULAR AIR
679.65,0.0,679.65,43,31.2,8.4,640.05,CRITICAL,OFFICE SUPPLIES,BINDERS AND BINDER ACCESSORIES,REGULAR AIR
412.62,0.08,379.6104,43,175.54,1.39,202.68040000000005,HIGH,OFFICE SUPPLIES,ENVELOPES,REGULAR AIR
3830.14,0.1,3447.1259999999997,14,202.25,7.18,3237.696,MEDIUM,TECHNOLOGY,COMPUTER PERIPHERALS,REGULAR AIR
1559.86,0.06,1466.2684,40,672.37,3.04,790.8584,MEDIUM,FURNITURE,OFFICE FURNISHINGS,REGULAR AIR
74.87,0.02,73.3726,10,-43.97,8.19,109.1526,CRITICAL,OFFICE SUPPLIES,PAPER,REGULAR AIR
3931.318,0.06,3695.43892,42,1025.45,4.23,2665.75892,CRITICAL,TECHNOLOGY,TELEPHONES AND COMMUNICATION,REGULAR AIR
3206.965,0.08,2950.4078,31,575.33,7.69,2367.3878,MEDIUM,TECHNOLOGY,TELEPHONES AND COMMUNICATION,REGULAR AIR
215.76,0.09,196.3416,21,-97.75,7.46,286.6316,CRITICAL,OFFICE SUPPLIES,STORAGE & ORGANIZATION,REGULAR AIR
75.03,0.02,73.5294,22,-31.52,1.92,103.12939999999999,LOW,OFFICE SUPPLIES,"SCISSORS, RULERS AND TRIMMERS",REGULAR AIR
294.91,0.03,286.0627,23,-37.27,6.27,317.0627,HIGH,OFFICE SUPPLIES,STORAGE & ORGANIZATION,REGULAR AIR
131.65,0.01,130.33350000000002,24,67.41,0.5,62.42350000000002,MEDIUM,OFFICE SUPPLIES,LABELS,EXPRESS AIR
750.39,0.04,720.3744,23,133.71,11.63,575.0344,CRITICAL,OFFICE SUPPLIES,BINDERS AND BINDER ACCESSORIES,REGULAR AIR
18.46,0.06,17.3524,4,-0.43,0.5,17.2824,CRITICAL,OFFICE SUPPLIES,LABELS,REGULAR AIR
838.4,0.02,821.632,47,-132.91,9.47,945.0719999999999,MEDIUM,OFFICE SUPPLIES,STORAGE & ORGANIZATION,EXPRESS AIR
48.04,0.09,43.7164,7,-23.28,5.94,61.056400000000004,LOW,OFFICE SUPPLIES,PAPER,REGULAR AIR
130.38,0.08,119.94959999999999,18,31.52,1.71,86.7196,MEDIUM,OFFICE SUPPLIES,PAPER,REGULAR AIR
333.68,0.01,330.3432,19,81.96,1.99,246.39320000000004,MEDIUM,TECHNOLOGY,COMPUTER PERIPHERALS,REGULAR AIR
6654.39,0.1,5988.951,30,1151.69,24.49,4812.771000000001,LOW,FURNITURE,CHAIRS & CHAIRMATS,REGULAR AIR
1532.482,0.1,1379.2338,15,-43.0,8.99,1413.2438,NOT SPECIFIED,TECHNOLOGY,TELEPHONES AND COMMUNICATION,REGULAR AIR
283.57,0.02,277.8986,7,71.21,5.08,201.60860000000002,NOT SPECIFIED,OFFICE SUPPLIES,PAPER,REGULAR AIR
3674.08,0.01,3637.3392,23,112.44,30.0,3494.8992,NOT SPECIFIED,FURNITURE,CHAIRS & CHAIRMATS,DELIVERY TRUCK
1413.89,0.01,1399.7511000000002,46,-40.72,13.99,1426.4811000000002,NOT SPECIFIED,OFFICE SUPPLIES,STORAGE & ORGANIZATION,EXPRESS AIR
61.7185,0.03,59.866945,2,-164.04,1.1,222.80694499999998,NOT SPECIFIED,TECHNOLOGY,TELEPHONES AND COMMUNICATION,REGULAR AIR
1556.61,0.06,1463.2133999999999,17,-485.55,35.0,1913.7633999999998,HIGH,OFFICE SUPPLIES,STORAGE & ORGANIZATION,REGULAR AIR
645.14,0.1,580.626,49,-26.32,5.5,601.446,HIGH,OFFICE SUPPLIES,STORAGE & ORGANIZATION,REGULAR AIR
4851.5025,0.01,4802.987475,44,1371.67,7.69,3423.6274750000002,HIGH,TECHNOLOGY,TELEPHONES AND COMMUNICATION,REGULAR AIR
862.64,0.08,793.6288,20,320.81,2.99,469.82879999999994,CRITICAL,OFFICE SUPPLIES,BINDERS AND BINDER ACCESSORIES,REGULAR AIR
2123.64,0.03,2059.9308,43,1013.77,5.86,1040.3008,CRITICAL,OFFICE SUPPLIES,PAPER,REGULAR AIR
2968.66,0.07,2760.8538,46,1077.49,14.48,1668.8837999999998,HIGH,FURNITURE,OFFICE FURNISHINGS,REGULAR AIR
208.28,0.07,193.7004,19,3.63,5.43,184.6404,HIGH,OFFICE SUPPLIES,PAPER,REGULAR AIR
4429.69,0.03,4296.7993,21,983.55,24.49,3288.7592999999997,LOW,TECHNOLOGY,COPIERS AND FAX,EXPRESS AIR
63.96,0.05,60.762,33,-13.71,1.49,72.982,NOT SPECIFIED,OFFICE SUPPLIES,BINDERS AND BINDER ACCESSORIES,REGULAR AIR
177.23,0.07,164.82389999999998,23,4.94,3.12,156.76389999999998,NOT SPECIFIED,OFFICE SUPPLIES,PENS & ART SUPPLIES,REGULAR AIR
14.74,0.06,13.8556,3,-2.72,1.22,15.3556,NOT SPECIFIED,OFFICE SUPPLIES,PAPER,REGULAR AIR
117.68,0.09,107.0888,43,12.47,0.7,93.9188,NOT SPECIFIED,OFFICE SUPPLIES,PENS & ART SUPPLIES,EXPRESS AIR
202.89,0.07,188.68769999999998,32,-201.91,10.05,380.54769999999996,CRITICAL,OFFICE SUPPLIES,PAPER,REGULAR AIR
535.57,0.05,508.79150000000004,21,131.05,8.99,368.7515,LOW,FURNITURE,OFFICE FURNISHINGS,REGULAR AIR
452.39,0.08,416.1988,26,-22.83,8.17,430.8588,MEDIUM,OFFICE SUPPLIES,APPLIANCES,REGULAR AIR
117.13,0.0,117.13,5,-70.47,4.0,183.6,MEDIUM,TECHNOLOGY,COMPUTER PERIPHERALS,REGULAR AIR
73.7,0.06,69.278,9,1.42,4.0,63.858000000000004,CRITICAL,FURNITURE,OFFICE FURNISHINGS,EXPRESS AIR
71.24,0.03,69.1028,10,2.78,3.1,63.22280000000001,CRITICAL,OFFICE SUPPLIES,PAPER,REGULAR AIR
239.35,0.05,227.3825,42,78.96,1.39,147.03250000000003,HIGH,OFFICE SUPPLIES,ENVELOPES,REGULAR AIR
1616.66,0.0,1616.66,15,112.58,56.22,1447.8600000000001,CRITICAL,FURNITURE,BOOKCASES,DELIVERY TRUCK
237.15,0.0,237.15,46,123.02,0.5,113.63000000000001,MEDIUM,OFFICE SUPPLIES,LABELS,REGULAR AIR
179.22,0.01,177.4278,22,-139.9,11.15,306.1778,MEDIUM,OFFICE SUPPLIES,PAPER,REGULAR AIR
71.86,0.1,64.674,10,-35.52,6.93,93.26400000000001,MEDIUM,OFFICE SUPPLIES,PAPER,REGULAR AIR
6589.304,0.02,6457.51792,30,912.48,66.67,5478.367920000001,HIGH,FURNITURE,TABLES,DELIVERY TRUCK
136.5,0.05,129.675,38,-216.66,7.49,338.845,LOW,OFFICE SUPPLIES,PENS & ART SUPPLIES,REGULAR AIR
250.376,0.01,247.87224,6,-131.85,4.99,374.73224,MEDIUM,TECHNOLOGY,TELEPHONES AND COMMUNICATION,REGULAR AIR
230.97,0.08,212.4924,37,-173.73,8.19,378.0324,MEDIUM,OFFICE SUPPLIES,PAPER,REGULAR AIR
684.66,0.07,636.7338,34,35.09,10.49,591.1537999999999,HIGH,FURNITURE,OFFICE FURNISHINGS,EXPRESS AIR
723.17,0.09,658.0847,46,-154.11,12.39,799.8047,MEDIUM,OFFICE SUPPLIES,ENVELOPES,REGULAR AIR
324.28,0.07,301.5804,23,20.43,3.5,277.6504,NOT SPECIFIED,OFFICE SUPPLIES,APPLIANCES,REGULAR AIR
546.01,0.01,540.5499,32,133.56,5.08,401.90989999999994,CRITICAL,OFFICE SUPPLIES,BINDERS AND BINDER ACCESSORIES,REGULAR AIR
24.77,0.1,22.293,4,-17.07,5.68,33.683,NOT SPECIFIED,OFFICE SUPPLIES,BINDERS AND BINDER ACCESSORIES,REGULAR AIR
3832.37,0.01,3794.0463,36,1322.07,5.81,2466.1663,NOT SPECIFIED,FURNITURE,OFFICE FURNISHINGS,REGULAR AIR
75.68,0.08,69.6256,45,-4.04,0.75,72.91560000000001,NOT SPECIFIED,OFFICE SUPPLIES,RUBBER BANDS,REGULAR AIR
100.34,0.0,100.34,25,-88.19,5.47,183.06,NOT SPECIFIED,OFFICE SUPPLIES,BINDERS AND BINDER ACCESSORIES,REGULAR AIR
163.14,0.07,151.72019999999998,7,-37.5,8.99,180.23019999999997,CRITICAL,OFFICE SUPPLIES,PENS & ART SUPPLIES,REGULAR AIR
42.66,0.09,38.8206,7,-30.74,6.89,62.67059999999999,LOW,OFFICE SUPPLIES,APPLIANCES,EXPRESS AIR
655.58,0.01,649.0242000000001,18,250.67,5.09,393.2642000000001,LOW,OFFICE SUPPLIES,PAPER,REGULAR AIR
2531.35,0.09,2303.5285,28,415.55,28.0,1859.9785,HIGH,TECHNOLOGY,OFFICE MACHINES,DELIVERY TRUCK
1465.33,0.01,1450.6767,12,-66.38,30.0,1487.0567,LOW,FURNITURE,CHAIRS & CHAIRMATS,DELIVERY TRUCK
187.18,0.09,170.3338,31,28.91,1.67,139.7538,NOT SPECIFIED,OFFICE SUPPLIES,PENS & ART SUPPLIES,EXPRESS AIR
104.21,0.04,100.04159999999999,36,15.19,0.7,84.15159999999999,NOT SPECIFIED,OFFICE SUPPLIES,PENS & ART SUPPLIES,REGULAR AIR
50.8,0.09,46.227999999999994,14,16.79,0.5,28.937999999999995,NOT SPECIFIED,OFFICE SUPPLIES,LABELS,REGULAR AIR
750.89,0.07,698.3276999999999,37,-1176.28,35.0,1839.6077,NOT SPECIFIED,OFFICE SUPPLIES,STORAGE & ORGANIZATION,EXPRESS AIR
67.73,0.1,60.957,17,2.44,0.94,57.577000000000005,CRITICAL,OFFICE SUPPLIES,PENS & ART SUPPLIES,REGULAR AIR
854.23,0.01,845.6877000000001,41,67.14,6.32,772.2277,LOW,OFFICE SUPPLIES,APPLIANCES,REGULAR AIR
6427.258,0.08,5913.077359999999,38,1636.41,2.5,4274.1673599999995,LOW,TECHNOLOGY,TELEPHONES AND COMMUNICATION,REGULAR AIR
47.91,0.09,43.598099999999995,26,-58.83,2.58,99.84809999999999,LOW,OFFICE SUPPLIES,RUBBER BANDS,REGULAR AIR
177.06,0.1,159.354,21,-100.61,7.77,252.19400000000002,NOT SPECIFIED,OFFICE SUPPLIES,"SCISSORS, RULERS AND TRIMMERS",REGULAR AIR
22.45,0.03,21.7765,15,0.78,0.7,20.296499999999998,CRITICAL,OFFICE SUPPLIES,RUBBER BANDS,REGULAR AIR
477.16,0.02,467.6168,31,204.18,1.97,261.4668,LOW,OFFICE SUPPLIES,PAPER,REGULAR AIR
663.24,0.01,656.6076,30,76.33,6.32,573.9576,LOW,OFFICE SUPPLIES,APPLIANCES,REGULAR AIR
238.08,0.07,221.4144,35,31.65,2.99,186.77439999999999,LOW,OFFICE SUPPLIES,BINDERS AND BINDER ACCESSORIES,REGULAR AIR
174.3,0.08,160.35600000000002,14,75.58,0.5,84.27600000000002,LOW,OFFICE SUPPLIES,LABELS,REGULAR AIR
991.36,0.1,892.224,19,-103.11,19.99,975.344,LOW,OFFICE SUPPLIES,STORAGE & ORGANIZATION,REGULAR AIR
803.11,0.08,738.8612,33,-237.13,14.36,961.6312,CRITICAL,FURNITURE,CHAIRS & CHAIRMATS,DELIVERY TRUCK
22.6,0.04,21.696,3,-4.63,3.04,23.286,MEDIUM,OFFICE SUPPLIES,PAPER,EXPRESS AIR
918.7395,0.06,863.61513,9,-303.56,7.69,1159.48513,MEDIUM,TECHNOLOGY,TELEPHONES AND COMMUNICATION,EXPRESS AIR
7765.13,0.06,7299.2222,44,433.63,55.24,6810.3522,MEDIUM,OFFICE SUPPLIES,APPLIANCES,DELIVERY TRUCK
1247.8595,0.01,1235.380905,11,-55.8,8.99,1282.190905,HIGH,TECHNOLOGY,TELEPHONES AND COMMUNICATION,REGULAR AIR
3760.3065,0.05,3572.2911750000003,22,593.18,8.99,2970.1211750000007,LOW,TECHNOLOGY,TELEPHONES AND COMMUNICATION,REGULAR AIR
318.94,0.1,287.046,45,-195.6,5.53,477.116,NOT SPECIFIED,TECHNOLOGY,COMPUTER PERIPHERALS,REGULAR AIR
1093.6355,0.05,1038.953725,15,119.17,0.99,918.7937250000001,HIGH,TECHNOLOGY,TELEPHONES AND COMMUNICATION,REGULAR AIR
325.58,0.06,306.04519999999997,18,152.28,3.62,150.14519999999996,HIGH,FURNITURE,OFFICE FURNISHINGS,REGULAR AIR
458.8,0.0,458.8,9,305.87,6.77,146.16000000000003,HIGH,FURNITURE,OFFICE FURNISHINGS,REGULAR AIR
267.06,0.02,261.7188,10,76.47,2.99,182.25879999999998,MEDIUM,OFFICE SUPPLIES,BINDERS AND BINDER ACCESSORIES,REGULAR AIR
82.98,0.09,75.51180000000001,22,13.82,1.3,60.39180000000001,MEDIUM,OFFICE SUPPLIES,PAPER,REGULAR AIR
1610.29,0.04,1545.8784,11,221.38,13.99,1310.5084000000002,NOT SPECIFIED,TECHNOLOGY,OFFICE MACHINES,REGULAR AIR
4242.76,0.07,3945.7668000000003,21,340.88,24.49,3580.3968000000004,CRITICAL,TECHNOLOGY,COPIERS AND FAX,REGULAR AIR
2435.32,0.09,2216.1412,44,650.56,3.5,1562.0812,CRITICAL,OFFICE SUPPLIES,APPLIANCES,REGULAR AIR
617.51,0.01,611.3349,30,98.1,9.03,504.20489999999995,NOT SPECIFIED,OFFICE SUPPLIES,PAPER,REGULAR AIR
278.83,0.03,270.4651,23,35.16,4.86,230.4451,NOT SPECIFIED,OFFICE SUPPLIES,PAPER,REGULAR AIR
1605.22,0.05,1524.959,46,230.03,7.73,1287.199,NOT SPECIFIED,OFFICE SUPPLIES,PENS & ART SUPPLIES,EXPRESS AIR
357.01,0.01,353.43989999999997,41,64.5,1.99,286.94989999999996,MEDIUM,TECHNOLOGY,COMPUTER PERIPHERALS,REGULAR AIR
632.05,0.09,575.1655,20,-626.61,35.0,1166.7755,HIGH,OFFICE SUPPLIES,STORAGE & ORGANIZATION,REGULAR AIR
600.86,0.09,546.7826,12,-82.67,5.5,623.9526,LOW,TECHNOLOGY,COMPUTER PERIPHERALS,REGULAR AIR
17.06,0.03,16.548199999999998,5,-7.54,2.03,22.0582,LOW,OFFICE SUPPLIES,PENS & ART SUPPLIES,REGULAR AIR
1198.1,0.02,1174.138,23,187.19,19.99,966.9579999999999,HIGH,FURNITURE,OFFICE FURNISHINGS,REGULAR AIR
276.3,0.02,270.774,49,14.84,2.99,252.944,CRITICAL,OFFICE SUPPLIES,BINDERS AND BINDER ACCESSORIES,REGULAR AIR
120.52,0.06,113.2888,15,43.92,1.25,68.1188,CRITICAL,OFFICE SUPPLIES,PAPER,REGULAR AIR
2269.01,0.02,2223.6298,42,-19.37,19.99,2223.0098000000003,CRITICAL,OFFICE SUPPLIES,STORAGE & ORGANIZATION,REGULAR AIR
14.4,0.1,12.96,1,-7.39,2.85,17.5,HIGH,FURNITURE,OFFICE FURNISHINGS,REGULAR AIR
2893.31,0.1,2603.979,31,937.64,13.99,1652.3490000000002,NOT SPECIFIED,TECHNOLOGY,OFFICE MACHINES,REGULAR AIR
3923.27,0.03,3805.5719,25,-85.86,60.0,3831.4319,NOT SPECIFIED,FURNITURE,TABLES,DELIVERY TRUCK
2332.5955,0.07,2169.313815,24,366.86,5.92,1796.5338149999998,HIGH,TECHNOLOGY,TELEPHONES AND COMMUNICATION,REGULAR AIR
575.11,0.02,563.6078,29,71.75,9.03,482.8278,HIGH,OFFICE SUPPLIES,PAPER,REGULAR AIR
236.46,0.05,224.637,23,-134.31,9.45,349.497,HIGH,OFFICE SUPPLIES,STORAGE & ORGANIZATION,REGULAR AIR
197.56,0.02,193.6088,39,-119.86,5.71,307.7588,NOT SPECIFIED,FURNITURE,OFFICE FURNISHINGS,REGULAR AIR
142.44,0.06,133.8936,5,-22.12,6.17,149.84359999999998,NOT SPECIFIED,OFFICE SUPPLIES,PENS & ART SUPPLIES,REGULAR AIR
186.02,0.01,184.15980000000002,17,16.48,5.16,162.51980000000003,NOT SPECIFIED,FURNITURE,OFFICE FURNISHINGS,REGULAR AIR
967.78,0.04,929.0688,38,369.33,2.99,556.7488000000001,CRITICAL,OFFICE SUPPLIES,BINDERS AND BINDER ACCESSORIES,REGULAR AIR
3041.33,0.02,2980.5034,23,-260.41,30.0,3210.9134,CRITICAL,FURNITURE,CHAIRS & CHAIRMATS,DELIVERY TRUCK
92.06,0.1,82.854,16,5.66,2.5,74.694,HIGH,OFFICE SUPPLIES,ENVELOPES,REGULAR AIR
199.62,0.01,197.62380000000002,33,42.34,1.2,154.08380000000002,HIGH,OFFICE SUPPLIES,PENS & ART SUPPLIES,REGULAR AIR
314.21,0.0,314.21,49,49.77,3.04,261.4,NOT SPECIFIED,OFFICE SUPPLIES,PAPER,REGULAR AIR
1347.63,0.07,1253.2959,48,562.89,1.99,688.4159000000001,NOT SPECIFIED,TECHNOLOGY,COMPUTER PERIPHERALS,REGULAR AIR
120.22,0.07,111.8046,8,52.69,5.0,54.114599999999996,MEDIUM,FURNITURE,OFFICE FURNISHINGS,REGULAR AIR
66.09,0.09,60.14190000000001,23,13.71,0.99,45.441900000000004,MEDIUM,OFFICE SUPPLIES,LABELS,REGULAR AIR
1753.958,0.06,1648.72052,31,382.39,5.92,1260.41052,MEDIUM,TECHNOLOGY,TELEPHONES AND COMMUNICATION,REGULAR AIR
497.4,0.05,472.53,33,37.9,8.99,425.64,HIGH,FURNITURE,OFFICE FURNISHINGS,REGULAR AIR
3232.68,0.03,3135.6996,31,875.45,13.99,2246.2596000000003,HIGH,FURNITURE,OFFICE FURNISHINGS,REGULAR AIR
4965.384,0.0,4965.384,48,-175.46,51.94,5088.904,HIGH,FURNITURE,TABLES,DELIVERY TRUCK
358.4195,0.09,326.161745,8,-275.06,2.5,598.721745,HIGH,TECHNOLOGY,TELEPHONES AND COMMUNICATION,EXPRESS AIR
4617.336,0.09,4201.77576,46,978.35,7.69,3215.735760000001,HIGH,TECHNOLOGY,TELEPHONES AND COMMUNICATION,REGULAR AIR
236.99,0.06,222.7706,35,-95.79,6.74,311.8206,HIGH,OFFICE SUPPLIES,PAPER,REGULAR AIR
196.5,0.08,180.78,40,-99.76,4.97,275.57,HIGH,OFFICE SUPPLIES,BINDERS AND BINDER ACCESSORIES,REGULAR AIR
89.71,0.04,86.1216,35,20.71,0.8,64.61160000000001,MEDIUM,OFFICE SUPPLIES,RUBBER BANDS,REGULAR AIR
303.1865,0.02,297.12277,17,92.59,0.99,203.54277,MEDIUM,TECHNOLOGY,TELEPHONES AND COMMUNICATION,REGULAR AIR
1703.8505,0.0,1703.8505,28,316.06,8.99,1378.8005,MEDIUM,TECHNOLOGY,TELEPHONES AND COMMUNICATION,REGULAR AIR
187.37,0.09,170.5067,6,-125.96,5.5,290.9667,CRITICAL,TECHNOLOGY,COMPUTER PERIPHERALS,REGULAR AIR
356.09,0.05,338.28549999999996,23,155.82,1.39,181.07549999999998,LOW,OFFICE SUPPLIES,ENVELOPES,REGULAR AIR
162.58,0.0,162.58,31,-109.86,4.93,267.51,HIGH,TECHNOLOGY,COMPUTER PERIPHERALS,REGULAR AIR
6815.23,0.0,6815.23,44,-196.07,39.25,6972.049999999999,HIGH,FURNITURE,TABLES,DELIVERY TRUCK
496.15,0.03,481.2655,23,213.38,1.49,266.39549999999997,LOW,OFFICE SUPPLIES,BINDERS AND BINDER ACCESSORIES,REGULAR AIR
566.53,0.06,532.5382,9,-209.6,30.0,712.1382,CRITICAL,FURNITURE,CHAIRS & CHAIRMATS,DELIVERY TRUCK
486.43,0.0,486.43,15,285.35,3.92,197.15999999999997,MEDIUM,FURNITURE,OFFICE FURNISHINGS,REGULAR AIR
144.95,0.08,133.35399999999998,7,10.82,5.86,116.67399999999998,MEDIUM,OFFICE SUPPLIES,PAPER,EXPRESS AIR
46.97,0.03,45.5609,8,-0.01,1.2,44.37089999999999,HIGH,OFFICE SUPPLIES,PENS & ART SUPPLIES,REGULAR AIR
131.71,0.1,118.539,20,-44.0,5.74,156.799,NOT SPECIFIED,OFFICE SUPPLIES,PAPER,REGULAR AIR
271.06,0.0,271.06,45,-76.6,5.01,342.65,CRITICAL,OFFICE SUPPLIES,BINDERS AND BINDER ACCESSORIES,REGULAR AIR
75.26,0.01,74.5074,9,-17.24,5.83,85.9174,CRITICAL,OFFICE SUPPLIES,PAPER,REGULAR AIR
1211.72,0.04,1163.2512,12,587.84,8.99,566.4211999999999,CRITICAL,FURNITURE,OFFICE FURNISHINGS,REGULAR AIR
407.116,0.08,374.54672,7,-289.81,19.99,644.36672,CRITICAL,TECHNOLOGY,TELEPHONES AND COMMUNICATION,REGULAR AIR
58.84,0.05,55.898,6,4.29,3.72,47.888000000000005,CRITICAL,FURNITURE,OFFICE FURNISHINGS,REGULAR AIR
69.06,0.0,69.06,21,28.47,0.5,40.09,MEDIUM,OFFICE SUPPLIES,LABELS,REGULAR AIR
84.01,0.08,77.28920000000001,50,-4.17,0.75,80.70920000000001,MEDIUM,OFFICE SUPPLIES,RUBBER BANDS,REGULAR AIR
592.92,0.02,581.0616,34,-44.92,8.34,617.6415999999999,MEDIUM,OFFICE SUPPLIES,STORAGE & ORGANIZATION,EXPRESS AIR
106.1,0.09,96.55099999999999,15,-65.67,8.19,154.031,CRITICAL,OFFICE SUPPLIES,PAPER,EXPRESS AIR
149.0,0.06,140.06,28,-119.48,7.44,252.10000000000002,CRITICAL,OFFICE SUPPLIES,PAPER,REGULAR AIR
334.29,0.01,330.94710000000003,49,-157.28,7.37,480.85710000000006,CRITICAL,OFFICE SUPPLIES,PAPER,REGULAR AIR
454.09,0.1,408.681,17,29.7,6.17,372.811,CRITICAL,OFFICE SUPPLIES,PENS & ART SUPPLIES,REGULAR AIR
124.01,0.08,114.0892,39,-109.02,3.97,219.13920000000002,NOT SPECIFIED,OFFICE SUPPLIES,PENS & ART SUPPLIES,REGULAR AIR
1836.84,0.09,1671.5244,49,129.95,8.99,1532.5844,NOT SPECIFIED,OFFICE SUPPLIES,PENS & ART SUPPLIES,EXPRESS AIR
272.01,0.01,269.2899,40,-42.45,5.14,306.5999,CRITICAL,OFFICE SUPPLIES,PAPER,REGULAR AIR
171.5,0.02,168.07,16,-20.41,4.68,183.79999999999998,CRITICAL,OFFICE SUPPLIES,"SCISSORS, RULERS AND TRIMMERS",REGULAR AIR
195.61,0.0,195.61,23,-17.02,5.83,206.8,CRITICAL,OFFICE SUPPLIES,PAPER,REGULAR AIR
82.98,0.08,76.3416,36,-137.87,5.2,209.0116,NOT SPECIFIED,OFFICE SUPPLIES,PENS & ART SUPPLIES,REGULAR AIR
197.45,0.06,185.60299999999998,34,65.44,1.39,118.773,NOT SPECIFIED,OFFICE SUPPLIES,ENVELOPES,REGULAR AIR
2507.79,0.08,2307.1668,44,-779.81,36.61,3050.3668,MEDIUM,FURNITURE,BOOKCASES,DELIVERY TRUCK
1052.68,0.02,1031.6264,30,-19.27,5.5,1045.3964,MEDIUM,TECHNOLOGY,COMPUTER PERIPHERALS,REGULAR AIR
2536.31,0.01,2510.9469,30,-643.46,35.0,3119.4069,MEDIUM,OFFICE SUPPLIES,STORAGE & ORGANIZATION,REGULAR AIR
101.2,0.1,91.08,37,38.58,0.5,52.0,MEDIUM,OFFICE SUPPLIES,LABELS,REGULAR AIR
1697.44,0.06,1595.5936000000002,37,523.43,1.99,1070.1736,CRITICAL,TECHNOLOGY,COMPUTER PERIPHERALS,REGULAR AIR
1950.036,0.03,1891.53492,34,361.89,8.99,1520.65492,LOW,TECHNOLOGY,TELEPHONES AND COMMUNICATION,REGULAR AIR
265.38,0.04,254.7648,43,-107.59,5.22,357.13480000000004,LOW,FURNITURE,OFFICE FURNISHINGS,REGULAR AIR
33.41,0.09,30.4031,5,-3.48,1.5,32.3831,LOW,OFFICE SUPPLIES,PENS & ART SUPPLIES,REGULAR AIR
7157.16,0.09,6513.0156,28,1150.33,41.91,5320.7756,LOW,FURNITURE,BOOKCASES,DELIVERY TRUCK
286.06,0.1,257.454,44,-85.09,5.66,336.884,HIGH,OFFICE SUPPLIES,PAPER,REGULAR AIR
248.1,0.04,238.176,41,49.67,0.96,187.546,HIGH,OFFICE SUPPLIES,PENS & ART SUPPLIES,REGULAR AIR
112.42,0.09,102.3022,20,7.4,2.5,92.4022,HIGH,OFFICE SUPPLIES,ENVELOPES,REGULAR AIR
1054.7,0.07,980.8710000000001,43,213.26,5.37,762.2410000000001,HIGH,OFFICE SUPPLIES,APPLIANCES,REGULAR AIR
5349.21,0.01,5295.7179,38,61.9,28.63,5205.1879,HIGH,FURNITURE,CHAIRS & CHAIRMATS,DELIVERY TRUCK
572.4325,0.05,543.810875,15,-19.44,4.99,558.260875,MEDIUM,TECHNOLOGY,TELEPHONES AND COMMUNICATION,REGULAR AIR
116.63,0.03,113.13109999999999,39,6.81,0.96,105.3611,LOW,OFFICE SUPPLIES,PENS & ART SUPPLIES,REGULAR AIR
1932.97,0.08,1778.3324,32,-514.94,30.0,2263.2724,HIGH,FURNITURE,CHAIRS & CHAIRMATS,DELIVERY TRUCK
476.49,0.1,428.841,46,-18.57,5.16,442.251,HIGH,FURNITURE,OFFICE FURNISHINGS,REGULAR AIR
832.14,0.04,798.8543999999999,37,175.07,8.99,614.7944,LOW,FURNITURE,OFFICE FURNISHINGS,REGULAR AIR
55.97,0.09,50.9327,4,-19.34,7.17,63.1027,MEDIUM,OFFICE SUPPLIES,BINDERS AND BINDER ACCESSORIES,REGULAR AIR
174.72,0.06,164.2368,9,-63.48,4.0,223.71679999999998,MEDIUM,TECHNOLOGY,COMPUTER PERIPHERALS,REGULAR AIR
2271.37,0.09,2066.9467,48,528.11,10.25,1528.5866999999998,MEDIUM,FURNITURE,OFFICE FURNISHINGS,EXPRESS AIR
24.76,0.09,22.5316,9,-1.82,0.7,23.651600000000002,CRITICAL,OFFICE SUPPLIES,PENS & ART SUPPLIES,REGULAR AIR
30.92,0.02,30.3016,3,28.64,2.83,-1.1683999999999983,MEDIUM,FURNITURE,OFFICE FURNISHINGS,EXPRESS AIR
322.03,0.06,302.7082,41,-82.83,2.83,382.7082,MEDIUM,TECHNOLOGY,COMPUTER PERIPHERALS,REGULAR AIR
15.26,0.01,15.1074,2,-7.51,1.5,21.1174,MEDIUM,OFFICE SUPPLIES,PENS & ART SUPPLIES,REGULAR AIR
2470.84,0.05,2347.2980000000002,49,25.04,18.45,2303.8080000000004,MEDIUM,FURNITURE,OFFICE FURNISHINGS,REGULAR AIR
5250.6625,0.1,4725.5962500000005,39,930.99,8.99,3785.616250000001,MEDIUM,TECHNOLOGY,TELEPHONES AND COMMUNICATION,REGULAR AIR
142.8,0.01,141.372,24,-25.0,3.37,163.002,MEDIUM,OFFICE SUPPLIES,RUBBER BANDS,REGULAR AIR
241.81,0.02,236.9738,46,-94.83,4.97,326.8338,LOW,OFFICE SUPPLIES,BINDERS AND BINDER ACCESSORIES,REGULAR AIR
425.67,0.03,412.8999,14,166.57,1.49,244.8399,LOW,OFFICE SUPPLIES,BINDERS AND BINDER ACCESSORIES,EXPRESS AIR
173.44,0.02,169.9712,9,-34.63,8.51,196.09120000000001,LOW,TECHNOLOGY,OFFICE MACHINES,REGULAR AIR
3644.596,0.06,3425.92024,44,1104.32,4.9,2316.70024,MEDIUM,TECHNOLOGY,TELEPHONES AND COMMUNICATION,REGULAR AIR
9539.6,0.02,9348.808,45,-163.63,55.96,9456.478000000001,NOT SPECIFIED,FURNITURE,BOOKCASES,DELIVERY TRUCK
109.86,0.02,107.6628,24,-63.87,5.17,166.3628,NOT SPECIFIED,OFFICE SUPPLIES,PAPER,REGULAR AIR
1426.5125,0.04,1369.452,19,-175.18,0.99,1543.642,NOT SPECIFIED,TECHNOLOGY,TELEPHONES AND COMMUNICATION,REGULAR AIR
103.48,0.03,100.3756,32,20.53,1.14,78.7056,CRITICAL,OFFICE SUPPLIES,PAPER,REGULAR AIR
662.51,0.09,602.8841,46,293.32,1.39,308.1741,NOT SPECIFIED,OFFICE SUPPLIES,ENVELOPES,REGULAR AIR
61.18,0.0,61.18,21,6.85,0.7,53.629999999999995,NOT SPECIFIED,OFFICE SUPPLIES,PENS & ART SUPPLIES,REGULAR AIR
1561.2205,0.09,1420.7106549999999,36,-226.82,2.5,1645.0306549999998,HIGH,TECHNOLOGY,TELEPHONES AND COMMUNICATION,REGULAR AIR
536.21,0.09,487.95110000000005,25,106.98,8.99,371.9811,NOT SPECIFIED,FURNITURE,OFFICE FURNISHINGS,REGULAR AIR
4428.56,0.03,4295.7032,18,213.62,54.12,4027.9632,NOT SPECIFIED,FURNITURE,TABLES,DELIVERY TRUCK
305.68,0.1,275.112,19,128.17,1.39,145.55200000000005,MEDIUM,OFFICE SUPPLIES,ENVELOPES,EXPRESS AIR
1901.29,0.08,1749.1868,41,870.8,6.77,871.6168,MEDIUM,FURNITURE,OFFICE FURNISHINGS,REGULAR AIR
642.9145,0.01,636.485355,11,-118.8,8.99,746.295355,HIGH,TECHNOLOGY,TELEPHONES AND COMMUNICATION,REGULAR AIR
14981.74,0.02,14682.1052,49,-1791.5,11.64,16461.9652,CRITICAL,TECHNOLOGY,COPIERS AND FAX,REGULAR AIR
26.68,0.04,25.6128,1,-10.74,3.63,32.7228,LOW,FURNITURE,OFFICE FURNISHINGS,REGULAR AIR
401.39,0.03,389.3483,49,161.95,0.96,226.43830000000003,CRITICAL,FURNITURE,OFFICE FURNISHINGS,EXPRESS AIR
75.23,0.09,68.4593,2,-51.5,7.73,112.2293,NOT SPECIFIED,OFFICE SUPPLIES,PENS & ART SUPPLIES,REGULAR AIR
985.01,0.04,945.6096,11,186.05,19.99,739.5696,NOT SPECIFIED,OFFICE SUPPLIES,ENVELOPES,REGULAR AIR
350.71,0.02,343.69579999999996,36,-15.3,6.02,352.9758,NOT SPECIFIED,FURNITURE,OFFICE FURNISHINGS,REGULAR AIR
220.45,0.1,198.40499999999997,36,101.4,0.5,96.50499999999997,NOT SPECIFIED,OFFICE SUPPLIES,LABELS,REGULAR AIR
2504.41,0.01,2479.3659,30,-547.89,48.2,2979.0559,LOW,FURNITURE,OFFICE FURNISHINGS,REGULAR AIR
71.45,0.03,69.3065,20,-92.95,6.27,155.9865,LOW,OFFICE SUPPLIES,BINDERS AND BINDER ACCESSORIES,REGULAR AIR
1785.02,0.04,1713.6192,32,52.66,4.0,1656.9592,MEDIUM,TECHNOLOGY,COMPUTER PERIPHERALS,EXPRESS AIR
733.55,0.07,682.2014999999999,8,103.13,19.99,559.0814999999999,NOT SPECIFIED,OFFICE SUPPLIES,ENVELOPES,REGULAR AIR
62.6,0.02,61.348,14,7.32,0.94,53.088,NOT SPECIFIED,OFFICE SUPPLIES,PENS & ART SUPPLIES,REGULAR AIR
123.46,0.07,114.81779999999999,27,26.66,0.71,87.4478,LOW,OFFICE SUPPLIES,PENS & ART SUPPLIES,REGULAR AIR
38.71,0.01,38.322900000000004,3,23.0,7.29,8.032900000000005,NOT SPECIFIED,FURNITURE,OFFICE FURNISHINGS,EXPRESS AIR
963.45,0.05,915.2775,22,94.03,4.0,817.2475000000001,LOW,TECHNOLOGY,COMPUTER PERIPHERALS,EXPRESS AIR
4390.029,0.0,4390.029,25,1007.49,5.26,3377.2790000000005,LOW,TECHNOLOGY,TELEPHONES AND COMMUNICATION,EXPRESS AIR
123.06,0.07,114.4458,44,3.5,1.34,109.6058,HIGH,OFFICE SUPPLIES,PENS & ART SUPPLIES,REGULAR AIR
1692.28,0.1,1523.052,46,61.0,4.0,1458.052,LOW,TECHNOLOGY,COMPUTER PERIPHERALS,REGULAR AIR
1101.28,0.05,1046.216,39,200.53,6.17,839.5159999999998,NOT SPECIFIED,OFFICE SUPPLIES,PENS & ART SUPPLIES,REGULAR AIR
1765.45,0.09,1606.5595,15,374.82,3.99,1227.7495000000001,MEDIUM,OFFICE SUPPLIES,APPLIANCES,EXPRESS AIR
2245.6915,0.05,2133.406925,42,369.08,8.99,1755.336925,CRITICAL,TECHNOLOGY,TELEPHONES AND COMMUNICATION,REGULAR AIR
325.8,0.03,316.026,45,-84.85,6.18,394.696,MEDIUM,OFFICE SUPPLIES,PAPER,REGULAR AIR
2848.83,0.07,2649.4119,45,-1182.87,35.0,3797.2819,HIGH,OFFICE SUPPLIES,STORAGE & ORGANIZATION,REGULAR AIR
588.54,0.04,564.9984,28,-30.72,8.99,586.7284,HIGH,OFFICE SUPPLIES,PENS & ART SUPPLIES,REGULAR AIR
835.48,0.06,785.3512000000001,20,-58.13,16.36,827.1212,HIGH,OFFICE SUPPLIES,STORAGE & ORGANIZATION,REGULAR AIR
3201.16,0.06,3009.0904,24,405.5,24.49,2579.1004000000003,NOT SPECIFIED,FURNITURE,CHAIRS & CHAIRMATS,REGULAR AIR
1484.49,0.09,1350.8859,23,230.5,19.99,1100.3959,HIGH,OFFICE SUPPLIES,BINDERS AND BINDER ACCESSORIES,REGULAR AIR
740.49,0.1,666.441,18,88.9,6.22,571.321,HIGH,OFFICE SUPPLIES,STORAGE & ORGANIZATION,REGULAR AIR
183.65,0.02,179.977,28,-59.96,5.84,234.097,LOW,OFFICE SUPPLIES,PAPER,REGULAR AIR
569.92,0.03,552.8224,46,154.09,2.85,395.88239999999996,LOW,FURNITURE,OFFICE FURNISHINGS,REGULAR AIR
241.92,0.1,217.72799999999998,26,67.71,2.27,147.748,CRITICAL,OFFICE SUPPLIES,PAPER,REGULAR AIR
52.59,0.05,49.9605,4,-30.39,8.6,71.7505,NOT SPECIFIED,OFFICE SUPPLIES,STORAGE & ORGANIZATION,REGULAR AIR
10.62,0.07,9.8766,3,-3.96,1.35,12.4866,HIGH,OFFICE SUPPLIES,RUBBER BANDS,REGULAR AIR
666.4,0.0,666.4,39,2.02,7.42,656.96,HIGH,OFFICE SUPPLIES,"SCISSORS, RULERS AND TRIMMERS",EXPRESS AIR
351.3,0.06,330.22200000000004,10,1.45,8.22,320.552,HIGH,OFFICE SUPPLIES,STORAGE & ORGANIZATION,REGULAR AIR
284.38,0.04,273.0048,44,-62.43,5.19,330.2448,HIGH,OFFICE SUPPLIES,PAPER,REGULAR AIR
575.74,0.06,541.1956,27,152.6,1.99,386.6056,MEDIUM,TECHNOLOGY,COMPUTER PERIPHERALS,REGULAR AIR
586.619,0.06,551.42186,20,83.07,1.1,467.25186,MEDIUM,TECHNOLOGY,TELEPHONES AND COMMUNICATION,REGULAR AIR
557.52,0.03,540.7944,47,-157.3,7.95,690.1443999999999,CRITICAL,OFFICE SUPPLIES,PENS & ART SUPPLIES,EXPRESS AIR
201.74,0.08,185.6008,15,-2.63,7.17,181.0608,MEDIUM,OFFICE SUPPLIES,BINDERS AND BINDER ACCESSORIES,EXPRESS AIR
1822.13,0.0,1822.13,35,155.17,19.99,1646.97,MEDIUM,TECHNOLOGY,COMPUTER PERIPHERALS,REGULAR AIR
337.3395,0.0,337.3395,3,-509.94,2.5,844.7795,MEDIUM,TECHNOLOGY,TELEPHONES AND COMMUNICATION,REGULAR AIR
130.11,0.1,117.09900000000002,18,40.3,1.39,75.40900000000002,MEDIUM,OFFICE SUPPLIES,ENVELOPES,REGULAR AIR
1398.87,0.07,1300.9490999999998,46,601.96,2.99,695.9990999999998,MEDIUM,OFFICE SUPPLIES,BINDERS AND BINDER ACCESSORIES,REGULAR AIR
1479.14,0.06,1390.3916000000002,11,-236.63,30.0,1597.0216,CRITICAL,FURNITURE,CHAIRS & CHAIRMATS,DELIVERY TRUCK
173.22,0.04,166.2912,35,84.03,0.5,81.7612,NOT SPECIFIED,OFFICE SUPPLIES,LABELS,REGULAR AIR
221.06,0.02,216.6388,45,-124.28,5.42,335.4988,LOW,OFFICE SUPPLIES,BINDERS AND BINDER ACCESSORIES,REGULAR AIR
255.48,0.04,245.2608,40,-116.79,6.65,355.4008,LOW,OFFICE SUPPLIES,PAPER,REGULAR AIR
165.51,0.08,152.26919999999998,49,-269.91,6.83,415.3492,HIGH,OFFICE SUPPLIES,BINDERS AND BINDER ACCESSORIES,REGULAR AIR
201.83,0.02,197.79340000000002,6,34.98,5.09,157.72340000000003,MEDIUM,OFFICE SUPPLIES,PAPER,REGULAR AIR
283.5,0.1,255.15,18,-51.47,6.5,300.12,NOT SPECIFIED,TECHNOLOGY,COMPUTER PERIPHERALS,REGULAR AIR
242.13,0.09,220.3383,36,-94.74,6.6,308.4783,NOT SPECIFIED,OFFICE SUPPLIES,PAPER,EXPRESS AIR
344.24,0.09,313.2584,43,30.76,1.99,280.5084,MEDIUM,TECHNOLOGY,COMPUTER PERIPHERALS,REGULAR AIR
248.92,0.01,246.43079999999998,42,-66.87,5.3,308.00079999999997,LOW,OFFICE SUPPLIES,ENVELOPES,REGULAR AIR
1290.37,0.05,1225.8515,10,231.16,24.49,970.2015,HIGH,OFFICE SUPPLIES,APPLIANCES,REGULAR AIR
23.18,0.05,22.021,2,-14.88,6.19,30.711,HIGH,OFFICE SUPPLIES,BINDERS AND BINDER ACCESSORIES,REGULAR AIR
979.44,0.01,969.6456000000001,46,320.67,5.86,643.1156000000001,HIGH,OFFICE SUPPLIES,PAPER,REGULAR AIR
575.36,0.1,517.8240000000001,29,84.05,3.99,429.78400000000005,CRITICAL,OFFICE SUPPLIES,APPLIANCES,REGULAR AIR
2046.81,0.02,2005.8737999999998,29,469.28,19.99,1516.6037999999999,MEDIUM,OFFICE SUPPLIES,BINDERS AND BINDER ACCESSORIES,REGULAR AIR
317.06,0.05,301.207,32,105.47,2.06,193.677,LOW,OFFICE SUPPLIES,PAPER,REGULAR AIR
17.3,0.04,16.608,2,-7.49,2.83,21.268,HIGH,FURNITURE,OFFICE FURNISHINGS,REGULAR AIR
128.14,0.1,115.326,32,-163.58,7.01,271.896,MEDIUM,OFFICE SUPPLIES,BINDERS AND BINDER ACCESSORIES,EXPRESS AIR
67.46,0.08,62.063199999999995,9,-57.53,10.05,109.5432,MEDIUM,OFFICE SUPPLIES,PAPER,REGULAR AIR
524.25,0.06,492.795,23,152.31,8.99,331.495,MEDIUM,FURNITURE,OFFICE FURNISHINGS,EXPRESS AIR
4326.27,0.09,3936.9057000000003,44,1728.2,7.18,2201.5257,CRITICAL,TECHNOLOGY,COMPUTER PERIPHERALS,REGULAR AIR
254.93,0.01,252.38070000000002,37,-62.88,5.48,309.7807,MEDIUM,OFFICE SUPPLIES,BINDERS AND BINDER ACCESSORIES,REGULAR AIR
472.12,0.03,457.95640000000003,11,56.1,1.99,399.8664,NOT SPECIFIED,TECHNOLOGY,COMPUTER PERIPHERALS,REGULAR AIR
192.99,0.07,179.4807,6,-123.37,4.0,298.8507,HIGH,TECHNOLOGY,COMPUTER PERIPHERALS,EXPRESS AIR
119.03,0.06,111.8882,13,29.62,2.01,80.25819999999999,MEDIUM,OFFICE SUPPLIES,PAPER,REGULAR AIR
28.81,0.02,28.2338,10,7.15,0.49,20.5938,MEDIUM,OFFICE SUPPLIES,LABELS,REGULAR AIR
10.12,0.09,9.2092,3,-4.07,1.58,11.6992,CRITICAL,OFFICE SUPPLIES,RUBBER BANDS,REGULAR AIR
455.88,0.03,442.2036,11,9.15,8.99,424.0636,HIGH,OFFICE SUPPLIES,PENS & ART SUPPLIES,EXPRESS AIR
5930.34,0.07,5515.2162,41,427.68,6.5,5081.0362,CRITICAL,TECHNOLOGY,COMPUTER PERIPHERALS,REGULAR AIR
10.59,0.1,9.531,1,-4.31,2.15,11.690999999999999,NOT SPECIFIED,OFFICE SUPPLIES,PAPER,REGULAR AIR
922.39,0.03,894.7183,22,-41.64,58.66,877.6983,CRITICAL,FURNITURE,OFFICE FURNISHINGS,EXPRESS AIR
79.19,0.0,79.19,11,13.91,2.0,63.28,CRITICAL,OFFICE SUPPLIES,PAPER,REGULAR AIR
469.438,0.07,436.57734,3,-888.16,8.99,1315.74734,MEDIUM,TECHNOLOGY,TELEPHONES AND COMMUNICATION,REGULAR AIR
269.02,0.1,242.118,13,-112.0,6.5,347.618,LOW,TECHNOLOGY,COMPUTER PERIPHERALS,REGULAR AIR
293.18,0.08,269.7256,31,64.22,1.99,203.51559999999998,MEDIUM,TECHNOLOGY,COMPUTER PERIPHERALS,REGULAR AIR
1445.6,0.08,1329.952,35,126.03,8.66,1195.262,MEDIUM,FURNITURE,OFFICE FURNISHINGS,REGULAR AIR
183.41,0.07,170.5713,43,-125.41,5.04,290.9413,HIGH,OFFICE SUPPLIES,BINDERS AND BINDER ACCESSORIES,REGULAR AIR
548.36,0.1,493.524,9,78.63,4.5,410.394,CRITICAL,OFFICE SUPPLIES,APPLIANCES,EXPRESS AIR
44.46,0.06,41.7924,16,5.27,0.99,35.532399999999996,NOT SPECIFIED,OFFICE SUPPLIES,LABELS,REGULAR AIR
542.11,0.08,498.7412,25,-14.76,11.54,501.96119999999996,NOT SPECIFIED,OFFICE SUPPLIES,PAPER,REGULAR AIR
826.09,0.03,801.3073,34,215.86,7.58,577.8673,NOT SPECIFIED,FURNITURE,OFFICE FURNISHINGS,REGULAR AIR
197.41,0.06,185.5654,29,-128.68,8.4,305.84540000000004,NOT SPECIFIED,OFFICE SUPPLIES,PAPER,REGULAR AIR
712.18,0.06,669.4491999999999,46,13.98,5.41,650.0591999999999,NOT SPECIFIED,OFFICE SUPPLIES,STORAGE & ORGANIZATION,REGULAR AIR
627.91,0.03,609.0726999999999,41,222.08,1.99,385.0026999999999,HIGH,TECHNOLOGY,COMPUTER PERIPHERALS,REGULAR AIR
46.89,0.09,42.6699,28,-3.83,0.7,45.799899999999994,HIGH,OFFICE SUPPLIES,PENS & ART SUPPLIES,REGULAR AIR
34.88,0.09,31.740800000000004,2,-22.12,8.78,45.08080000000001,CRITICAL,FURNITURE,OFFICE FURNISHINGS,REGULAR AIR
1935.17,0.09,1761.0047,33,-991.07,49.0,2703.0747,LOW,OFFICE SUPPLIES,APPLIANCES,REGULAR AIR
812.68,0.05,772.0459999999999,27,235.88,1.99,534.1759999999999,LOW,TECHNOLOGY,COMPUTER PERIPHERALS,REGULAR AIR
271.11,0.08,249.4212,41,64.79,1.5,183.13119999999998,CRITICAL,OFFICE SUPPLIES,PENS & ART SUPPLIES,REGULAR AIR
6.13,0.08,5.6396,2,-2.83,0.49,7.9796,CRITICAL,OFFICE SUPPLIES,LABELS,REGULAR AIR
1032.97,0.07,960.6621,39,397.15,1.99,561.5221,MEDIUM,TECHNOLOGY,COMPUTER PERIPHERALS,REGULAR AIR
324.83,0.05,308.5885,13,-426.54,45.0,690.1285,MEDIUM,OFFICE SUPPLIES,STORAGE & ORGANIZATION,DELIVERY TRUCK
48.57,0.04,46.6272,16,4.21,0.7,41.7172,LOW,OFFICE SUPPLIES,PENS & ART SUPPLIES,REGULAR AIR
54.28,0.01,53.7372,6,-11.98,5.22,60.49720000000001,CRITICAL,FURNITURE,OFFICE FURNISHINGS,EXPRESS AIR
6005.21,0.08,5524.7932,21,-450.7,54.12,5921.3732,LOW,FURNITURE,TABLES,DELIVERY TRUCK
3283.74,0.01,3250.9026,49,723.33,19.99,2507.5826,CRITICAL,OFFICE SUPPLIES,BINDERS AND BINDER ACCESSORIES,REGULAR AIR
1272.83,0.04,1221.9168,13,250.47,7.18,964.2667999999999,MEDIUM,TECHNOLOGY,COMPUTER PERIPHERALS,REGULAR AIR
262.32,0.07,243.95759999999999,19,5.16,6.46,232.33759999999998,HIGH,OFFICE SUPPLIES,BINDERS AND BINDER ACCESSORIES,REGULAR AIR
1707.99,0.0,1707.99,29,391.19,3.99,1312.81,MEDIUM,TECHNOLOGY,TELEPHONES AND COMMUNICATION,REGULAR AIR
560.39,0.05,532.3705,37,186.87,3.73,341.77049999999997,MEDIUM,FURNITURE,OFFICE FURNISHINGS,REGULAR AIR
51.94,0.03,50.3818,4,-12.48,1.99,60.87179999999999,HIGH,TECHNOLOGY,COMPUTER PERIPHERALS,EXPRESS AIR
366.87,0.1,330.183,40,-1.79,5.71,326.26300000000003,HIGH,FURNITURE,OFFICE FURNISHINGS,REGULAR AIR
292.11,0.04,280.42560000000003,18,-91.95,10.68,361.6956,MEDIUM,OFFICE SUPPLIES,STORAGE & ORGANIZATION,EXPRESS AIR
7890.89,0.01,7811.9811,47,-771.09,35.0,8548.0711,HIGH,OFFICE SUPPLIES,STORAGE & ORGANIZATION,EXPRESS AIR
2773.84,0.0,2773.84,44,-513.76,36.61,3250.99,MEDIUM,FURNITURE,BOOKCASES,DELIVERY TRUCK
289.94,0.07,269.6442,44,-102.19,6.22,365.6142,MEDIUM,OFFICE SUPPLIES,PAPER,REGULAR AIR
165.36,0.09,150.47760000000002,25,-94.79,7.49,237.7776,MEDIUM,OFFICE SUPPLIES,PAPER,EXPRESS AIR
1312.65,0.07,1220.7645,42,488.31,5.76,726.6945000000001,NOT SPECIFIED,OFFICE SUPPLIES,PAPER,REGULAR AIR
58.64,0.08,53.9488,27,4.55,1.0,48.3988,MEDIUM,OFFICE SUPPLIES,PENS & ART SUPPLIES,REGULAR AIR
136.06,0.04,130.6176,20,-33.22,5.19,158.6476,MEDIUM,OFFICE SUPPLIES,BINDERS AND BINDER ACCESSORIES,REGULAR AIR
135.21,0.04,129.8016,14,5.89,4.39,119.5216,LOW,OFFICE SUPPLIES,PAPER,REGULAR AIR
5007.69,0.07,4657.151699999999,45,-899.34,51.42,5505.0716999999995,HIGH,FURNITURE,BOOKCASES,DELIVERY TRUCK
1379.62,0.1,1241.658,45,-66.07,6.72,1301.0079999999998,HIGH,OFFICE SUPPLIES,STORAGE & ORGANIZATION,REGULAR AIR
627.12,0.08,576.9504,50,100.04,4.98,471.9303999999999,HIGH,FURNITURE,OFFICE FURNISHINGS,REGULAR AIR
4096.21,0.08,3768.5132,18,308.22,26.53,3433.7631999999994,HIGH,TECHNOLOGY,OFFICE MACHINES,DELIVERY TRUCK
2712.07,0.09,2467.9837,31,-435.56,19.99,2883.5537000000004,HIGH,OFFICE SUPPLIES,STORAGE & ORGANIZATION,REGULAR AIR
608.93,0.01,602.8407,6,-193.96,19.99,776.8107,MEDIUM,TECHNOLOGY,OFFICE MACHINES,EXPRESS AIR
883.37,0.1,795.033,9,51.3,7.18,736.5530000000001,MEDIUM,TECHNOLOGY,COMPUTER PERIPHERALS,REGULAR AIR
901.32,0.1,811.1880000000001,25,338.01,5.08,468.09800000000007,CRITICAL,OFFICE SUPPLIES,PAPER,EXPRESS AIR
207.21,0.06,194.7774,24,-78.64,6.14,267.2774,CRITICAL,OFFICE SUPPLIES,"SCISSORS, RULERS AND TRIMMERS",REGULAR AIR
2182.91,0.1,1964.619,40,549.45,3.5,1411.6689999999999,CRITICAL,OFFICE SUPPLIES,APPLIANCES,EXPRESS AIR
1144.35,0.05,1087.1325,14,-448.6,35.0,1500.7325,CRITICAL,OFFICE SUPPLIES,STORAGE & ORGANIZATION,REGULAR AIR
218.71,0.0,218.71,23,67.23,2.15,149.32999999999998,CRITICAL,OFFICE SUPPLIES,PAPER,EXPRESS AIR
103.68,0.08,95.38560000000001,19,-58.16,5.85,147.6956,CRITICAL,OFFICE SUPPLIES,PAPER,REGULAR AIR
37.06,0.03,35.9482,17,0.61,0.7,34.6382,CRITICAL,OFFICE SUPPLIES,PENS & ART SUPPLIES,REGULAR AIR
302.59,0.05,287.46049999999997,44,-124.44,6.93,404.97049999999996,MEDIUM,OFFICE SUPPLIES,PAPER,EXPRESS AIR
2703.45,0.01,2676.4154999999996,26,-445.04,35.0,3086.4554999999996,MEDIUM,OFFICE SUPPLIES,STORAGE & ORGANIZATION,REGULAR AIR
46.86,0.06,44.0484,27,-37.08,1.99,79.13839999999999,NOT SPECIFIED,TECHNOLOGY,COMPUTER PERIPHERALS,REGULAR AIR
1089.59,0.01,1078.6941,34,433.24,5.09,640.3641,NOT SPECIFIED,OFFICE SUPPLIES,PAPER,REGULAR AIR
1041.74,0.1,937.566,35,-51.74,17.08,972.226,CRITICAL,OFFICE SUPPLIES,PAPER,REGULAR AIR
4300.626,0.06,4042.5884400000004,26,685.21,8.08,3349.2984400000005,CRITICAL,TECHNOLOGY,TELEPHONES AND COMMUNICATION,REGULAR AIR
19.98,0.02,19.5804,3,-9.61,4.75,24.4404,CRITICAL,OFFICE SUPPLIES,PAPER,REGULAR AIR
1122.6375,0.09,1021.600125,14,17.68,4.9,999.0201250000001,CRITICAL,TECHNOLOGY,TELEPHONES AND COMMUNICATION,REGULAR AIR
1434.086,0.1,1290.6774,16,-26.25,8.99,1307.9374,MEDIUM,TECHNOLOGY,TELEPHONES AND COMMUNICATION,REGULAR AIR
2079.474,0.05,1975.5003000000002,45,-81.57,5.0,2052.0703000000003,HIGH,TECHNOLOGY,TELEPHONES AND COMMUNICATION,REGULAR AIR
81.78,0.07,76.0554,4,-12.43,5.97,82.5154,HIGH,OFFICE SUPPLIES,PAPER,REGULAR AIR
23.19,0.02,22.726200000000002,8,-13.27,2.4,33.5962,HIGH,OFFICE SUPPLIES,PENS & ART SUPPLIES,REGULAR AIR
12.01,0.0,12.01,3,-1.08,0.5,12.59,NOT SPECIFIED,OFFICE SUPPLIES,LABELS,REGULAR AIR
1846.76,0.03,1791.3572,20,3.14,39.61,1748.6072,NOT SPECIFIED,FURNITURE,OFFICE FURNISHINGS,REGULAR AIR
2211.734,0.02,2167.49932,15,80.76,4.99,2081.74932,NOT SPECIFIED,TECHNOLOGY,TELEPHONES AND COMMUNICATION,EXPRESS AIR
1580.57,0.08,1454.1244,26,-750.82,49.0,2155.9444,LOW,OFFICE SUPPLIES,APPLIANCES,REGULAR AIR
115.99,0.05,110.1905,42,-53.35,2.4,161.1405,NOT SPECIFIED,OFFICE SUPPLIES,PENS & ART SUPPLIES,EXPRESS AIR
947.66,0.08,871.8471999999999,45,-2175.09,53.03,2993.9072,CRITICAL,OFFICE SUPPLIES,STORAGE & ORGANIZATION,DELIVERY TRUCK
1033.44,0.1,930.096,37,385.63,4.86,539.606,CRITICAL,OFFICE SUPPLIES,PAPER,REGULAR AIR
2951.7,0.02,2892.6659999999997,30,-1111.45,74.35,3929.7659999999996,MEDIUM,FURNITURE,CHAIRS & CHAIRMATS,DELIVERY TRUCK
512.97,0.01,507.8403,30,261.29,1.39,245.1603,LOW,OFFICE SUPPLIES,ENVELOPES,EXPRESS AIR
130.32,0.04,125.10719999999999,18,-67.28,7.86,184.5272,LOW,OFFICE SUPPLIES,PAPER,EXPRESS AIR
639.19,0.09,581.6629,31,274.9,1.49,305.27290000000005,CRITICAL,OFFICE SUPPLIES,BINDERS AND BINDER ACCESSORIES,REGULAR AIR
86.61,0.1,77.949,7,15.69,1.49,60.769000000000005,NOT SPECIFIED,OFFICE SUPPLIES,BINDERS AND BINDER ACCESSORIES,REGULAR AIR
1396.58,0.03,1354.6825999999999,38,600.72,1.99,751.9725999999998,LOW,TECHNOLOGY,COMPUTER PERIPHERALS,REGULAR AIR
6448.69,0.0,6448.69,45,1663.35,19.99,4765.35,LOW,OFFICE SUPPLIES,STORAGE & ORGANIZATION,REGULAR AIR
3436.771,0.04,3299.3001600000002,27,520.0,8.99,2770.3101600000005,LOW,TECHNOLOGY,TELEPHONES AND COMMUNICATION,REGULAR AIR
89.89,0.06,84.4966,32,-8.16,1.25,91.4066,HIGH,OFFICE SUPPLIES,PENS & ART SUPPLIES,REGULAR AIR
669.01,0.08,615.4892,44,299.35,1.39,314.7492,MEDIUM,OFFICE SUPPLIES,ENVELOPES,REGULAR AIR
301.6,0.01,298.584,30,-24.93,6.22,317.294,MEDIUM,FURNITURE,OFFICE FURNISHINGS,EXPRESS AIR
7703.9665,0.0,7703.9665,50,2446.5,8.99,5248.476500000001,MEDIUM,TECHNOLOGY,TELEPHONES AND COMMUNICATION,REGULAR AIR
23.54,0.03,22.8338,2,-14.47,6.19,31.113799999999998,MEDIUM,OFFICE SUPPLIES,BINDERS AND BINDER ACCESSORIES,REGULAR AIR
1539.83,0.08,1416.6435999999999,10,34.85,19.99,1361.8036,MEDIUM,OFFICE SUPPLIES,STORAGE & ORGANIZATION,REGULAR AIR
1677.27,0.08,1543.0884,43,528.79,7.47,1006.8284000000001,LOW,OFFICE SUPPLIES,BINDERS AND BINDER ACCESSORIES,REGULAR AIR
1556.08,0.05,1478.2759999999998,21,-41.77,26.74,1493.3059999999998,LOW,FURNITURE,BOOKCASES,DELIVERY TRUCK
1485.06,0.04,1425.6576,20,25.32,26.85,1373.4876000000002,NOT SPECIFIED,FURNITURE,BOOKCASES,DELIVERY TRUCK
1211.18,0.1,1090.0620000000001,34,208.4,13.26,868.4020000000002,NOT SPECIFIED,OFFICE SUPPLIES,PAPER,REGULAR AIR
478.94,0.04,459.7824,37,10.56,7.17,442.0524,CRITICAL,OFFICE SUPPLIES,BINDERS AND BINDER ACCESSORIES,REGULAR AIR
2429.09,0.06,2283.3446000000004,24,-20.67,10.12,2293.8946000000005,CRITICAL,FURNITURE,OFFICE FURNISHINGS,EXPRESS AIR
152.96,0.09,139.1936,36,-123.87,5.74,257.3236,MEDIUM,OFFICE SUPPLIES,PAPER,REGULAR AIR
152.55,0.06,143.39700000000002,42,-20.27,2.5,161.16700000000003,MEDIUM,OFFICE SUPPLIES,ENVELOPES,REGULAR AIR
225.25,0.03,218.4925,29,-7.59,4.71,221.3725,NOT SPECIFIED,OFFICE SUPPLIES,BINDERS AND BINDER ACCESSORIES,REGULAR AIR
4648.64,0.04,4462.6944,41,1777.67,1.99,2683.0344000000005,HIGH,TECHNOLOGY,COMPUTER PERIPHERALS,REGULAR AIR
404.54,0.03,392.40380000000005,15,43.99,5.3,343.1138,NOT SPECIFIED,FURNITURE,CHAIRS & CHAIRMATS,REGULAR AIR
124.89,0.07,116.1477,16,-111.17,11.15,216.1677,NOT SPECIFIED,OFFICE SUPPLIES,PAPER,REGULAR AIR
44.56,0.05,42.332,8,4.81,1.39,36.132,LOW,OFFICE SUPPLIES,ENVELOPES,REGULAR AIR
152.14,0.09,138.4474,13,-26.87,4.81,160.5074,LOW,OFFICE SUPPLIES,STORAGE & ORGANIZATION,REGULAR AIR
37.22,0.03,36.1034,9,-2.76,1.17,37.6934,NOT SPECIFIED,OFFICE SUPPLIES,PENS & ART SUPPLIES,REGULAR AIR
302.09,0.05,286.9855,39,-67.09,6.16,347.91549999999995,CRITICAL,OFFICE SUPPLIES,BINDERS AND BINDER ACCESSORIES,REGULAR AIR
3286.27,0.02,3220.5446,45,1102.58,3.5,2114.4646000000002,LOW,OFFICE SUPPLIES,APPLIANCES,REGULAR AIR
136.63,0.03,132.5311,47,-162.61,5.33,289.8111,CRITICAL,OFFICE SUPPLIES,LABELS,REGULAR AIR
927.82,0.02,909.2636,43,255.03,6.67,647.5636000000001,NOT SPECIFIED,FURNITURE,OFFICE FURNISHINGS,REGULAR AIR
123.37,0.09,112.2667,27,-6.69,0.7,118.2567,NOT SPECIFIED,OFFICE SUPPLIES,RUBBER BANDS,REGULAR AIR
3304.38,0.0,3304.38,44,-634.49,37.58,3901.29,NOT SPECIFIED,FURNITURE,OFFICE FURNISHINGS,REGULAR AIR
908.412,0.07,844.82316,17,-71.19,8.99,907.02316,NOT SPECIFIED,TECHNOLOGY,TELEPHONES AND COMMUNICATION,EXPRESS AIR
551.67,0.08,507.53639999999996,33,25.44,4.96,477.1364,HIGH,OFFICE SUPPLIES,STORAGE & ORGANIZATION,REGULAR AIR
2466.02,0.02,2416.6996,15,243.73,19.99,2152.9796,CRITICAL,OFFICE SUPPLIES,STORAGE & ORGANIZATION,REGULAR AIR
135.02,0.02,132.3196,20,-60.69,6.74,186.26960000000003,MEDIUM,OFFICE SUPPLIES,PAPER,REGULAR AIR
667.998,0.06,627.91812,23,251.26,1.25,375.40812000000005,LOW,TECHNOLOGY,TELEPHONES AND COMMUNICATION,REGULAR AIR
259.52,0.06,243.94879999999998,6,45.2,2.99,195.75879999999995,HIGH,OFFICE SUPPLIES,BINDERS AND BINDER ACCESSORIES,REGULAR AIR
1270.03,0.1,1143.027,50,221.81,6.93,914.287,CRITICAL,FURNITURE,OFFICE FURNISHINGS,REGULAR AIR
74.0,0.08,68.08,39,-20.6,0.76,87.91999999999999,NOT SPECIFIED,OFFICE SUPPLIES,RUBBER BANDS,REGULAR AIR
109.23,0.02,107.0454,24,-100.58,6.21,201.4154,NOT SPECIFIED,OFFICE SUPPLIES,BINDERS AND BINDER ACCESSORIES,REGULAR AIR
288.45,0.03,279.7965,30,-5.98,3.98,281.7965,NOT SPECIFIED,OFFICE SUPPLIES,"SCISSORS, RULERS AND TRIMMERS",REGULAR AIR
112.35,0.1,101.115,28,31.27,0.99,68.855,LOW,OFFICE SUPPLIES,LABELS,REGULAR AIR
78.09,0.01,77.3091,26,19.63,0.99,56.68910000000001,NOT SPECIFIED,OFFICE SUPPLIES,LABELS,REGULAR AIR
42.77,0.04,41.059200000000004,4,-1.19,2.27,39.9792,NOT SPECIFIED,OFFICE SUPPLIES,PAPER,REGULAR AIR
279.63,0.07,260.0559,23,61.69,5.16,193.2059,LOW,FURNITURE,OFFICE FURNISHINGS,REGULAR AIR
298.97,0.09,272.0627,46,-225.86,8.73,489.1927,LOW,OFFICE SUPPLIES,PAPER,REGULAR AIR
142.12,0.01,140.6988,13,54.91,1.39,84.39880000000002,HIGH,OFFICE SUPPLIES,ENVELOPES,EXPRESS AIR
114.57,0.02,112.2786,4,-29.98,12.98,129.27859999999998,MEDIUM,OFFICE SUPPLIES,BINDERS AND BINDER ACCESSORIES,REGULAR AIR
101.34,0.06,95.2596,18,26.11,1.39,67.7596,NOT SPECIFIED,OFFICE SUPPLIES,ENVELOPES,REGULAR AIR
1062.2195,0.03,1030.352915,18,132.37,5.31,892.672915,HIGH,TECHNOLOGY,TELEPHONES AND COMMUNICATION,REGULAR AIR
1318.34,0.02,1291.9732,12,464.05,24.49,803.4331999999999,LOW,FURNITURE,OFFICE FURNISHINGS,EXPRESS AIR
128.59,0.07,119.5887,5,-15.17,5.37,129.3887,LOW,OFFICE SUPPLIES,APPLIANCES,REGULAR AIR
4.97,0.04,4.771199999999999,1,-4.91,1.43,8.2512,LOW,OFFICE SUPPLIES,RUBBER BANDS,REGULAR AIR
3194.05,0.08,2938.5260000000003,23,608.52,19.99,2310.0160000000005,CRITICAL,OFFICE SUPPLIES,STORAGE & ORGANIZATION,REGULAR AIR
88.1,0.03,85.457,46,-161.61,4.86,242.207,LOW,FURNITURE,OFFICE FURNISHINGS,REGULAR AIR
716.99,0.05,681.1405,25,174.06,1.99,505.09049999999996,LOW,TECHNOLOGY,COMPUTER PERIPHERALS,REGULAR AIR
27.44,0.02,26.8912,1,-11.76,2.99,35.6612,LOW,OFFICE SUPPLIES,BINDERS AND BINDER ACCESSORIES,REGULAR AIR
804.14,0.1,723.726,50,-25.27,8.99,740.006,NOT SPECIFIED,FURNITURE,OFFICE FURNISHINGS,REGULAR AIR
551.18,0.09,501.57379999999995,14,-326.97,19.99,808.5537999999999,HIGH,TECHNOLOGY,COMPUTER PERIPHERALS,REGULAR AIR
393.59,0.06,369.97459999999995,26,-8.08,8.4,369.65459999999996,HIGH,OFFICE SUPPLIES,BINDERS AND BINDER ACCESSORIES,REGULAR AIR
567.51,0.01,561.8349,8,-255.55,35.0,782.3849,NOT SPECIFIED,OFFICE SUPPLIES,STORAGE & ORGANIZATION,REGULAR AIR
277.0745,0.03,268.762265,41,-128.44,5.03,392.17226500000004,NOT SPECIFIED,TECHNOLOGY,TELEPHONES AND COMMUNICATION,REGULAR AIR
221.42,0.03,214.7774,44,-142.02,4.62,352.17740000000003,MEDIUM,TECHNOLOGY,COMPUTER PERIPHERALS,REGULAR AIR
580.96,0.08,534.4832,45,-33.47,6.85,561.1032,NOT SPECIFIED,FURNITURE,OFFICE FURNISHINGS,REGULAR AIR
185.19,0.07,172.2267,38,-175.62,7.44,340.4067,MEDIUM,OFFICE SUPPLIES,PAPER,REGULAR AIR
220.26,0.07,204.84179999999998,22,-35.95,4.68,236.11179999999996,MEDIUM,OFFICE SUPPLIES,"SCISSORS, RULERS AND TRIMMERS",REGULAR AIR
843.03,0.08,775.5876,48,419.9,0.99,354.69759999999997,MEDIUM,TECHNOLOGY,TELEPHONES AND COMMUNICATION,REGULAR AIR
176.34,0.0,176.34,26,-103.32,7.86,271.79999999999995,HIGH,OFFICE SUPPLIES,PAPER,REGULAR AIR
186.5,0.04,179.04,5,4.16,4.27,170.60999999999999,HIGH,OFFICE SUPPLIES,PENS & ART SUPPLIES,EXPRESS AIR
18.05,0.06,16.967000000000002,6,0.13,0.99,15.847000000000001,MEDIUM,OFFICE SUPPLIES,LABELS,REGULAR AIR
2896.358,0.0,2896.358,50,583.5,8.99,2303.8680000000004,MEDIUM,TECHNOLOGY,TELEPHONES AND COMMUNICATION,REGULAR AIR
1056.6435,0.06,993.2448899999999,6,-586.2,8.99,1570.45489,MEDIUM,TECHNOLOGY,TELEPHONES AND COMMUNICATION,REGULAR AIR
75.73,0.07,70.4289,24,29.46,0.5,40.4689,NOT SPECIFIED,OFFICE SUPPLIES,LABELS,REGULAR AIR
1863.02,0.03,1807.1294,34,823.26,6.79,977.0794000000001,HIGH,OFFICE SUPPLIES,PAPER,EXPRESS AIR
2494.92,0.08,2295.3264,45,816.72,14.3,1464.3063999999997,LOW,OFFICE SUPPLIES,PAPER,REGULAR AIR
64.86,0.0,64.86,11,22.05,0.95,41.86,LOW,OFFICE SUPPLIES,PAPER,REGULAR AIR
109.39,0.07,101.7327,45,16.31,1.02,84.4027,LOW,OFFICE SUPPLIES,RUBBER BANDS,EXPRESS AIR
294.04,0.03,285.21880000000004,32,-5.53,5.6,285.1488,NOT SPECIFIED,OFFICE SUPPLIES,BINDERS AND BINDER ACCESSORIES,REGULAR AIR
3267.41,0.0,3267.41,18,248.19,35.89,2983.33,MEDIUM,FURNITURE,BOOKCASES,DELIVERY TRUCK
315.45,0.01,312.2955,40,-305.88,11.51,606.6655000000001,HIGH,OFFICE SUPPLIES,BINDERS AND BINDER ACCESSORIES,REGULAR AIR
60.02,0.1,54.018,16,0.94,1.93,51.148,HIGH,OFFICE SUPPLIES,PAPER,EXPRESS AIR
7413.29,0.01,7339.1571,49,1148.23,16.01,6174.917100000001,HIGH,FURNITURE,TABLES,DELIVERY TRUCK
2441.1405,0.05,2319.083475,19,261.96,8.99,2048.133475,MEDIUM,TECHNOLOGY,TELEPHONES AND COMMUNICATION,REGULAR AIR
1135.24,0.06,1067.1256,28,271.81,4.5,790.8156000000001,HIGH,OFFICE SUPPLIES,APPLIANCES,REGULAR AIR
30.89,0.06,29.0366,4,-19.55,7.64,40.946600000000004,HIGH,OFFICE SUPPLIES,PAPER,REGULAR AIR
170.46,0.1,153.41400000000002,34,-104.35,5.66,252.104,HIGH,OFFICE SUPPLIES,PAPER,REGULAR AIR
2022.65,0.05,1921.5175000000002,18,-157.63,30.0,2049.1475,NOT SPECIFIED,FURNITURE,CHAIRS & CHAIRMATS,DELIVERY TRUCK
1561.96,0.03,1515.1012,31,119.92,13.66,1381.5212,HIGH,OFFICE SUPPLIES,APPLIANCES,REGULAR AIR
265.92,0.04,255.28320000000002,29,79.67,2.15,173.46320000000003,HIGH,OFFICE SUPPLIES,PAPER,REGULAR AIR
220.79,0.0,220.79,7,-91.51,4.0,308.3,NOT SPECIFIED,TECHNOLOGY,COMPUTER PERIPHERALS,REGULAR AIR
755.19,0.0,755.19,41,81.44,8.99,664.76,NOT SPECIFIED,FURNITURE,OFFICE FURNISHINGS,REGULAR AIR
124.75,0.06,117.265,3,-112.64,1.99,227.91500000000002,LOW,TECHNOLOGY,COMPUTER PERIPHERALS,REGULAR AIR
1087.58,0.01,1076.7042,27,514.45,3.04,559.2141999999999,HIGH,FURNITURE,OFFICE FURNISHINGS,REGULAR AIR
4273.35,0.07,3974.2155000000002,42,-892.03,35.0,4831.2455,HIGH,OFFICE SUPPLIES,STORAGE & ORGANIZATION,REGULAR AIR
324.75,0.07,302.0175,29,-36.87,5.03,333.8575,NOT SPECIFIED,OFFICE SUPPLIES,STORAGE & ORGANIZATION,REGULAR AIR
312.36,0.07,290.4948,11,-19.33,8.99,300.8348,CRITICAL,OFFICE SUPPLIES,PENS & ART SUPPLIES,EXPRESS AIR
2289.92,0.09,2083.8272,24,1037.55,4.65,1041.6272000000001,NOT SPECIFIED,OFFICE SUPPLIES,PAPER,REGULAR AIR
2784.8295,0.01,2756.981205,48,788.29,4.2,1964.4912050000003,HIGH,TECHNOLOGY,TELEPHONES AND COMMUNICATION,EXPRESS AIR
212.12,0.01,209.99880000000002,50,-154.63,5.26,359.3688,MEDIUM,OFFICE SUPPLIES,BINDERS AND BINDER ACCESSORIES,REGULAR AIR
592.54,0.07,551.0622,38,282.11,1.39,267.56219999999996,NOT SPECIFIED,OFFICE SUPPLIES,ENVELOPES,REGULAR AIR
3050.81,0.01,3020.3019,20,-124.04,36.09,3108.2518999999998,HIGH,FURNITURE,BOOKCASES,DELIVERY TRUCK
244.9,0.08,225.308,31,-61.14,3.62,282.828,HIGH,TECHNOLOGY,COMPUTER PERIPHERALS,REGULAR AIR
876.64,0.0,876.64,50,-126.68,13.18,990.1400000000001,LOW,OFFICE SUPPLIES,BINDERS AND BINDER ACCESSORIES,REGULAR AIR
998.05,0.01,988.0695,41,391.14,1.99,594.9395,CRITICAL,TECHNOLOGY,COMPUTER PERIPHERALS,REGULAR AIR
4353.02,0.1,3917.7180000000003,20,661.77,28.16,3227.7880000000005,CRITICAL,FURNITURE,CHAIRS & CHAIRMATS,DELIVERY TRUCK
105.07,0.08,96.6644,39,9.11,0.7,86.8544,MEDIUM,OFFICE SUPPLIES,PENS & ART SUPPLIES,REGULAR AIR
630.38,0.02,617.7724,40,-186.77,13.32,791.2223999999999,NOT SPECIFIED,OFFICE SUPPLIES,APPLIANCES,EXPRESS AIR
1773.86,0.06,1667.4284,36,133.3,14.19,1519.9384,LOW,FURNITURE,CHAIRS & CHAIRMATS,DELIVERY TRUCK
144.03,0.02,141.1494,23,-37.04,5.2,172.98940000000002,NOT SPECIFIED,OFFICE SUPPLIES,PAPER,REGULAR AIR
17.77,0.05,16.8815,15,-37.67,2.96,51.591499999999996,CRITICAL,TECHNOLOGY,COMPUTER PERIPHERALS,REGULAR AIR
75.57,0.03,73.3029,26,28.24,0.5,44.5629,MEDIUM,OFFICE SUPPLIES,LABELS,REGULAR AIR
108.09,0.07,100.5237,20,25.76,1.39,73.3737,CRITICAL,OFFICE SUPPLIES,ENVELOPES,REGULAR AIR
142.18,0.07,132.22740000000002,28,-50.14,4.72,177.6474,MEDIUM,OFFICE SUPPLIES,PAPER,REGULAR AIR
64.82,0.02,63.523599999999995,28,-32.03,1.99,93.5636,CRITICAL,TECHNOLOGY,COMPUTER PERIPHERALS,REGULAR AIR
77.6,0.08,71.392,6,-37.07,11.25,97.21199999999999,CRITICAL,OFFICE SUPPLIES,PAPER,REGULAR AIR
821.18,0.04,788.3327999999999,17,308.63,5.81,473.89279999999997,CRITICAL,OFFICE SUPPLIES,PAPER,EXPRESS AIR
47.86,0.0,47.86,4,-17.32,7.29,57.89,CRITICAL,FURNITURE,OFFICE FURNISHINGS,REGULAR AIR
1691.51,0.08,1556.1892,42,285.16,6.22,1264.8092,CRITICAL,OFFICE SUPPLIES,STORAGE & ORGANIZATION,REGULAR AIR
122.93,0.04,118.01280000000001,12,-6.83,5.76,119.0828,CRITICAL,OFFICE SUPPLIES,ENVELOPES,REGULAR AIR
543.22,0.0,543.22,35,68.44,7.4,467.38000000000005,LOW,FURNITURE,OFFICE FURNISHINGS,REGULAR AIR
813.9,0.06,765.066,18,256.66,4.8,503.60600000000005,LOW,FURNITURE,OFFICE FURNISHINGS,REGULAR AIR
3607.8505,0.05,3427.457975,39,784.49,8.99,2633.977975,CRITICAL,TECHNOLOGY,TELEPHONES AND COMMUNICATION,REGULAR AIR
68.46,0.02,67.09079999999999,11,-22.48,5.3,84.2708,LOW,OFFICE SUPPLIES,ENVELOPES,REGULAR AIR
885.23,0.03,858.6731,21,78.98,18.98,760.7130999999999,LOW,FURNITURE,OFFICE FURNISHINGS,REGULAR AIR
229.35,0.08,211.002,46,-165.45,4.93,371.522,LOW,TECHNOLOGY,COMPUTER PERIPHERALS,EXPRESS AIR
294.86,0.07,274.2198,45,-141.12,6.92,408.4198,LOW,OFFICE SUPPLIES,PAPER,REGULAR AIR
190.45,0.02,186.641,3,-44.05,3.99,226.70099999999996,LOW,OFFICE SUPPLIES,APPLIANCES,REGULAR AIR
179.99,0.03,174.5903,34,-102.27,5.74,271.1203,LOW,OFFICE SUPPLIES,BINDERS AND BINDER ACCESSORIES,REGULAR AIR
464.57,0.04,445.9872,12,-79.18,4.0,521.1672,HIGH,TECHNOLOGY,COMPUTER PERIPHERALS,REGULAR AIR
2525.9875,0.09,2298.6486250000003,24,416.67,8.99,1872.9886250000004,LOW,TECHNOLOGY,TELEPHONES AND COMMUNICATION,REGULAR AIR
4993.42,0.03,4843.6174,42,190.14,56.14,4597.337399999999,MEDIUM,TECHNOLOGY,OFFICE MACHINES,DELIVERY TRUCK
865.27,0.03,839.3119,44,11.55,4.0,823.7619000000001,LOW,TECHNOLOGY,COMPUTER PERIPHERALS,REGULAR AIR
1059.3,0.05,1006.3349999999999,9,67.6,1.99,936.7449999999999,MEDIUM,TECHNOLOGY,COMPUTER PERIPHERALS,REGULAR AIR
17.59,0.06,16.5346,1,10.85,0.5,5.184600000000001,CRITICAL,OFFICE SUPPLIES,LABELS,EXPRESS AIR
308.81,0.01,305.7219,48,128.28,1.02,176.42190000000002,CRITICAL,OFFICE SUPPLIES,PAPER,REGULAR AIR
299.01,0.09,272.0991,38,-142.86,6.5,408.45910000000003,NOT SPECIFIED,OFFICE SUPPLIES,STORAGE & ORGANIZATION,REGULAR AIR
220.09,0.04,211.28640000000001,39,-1795.74,49.0,1958.0264,HIGH,OFFICE SUPPLIES,APPLIANCES,REGULAR AIR
1220.23,0.0,1220.23,49,172.62,11.54,1036.0700000000002,HIGH,OFFICE SUPPLIES,PAPER,REGULAR AIR
6152.8,0.04,5906.688,27,554.55,28.66,5323.478,HIGH,OFFICE SUPPLIES,STORAGE & ORGANIZATION,DELIVERY TRUCK
1428.64,0.09,1300.0624,27,494.26,10.75,795.0524,HIGH,OFFICE SUPPLIES,PAPER,REGULAR AIR
312.63,0.01,309.5037,40,167.3,0.49,141.71369999999996,LOW,OFFICE SUPPLIES,LABELS,REGULAR AIR
441.4,0.06,414.916,46,146.04,2.06,266.81600000000003,LOW,OFFICE SUPPLIES,PAPER,REGULAR AIR
1585.6,0.08,1458.752,48,632.13,4.92,821.7019999999999,MEDIUM,OFFICE SUPPLIES,PAPER,REGULAR AIR
429.28,0.06,403.5232,41,-168.95,6.5,565.9731999999999,LOW,TECHNOLOGY,COMPUTER PERIPHERALS,REGULAR AIR
215.85,0.09,196.4235,30,60.95,1.71,133.76349999999996,MEDIUM,OFFICE SUPPLIES,PAPER,REGULAR AIR
12837.11,0.05,12195.254500000001,42,1881.76,43.57,10269.924500000001,NOT SPECIFIED,FURNITURE,TABLES,DELIVERY TRUCK
290.91,0.06,273.45540000000005,50,-108.19,5.67,375.97540000000004,NOT SPECIFIED,OFFICE SUPPLIES,PAPER,REGULAR AIR
82.03,0.0,82.03,42,-15.56,1.49,96.10000000000001,NOT SPECIFIED,OFFICE SUPPLIES,BINDERS AND BINDER ACCESSORIES,REGULAR AIR
739.28,0.0,739.28,39,43.97,8.17,687.14,LOW,OFFICE SUPPLIES,APPLIANCES,REGULAR AIR
5085.907,0.03,4933.32979,48,1366.69,8.08,3558.55979,HIGH,TECHNOLOGY,TELEPHONES AND COMMUNICATION,REGULAR AIR
66.02,0.1,59.41799999999999,23,10.88,0.99,47.54799999999999,NOT SPECIFIED,OFFICE SUPPLIES,LABELS,REGULAR AIR
15.53,0.0,15.53,11,-5.92,0.7,20.75,NOT SPECIFIED,OFFICE SUPPLIES,RUBBER BANDS,REGULAR AIR
1959.92,0.07,1822.7256,16,-374.96,51.94,2145.7455999999997,CRITICAL,FURNITURE,TABLES,DELIVERY TRUCK
341.71,0.04,328.04159999999996,31,32.19,5.14,290.7116,CRITICAL,OFFICE SUPPLIES,BINDERS AND BINDER ACCESSORIES,REGULAR AIR
41.03,0.1,36.927,9,-30.47,2.39,65.007,MEDIUM,TECHNOLOGY,COMPUTER PERIPHERALS,REGULAR AIR
40.79,0.02,39.974199999999996,3,-11.69,5.72,45.944199999999995,CRITICAL,OFFICE SUPPLIES,ENVELOPES,REGULAR AIR
524.25,0.0,524.25,16,124.18,8.74,391.33,CRITICAL,OFFICE SUPPLIES,PAPER,REGULAR AIR
151.09,0.02,148.0682,29,4.59,3.01,140.4682,MEDIUM,OFFICE SUPPLIES,PAPER,EXPRESS AIR
251.45,0.06,236.363,19,90.0,4.95,141.413,HIGH,FURNITURE,OFFICE FURNISHINGS,REGULAR AIR
1609.19,0.03,1560.9143000000001,9,188.91,19.99,1352.0143,LOW,OFFICE SUPPLIES,STORAGE & ORGANIZATION,REGULAR AIR
3044.7,0.04,2922.912,43,-78.36,26.74,2974.532,NOT SPECIFIED,FURNITURE,BOOKCASES,DELIVERY TRUCK
18.26,0.05,17.347,11,-3.89,0.7,20.537000000000003,NOT SPECIFIED,OFFICE SUPPLIES,PENS & ART SUPPLIES,REGULAR AIR
2405.0,0.1,2164.5,39,696.17,0.99,1467.3400000000001,LOW,OFFICE SUPPLIES,APPLIANCES,REGULAR AIR
3.23,0.06,3.0362,2,-2.73,0.7,5.0662,CRITICAL,OFFICE SUPPLIES,RUBBER BANDS,REGULAR AIR
2861.66,0.04,2747.1936,36,-921.68,35.0,3633.8736,CRITICAL,OFFICE SUPPLIES,STORAGE & ORGANIZATION,REGULAR AIR
648.26,0.07,602.8818,46,30.48,7.27,565.1318,HIGH,OFFICE SUPPLIES,BINDERS AND BINDER ACCESSORIES,REGULAR AIR
410.43,0.1,369.387,46,-54.58,5.76,418.207,HIGH,TECHNOLOGY,OFFICE MACHINES,REGULAR AIR
373.2775,0.07,347.14807499999995,7,-204.93,5.26,546.8180749999999,CRITICAL,TECHNOLOGY,TELEPHONES AND COMMUNICATION,REGULAR AIR
442.76,0.09,402.9116,30,-17.11,8.4,411.62160000000006,LOW,OFFICE SUPPLIES,BINDERS AND BINDER ACCESSORIES,REGULAR AIR
10364.36,0.01,10260.716400000001,44,1049.03,64.66,9147.0264,MEDIUM,FURNITURE,BOOKCASES,DELIVERY TRUCK
376.53,0.03,365.23409999999996,24,3.44,5.45,356.34409999999997,CRITICAL,OFFICE SUPPLIES,PENS & ART SUPPLIES,REGULAR AIR
197.36,0.07,183.5448,50,-43.5,2.99,224.0548,MEDIUM,OFFICE SUPPLIES,BINDERS AND BINDER ACCESSORIES,REGULAR AIR
555.2,0.06,521.888,8,-267.86,35.0,754.748,NOT SPECIFIED,OFFICE SUPPLIES,STORAGE & ORGANIZATION,REGULAR AIR
212.28,0.06,199.5432,43,-103.22,4.95,297.81320000000005,CRITICAL,OFFICE SUPPLIES,BINDERS AND BINDER ACCESSORIES,REGULAR AIR
2864.1005,0.03,2778.177485,50,697.82,8.99,2071.367485,HIGH,TECHNOLOGY,TELEPHONES AND COMMUNICATION,REGULAR AIR
9750.55,0.0,9750.55,43,1061.61,64.2,8624.739999999998,CRITICAL,FURNITURE,CHAIRS & CHAIRMATS,DELIVERY TRUCK
1516.82,0.1,1365.138,39,-83.28,6.5,1441.918,HIGH,TECHNOLOGY,COMPUTER PERIPHERALS,REGULAR AIR
2752.68,0.04,2642.5728,45,430.32,12.78,2199.4727999999996,HIGH,OFFICE SUPPLIES,STORAGE & ORGANIZATION,REGULAR AIR
423.24,0.1,380.916,21,128.83,2.99,249.09599999999998,NOT SPECIFIED,OFFICE SUPPLIES,BINDERS AND BINDER ACCESSORIES,REGULAR AIR
5677.87,0.04,5450.7552,43,-824.09,54.74,6220.1052,LOW,FURNITURE,BOOKCASES,DELIVERY TRUCK
732.72,0.03,710.7384000000001,9,8.6,6.13,696.0084,LOW,TECHNOLOGY,COMPUTER PERIPHERALS,REGULAR AIR
687.47,0.1,618.7230000000001,32,-1533.15,53.03,2098.8430000000003,LOW,OFFICE SUPPLIES,STORAGE & ORGANIZATION,DELIVERY TRUCK
598.19,0.09,544.3529000000001,34,-6.61,8.51,542.4529000000001,HIGH,TECHNOLOGY,OFFICE MACHINES,REGULAR AIR
304.26,0.1,273.834,46,28.93,2.35,242.55399999999997,NOT SPECIFIED,OFFICE SUPPLIES,PENS & ART SUPPLIES,REGULAR AIR
990.67,0.08,911.4164,9,-365.32,35.0,1241.7364,HIGH,OFFICE SUPPLIES,STORAGE & ORGANIZATION,REGULAR AIR
1506.8375,0.07,1401.3588750000001,13,-75.01,4.2,1472.168875,HIGH,TECHNOLOGY,TELEPHONES AND COMMUNICATION,REGULAR AIR
1799.6115,0.07,1673.6386949999999,38,557.6,1.25,1114.7886949999997,HIGH,TECHNOLOGY,TELEPHONES AND COMMUNICATION,REGULAR AIR
835.55,0.07,777.0614999999999,39,326.43,5.08,445.55149999999986,HIGH,FURNITURE,OFFICE FURNISHINGS,REGULAR AIR
185.83,0.03,180.2551,13,58.16,5.0,117.0951,LOW,FURNITURE,OFFICE FURNISHINGS,REGULAR AIR
4097.1445,0.1,3687.4300500000004,26,501.54,8.99,3176.9000500000006,NOT SPECIFIED,TECHNOLOGY,TELEPHONES AND COMMUNICATION,REGULAR AIR
259.43,0.0,259.43,42,-52.52,4.97,306.98,HIGH,OFFICE SUPPLIES,BINDERS AND BINDER ACCESSORIES,REGULAR AIR
150.24,0.08,138.2208,15,-102.93,12.52,228.63080000000002,MEDIUM,FURNITURE,OFFICE FURNISHINGS,REGULAR AIR
46.37,0.03,44.978899999999996,37,-19.81,0.7,64.0889,CRITICAL,OFFICE SUPPLIES,RUBBER BANDS,REGULAR AIR
173.08,0.04,166.1568,36,81.63,0.5,84.02680000000001,HIGH,OFFICE SUPPLIES,LABELS,REGULAR AIR
3492.6585,0.08,3213.24582,49,1181.81,0.99,2030.4458200000004,HIGH,TECHNOLOGY,TELEPHONES AND COMMUNICATION,REGULAR AIR
453.09,0.09,412.3119,13,107.74,6.66,297.91189999999995,LOW,OFFICE SUPPLIES,ENVELOPES,REGULAR AIR
102.61,0.09,93.3751,20,-92.01,7.44,177.94510000000002,LOW,OFFICE SUPPLIES,PAPER,REGULAR AIR
1441.57,0.07,1340.6600999999998,50,475.26,1.99,863.4100999999998,LOW,TECHNOLOGY,COMPUTER PERIPHERALS,EXPRESS AIR
416.39,0.06,391.40659999999997,18,119.47,1.99,269.9466,NOT SPECIFIED,TECHNOLOGY,COMPUTER PERIPHERALS,EXPRESS AIR
180.56,0.1,162.504,46,-15.79,1.6,176.694,NOT SPECIFIED,OFFICE SUPPLIES,PENS & ART SUPPLIES,REGULAR AIR
241.85,0.01,239.4315,6,-4.5,13.89,230.04149999999998,MEDIUM,OFFICE SUPPLIES,PENS & ART SUPPLIES,REGULAR AIR
627.453,0.07,583.53129,6,-408.25,8.08,983.70129,NOT SPECIFIED,TECHNOLOGY,TELEPHONES AND COMMUNICATION,REGULAR AIR
3000.88,0.01,2970.8712,50,-719.17,36.61,3653.4312,NOT SPECIFIED,FURNITURE,BOOKCASES,DELIVERY TRUCK
456.03,0.02,446.90939999999995,38,-61.61,5.81,502.70939999999996,LOW,OFFICE SUPPLIES,PENS & ART SUPPLIES,REGULAR AIR
2844.64,0.03,2759.3008,17,16.47,60.0,2682.8308,LOW,FURNITURE,TABLES,DELIVERY TRUCK
93.54,0.03,90.7338,12,-54.04,7.72,137.0538,HIGH,OFFICE SUPPLIES,BINDERS AND BINDER ACCESSORIES,REGULAR AIR
217.0,0.01,214.83,41,-61.21,4.75,271.29,LOW,OFFICE SUPPLIES,PAPER,REGULAR AIR
296.13,0.04,284.2848,47,119.09,1.02,164.17480000000003,LOW,OFFICE SUPPLIES,PAPER,REGULAR AIR
173.09,0.03,167.8973,20,-6.71,4.82,169.78730000000002,LOW,OFFICE SUPPLIES,PAPER,REGULAR AIR
169.27,0.1,152.34300000000002,5,-41.66,8.99,185.013,HIGH,OFFICE SUPPLIES,PENS & ART SUPPLIES,REGULAR AIR
557.35,0.0,557.35,46,-9.19,7.19,559.35,LOW,OFFICE SUPPLIES,BINDERS AND BINDER ACCESSORIES,REGULAR AIR
490.87,0.0,490.87,50,190.93,2.03,297.91,LOW,OFFICE SUPPLIES,PAPER,REGULAR AIR
137.54,0.08,126.5368,4,-138.84,7.53,257.84680000000003,CRITICAL,TECHNOLOGY,COMPUTER PERIPHERALS,REGULAR AIR
673.92,0.01,667.1808,21,224.71,1.99,440.48079999999993,CRITICAL,TECHNOLOGY,COMPUTER PERIPHERALS,REGULAR AIR
540.56,0.02,529.7488,19,-93.46,13.99,609.2188,CRITICAL,OFFICE SUPPLIES,STORAGE & ORGANIZATION,REGULAR AIR
1055.98,0.07,982.0614,48,204.58,5.94,771.5414,CRITICAL,OFFICE SUPPLIES,APPLIANCES,REGULAR AIR
115.34,0.02,113.03320000000001,16,13.83,3.1,96.10320000000002,MEDIUM,OFFICE SUPPLIES,PAPER,REGULAR AIR
5016.25,0.01,4966.0875,38,-189.35,51.94,5103.4975,NOT SPECIFIED,FURNITURE,TABLES,DELIVERY TRUCK
279.4,0.1,251.45999999999998,27,-92.25,6.91,336.79999999999995,CRITICAL,OFFICE SUPPLIES,STORAGE & ORGANIZATION,REGULAR AIR
395.37,0.07,367.6941,37,17.15,3.37,347.1741,LOW,OFFICE SUPPLIES,"SCISSORS, RULERS AND TRIMMERS",EXPRESS AIR
337.38,0.0,337.38,19,-409.79,27.75,719.4200000000001,NOT SPECIFIED,FURNITURE,TABLES,DELIVERY TRUCK
116.55,0.09,106.06049999999999,20,-39.67,5.3,140.4305,HIGH,OFFICE SUPPLIES,ENVELOPES,EXPRESS AIR
487.72,0.06,458.45680000000004,4,-192.3,14.0,636.7568000000001,LOW,TECHNOLOGY,OFFICE MACHINES,DELIVERY TRUCK
816.09,0.05,775.2855000000001,4,-150.29,9.99,915.5855,HIGH,OFFICE SUPPLIES,STORAGE & ORGANIZATION,REGULAR AIR
3063.1,0.06,2879.314,39,-1022.02,35.0,3866.334,CRITICAL,OFFICE SUPPLIES,STORAGE & ORGANIZATION,REGULAR AIR
229.03,0.05,217.5785,15,-28.58,5.8,240.3585,CRITICAL,OFFICE SUPPLIES,STORAGE & ORGANIZATION,REGULAR AIR
240.52,0.05,228.494,37,-164.18,8.19,384.48400000000004,MEDIUM,OFFICE SUPPLIES,PAPER,REGULAR AIR
945.03,0.0,945.03,47,267.64,5.97,671.42,HIGH,OFFICE SUPPLIES,PAPER,REGULAR AIR
10261.25,0.02,10056.025,49,611.11,52.2,9392.714999999998,NOT SPECIFIED,FURNITURE,TABLES,DELIVERY TRUCK
22.75,0.09,20.7025,5,-0.45,0.88,20.2725,NOT SPECIFIED,OFFICE SUPPLIES,PAPER,REGULAR AIR
433.31,0.05,411.6445,18,-815.79,53.03,1174.4045,CRITICAL,OFFICE SUPPLIES,STORAGE & ORGANIZATION,DELIVERY TRUCK
73.22,0.06,68.8268,11,-34.53,6.22,97.13680000000001,LOW,OFFICE SUPPLIES,PAPER,REGULAR AIR
22.28,0.09,20.274800000000003,20,-2.66,0.7,22.234800000000003,LOW,OFFICE SUPPLIES,RUBBER BANDS,REGULAR AIR
525.77,0.08,483.7084,43,34.63,5.99,443.0884,CRITICAL,TECHNOLOGY,OFFICE MACHINES,EXPRESS AIR
7497.08,0.02,7347.1384,30,698.67,54.12,6594.3484,CRITICAL,FURNITURE,TABLES,DELIVERY TRUCK
1279.45,0.01,1266.6555,25,558.25,7.23,701.1755,LOW,OFFICE SUPPLIES,PAPER,REGULAR AIR
325.75,0.1,293.175,38,-124.25,8.54,408.885,MEDIUM,FURNITURE,OFFICE FURNISHINGS,REGULAR AIR
455.59,0.02,446.47819999999996,11,98.02,13.99,334.46819999999997,MEDIUM,FURNITURE,OFFICE FURNISHINGS,REGULAR AIR
1171.232,0.04,1124.38272,12,-43.25,2.5,1165.13272,LOW,TECHNOLOGY,TELEPHONES AND COMMUNICATION,EXPRESS AIR
723.3075,0.01,716.074425,39,216.7,0.99,498.384425,LOW,TECHNOLOGY,TELEPHONES AND COMMUNICATION,REGULAR AIR
103.03,0.07,95.8179,49,-82.63,2.56,175.8879,CRITICAL,OFFICE SUPPLIES,"SCISSORS, RULERS AND TRIMMERS",REGULAR AIR
78.94,0.03,76.5718,12,-51.7,7.46,120.8118,NOT SPECIFIED,OFFICE SUPPLIES,BINDERS AND BINDER ACCESSORIES,EXPRESS AIR
576.89,0.08,530.7388,22,175.03,5.58,350.12879999999996,NOT SPECIFIED,OFFICE SUPPLIES,PAPER,REGULAR AIR
35.666,0.06,33.526039999999995,2,-112.19,2.5,143.21604,NOT SPECIFIED,TECHNOLOGY,TELEPHONES AND COMMUNICATION,REGULAR AIR
4191.5625,0.0,4191.5625,38,1286.53,2.5,2902.5325000000003,NOT SPECIFIED,TECHNOLOGY,TELEPHONES AND COMMUNICATION,REGULAR AIR
312.035,0.05,296.43325000000004,17,-55.94,0.99,351.38325000000003,MEDIUM,TECHNOLOGY,TELEPHONES AND COMMUNICATION,REGULAR AIR
77.43,0.01,76.65570000000001,36,-60.07,2.56,134.16570000000002,LOW,OFFICE SUPPLIES,"SCISSORS, RULERS AND TRIMMERS",REGULAR AIR
1315.74,0.03,1276.2678,34,260.87,13.89,1001.5078,MEDIUM,OFFICE SUPPLIES,PENS & ART SUPPLIES,REGULAR AIR
136.42,0.09,124.14219999999999,24,-8.38,2.27,130.2522,MEDIUM,OFFICE SUPPLIES,PENS & ART SUPPLIES,REGULAR AIR
528.5,0.04,507.36,33,-149.92,10.68,646.6,NOT SPECIFIED,OFFICE SUPPLIES,STORAGE & ORGANIZATION,REGULAR AIR
184.86,0.09,168.2226,25,-33.95,5.21,196.9626,NOT SPECIFIED,FURNITURE,OFFICE FURNISHINGS,REGULAR AIR
267.85,0.04,257.136,44,-65.43,5.15,317.41600000000005,NOT SPECIFIED,OFFICE SUPPLIES,PAPER,REGULAR AIR
136.77,0.09,124.4607,25,-136.25,7.78,252.9307,HIGH,OFFICE SUPPLIES,BINDERS AND BINDER ACCESSORIES,REGULAR AIR
46.94,0.02,46.0012,21,3.88,1.0,41.121199999999995,LOW,OFFICE SUPPLIES,PENS & ART SUPPLIES,REGULAR AIR
1162.4005,0.09,1057.784455,22,-284.63,19.99,1322.4244549999999,MEDIUM,TECHNOLOGY,TELEPHONES AND COMMUNICATION,REGULAR AIR
104.94,0.06,98.64359999999999,17,-34.97,5.22,128.3936,LOW,FURNITURE,OFFICE FURNISHINGS,REGULAR AIR
227.66,0.04,218.5536,21,-100.16,6.5,312.2136,HIGH,TECHNOLOGY,COMPUTER PERIPHERALS,REGULAR AIR
84.33,0.04,80.9568,39,-64.29,2.56,142.6868,HIGH,OFFICE SUPPLIES,"SCISSORS, RULERS AND TRIMMERS",REGULAR AIR
90.56,0.03,87.8432,6,-37.58,7.51,117.91319999999999,MEDIUM,TECHNOLOGY,OFFICE MACHINES,REGULAR AIR
93.05,0.03,90.2585,23,15.27,1.49,73.4985,CRITICAL,OFFICE SUPPLIES,BINDERS AND BINDER ACCESSORIES,REGULAR AIR
154.13,0.07,143.3409,20,57.31,1.25,84.7809,CRITICAL,OFFICE SUPPLIES,PAPER,REGULAR AIR
1634.9,0.01,1618.5510000000002,42,502.42,2.9,1113.231,MEDIUM,OFFICE SUPPLIES,PENS & ART SUPPLIES,REGULAR AIR
11278.18,0.01,11165.3982,48,1836.81,32.48,9296.1082,MEDIUM,FURNITURE,TABLES,DELIVERY TRUCK
6717.9325,0.09,6113.318575,47,1717.89,4.99,4390.438575,HIGH,TECHNOLOGY,TELEPHONES AND COMMUNICATION,REGULAR AIR
525.674,0.08,483.62008,10,-147.02,5.26,625.38008,MEDIUM,TECHNOLOGY,TELEPHONES AND COMMUNICATION,REGULAR AIR
133.65,0.05,126.9675,26,56.28,0.8,69.8875,MEDIUM,OFFICE SUPPLIES,PAPER,REGULAR AIR
1225.52,0.1,1102.968,36,-1191.13,35.0,2259.098,NOT SPECIFIED,OFFICE SUPPLIES,STORAGE & ORGANIZATION,EXPRESS AIR
1024.29,0.07,952.5897,10,-95.52,19.99,1028.1197,NOT SPECIFIED,TECHNOLOGY,COMPUTER PERIPHERALS,REGULAR AIR
1348.57,0.08,1240.6843999999999,47,19.57,8.99,1212.1244,NOT SPECIFIED,OFFICE SUPPLIES,PENS & ART SUPPLIES,REGULAR AIR
1264.46,0.0,1264.46,38,-1249.39,45.51,2468.34,NOT SPECIFIED,FURNITURE,TABLES,DELIVERY TRUCK
158.25,0.09,144.0075,35,-114.74,5.42,253.3275,NOT SPECIFIED,OFFICE SUPPLIES,BINDERS AND BINDER ACCESSORIES,REGULAR AIR
107.93,0.0,107.93,23,-68.14,5.34,170.73000000000002,HIGH,OFFICE SUPPLIES,BINDERS AND BINDER ACCESSORIES,REGULAR AIR
66.41,0.05,63.089499999999994,7,-32.35,8.29,87.14949999999999,CRITICAL,OFFICE SUPPLIES,ENVELOPES,REGULAR AIR
27.01,0.05,25.6595,7,-1.3,1.49,25.469500000000004,LOW,OFFICE SUPPLIES,BINDERS AND BINDER ACCESSORIES,REGULAR AIR
157.49,0.09,143.3159,29,-58.25,4.96,196.6059,LOW,OFFICE SUPPLIES,PAPER,REGULAR AIR
330.21,0.07,307.09529999999995,14,83.24,5.47,218.38529999999992,NOT SPECIFIED,OFFICE SUPPLIES,PAPER,EXPRESS AIR
22.56,0.04,21.6576,5,-25.56,6.27,40.947599999999994,HIGH,OFFICE SUPPLIES,BINDERS AND BINDER ACCESSORIES,REGULAR AIR
82.72,0.08,76.1024,6,-29.71,1.99,103.82240000000002,LOW,TECHNOLOGY,COMPUTER PERIPHERALS,REGULAR AIR
229.51,0.04,220.3296,34,-189.33,9.54,400.1196,MEDIUM,OFFICE SUPPLIES,PAPER,REGULAR AIR
473.0,0.09,430.43,32,-185.8,10.68,605.55,MEDIUM,OFFICE SUPPLIES,STORAGE & ORGANIZATION,EXPRESS AIR
2178.431,0.01,2156.64669,39,396.97,8.99,1750.6866900000002,NOT SPECIFIED,TECHNOLOGY,TELEPHONES AND COMMUNICATION,EXPRESS AIR
1344.88,0.06,1264.1872,25,-13.77,4.0,1273.9572,CRITICAL,TECHNOLOGY,COMPUTER PERIPHERALS,REGULAR AIR
33.64,0.01,33.3036,3,-22.45,11.15,44.6036,MEDIUM,OFFICE SUPPLIES,PAPER,REGULAR AIR
248.54,0.07,231.1422,42,111.75,0.5,118.8922,CRITICAL,OFFICE SUPPLIES,LABELS,REGULAR AIR
4253.65,0.05,4040.9674999999997,25,943.0,19.99,3077.9775,HIGH,OFFICE SUPPLIES,STORAGE & ORGANIZATION,EXPRESS AIR
62.88,0.09,57.220800000000004,3,-24.74,9.54,72.4208,MEDIUM,OFFICE SUPPLIES,PAPER,REGULAR AIR
103.87,0.1,93.483,26,15.42,1.2,76.863,MEDIUM,OFFICE SUPPLIES,PENS & ART SUPPLIES,REGULAR AIR
33.86,0.05,32.167,12,0.35,0.7,31.117,HIGH,OFFICE SUPPLIES,PENS & ART SUPPLIES,REGULAR AIR
3553.62,0.07,3304.8666,23,521.69,19.99,2763.1866,LOW,OFFICE SUPPLIES,STORAGE & ORGANIZATION,REGULAR AIR
92.02,0.1,82.818,6,-47.36,4.0,126.178,LOW,TECHNOLOGY,COMPUTER PERIPHERALS,REGULAR AIR
176.15,0.01,174.3885,30,-125.36,6.98,292.7685,MEDIUM,OFFICE SUPPLIES,BINDERS AND BINDER ACCESSORIES,REGULAR AIR
115.43,0.0,115.43,38,11.41,1.34,102.68,NOT SPECIFIED,OFFICE SUPPLIES,PENS & ART SUPPLIES,REGULAR AIR
246.06,0.08,226.3752,20,20.67,6.2,199.5052,LOW,FURNITURE,OFFICE FURNISHINGS,REGULAR AIR
83.87,0.06,78.8378,14,-28.83,5.3,102.3678,MEDIUM,OFFICE SUPPLIES,ENVELOPES,REGULAR AIR
79.42,0.01,78.6258,8,-15.46,6.28,87.8058,LOW,OFFICE SUPPLIES,BINDERS AND BINDER ACCESSORIES,REGULAR AIR
75.6,0.06,71.064,26,17.14,0.99,52.934,LOW,OFFICE SUPPLIES,LABELS,REGULAR AIR
1225.41,0.04,1176.3936,43,-138.02,13.99,1300.4236,LOW,OFFICE SUPPLIES,STORAGE & ORGANIZATION,EXPRESS AIR
370.72,0.1,333.648,24,-156.76,11.25,479.158,NOT SPECIFIED,OFFICE SUPPLIES,STORAGE & ORGANIZATION,REGULAR AIR
6403.39,0.01,6339.3561,48,-824.15,54.74,7108.7661,CRITICAL,FURNITURE,BOOKCASES,DELIVERY TRUCK
757.91,0.02,742.7518,23,-16.05,4.0,754.8018,CRITICAL,TECHNOLOGY,COMPUTER PERIPHERALS,REGULAR AIR
409.16,0.05,388.702,18,21.96,8.99,357.752,CRITICAL,FURNITURE,OFFICE FURNISHINGS,REGULAR AIR
66.43,0.01,65.76570000000001,5,-9.45,13.04,62.175700000000006,HIGH,FURNITURE,OFFICE FURNISHINGS,REGULAR AIR
2674.18,0.06,2513.7291999999998,25,631.99,13.99,1867.7492,HIGH,FURNITURE,OFFICE FURNISHINGS,REGULAR AIR
2508.316,0.07,2332.7338799999998,46,456.81,8.99,1866.93388,CRITICAL,TECHNOLOGY,TELEPHONES AND COMMUNICATION,EXPRESS AIR
1165.33,0.04,1118.7168,28,154.85,8.99,954.8767999999999,CRITICAL,OFFICE SUPPLIES,PENS & ART SUPPLIES,REGULAR AIR
2325.42,0.02,2278.9116,25,739.91,19.99,1519.0116000000003,NOT SPECIFIED,OFFICE SUPPLIES,ENVELOPES,REGULAR AIR
2116.7,0.02,2074.366,30,488.82,19.99,1565.5560000000003,NOT SPECIFIED,OFFICE SUPPLIES,BINDERS AND BINDER ACCESSORIES,REGULAR AIR
10.39,0.02,10.1822,2,-7.97,0.7,17.4522,HIGH,OFFICE SUPPLIES,RUBBER BANDS,REGULAR AIR
463.83,0.0,463.83,13,103.26,1.99,358.58,HIGH,TECHNOLOGY,COMPUTER PERIPHERALS,REGULAR AIR
168.31,0.1,151.479,22,46.49,1.69,103.299,CRITICAL,OFFICE SUPPLIES,PAPER,REGULAR AIR
4282.725,0.03,4154.24325,45,1371.74,2.5,2780.0032500000007,CRITICAL,TECHNOLOGY,TELEPHONES AND COMMUNICATION,REGULAR AIR
436.17,0.08,401.2764,40,-141.27,7.46,535.0864,LOW,OFFICE SUPPLIES,STORAGE & ORGANIZATION,EXPRESS AIR
241.14,0.08,221.84879999999998,37,-120.08,6.93,334.99879999999996,HIGH,OFFICE SUPPLIES,PAPER,REGULAR AIR
5513.82,0.03,5348.4054,50,1581.93,13.99,3752.4853999999996,HIGH,FURNITURE,OFFICE FURNISHINGS,REGULAR AIR
79.58,0.06,74.8052,2,-38.28,4.27,108.8152,NOT SPECIFIED,OFFICE SUPPLIES,PENS & ART SUPPLIES,REGULAR AIR
192.8,0.05,183.16000000000003,24,31.0,2.87,149.29000000000002,NOT SPECIFIED,OFFICE SUPPLIES,PAPER,REGULAR AIR
900.06,0.05,855.0569999999999,12,-221.12,14.52,1061.657,LOW,TECHNOLOGY,COMPUTER PERIPHERALS,REGULAR AIR
88.82,0.01,87.9318,20,38.35,0.5,49.081799999999994,LOW,OFFICE SUPPLIES,LABELS,REGULAR AIR
1098.149,0.09,999.3155899999999,12,-182.97,5.92,1176.3655899999999,LOW,TECHNOLOGY,TELEPHONES AND COMMUNICATION,REGULAR AIR
216.08,0.0,216.08,32,-84.33,6.65,293.76,LOW,OFFICE SUPPLIES,PAPER,REGULAR AIR
339.03,0.09,308.5173,27,-24.44,4.51,328.4473,LOW,OFFICE SUPPLIES,STORAGE & ORGANIZATION,REGULAR AIR
2039.39,0.01,2018.9961,20,199.73,19.99,1799.2761,NOT SPECIFIED,TECHNOLOGY,COMPUTER PERIPHERALS,REGULAR AIR
2629.664,0.09,2392.99424,21,27.74,60.0,2305.25424,MEDIUM,FURNITURE,TABLES,DELIVERY TRUCK
365.22,0.04,350.61120000000005,8,58.08,5.1,287.43120000000005,HIGH,OFFICE SUPPLIES,APPLIANCES,REGULAR AIR
394.62,0.06,370.94280000000003,37,-31.39,4.5,397.8328,LOW,OFFICE SUPPLIES,APPLIANCES,REGULAR AIR
464.64,0.03,450.70079999999996,42,14.48,5.16,431.0607999999999,LOW,FURNITURE,OFFICE FURNISHINGS,REGULAR AIR
96.68,0.03,93.7796,11,22.25,4.95,66.5796,LOW,FURNITURE,OFFICE FURNISHINGS,REGULAR AIR
155.48,0.1,139.932,6,-6.64,5.37,141.20199999999997,MEDIUM,OFFICE SUPPLIES,APPLIANCES,REGULAR AIR
56.77,0.06,53.363800000000005,21,-3.2,1.34,55.223800000000004,MEDIUM,OFFICE SUPPLIES,PENS & ART SUPPLIES,REGULAR AIR
63.91,0.06,60.075399999999995,9,-27.78,6.35,81.5054,CRITICAL,OFFICE SUPPLIES,PAPER,REGULAR AIR
27.32,0.05,25.954,6,-5.87,5.33,26.494000000000003,LOW,FURNITURE,OFFICE FURNISHINGS,EXPRESS AIR
643.31,0.08,591.8452,43,-231.34,10.68,812.5052000000001,LOW,OFFICE SUPPLIES,STORAGE & ORGANIZATION,EXPRESS AIR
541.95,0.06,509.43300000000005,28,143.04,4.1,362.293,HIGH,OFFICE SUPPLIES,PENS & ART SUPPLIES,REGULAR AIR
188.23,0.05,178.8185,42,-145.1,5.15,318.7685,HIGH,OFFICE SUPPLIES,APPLIANCES,REGULAR AIR
448.23,0.01,443.7477,26,110.6,4.0,329.1477,LOW,TECHNOLOGY,COMPUTER PERIPHERALS,REGULAR AIR
748.83,0.01,741.3417000000001,21,250.01,1.99,489.34170000000006,CRITICAL,TECHNOLOGY,COMPUTER PERIPHERALS,REGULAR AIR
3229.66,0.05,3068.1769999999997,31,695.06,3.0,2370.1169999999997,LOW,TECHNOLOGY,TELEPHONES AND COMMUNICATION,EXPRESS AIR
40.85,0.09,37.173500000000004,16,6.46,0.8,29.913500000000006,CRITICAL,OFFICE SUPPLIES,RUBBER BANDS,REGULAR AIR
53.14,0.04,51.0144,7,14.57,4.95,31.4944,LOW,FURNITURE,OFFICE FURNISHINGS,REGULAR AIR
127.84,0.02,125.28320000000001,41,12.69,0.96,111.63320000000002,NOT SPECIFIED,OFFICE SUPPLIES,PENS & ART SUPPLIES,EXPRESS AIR
11.15,0.07,10.3695,6,-2.62,0.75,12.2395,NOT SPECIFIED,OFFICE SUPPLIES,RUBBER BANDS,REGULAR AIR
235.49,0.06,221.3606,5,21.78,5.86,193.7206,MEDIUM,OFFICE SUPPLIES,PAPER,REGULAR AIR
11.08,0.06,10.4152,4,-8.93,4.08,15.2652,CRITICAL,FURNITURE,OFFICE FURNISHINGS,REGULAR AIR
141.92,0.06,133.4048,10,12.2,8.99,112.2148,NOT SPECIFIED,FURNITURE,OFFICE FURNISHINGS,REGULAR AIR
475.9,0.04,456.864,17,-5.18,19.46,442.584,LOW,FURNITURE,OFFICE FURNISHINGS,REGULAR AIR
4010.9375,0.0,4010.9375,24,630.7,8.99,3371.2475000000004,LOW,TECHNOLOGY,TELEPHONES AND COMMUNICATION,EXPRESS AIR
3635.63,0.09,3308.4233,12,104.48,29.2,3174.7433,LOW,FURNITURE,TABLES,DELIVERY TRUCK
157.56,0.1,141.804,34,-139.35,4.93,276.224,LOW,TECHNOLOGY,COMPUTER PERIPHERALS,REGULAR AIR
2026.05,0.1,1823.445,16,-357.65,28.63,2152.4649999999997,MEDIUM,FURNITURE,CHAIRS & CHAIRMATS,DELIVERY TRUCK
1059.72,0.01,1049.1228,47,112.22,5.42,931.4828,HIGH,OFFICE SUPPLIES,STORAGE & ORGANIZATION,REGULAR AIR
37.7,0.1,33.93,15,-81.08,7.09,107.92,HIGH,OFFICE SUPPLIES,PAPER,REGULAR AIR
3491.71,0.04,3352.0416,35,-1216.64,74.35,4494.3316,MEDIUM,FURNITURE,CHAIRS & CHAIRMATS,DELIVERY TRUCK
485.16,0.1,436.644,15,-9.32,8.99,436.974,MEDIUM,OFFICE SUPPLIES,PENS & ART SUPPLIES,REGULAR AIR
112.72,0.09,102.5752,45,39.19,0.5,62.8852,HIGH,OFFICE SUPPLIES,LABELS,REGULAR AIR
150.34,0.06,141.3196,22,-28.45,5.14,164.6296,NOT SPECIFIED,OFFICE SUPPLIES,PAPER,EXPRESS AIR
2364.29,0.08,2175.1468,21,-220.05,56.14,2339.0568000000003,CRITICAL,TECHNOLOGY,OFFICE MACHINES,DELIVERY TRUCK
112.57,0.08,103.56439999999999,27,13.92,0.94,88.70439999999999,CRITICAL,OFFICE SUPPLIES,PENS & ART SUPPLIES,REGULAR AIR
672.46,0.1,605.214,47,279.74,1.39,324.08400000000006,NOT SPECIFIED,OFFICE SUPPLIES,ENVELOPES,REGULAR AIR
541.45,0.0,541.45,43,-164.25,8.99,696.71,HIGH,OFFICE SUPPLIES,PENS & ART SUPPLIES,EXPRESS AIR
1556.55,0.04,1494.288,15,436.02,24.49,1033.778,LOW,FURNITURE,OFFICE FURNISHINGS,REGULAR AIR
647.81,0.1,583.029,39,8.65,8.99,565.389,LOW,FURNITURE,OFFICE FURNISHINGS,REGULAR AIR
168.9,0.09,153.699,15,-16.19,6.24,163.649,LOW,TECHNOLOGY,OFFICE MACHINES,EXPRESS AIR
145.86,0.04,140.02560000000003,14,-92.32,11.59,220.75560000000002,MEDIUM,OFFICE SUPPLIES,PAPER,REGULAR AIR
1676.48,0.0,1676.48,28,590.35,14.3,1071.83,HIGH,OFFICE SUPPLIES,PAPER,REGULAR AIR
1480.91,0.0,1480.91,44,489.14,8.74,983.0300000000001,HIGH,OFFICE SUPPLIES,PAPER,REGULAR AIR
605.77,0.05,575.4815,42,129.33,5.0,441.15149999999994,HIGH,FURNITURE,OFFICE FURNISHINGS,REGULAR AIR
3644.24,0.0,3644.24,33,-457.73,35.0,4066.97,NOT SPECIFIED,OFFICE SUPPLIES,STORAGE & ORGANIZATION,EXPRESS AIR
599.2075,0.1,539.28675,8,-268.66,4.9,803.04675,NOT SPECIFIED,TECHNOLOGY,TELEPHONES AND COMMUNICATION,REGULAR AIR
268.55,0.1,241.695,36,-99.02,2.83,337.885,MEDIUM,TECHNOLOGY,COMPUTER PERIPHERALS,REGULAR AIR
3632.6,0.0,3632.6,38,-400.33,42.0,3990.93,MEDIUM,FURNITURE,CHAIRS & CHAIRMATS,DELIVERY TRUCK
1733.1,0.09,1577.1209999999999,18,-505.69,35.0,2047.811,LOW,OFFICE SUPPLIES,STORAGE & ORGANIZATION,REGULAR AIR
3448.6455,0.02,3379.67259,31,900.41,8.99,2470.2725900000005,LOW,TECHNOLOGY,TELEPHONES AND COMMUNICATION,REGULAR AIR
1939.66,0.03,1881.4702,39,540.67,4.5,1336.3002000000001,CRITICAL,OFFICE SUPPLIES,APPLIANCES,EXPRESS AIR
21.56,0.0,21.56,5,2.75,0.5,18.31,CRITICAL,OFFICE SUPPLIES,LABELS,REGULAR AIR
115.81,0.1,104.229,43,-1.49,1.01,104.70899999999999,CRITICAL,OFFICE SUPPLIES,PENS & ART SUPPLIES,REGULAR AIR
95.9,0.07,89.18700000000001,16,19.57,0.91,68.70700000000002,NOT SPECIFIED,OFFICE SUPPLIES,PENS & ART SUPPLIES,REGULAR AIR
517.91,0.08,476.4772,28,107.11,5.29,364.07719999999995,NOT SPECIFIED,OFFICE SUPPLIES,APPLIANCES,REGULAR AIR
162.28,0.02,159.0344,46,-216.15,6.27,368.9144,NOT SPECIFIED,OFFICE SUPPLIES,BINDERS AND BINDER ACCESSORIES,REGULAR AIR
637.04,0.0,637.04,20,-26.83,4.0,659.87,LOW,TECHNOLOGY,COMPUTER PERIPHERALS,REGULAR AIR
64.37,0.07,59.86410000000001,6,-6.96,5.6,61.22410000000001,MEDIUM,OFFICE SUPPLIES,BINDERS AND BINDER ACCESSORIES,EXPRESS AIR
96.71,0.01,95.74289999999999,28,-72.44,3.97,164.2129,HIGH,OFFICE SUPPLIES,PENS & ART SUPPLIES,REGULAR AIR
259.69,0.1,233.721,11,-45.82,12.98,266.56100000000004,HIGH,OFFICE SUPPLIES,BINDERS AND BINDER ACCESSORIES,REGULAR AIR
596.21,0.1,536.589,19,211.59,5.02,319.97900000000004,LOW,FURNITURE,OFFICE FURNISHINGS,REGULAR AIR
2144.924,0.0,2144.924,36,542.25,5.26,1597.4139999999998,MEDIUM,TECHNOLOGY,TELEPHONES AND COMMUNICATION,REGULAR AIR
65.89,0.03,63.9133,12,20.6,2.03,41.2833,LOW,FURNITURE,OFFICE FURNISHINGS,REGULAR AIR
114.86,0.07,106.8198,27,16.21,0.94,89.66980000000001,HIGH,OFFICE SUPPLIES,PENS & ART SUPPLIES,REGULAR AIR
994.04,0.03,964.2188,10,-335.06,35.0,1264.2788,NOT SPECIFIED,OFFICE SUPPLIES,STORAGE & ORGANIZATION,REGULAR AIR
312.42,0.08,287.4264,50,-90.42,5.4,372.44640000000004,CRITICAL,OFFICE SUPPLIES,PAPER,REGULAR AIR
262.54,0.04,252.03840000000002,31,29.24,1.99,220.8084,LOW,TECHNOLOGY,COMPUTER PERIPHERALS,REGULAR AIR
190.73,0.1,171.65699999999998,12,-69.64,9.4,231.897,LOW,TECHNOLOGY,OFFICE MACHINES,REGULAR AIR
2503.86,0.06,2353.6284,9,-172.48,28.06,2498.0484,HIGH,TECHNOLOGY,OFFICE MACHINES,DELIVERY TRUCK
1332.97,0.09,1213.0027,17,4.75,8.99,1199.2627,LOW,TECHNOLOGY,TELEPHONES AND COMMUNICATION,REGULAR AIR
283.13,0.08,260.4796,45,-141.26,6.81,394.9296,LOW,OFFICE SUPPLIES,PAPER,REGULAR AIR
193.11,0.08,177.6612,50,-263.76,7.01,434.4112,MEDIUM,OFFICE SUPPLIES,BINDERS AND BINDER ACCESSORIES,REGULAR AIR
158.79,0.05,150.85049999999998,13,1.16,5.63,144.0605,HIGH,OFFICE SUPPLIES,BINDERS AND BINDER ACCESSORIES,REGULAR AIR
4620.05,0.06,4342.847,30,-229.68,35.02,4537.507,LOW,FURNITURE,BOOKCASES,DELIVERY TRUCK
3197.003,0.07,2973.21279,30,603.46,7.69,2362.06279,MEDIUM,TECHNOLOGY,TELEPHONES AND COMMUNICATION,REGULAR AIR
298.57,0.07,277.6701,45,74.07,2.0,201.6001,HIGH,OFFICE SUPPLIES,PAPER,REGULAR AIR
44.32,0.01,43.8768,15,-41.55,4.28,81.1468,HIGH,OFFICE SUPPLIES,PENS & ART SUPPLIES,REGULAR AIR
7312.0315,0.06,6873.30961,50,2031.51,8.99,4832.80961,MEDIUM,TECHNOLOGY,TELEPHONES AND COMMUNICATION,REGULAR AIR
102.18,0.09,92.9838,5,-65.67,4.0,154.6538,LOW,TECHNOLOGY,COMPUTER PERIPHERALS,REGULAR AIR
374.67,0.0,374.67,29,30.63,6.35,337.69,HIGH,OFFICE SUPPLIES,PAPER,EXPRESS AIR
141.83,0.06,133.3202,9,-35.69,7.42,161.59019999999998,CRITICAL,OFFICE SUPPLIES,"SCISSORS, RULERS AND TRIMMERS",REGULAR AIR
3503.12,0.01,3468.0888,23,-168.14,46.2,3590.0288,NOT SPECIFIED,FURNITURE,TABLES,DELIVERY TRUCK
54.23,0.08,49.8916,7,-16.46,5.47,60.8816,CRITICAL,OFFICE SUPPLIES,PAPER,REGULAR AIR
152.26,0.04,146.1696,42,64.99,0.5,80.67960000000001,NOT SPECIFIED,OFFICE SUPPLIES,LABELS,REGULAR AIR
2048.568,0.1,1843.7112000000002,13,-259.99,8.99,2094.7112,HIGH,TECHNOLOGY,TELEPHONES AND COMMUNICATION,REGULAR AIR
4442.049,0.1,3997.8441,27,720.95,8.08,3268.8140999999996,MEDIUM,TECHNOLOGY,TELEPHONES AND COMMUNICATION,REGULAR AIR
1212.928,0.02,1188.6694400000001,45,-1460.77,45.51,2603.92944,LOW,FURNITURE,TABLES,DELIVERY TRUCK
3081.33,0.08,2834.8235999999997,31,-1341.11,57.38,4118.553599999999,HIGH,FURNITURE,BOOKCASES,DELIVERY TRUCK
1692.56,0.04,1624.8576,42,275.5,7.2,1342.1576,HIGH,OFFICE SUPPLIES,APPLIANCES,REGULAR AIR
2360.98,0.02,2313.7604,29,611.93,13.99,1687.8404000000005,LOW,OFFICE SUPPLIES,APPLIANCES,REGULAR AIR
182.2,0.09,165.802,49,82.21,0.5,83.092,LOW,OFFICE SUPPLIES,LABELS,EXPRESS AIR
2494.69,0.09,2270.1679,46,-937.06,36.61,3170.6178999999997,CRITICAL,FURNITURE,BOOKCASES,DELIVERY TRUCK
159.41,0.0,159.41,44,34.68,0.98,123.75,LOW,OFFICE SUPPLIES,PENS & ART SUPPLIES,EXPRESS AIR
1147.64,0.06,1078.7816,49,261.87,4.5,812.4116,HIGH,OFFICE SUPPLIES,APPLIANCES,REGULAR AIR
44.74,0.04,42.9504,7,-20.1,5.01,58.040400000000005,MEDIUM,OFFICE SUPPLIES,BINDERS AND BINDER ACCESSORIES,REGULAR AIR
90.78,0.06,85.3332,21,-71.84,5.41,151.7632,MEDIUM,OFFICE SUPPLIES,BINDERS AND BINDER ACCESSORIES,REGULAR AIR
150.2,0.02,147.196,15,12.97,4.39,129.836,NOT SPECIFIED,OFFICE SUPPLIES,PAPER,REGULAR AIR
38.93,0.07,36.2049,2,-102.43,4.81,133.8249,MEDIUM,TECHNOLOGY,TELEPHONES AND COMMUNICATION,REGULAR AIR
513.08,0.03,497.68760000000003,18,198.94,1.49,297.2576,HIGH,OFFICE SUPPLIES,BINDERS AND BINDER ACCESSORIES,REGULAR AIR
98.8,0.07,91.884,16,-62.0,7.15,146.73399999999998,HIGH,OFFICE SUPPLIES,PAPER,REGULAR AIR
89.4,0.08,82.248,34,22.22,0.8,59.22800000000001,HIGH,OFFICE SUPPLIES,RUBBER BANDS,EXPRESS AIR
136.29,0.05,129.47549999999998,18,-77.28,7.72,199.03549999999998,NOT SPECIFIED,OFFICE SUPPLIES,BINDERS AND BINDER ACCESSORIES,REGULAR AIR
538.51,0.0,538.51,7,-88.75,26.74,600.52,NOT SPECIFIED,FURNITURE,BOOKCASES,DELIVERY TRUCK
123.15,0.05,116.9925,23,22.98,2.04,91.9725,MEDIUM,OFFICE SUPPLIES,PAPER,REGULAR AIR
563.18,0.02,551.9164,13,67.98,7.2,476.7363999999999,CRITICAL,OFFICE SUPPLIES,APPLIANCES,EXPRESS AIR
47.45,0.05,45.0775,16,1.07,1.49,42.5175,CRITICAL,OFFICE SUPPLIES,BINDERS AND BINDER ACCESSORIES,REGULAR AIR
16.97,0.04,16.2912,2,-8.8,0.96,24.1312,NOT SPECIFIED,FURNITURE,OFFICE FURNISHINGS,REGULAR AIR
4077.756,0.04,3914.64576,42,1086.96,8.99,2818.69576,NOT SPECIFIED,TECHNOLOGY,TELEPHONES AND COMMUNICATION,REGULAR AIR
660.99,0.02,647.7702,13,267.67,5.09,375.0102,LOW,OFFICE SUPPLIES,PAPER,REGULAR AIR
282.61,0.02,276.9578,42,-106.36,5.22,378.0978,CRITICAL,FURNITURE,OFFICE FURNISHINGS,REGULAR AIR
808.673,0.06,760.15262,11,-10.67,0.99,769.8326199999999,LOW,TECHNOLOGY,TELEPHONES AND COMMUNICATION,REGULAR AIR
170.7,0.0,170.7,24,-37.88,2.74,205.83999999999997,HIGH,TECHNOLOGY,COMPUTER PERIPHERALS,REGULAR AIR
1839.448,0.07,1710.6866400000001,21,-742.88,69.0,2384.56664,HIGH,FURNITURE,TABLES,REGULAR AIR
1837.15,0.06,1726.921,47,196.58,8.99,1521.351,NOT SPECIFIED,OFFICE SUPPLIES,PENS & ART SUPPLIES,REGULAR AIR
2035.393,0.01,2015.03907,40,1152.69,1.25,861.09907,NOT SPECIFIED,TECHNOLOGY,TELEPHONES AND COMMUNICATION,REGULAR AIR
192.41,0.03,186.6377,30,-55.95,5.19,237.3977,CRITICAL,OFFICE SUPPLIES,BINDERS AND BINDER ACCESSORIES,REGULAR AIR
4733.88,0.02,4639.2024,39,239.41,56.14,4343.6524,NOT SPECIFIED,TECHNOLOGY,OFFICE MACHINES,DELIVERY TRUCK
363.54,0.08,334.45680000000004,17,4.75,5.53,324.17680000000007,LOW,OFFICE SUPPLIES,PENS & ART SUPPLIES,REGULAR AIR
1443.266,0.08,1327.80472,26,156.11,8.99,1162.7047200000002,NOT SPECIFIED,TECHNOLOGY,TELEPHONES AND COMMUNICATION,REGULAR AIR
525.0,0.03,509.25,48,63.5,2.89,442.86,LOW,OFFICE SUPPLIES,PENS & ART SUPPLIES,REGULAR AIR
279.77,0.07,260.1861,8,-14.02,8.22,265.9861,MEDIUM,OFFICE SUPPLIES,STORAGE & ORGANIZATION,REGULAR AIR
154.21,0.03,149.58370000000002,8,-160.39,27.75,282.2237,MEDIUM,FURNITURE,TABLES,DELIVERY TRUCK
460.43,0.07,428.1999,39,-76.18,6.13,498.2499,LOW,OFFICE SUPPLIES,STORAGE & ORGANIZATION,REGULAR AIR
970.47,0.1,873.423,13,192.38,0.99,680.053,NOT SPECIFIED,OFFICE SUPPLIES,APPLIANCES,REGULAR AIR
1340.93,0.09,1220.2463,36,154.16,9.2,1056.8863,HIGH,FURNITURE,OFFICE FURNISHINGS,EXPRESS AIR
5287.16,0.05,5022.802,35,-769.05,66.27,5725.581999999999,LOW,FURNITURE,BOOKCASES,DELIVERY TRUCK
386.71,0.01,382.8429,12,-84.12,6.5,460.4629,CRITICAL,TECHNOLOGY,COMPUTER PERIPHERALS,EXPRESS AIR
134.06,0.09,121.9946,34,5.98,1.17,114.8446,CRITICAL,OFFICE SUPPLIES,PENS & ART SUPPLIES,REGULAR AIR
1068.7,0.04,1025.952,27,-89.5,6.5,1108.952,HIGH,TECHNOLOGY,COMPUTER PERIPHERALS,REGULAR AIR
638.72,0.04,613.1712,20,-130.88,5.5,738.5512,HIGH,TECHNOLOGY,COMPUTER PERIPHERALS,REGULAR AIR
157.94,0.04,151.6224,6,9.15,4.5,137.9724,CRITICAL,OFFICE SUPPLIES,APPLIANCES,EXPRESS AIR
3089.06,0.0,3089.06,50,719.26,13.22,2356.58,LOW,OFFICE SUPPLIES,APPLIANCES,REGULAR AIR
1209.168,0.03,1172.89296,33,-1052.79,46.59,2179.09296,HIGH,FURNITURE,TABLES,DELIVERY TRUCK
7640.225,0.07,7105.409250000001,46,2027.68,2.5,5075.22925,NOT SPECIFIED,TECHNOLOGY,TELEPHONES AND COMMUNICATION,REGULAR AIR
24.36,0.07,22.654799999999998,3,-13.01,5.74,29.924799999999998,HIGH,OFFICE SUPPLIES,PAPER,REGULAR AIR
126.74,0.08,116.60079999999999,15,-18.53,3.5,131.6308,HIGH,OFFICE SUPPLIES,APPLIANCES,REGULAR AIR
48.41,0.06,45.505399999999995,42,-1.46,0.7,46.26539999999999,NOT SPECIFIED,OFFICE SUPPLIES,RUBBER BANDS,REGULAR AIR
4550.06,0.1,4095.054,50,-1335.32,58.2,5372.174,NOT SPECIFIED,FURNITURE,CHAIRS & CHAIRMATS,DELIVERY TRUCK
462.12,0.0,462.12,28,226.4,1.39,234.33,CRITICAL,OFFICE SUPPLIES,ENVELOPES,REGULAR AIR
1599.54,0.0,1599.54,37,578.14,7.47,1013.93,CRITICAL,OFFICE SUPPLIES,BINDERS AND BINDER ACCESSORIES,REGULAR AIR
105.99,0.01,104.9301,37,43.37,0.5,61.0601,LOW,OFFICE SUPPLIES,LABELS,REGULAR AIR
512.87,0.0,512.87,31,170.69,1.99,340.19,NOT SPECIFIED,TECHNOLOGY,COMPUTER PERIPHERALS,REGULAR AIR
102.59,0.01,101.5641,32,8.88,1.58,91.1041,NOT SPECIFIED,OFFICE SUPPLIES,RUBBER BANDS,REGULAR AIR
1695.65,0.02,1661.737,50,51.98,5.5,1604.257,NOT SPECIFIED,TECHNOLOGY,COMPUTER PERIPHERALS,EXPRESS AIR
7.01,0.03,6.7997,2,-4.2,0.96,10.0397,LOW,OFFICE SUPPLIES,PENS & ART SUPPLIES,REGULAR AIR
1116.03,0.04,1071.3888,32,203.44,5.49,862.4587999999999,HIGH,OFFICE SUPPLIES,STORAGE & ORGANIZATION,REGULAR AIR
2305.75,0.03,2236.5775,20,-530.68,35.0,2732.2574999999997,CRITICAL,FURNITURE,OFFICE FURNISHINGS,REGULAR AIR
80.45,0.09,73.2095,21,-60.96,4.69,129.4795,CRITICAL,OFFICE SUPPLIES,BINDERS AND BINDER ACCESSORIES,REGULAR AIR
149.51,0.02,146.5198,8,-31.11,12.39,165.2398,MEDIUM,FURNITURE,OFFICE FURNISHINGS,REGULAR AIR
322.73,0.07,300.13890000000004,25,101.83,4.95,193.35890000000006,LOW,FURNITURE,OFFICE FURNISHINGS,REGULAR AIR
7.96,0.0,7.96,1,-0.11,0.7,7.37,NOT SPECIFIED,OFFICE SUPPLIES,PENS & ART SUPPLIES,EXPRESS AIR
270.16,0.09,245.84560000000002,25,16.92,5.25,223.67560000000003,LOW,OFFICE SUPPLIES,ENVELOPES,REGULAR AIR
2694.01,0.08,2478.4892,24,994.31,7.11,1477.0692,LOW,TECHNOLOGY,OFFICE MACHINES,EXPRESS AIR
1491.5205,0.0,1491.5205,25,286.36,5.99,1199.1705000000002,NOT SPECIFIED,TECHNOLOGY,TELEPHONES AND COMMUNICATION,REGULAR AIR
1102.3,0.1,992.0699999999999,22,98.12,22.24,871.7099999999999,LOW,FURNITURE,OFFICE FURNISHINGS,REGULAR AIR
539.6,0.06,507.22400000000005,39,-6.5,8.78,504.9440000000001,HIGH,FURNITURE,OFFICE FURNISHINGS,REGULAR AIR
1290.2065,0.06,1212.79411,43,-160.68,5.0,1368.47411,NOT SPECIFIED,TECHNOLOGY,TELEPHONES AND COMMUNICATION,EXPRESS AIR
229.43,0.03,222.5471,31,-127.05,7.72,341.8771,HIGH,OFFICE SUPPLIES,BINDERS AND BINDER ACCESSORIES,REGULAR AIR
211.97,0.06,199.2518,10,-46.83,8.99,237.09179999999998,HIGH,OFFICE SUPPLIES,PENS & ART SUPPLIES,REGULAR AIR
36.06,0.08,33.175200000000004,3,-18.5,4.5,47.175200000000004,LOW,OFFICE SUPPLIES,APPLIANCES,REGULAR AIR
1849.8,0.04,1775.808,43,530.22,4.62,1240.968,LOW,OFFICE SUPPLIES,APPLIANCES,REGULAR AIR
6.76,0.02,6.6248,3,-4.28,1.57,9.3348,HIGH,OFFICE SUPPLIES,PENS & ART SUPPLIES,REGULAR AIR
161.72,0.09,147.1652,40,-134.71,5.26,276.6152,HIGH,OFFICE SUPPLIES,BINDERS AND BINDER ACCESSORIES,REGULAR AIR
107.75,0.07,100.2075,23,24.17,1.52,74.5175,HIGH,OFFICE SUPPLIES,PAPER,REGULAR AIR
75.73,0.04,72.7008,43,-37.76,1.57,108.89080000000001,HIGH,OFFICE SUPPLIES,PENS & ART SUPPLIES,EXPRESS AIR
858.53,0.07,798.4329,43,-97.54,11.17,884.8029,NOT SPECIFIED,FURNITURE,OFFICE FURNISHINGS,REGULAR AIR
29.23,0.05,27.7685,10,8.1,0.5,19.1685,NOT SPECIFIED,OFFICE SUPPLIES,LABELS,REGULAR AIR
6742.49,0.03,6540.2153,39,-502.05,35.0,7007.2653,CRITICAL,OFFICE SUPPLIES,STORAGE & ORGANIZATION,REGULAR AIR
92.02,0.07,85.5786,9,-24.88,4.68,105.77859999999998,CRITICAL,OFFICE SUPPLIES,"SCISSORS, RULERS AND TRIMMERS",REGULAR AIR
5785.59,0.07,5380.5987000000005,45,-423.77,30.0,5774.368700000001,NOT SPECIFIED,FURNITURE,CHAIRS & CHAIRMATS,DELIVERY TRUCK
1131.93,0.09,1030.0563,22,469.69,4.86,555.5063,NOT SPECIFIED,OFFICE SUPPLIES,PAPER,REGULAR AIR
3238.143,0.08,2979.09156,35,727.36,4.23,2247.5015599999997,NOT SPECIFIED,TECHNOLOGY,TELEPHONES AND COMMUNICATION,REGULAR AIR
167.07,0.03,162.0579,33,-102.36,6.07,258.3479,NOT SPECIFIED,OFFICE SUPPLIES,PAPER,REGULAR AIR
6116.11,0.03,5932.6267,35,91.57,29.21,5811.8467,LOW,FURNITURE,TABLES,DELIVERY TRUCK
245.4,0.0,245.4,34,-87.27,6.92,325.75,NOT SPECIFIED,OFFICE SUPPLIES,PAPER,REGULAR AIR
124.78,0.09,113.5498,33,-122.67,5.26,230.9598,LOW,OFFICE SUPPLIES,BINDERS AND BINDER ACCESSORIES,REGULAR AIR
123.4,0.1,111.06,22,30.5,0.83,79.73,LOW,OFFICE SUPPLIES,PENS & ART SUPPLIES,REGULAR AIR
4043.29,0.06,3800.6926,35,-34.3,56.14,3778.8526,CRITICAL,TECHNOLOGY,OFFICE MACHINES,DELIVERY TRUCK
870.48,0.07,809.5464000000001,24,104.37,13.89,691.2864000000001,CRITICAL,OFFICE SUPPLIES,PENS & ART SUPPLIES,REGULAR AIR
6878.55,0.03,6672.1935,26,506.71,66.67,6098.8135,CRITICAL,FURNITURE,TABLES,DELIVERY TRUCK
124.19,0.03,120.4643,7,-53.3,11.28,162.4843,HIGH,TECHNOLOGY,OFFICE MACHINES,REGULAR AIR
4976.6,0.06,4678.004000000001,32,601.88,19.99,4056.134000000001,MEDIUM,OFFICE SUPPLIES,STORAGE & ORGANIZATION,REGULAR AIR
5583.27,0.04,5359.939200000001,41,1539.59,24.49,3795.859200000001,HIGH,FURNITURE,OFFICE FURNISHINGS,EXPRESS AIR
1756.593,0.09,1598.49963,33,298.21,5.63,1294.6596299999999,MEDIUM,TECHNOLOGY,TELEPHONES AND COMMUNICATION,REGULAR AIR
5817.88,0.01,5759.7012,37,-567.14,66.27,6260.5712,MEDIUM,FURNITURE,BOOKCASES,DELIVERY TRUCK
20.28,0.05,19.266000000000002,5,-4.32,2.03,21.556,LOW,OFFICE SUPPLIES,PENS & ART SUPPLIES,EXPRESS AIR
4177.66,0.04,4010.5535999999997,47,85.29,60.0,3865.2635999999998,NOT SPECIFIED,FURNITURE,TABLES,DELIVERY TRUCK
280.39,0.0,280.39,17,9.33,6.75,264.31,CRITICAL,OFFICE SUPPLIES,APPLIANCES,EXPRESS AIR
400.49,0.09,364.4459,46,-237.89,9.86,592.4758999999999,HIGH,OFFICE SUPPLIES,PAPER,REGULAR AIR
538.14,0.06,505.85159999999996,39,111.42,1.99,392.44159999999994,CRITICAL,TECHNOLOGY,COMPUTER PERIPHERALS,REGULAR AIR
388.13,0.04,372.6048,18,40.11,8.32,324.1748,MEDIUM,OFFICE SUPPLIES,PAPER,REGULAR AIR
2339.84,0.05,2222.848,39,-1730.3,69.0,3884.148,MEDIUM,FURNITURE,TABLES,REGULAR AIR
145.15,0.07,134.9895,24,-169.17,9.92,294.23949999999996,NOT SPECIFIED,OFFICE SUPPLIES,BINDERS AND BINDER ACCESSORIES,REGULAR AIR
131.5,0.01,130.185,3,105.9,9.2,15.084999999999994,NOT SPECIFIED,FURNITURE,OFFICE FURNISHINGS,REGULAR AIR
158.99,0.07,147.8607,23,-197.13,9.69,335.3007,NOT SPECIFIED,OFFICE SUPPLIES,STORAGE & ORGANIZATION,REGULAR AIR
1311.25,0.0,1311.25,32,407.44,1.99,901.8199999999999,NOT SPECIFIED,TECHNOLOGY,COMPUTER PERIPHERALS,EXPRESS AIR
1436.55,0.1,1292.895,36,-4.01,18.98,1277.925,LOW,FURNITURE,OFFICE FURNISHINGS,REGULAR AIR
63.33,0.0,63.33,13,-39.96,5.34,97.94999999999999,LOW,OFFICE SUPPLIES,BINDERS AND BINDER ACCESSORIES,REGULAR AIR
71.2,0.08,65.504,9,1.87,5.21,58.42400000000001,NOT SPECIFIED,FURNITURE,OFFICE FURNISHINGS,REGULAR AIR
1351.78,0.06,1270.6732,25,109.92,13.22,1147.5331999999999,NOT SPECIFIED,OFFICE SUPPLIES,APPLIANCES,REGULAR AIR
1560.96,0.07,1451.6928,21,-120.27,4.0,1567.9628,NOT SPECIFIED,TECHNOLOGY,COMPUTER PERIPHERALS,EXPRESS AIR
16.81,0.05,15.969499999999998,2,-4.14,2.14,17.969499999999996,CRITICAL,OFFICE SUPPLIES,PAPER,EXPRESS AIR
1194.34,0.04,1146.5664,33,497.11,2.99,646.4663999999999,CRITICAL,OFFICE SUPPLIES,BINDERS AND BINDER ACCESSORIES,REGULAR AIR
797.98,0.05,758.081,44,237.47,0.99,519.621,CRITICAL,TECHNOLOGY,TELEPHONES AND COMMUNICATION,REGULAR AIR
5404.18,0.07,5025.8874000000005,31,241.06,30.0,4754.8274,LOW,FURNITURE,CHAIRS & CHAIRMATS,DELIVERY TRUCK
848.2,0.06,797.308,21,163.78,5.33,628.198,CRITICAL,OFFICE SUPPLIES,APPLIANCES,EXPRESS AIR
430.19,0.02,421.5862,40,181.26,1.79,238.5362,LOW,OFFICE SUPPLIES,PAPER,REGULAR AIR
3259.25,0.04,3128.88,37,580.33,28.0,2520.55,MEDIUM,TECHNOLOGY,OFFICE MACHINES,DELIVERY TRUCK
6803.0,0.03,6598.91,46,-1061.68,66.27,7594.32,LOW,FURNITURE,BOOKCASES,DELIVERY TRUCK
140.37,0.01,138.96630000000002,20,-893.39,49.0,983.3563,NOT SPECIFIED,OFFICE SUPPLIES,APPLIANCES,REGULAR AIR
5921.74,0.02,5803.3052,45,-287.62,30.0,6060.9252,NOT SPECIFIED,FURNITURE,CHAIRS & CHAIRMATS,DELIVERY TRUCK
68.16,0.09,62.0256,4,-52.44,6.5,107.9656,NOT SPECIFIED,TECHNOLOGY,COMPUTER PERIPHERALS,REGULAR AIR
105.13,0.08,96.7196,4,-103.23,4.0,195.9496,MEDIUM,TECHNOLOGY,COMPUTER PERIPHERALS,REGULAR AIR
176.77,0.06,166.1638,32,-41.6,4.72,203.0438,CRITICAL,OFFICE SUPPLIES,PAPER,EXPRESS AIR
717.21,0.0,717.21,30,217.06,3.63,496.52000000000004,CRITICAL,FURNITURE,OFFICE FURNISHINGS,REGULAR AIR
1579.028,0.02,1547.44744,50,624.98,5.99,916.4774399999999,CRITICAL,TECHNOLOGY,TELEPHONES AND COMMUNICATION,REGULAR AIR
336.65,0.07,313.0845,30,-71.05,6.96,377.1745,CRITICAL,OFFICE SUPPLIES,APPLIANCES,REGULAR AIR
17.43,0.02,17.0814,6,2.45,0.5,14.1314,HIGH,FURNITURE,TABLES,REGULAR AIR
2976.19,0.05,2827.3805,25,-44.52,56.14,2815.7605000000003,NOT SPECIFIED,TECHNOLOGY,OFFICE MACHINES,DELIVERY TRUCK
498.68,0.06,468.7592,20,79.52,5.37,383.86920000000003,CRITICAL,OFFICE SUPPLIES,APPLIANCES,REGULAR AIR
5208.78,0.05,4948.340999999999,34,1547.78,7.07,3393.491,CRITICAL,OFFICE SUPPLIES,STORAGE & ORGANIZATION,REGULAR AIR
23.44,0.05,22.268,3,-10.58,5.2,27.648000000000003,HIGH,OFFICE SUPPLIES,PAPER,REGULAR AIR
28.46,0.02,27.890800000000002,4,-27.13,3.85,51.1708,HIGH,TECHNOLOGY,COMPUTER PERIPHERALS,REGULAR AIR
31.1185,0.05,29.562575000000002,4,-46.9,5.03,71.432575,LOW,TECHNOLOGY,TELEPHONES AND COMMUNICATION,REGULAR AIR
642.8,0.08,591.376,44,-253.11,13.32,831.1659999999999,CRITICAL,OFFICE SUPPLIES,APPLIANCES,REGULAR AIR
4829.4535,0.05,4587.980825,47,1235.15,8.99,3343.8408249999998,LOW,TECHNOLOGY,TELEPHONES AND COMMUNICATION,REGULAR AIR
136.1,0.06,127.934,12,-3.78,7.94,123.774,NOT SPECIFIED,FURNITURE,OFFICE FURNISHINGS,REGULAR AIR
297.85,0.04,285.93600000000004,5,-69.89,19.99,335.836,NOT SPECIFIED,OFFICE SUPPLIES,STORAGE & ORGANIZATION,REGULAR AIR
1296.46,0.01,1283.4954,31,376.47,1.99,905.0354,MEDIUM,TECHNOLOGY,COMPUTER PERIPHERALS,REGULAR AIR
101.77,0.03,98.7169,29,-73.19,3.97,167.93689999999998,HIGH,OFFICE SUPPLIES,PENS & ART SUPPLIES,REGULAR AIR
104.7,0.09,95.277,29,42.16,0.5,52.617000000000004,HIGH,OFFICE SUPPLIES,LABELS,REGULAR AIR
284.4525,0.06,267.38535,5,-254.78,8.99,513.17535,HIGH,TECHNOLOGY,TELEPHONES AND COMMUNICATION,REGULAR AIR
247.34,0.04,237.4464,6,63.61,2.99,170.84640000000002,NOT SPECIFIED,OFFICE SUPPLIES,BINDERS AND BINDER ACCESSORIES,EXPRESS AIR
305.48,0.1,274.932,27,47.14,2.36,225.43200000000002,NOT SPECIFIED,OFFICE SUPPLIES,PENS & ART SUPPLIES,REGULAR AIR
122.74,0.08,112.9208,17,-28.13,5.47,135.5808,CRITICAL,OFFICE SUPPLIES,PAPER,REGULAR AIR
3114.05,0.01,3082.9095,32,-1207.18,74.35,4215.739500000001,HIGH,FURNITURE,CHAIRS & CHAIRMATS,DELIVERY TRUCK
105.94,0.06,99.5836,13,-566.0,49.0,616.5836,LOW,OFFICE SUPPLIES,APPLIANCES,REGULAR AIR
630.14,0.04,604.9344,30,108.0,8.68,488.25440000000003,LOW,OFFICE SUPPLIES,PAPER,REGULAR AIR
2813.8485,0.08,2588.74062,28,377.15,7.69,2203.90062,LOW,TECHNOLOGY,TELEPHONES AND COMMUNICATION,REGULAR AIR
1624.5965,0.07,1510.874745,31,109.84,8.8,1392.2347450000002,NOT SPECIFIED,TECHNOLOGY,TELEPHONES AND COMMUNICATION,REGULAR AIR
381.36,0.0,381.36,35,128.03,1.99,251.34,NOT SPECIFIED,TECHNOLOGY,COMPUTER PERIPHERALS,EXPRESS AIR
11.89,0.06,11.1766,9,-6.12,0.7,16.596600000000002,CRITICAL,OFFICE SUPPLIES,RUBBER BANDS,REGULAR AIR
269.3,0.04,258.528,32,22.38,4.95,231.19800000000004,HIGH,FURNITURE,OFFICE FURNISHINGS,EXPRESS AIR
364.4,0.05,346.17999999999995,44,51.08,1.99,293.10999999999996,LOW,TECHNOLOGY,COMPUTER PERIPHERALS,REGULAR AIR
3585.91,0.06,3370.7554,25,-178.54,43.75,3505.5454,MEDIUM,FURNITURE,TABLES,DELIVERY TRUCK
8161.93,0.06,7672.2142,27,1261.44,64.73,6346.0442,HIGH,FURNITURE,CHAIRS & CHAIRMATS,DELIVERY TRUCK
545.38,0.02,534.4724,24,89.6,8.18,436.6924,NOT SPECIFIED,OFFICE SUPPLIES,PAPER,REGULAR AIR
3713.0125,0.09,3378.841375,48,803.6,7.69,2567.551375,NOT SPECIFIED,TECHNOLOGY,TELEPHONES AND COMMUNICATION,REGULAR AIR
1444.0,0.08,1328.48,48,617.06,2.99,708.4300000000001,LOW,OFFICE SUPPLIES,BINDERS AND BINDER ACCESSORIES,REGULAR AIR
676.69,0.09,615.7879,21,138.1,1.99,475.6979,NOT SPECIFIED,TECHNOLOGY,COMPUTER PERIPHERALS,REGULAR AIR
925.43,0.0,925.43,28,368.86,1.99,554.5799999999999,NOT SPECIFIED,TECHNOLOGY,COMPUTER PERIPHERALS,REGULAR AIR
321.63,0.04,308.7648,23,73.7,5.0,230.0648,LOW,FURNITURE,OFFICE FURNISHINGS,REGULAR AIR
278.07,0.08,255.8244,48,-71.45,4.96,322.3144,MEDIUM,OFFICE SUPPLIES,PAPER,REGULAR AIR
328.627,0.0,328.627,17,-7.77,4.81,331.587,CRITICAL,TECHNOLOGY,TELEPHONES AND COMMUNICATION,REGULAR AIR
6733.52,0.04,6464.1792000000005,46,246.0,4.0,6214.1792000000005,NOT SPECIFIED,TECHNOLOGY,COMPUTER PERIPHERALS,REGULAR AIR
4479.16,0.07,4165.6188,28,610.9,19.99,3534.7288000000003,HIGH,OFFICE SUPPLIES,STORAGE & ORGANIZATION,REGULAR AIR
1314.65,0.06,1235.7710000000002,36,536.87,5.08,693.8210000000003,HIGH,OFFICE SUPPLIES,PAPER,REGULAR AIR
377.83,0.06,355.1602,41,122.06,2.15,230.9502,NOT SPECIFIED,OFFICE SUPPLIES,PAPER,REGULAR AIR
7725.66,0.05,7339.3769999999995,39,-737.41,55.96,8020.826999999999,LOW,FURNITURE,BOOKCASES,DELIVERY TRUCK
52.43,0.03,50.8571,4,-12.98,6.22,57.61710000000001,CRITICAL,FURNITURE,OFFICE FURNISHINGS,EXPRESS AIR
254.51,0.08,234.14919999999998,48,49.05,0.7,184.3992,CRITICAL,OFFICE SUPPLIES,PENS & ART SUPPLIES,REGULAR AIR
268.58,0.03,260.5226,25,-26.33,4.5,282.3526,HIGH,OFFICE SUPPLIES,APPLIANCES,REGULAR AIR
1280.65,0.06,1203.8110000000001,26,75.36,22.24,1106.2110000000002,HIGH,FURNITURE,OFFICE FURNISHINGS,REGULAR AIR
231.65,0.0,231.65,37,-241.28,10.39,462.53999999999996,CRITICAL,OFFICE SUPPLIES,PAPER,REGULAR AIR
198.44,0.01,196.4556,2,-87.46,8.99,274.9256,HIGH,FURNITURE,OFFICE FURNISHINGS,REGULAR AIR
296.94,0.08,273.1848,29,-25.41,3.99,294.6048,MEDIUM,OFFICE SUPPLIES,APPLIANCES,REGULAR AIR
729.75,0.02,715.155,44,375.25,1.39,338.515,NOT SPECIFIED,OFFICE SUPPLIES,ENVELOPES,REGULAR AIR
1072.22,0.03,1040.0534,13,149.64,7.18,883.2334,HIGH,TECHNOLOGY,COMPUTER PERIPHERALS,REGULAR AIR
342.85,0.06,322.279,25,-32.42,7.51,347.189,HIGH,TECHNOLOGY,OFFICE MACHINES,REGULAR AIR
1417.21,0.07,1318.0053,28,63.88,18.45,1235.6752999999999,NOT SPECIFIED,FURNITURE,OFFICE FURNISHINGS,REGULAR AIR
1154.9375,0.04,1108.74,11,-176.06,8.99,1275.81,NOT SPECIFIED,TECHNOLOGY,TELEPHONES AND COMMUNICATION,EXPRESS AIR
109.9,0.01,108.801,16,-28.95,5.27,132.481,NOT SPECIFIED,OFFICE SUPPLIES,BINDERS AND BINDER ACCESSORIES,REGULAR AIR
343.94,0.02,337.0612,50,-157.4,7.37,487.09119999999996,NOT SPECIFIED,OFFICE SUPPLIES,PAPER,REGULAR AIR
246.63,0.08,226.8996,20,31.54,4.86,190.4996,LOW,OFFICE SUPPLIES,PAPER,REGULAR AIR
94.52,0.06,88.8488,12,-36.23,6.28,118.7988,HIGH,OFFICE SUPPLIES,BINDERS AND BINDER ACCESSORIES,REGULAR AIR
106.69,0.01,105.6231,22,-76.6,5.83,176.3931,CRITICAL,OFFICE SUPPLIES,BINDERS AND BINDER ACCESSORIES,REGULAR AIR
6126.93,0.01,6065.6607,41,-1704.89,80.2,7690.350700000001,LOW,FURNITURE,TABLES,DELIVERY TRUCK
62.48,0.06,58.731199999999994,4,1.06,1.97,55.70119999999999,HIGH,OFFICE SUPPLIES,PAPER,REGULAR AIR
257.34,0.04,247.04639999999998,20,12.82,3.14,231.0864,NOT SPECIFIED,OFFICE SUPPLIES,"SCISSORS, RULERS AND TRIMMERS",REGULAR AIR
128.97,0.03,125.1009,23,-1045.25,49.0,1121.3509,NOT SPECIFIED,OFFICE SUPPLIES,APPLIANCES,REGULAR AIR
238.77,0.02,233.99460000000002,20,-78.81,7.95,304.8546,NOT SPECIFIED,OFFICE SUPPLIES,PENS & ART SUPPLIES,REGULAR AIR
107.41,0.05,102.0395,5,0.19,5.86,95.9895,MEDIUM,OFFICE SUPPLIES,PAPER,REGULAR AIR
163.41,0.07,151.97129999999999,25,-91.28,6.97,236.2813,CRITICAL,OFFICE SUPPLIES,BINDERS AND BINDER ACCESSORIES,REGULAR AIR
507.66,0.1,456.894,34,106.71,4.0,346.184,LOW,TECHNOLOGY,COMPUTER PERIPHERALS,REGULAR AIR
292.95,0.06,275.373,13,60.36,5.47,209.54299999999995,NOT SPECIFIED,OFFICE SUPPLIES,PAPER,REGULAR AIR
3212.97,0.03,3116.5809,37,1125.42,19.99,1971.1709,NOT SPECIFIED,OFFICE SUPPLIES,ENVELOPES,REGULAR AIR
49.18,0.07,45.7374,12,0.58,0.94,44.217400000000005,HIGH,OFFICE SUPPLIES,PENS & ART SUPPLIES,REGULAR AIR
659.5,0.09,600.145,16,248.98,2.99,348.17499999999995,NOT SPECIFIED,OFFICE SUPPLIES,BINDERS AND BINDER ACCESSORIES,REGULAR AIR
1721.641,0.04,1652.77536,17,242.44,4.23,1406.10536,CRITICAL,TECHNOLOGY,TELEPHONES AND COMMUNICATION,REGULAR AIR
413.37,0.04,396.8352,50,-224.41,7.77,613.4752,CRITICAL,OFFICE SUPPLIES,"SCISSORS, RULERS AND TRIMMERS",REGULAR AIR
59.35,0.02,58.163000000000004,9,-42.61,8.33,92.44300000000001,HIGH,OFFICE SUPPLIES,PAPER,EXPRESS AIR
1966.26,0.06,1848.2844,14,-34.79,19.99,1863.0844,NOT SPECIFIED,OFFICE SUPPLIES,STORAGE & ORGANIZATION,REGULAR AIR
1500.84,0.1,1350.7559999999999,46,91.56,14.72,1244.4759999999999,MEDIUM,OFFICE SUPPLIES,ENVELOPES,EXPRESS AIR
98.64,0.03,95.6808,45,-9.36,1.49,103.55080000000001,MEDIUM,OFFICE SUPPLIES,BINDERS AND BINDER ACCESSORIES,REGULAR AIR
156.2,0.03,151.51399999999998,38,43.0,0.7,107.814,CRITICAL,OFFICE SUPPLIES,PENS & ART SUPPLIES,REGULAR AIR
99.1,0.02,97.118,24,28.42,0.99,67.708,MEDIUM,OFFICE SUPPLIES,LABELS,REGULAR AIR
380.34,0.02,372.73319999999995,36,-108.2,6.91,474.0231999999999,MEDIUM,OFFICE SUPPLIES,STORAGE & ORGANIZATION,REGULAR AIR
325.33,0.0,325.33,41,-41.75,5.83,361.25,HIGH,OFFICE SUPPLIES,PAPER,REGULAR AIR
45.21,0.02,44.3058,22,4.61,0.7,38.995799999999996,MEDIUM,OFFICE SUPPLIES,PENS & ART SUPPLIES,EXPRESS AIR
2175.22,0.0,2175.22,29,-520.55,60.0,2635.7699999999995,CRITICAL,OFFICE SUPPLIES,APPLIANCES,DELIVERY TRUCK
32.77,0.07,30.476100000000002,5,-17.19,5.01,42.65610000000001,LOW,OFFICE SUPPLIES,BINDERS AND BINDER ACCESSORIES,REGULAR AIR
114.17,0.01,113.0283,24,-80.05,5.15,187.92829999999998,LOW,OFFICE SUPPLIES,APPLIANCES,REGULAR AIR
197.11,0.03,191.19670000000002,39,-89.42,4.95,275.66670000000005,LOW,OFFICE SUPPLIES,BINDERS AND BINDER ACCESSORIES,REGULAR AIR
1701.53,0.01,1684.5147,37,735.99,1.99,946.5346999999999,LOW,TECHNOLOGY,COMPUTER PERIPHERALS,EXPRESS AIR
64.79,0.03,62.84630000000001,2,-41.32,7.87,96.2963,NOT SPECIFIED,FURNITURE,OFFICE FURNISHINGS,REGULAR AIR
234.24,0.09,213.1584,24,-151.8,9.45,355.50840000000005,HIGH,OFFICE SUPPLIES,STORAGE & ORGANIZATION,REGULAR AIR
4357.117,0.07,4052.11881,44,1192.98,5.92,2853.21881,CRITICAL,TECHNOLOGY,TELEPHONES AND COMMUNICATION,REGULAR AIR
1298.29,0.06,1220.3926,41,542.33,1.99,676.0725999999999,LOW,TECHNOLOGY,COMPUTER PERIPHERALS,REGULAR AIR
590.32,0.06,554.9008,35,-91.31,8.99,637.2208,LOW,OFFICE SUPPLIES,PENS & ART SUPPLIES,REGULAR AIR
19.34,0.06,18.1796,3,-11.36,5.02,24.5196,LOW,OFFICE SUPPLIES,PAPER,REGULAR AIR
4245.93,0.0,4245.93,19,-626.45,69.0,4803.38,LOW,FURNITURE,TABLES,REGULAR AIR
1463.42,0.08,1346.3464000000001,26,350.82,3.99,991.5364000000002,MEDIUM,OFFICE SUPPLIES,APPLIANCES,REGULAR AIR
1025.88,0.08,943.8096,10,-211.33,42.0,1113.1396,LOW,FURNITURE,CHAIRS & CHAIRMATS,DELIVERY TRUCK
653.871,0.09,595.02261,15,-311.05,5.0,901.0726099999999,HIGH,TECHNOLOGY,TELEPHONES AND COMMUNICATION,REGULAR AIR
43.49,0.06,40.8806,5,-21.44,1.99,60.330600000000004,CRITICAL,TECHNOLOGY,COMPUTER PERIPHERALS,REGULAR AIR
2854.76,0.06,2683.4744,27,61.13,8.64,2613.7044,CRITICAL,OFFICE SUPPLIES,STORAGE & ORGANIZATION,REGULAR AIR
114.87,0.1,103.38300000000001,11,-21.03,3.99,120.42300000000002,LOW,OFFICE SUPPLIES,APPLIANCES,REGULAR AIR
383.23,0.01,379.39770000000004,9,146.51,9.2,223.68770000000006,LOW,FURNITURE,OFFICE FURNISHINGS,REGULAR AIR
68.5,0.01,67.815,11,-53.85,7.57,114.095,NOT SPECIFIED,OFFICE SUPPLIES,BINDERS AND BINDER ACCESSORIES,REGULAR AIR
145.19,0.05,137.9305,44,-116.87,3.97,250.8305,NOT SPECIFIED,OFFICE SUPPLIES,PENS & ART SUPPLIES,REGULAR AIR
506.73,0.08,466.1916,41,25.58,6.47,434.1416,NOT SPECIFIED,OFFICE SUPPLIES,PAPER,REGULAR AIR
129.27,0.07,120.2211,20,-105.15,8.74,216.6311,CRITICAL,OFFICE SUPPLIES,PAPER,REGULAR AIR
183.22,0.01,181.3878,13,-100.89,14.37,267.9078,MEDIUM,FURNITURE,OFFICE FURNISHINGS,REGULAR AIR
2039.082,0.01,2018.69118,36,481.7,4.99,1532.00118,CRITICAL,TECHNOLOGY,TELEPHONES AND COMMUNICATION,REGULAR AIR
68.03,0.02,66.6694,4,-29.42,4.53,91.5594,MEDIUM,OFFICE SUPPLIES,STORAGE & ORGANIZATION,REGULAR AIR
1638.67,0.05,1556.7365,23,-527.83,60.0,2024.5665,HIGH,OFFICE SUPPLIES,APPLIANCES,DELIVERY TRUCK
64.1,0.03,62.17699999999999,8,-48.28,8.37,102.08699999999999,HIGH,OFFICE SUPPLIES,"SCISSORS, RULERS AND TRIMMERS",REGULAR AIR
2548.3,0.1,2293.4700000000003,34,875.57,19.99,1397.9100000000003,NOT SPECIFIED,FURNITURE,OFFICE FURNISHINGS,REGULAR AIR
5979.84,0.01,5920.0416000000005,46,1779.01,12.65,4128.381600000001,CRITICAL,FURNITURE,CHAIRS & CHAIRMATS,EXPRESS AIR
175.76,0.06,165.21439999999998,28,80.36,0.5,84.35439999999998,CRITICAL,OFFICE SUPPLIES,LABELS,REGULAR AIR
145.66,0.02,142.7468,48,28.89,0.7,113.15680000000002,MEDIUM,OFFICE SUPPLIES,PENS & ART SUPPLIES,REGULAR AIR
420.76,0.05,399.722,18,-56.21,15.1,440.83199999999994,MEDIUM,OFFICE SUPPLIES,BINDERS AND BINDER ACCESSORIES,REGULAR AIR
1676.46,0.1,1508.814,30,-626.08,30.0,2104.8940000000002,MEDIUM,FURNITURE,CHAIRS & CHAIRMATS,DELIVERY TRUCK
225.46,0.09,205.1686,16,-33.03,7.51,230.6886,CRITICAL,TECHNOLOGY,OFFICE MACHINES,REGULAR AIR
783.96,0.05,744.7620000000001,38,-1195.29,35.0,1905.0520000000001,CRITICAL,OFFICE SUPPLIES,STORAGE & ORGANIZATION,REGULAR AIR
602.4205,0.09,548.2026549999999,13,10.98,1.25,535.9726549999999,HIGH,TECHNOLOGY,TELEPHONES AND COMMUNICATION,REGULAR AIR
203.35,0.08,187.082,35,-1605.73,49.0,1743.812,HIGH,OFFICE SUPPLIES,APPLIANCES,REGULAR AIR
44.52,0.03,43.184400000000004,18,-90.59,6.05,127.7244,HIGH,OFFICE SUPPLIES,BINDERS AND BINDER ACCESSORIES,REGULAR AIR
58.9,0.03,57.132999999999996,5,-36.9,9.45,84.583,HIGH,OFFICE SUPPLIES,STORAGE & ORGANIZATION,REGULAR AIR
3642.14,0.01,3605.7185999999997,49,103.11,26.74,3475.8686,LOW,FURNITURE,BOOKCASES,DELIVERY TRUCK
1776.96,0.07,1652.5728,18,-197.06,35.84,1813.7928,LOW,FURNITURE,BOOKCASES,DELIVERY TRUCK
2982.5,0.05,2833.375,16,-589.58,69.0,3353.955,LOW,FURNITURE,TABLES,REGULAR AIR
59.62,0.04,57.2352,10,-56.3,7.78,105.7552,HIGH,OFFICE SUPPLIES,BINDERS AND BINDER ACCESSORIES,REGULAR AIR
57.73,0.06,54.2662,2,-101.41,4.0,151.6762,HIGH,TECHNOLOGY,COMPUTER PERIPHERALS,REGULAR AIR
56.26,0.0,56.26,14,28.11,0.5,27.65,NOT SPECIFIED,OFFICE SUPPLIES,LABELS,EXPRESS AIR
1961.7915,0.05,1863.701925,34,425.75,5.99,1431.961925,LOW,TECHNOLOGY,TELEPHONES AND COMMUNICATION,REGULAR AIR
4711.244,0.06,4428.5693599999995,36,1380.32,3.9,3044.34936,MEDIUM,TECHNOLOGY,TELEPHONES AND COMMUNICATION,REGULAR AIR
1521.1345,0.07,1414.6550849999999,27,270.6,3.99,1140.0650849999997,HIGH,TECHNOLOGY,TELEPHONES AND COMMUNICATION,REGULAR AIR
1264.13,0.02,1238.8474,35,-1087.36,35.0,2291.2074000000002,HIGH,OFFICE SUPPLIES,STORAGE & ORGANIZATION,REGULAR AIR
89.04,0.08,81.91680000000001,10,-16.49,8.54,89.8668,HIGH,FURNITURE,OFFICE FURNISHINGS,REGULAR AIR
297.34,0.04,285.4464,40,-270.96,11.15,545.2564,HIGH,OFFICE SUPPLIES,PAPER,EXPRESS AIR
142.59,0.02,139.7382,29,-3.23,0.7,142.2682,MEDIUM,OFFICE SUPPLIES,RUBBER BANDS,REGULAR AIR
849.337,0.07,789.88341,8,-258.85,2.5,1046.23341,MEDIUM,TECHNOLOGY,TELEPHONES AND COMMUNICATION,EXPRESS AIR
562.15,0.01,556.5285,12,148.34,5.1,403.08849999999995,NOT SPECIFIED,OFFICE SUPPLIES,APPLIANCES,REGULAR AIR
140.77,0.01,139.3623,7,100.77,3.77,34.8223,NOT SPECIFIED,FURNITURE,OFFICE FURNISHINGS,REGULAR AIR
848.19,0.06,797.2986000000001,25,120.02,5.49,671.7886000000001,NOT SPECIFIED,OFFICE SUPPLIES,STORAGE & ORGANIZATION,EXPRESS AIR
746.93,0.09,679.7062999999999,40,67.03,9.03,603.6463,MEDIUM,OFFICE SUPPLIES,PAPER,EXPRESS AIR
313.4,0.0,313.4,37,-5.05,4.82,313.63,MEDIUM,OFFICE SUPPLIES,PAPER,REGULAR AIR
1132.54,0.0,1132.54,22,-628.38,35.0,1725.92,HIGH,OFFICE SUPPLIES,STORAGE & ORGANIZATION,REGULAR AIR
208.77,0.03,202.5069,43,-144.24,5.72,341.0269,CRITICAL,FURNITURE,OFFICE FURNISHINGS,REGULAR AIR
28.55,0.01,28.2645,6,-4.5,1.6,31.1645,MEDIUM,OFFICE SUPPLIES,PENS & ART SUPPLIES,REGULAR AIR
324.52,0.08,298.5584,11,154.02,8.55,135.98839999999998,HIGH,FURNITURE,OFFICE FURNISHINGS,REGULAR AIR
628.33,0.09,571.7803,48,-226.62,9.37,789.0303,NOT SPECIFIED,OFFICE SUPPLIES,STORAGE & ORGANIZATION,REGULAR AIR
141.2,0.05,134.14,21,-74.44,6.97,201.60999999999999,NOT SPECIFIED,OFFICE SUPPLIES,BINDERS AND BINDER ACCESSORIES,REGULAR AIR
83.02,0.06,78.0388,15,-54.01,4.62,127.4288,NOT SPECIFIED,TECHNOLOGY,COMPUTER PERIPHERALS,EXPRESS AIR
6176.29,0.04,5929.2384,37,1499.94,19.99,4409.3084,HIGH,OFFICE SUPPLIES,STORAGE & ORGANIZATION,EXPRESS AIR
2218.891,0.0,2218.891,12,79.54,8.99,2130.3610000000003,LOW,TECHNOLOGY,TELEPHONES AND COMMUNICATION,EXPRESS AIR
39.01,0.07,36.2793,7,-38.44,4.32,70.3993,NOT SPECIFIED,TECHNOLOGY,COMPUTER PERIPHERALS,REGULAR AIR
1648.33,0.07,1532.9469,16,-210.14,42.0,1701.0868999999998,MEDIUM,FURNITURE,CHAIRS & CHAIRMATS,DELIVERY TRUCK
4768.59,0.01,4720.9041,45,-593.8,45.0,5269.7041,MEDIUM,FURNITURE,CHAIRS & CHAIRMATS,DELIVERY TRUCK
117.77,0.08,108.3484,33,47.98,0.5,59.8684,MEDIUM,OFFICE SUPPLIES,LABELS,REGULAR AIR
179.98,0.01,178.18019999999999,21,38.7,2.82,136.66019999999997,HIGH,OFFICE SUPPLIES,RUBBER BANDS,REGULAR AIR
55.44,0.09,50.4504,16,-21.91,1.32,71.0404,HIGH,OFFICE SUPPLIES,"SCISSORS, RULERS AND TRIMMERS",REGULAR AIR
174.62,0.1,157.15800000000002,18,-119.77,9.45,267.478,HIGH,OFFICE SUPPLIES,STORAGE & ORGANIZATION,REGULAR AIR
532.89,0.09,484.9299,43,210.53,1.49,272.9099,LOW,OFFICE SUPPLIES,BINDERS AND BINDER ACCESSORIES,REGULAR AIR
60.69,0.06,57.0486,24,-25.65,1.99,80.70859999999999,LOW,TECHNOLOGY,COMPUTER PERIPHERALS,EXPRESS AIR
45.57,0.09,41.4687,16,2.81,0.7,37.95869999999999,HIGH,OFFICE SUPPLIES,PENS & ART SUPPLIES,REGULAR AIR
473.46,0.03,459.2562,13,128.11,6.66,324.48619999999994,HIGH,OFFICE SUPPLIES,ENVELOPES,REGULAR AIR
50.35,0.05,47.8325,13,-8.24,2.5,53.572500000000005,HIGH,OFFICE SUPPLIES,ENVELOPES,REGULAR AIR
88.23,0.1,79.40700000000001,42,-195.93,5.0,270.337,LOW,OFFICE SUPPLIES,"SCISSORS, RULERS AND TRIMMERS",REGULAR AIR
384.41,0.05,365.1895,42,-44.3,5.76,403.72950000000003,LOW,TECHNOLOGY,OFFICE MACHINES,REGULAR AIR
4083.19,0.07,3797.3667,43,-1049.85,45.0,4802.2167,LOW,FURNITURE,CHAIRS & CHAIRMATS,DELIVERY TRUCK
4902.38,0.05,4657.261,32,1438.49,7.07,3211.701000000001,LOW,OFFICE SUPPLIES,STORAGE & ORGANIZATION,REGULAR AIR
70.66,0.06,66.4204,21,-57.84,3.97,120.2904,CRITICAL,OFFICE SUPPLIES,PENS & ART SUPPLIES,REGULAR AIR
148.99,0.03,144.52030000000002,41,-115.48,4.17,255.83030000000002,CRITICAL,OFFICE SUPPLIES,PENS & ART SUPPLIES,REGULAR AIR
478.27,0.01,473.4873,33,-4.85,7.51,470.82730000000004,LOW,TECHNOLOGY,OFFICE MACHINES,REGULAR AIR
1494.232,0.04,1434.46272,48,479.95,1.25,953.26272,MEDIUM,TECHNOLOGY,TELEPHONES AND COMMUNICATION,REGULAR AIR
977.92,0.05,929.024,39,148.89,5.37,774.764,NOT SPECIFIED,OFFICE SUPPLIES,PENS & ART SUPPLIES,EXPRESS AIR
229.26,0.0,229.26,31,-37.2,5.48,260.98,NOT SPECIFIED,OFFICE SUPPLIES,BINDERS AND BINDER ACCESSORIES,REGULAR AIR
754.94,0.01,747.3906000000001,12,-226.24,36.61,937.0206000000001,MEDIUM,FURNITURE,BOOKCASES,DELIVERY TRUCK
1011.9,0.07,941.067,26,247.94,1.99,691.137,MEDIUM,TECHNOLOGY,COMPUTER PERIPHERALS,REGULAR AIR
1279.25,0.01,1266.4575,38,569.3,1.99,695.1675,NOT SPECIFIED,TECHNOLOGY,COMPUTER PERIPHERALS,REGULAR AIR
230.29,0.03,223.38129999999998,7,-4.3,12.62,215.0613,NOT SPECIFIED,OFFICE SUPPLIES,BINDERS AND BINDER ACCESSORIES,REGULAR AIR
1394.28,0.03,1352.4515999999999,9,197.16,7.07,1148.2215999999999,NOT SPECIFIED,OFFICE SUPPLIES,STORAGE & ORGANIZATION,REGULAR AIR
6862.237,0.05,6519.12515,44,1839.2,13.99,4665.93515,NOT SPECIFIED,TECHNOLOGY,TELEPHONES AND COMMUNICATION,EXPRESS AIR
418.03,0.0,418.03,47,-158.58,7.96,568.65,CRITICAL,FURNITURE,OFFICE FURNISHINGS,EXPRESS AIR
1483.49,0.02,1453.8202,46,65.82,17.08,1370.9202000000002,LOW,OFFICE SUPPLIES,PAPER,REGULAR AIR
336.86,0.06,316.64840000000004,23,36.32,5.3,275.02840000000003,CRITICAL,FURNITURE,OFFICE FURNISHINGS,REGULAR AIR
2693.514,0.02,2639.64372,49,662.05,3.99,1973.6037200000003,HIGH,TECHNOLOGY,TELEPHONES AND COMMUNICATION,REGULAR AIR
391.9,0.1,352.71,11,-47.01,19.99,379.72999999999996,LOW,OFFICE SUPPLIES,PAPER,REGULAR AIR
1451.59,0.06,1364.4946,26,435.11,14.3,915.0846,LOW,OFFICE SUPPLIES,PAPER,REGULAR AIR
1283.68,0.08,1180.9856,33,202.47,9.2,969.3155999999999,NOT SPECIFIED,FURNITURE,OFFICE FURNISHINGS,REGULAR AIR
169.46,0.02,166.07080000000002,28,34.24,1.2,130.63080000000002,NOT SPECIFIED,OFFICE SUPPLIES,PENS & ART SUPPLIES,REGULAR AIR
1351.653,0.01,1338.13647,10,-202.85,8.99,1531.9964699999998,HIGH,TECHNOLOGY,TELEPHONES AND COMMUNICATION,EXPRESS AIR
63.0,0.01,62.37,9,-17.48,5.46,74.39,HIGH,OFFICE SUPPLIES,PAPER,REGULAR AIR
856.15,0.03,830.4655,39,330.03,2.99,497.44550000000004,MEDIUM,OFFICE SUPPLIES,BINDERS AND BINDER ACCESSORIES,EXPRESS AIR
2026.42,0.03,1965.6274,50,655.36,9.83,1300.4374000000003,LOW,OFFICE SUPPLIES,ENVELOPES,REGULAR AIR
3413.4555,0.03,3311.051835,31,868.47,2.5,2440.081835,LOW,TECHNOLOGY,TELEPHONES AND COMMUNICATION,REGULAR AIR
844.09,0.04,810.3264,41,52.56,10.49,747.2764,NOT SPECIFIED,FURNITURE,OFFICE FURNISHINGS,REGULAR AIR
294.13,0.01,291.1887,43,-123.07,6.92,407.33869999999996,MEDIUM,OFFICE SUPPLIES,PAPER,REGULAR AIR
3170.52,0.08,2916.8784,49,379.11,6.88,2530.8884,NOT SPECIFIED,OFFICE SUPPLIES,STORAGE & ORGANIZATION,REGULAR AIR
125.41,0.08,115.3772,29,-127.01,6.21,236.17720000000003,NOT SPECIFIED,OFFICE SUPPLIES,BINDERS AND BINDER ACCESSORIES,REGULAR AIR
2488.477,0.08,2289.39884,20,142.55,8.99,2137.85884,NOT SPECIFIED,TECHNOLOGY,TELEPHONES AND COMMUNICATION,REGULAR AIR
378.84,0.05,359.89799999999997,12,-99.38,4.0,455.27799999999996,LOW,TECHNOLOGY,COMPUTER PERIPHERALS,REGULAR AIR
128.52,0.1,115.668,2,-110.07,6.88,218.858,LOW,OFFICE SUPPLIES,STORAGE & ORGANIZATION,REGULAR AIR
59.08,0.1,53.172,22,-2.61,1.49,54.291999999999994,HIGH,OFFICE SUPPLIES,BINDERS AND BINDER ACCESSORIES,REGULAR AIR
886.363,0.08,815.45396,50,450.02,0.99,364.44396000000006,HIGH,TECHNOLOGY,TELEPHONES AND COMMUNICATION,REGULAR AIR
222.25,0.05,211.1375,36,-63.77,5.46,269.4475,NOT SPECIFIED,OFFICE SUPPLIES,PAPER,REGULAR AIR
388.7135,0.01,384.826365,7,-190.42,3.99,571.256365,NOT SPECIFIED,TECHNOLOGY,TELEPHONES AND COMMUNICATION,REGULAR AIR
258.19,0.1,232.37099999999998,42,-103.27,5.9,329.741,NOT SPECIFIED,OFFICE SUPPLIES,PAPER,REGULAR AIR
1233.22,0.05,1171.559,43,385.46,1.99,784.1089999999999,MEDIUM,TECHNOLOGY,COMPUTER PERIPHERALS,REGULAR AIR
144.82,0.08,133.2344,39,28.4,1.3,103.53439999999998,MEDIUM,OFFICE SUPPLIES,PAPER,REGULAR AIR
6310.69,0.1,5679.620999999999,32,1318.83,18.06,4342.730999999999,MEDIUM,FURNITURE,CHAIRS & CHAIRMATS,EXPRESS AIR
3702.92,0.03,3591.8324000000002,49,541.92,19.95,3029.9624000000003,HIGH,OFFICE SUPPLIES,APPLIANCES,REGULAR AIR
53.99,0.1,48.591,29,-15.12,1.49,62.221,HIGH,OFFICE SUPPLIES,BINDERS AND BINDER ACCESSORIES,REGULAR AIR
3854.4,0.09,3507.504,39,1116.98,5.81,2384.714,MEDIUM,FURNITURE,OFFICE FURNISHINGS,REGULAR AIR
346.2,0.0,346.2,44,-335.69,11.51,670.38,CRITICAL,OFFICE SUPPLIES,BINDERS AND BINDER ACCESSORIES,EXPRESS AIR
85.96,0.08,79.08319999999999,4,-7.48,8.99,77.5732,CRITICAL,FURNITURE,OFFICE FURNISHINGS,EXPRESS AIR
475.52,0.07,442.23359999999997,39,-70.43,6.27,506.3936,CRITICAL,OFFICE SUPPLIES,STORAGE & ORGANIZATION,REGULAR AIR
92.94,0.09,84.5754,20,37.77,0.5,46.3054,HIGH,OFFICE SUPPLIES,LABELS,REGULAR AIR
4621.1,0.09,4205.201,17,-635.65,57.0,4783.851,CRITICAL,FURNITURE,CHAIRS & CHAIRMATS,DELIVERY TRUCK
41.85,0.04,40.176,24,-8.44,1.29,47.326,HIGH,OFFICE SUPPLIES,PENS & ART SUPPLIES,EXPRESS AIR
2303.7125,0.04,2211.5640000000003,41,398.22,8.99,1804.3540000000005,HIGH,TECHNOLOGY,TELEPHONES AND COMMUNICATION,REGULAR AIR
283.82,0.01,280.9818,23,-38.94,5.81,314.1118,HIGH,OFFICE SUPPLIES,PENS & ART SUPPLIES,REGULAR AIR
3441.09,0.03,3337.8573,43,431.95,30.06,2875.8473000000004,NOT SPECIFIED,TECHNOLOGY,OFFICE MACHINES,DELIVERY TRUCK
209.61,0.05,199.1295,38,-96.29,5.66,289.7595,NOT SPECIFIED,OFFICE SUPPLIES,PAPER,REGULAR AIR
1979.47,0.1,1781.5230000000001,18,690.27,9.07,1082.1830000000002,LOW,OFFICE SUPPLIES,BINDERS AND BINDER ACCESSORIES,REGULAR AIR
187.8,0.08,172.776,23,-41.83,2.38,212.226,LOW,TECHNOLOGY,COMPUTER PERIPHERALS,EXPRESS AIR
2823.037,0.1,2540.7333,29,372.4,4.2,2164.1333,LOW,TECHNOLOGY,TELEPHONES AND COMMUNICATION,REGULAR AIR
94.55,0.01,93.6045,32,6.74,1.49,85.37450000000001,MEDIUM,OFFICE SUPPLIES,BINDERS AND BINDER ACCESSORIES,REGULAR AIR
460.2,0.01,455.598,42,-214.39,11.59,658.398,CRITICAL,OFFICE SUPPLIES,PAPER,REGULAR AIR
45.31,0.07,42.1383,11,-10.64,2.97,49.8083,CRITICAL,OFFICE SUPPLIES,PAPER,REGULAR AIR
1909.0065,0.01,1889.9164349999999,32,344.13,8.99,1536.7964349999997,NOT SPECIFIED,TECHNOLOGY,TELEPHONES AND COMMUNICATION,REGULAR AIR
63.91,0.04,61.3536,14,-44.47,6.6,99.2236,NOT SPECIFIED,FURNITURE,OFFICE FURNISHINGS,REGULAR AIR
3412.08,0.04,3275.5968,46,239.23,26.85,3009.5168,CRITICAL,FURNITURE,BOOKCASES,DELIVERY TRUCK
1311.68,0.03,1272.3296,31,230.37,17.48,1024.4796000000001,CRITICAL,OFFICE SUPPLIES,PAPER,REGULAR AIR
238.88,0.01,236.4912,10,-48.21,15.1,269.6012,HIGH,OFFICE SUPPLIES,BINDERS AND BINDER ACCESSORIES,REGULAR AIR
1235.29,0.0,1235.29,39,53.63,6.5,1175.1599999999999,HIGH,TECHNOLOGY,COMPUTER PERIPHERALS,EXPRESS AIR
1928.327,0.09,1754.77757,12,-253.37,8.99,1999.1575699999999,HIGH,TECHNOLOGY,TELEPHONES AND COMMUNICATION,REGULAR AIR
57.15,0.03,55.4355,8,-33.95,7.5,81.88550000000001,LOW,OFFICE SUPPLIES,PAPER,REGULAR AIR
44.25,0.07,41.1525,7,-14.36,5.41,50.102500000000006,MEDIUM,OFFICE SUPPLIES,BINDERS AND BINDER ACCESSORIES,EXPRESS AIR
1940.32,0.0,1940.32,12,-18.81,43.75,1915.3799999999999,CRITICAL,FURNITURE,TABLES,DELIVERY TRUCK
155.45,0.03,150.7865,10,-19.68,8.4,162.0665,CRITICAL,OFFICE SUPPLIES,BINDERS AND BINDER ACCESSORIES,REGULAR AIR
2447.65,0.0,2447.65,50,1170.35,6.77,1270.5300000000002,LOW,FURNITURE,OFFICE FURNISHINGS,REGULAR AIR
1069.64,0.09,973.3724000000001,7,-139.75,19.99,1093.1324,LOW,OFFICE SUPPLIES,STORAGE & ORGANIZATION,REGULAR AIR
1143.4285,0.04,1097.69136,7,-475.66,4.2,1569.15136,MEDIUM,TECHNOLOGY,TELEPHONES AND COMMUNICATION,EXPRESS AIR
233.2,0.0,233.2,40,74.83,1.46,156.90999999999997,CRITICAL,OFFICE SUPPLIES,PAPER,REGULAR AIR
245.53,0.02,240.6194,24,83.16,2.27,155.1894,CRITICAL,OFFICE SUPPLIES,PAPER,REGULAR AIR
904.12,0.07,840.8316,4,28.81,11.79,800.2316000000001,CRITICAL,OFFICE SUPPLIES,APPLIANCES,REGULAR AIR
1305.85,0.0,1305.85,40,65.01,17.08,1223.76,LOW,OFFICE SUPPLIES,PAPER,REGULAR AIR
2130.31,0.08,1959.8852,35,-319.26,32.41,2246.7352,CRITICAL,FURNITURE,CHAIRS & CHAIRMATS,DELIVERY TRUCK
343.26,0.04,329.5296,50,-287.28,8.37,608.4395999999999,CRITICAL,OFFICE SUPPLIES,"SCISSORS, RULERS AND TRIMMERS",REGULAR AIR
1849.6,0.06,1738.624,14,62.16,8.99,1667.474,MEDIUM,TECHNOLOGY,TELEPHONES AND COMMUNICATION,REGULAR AIR
199.48,0.03,193.4956,47,13.8,2.26,177.4356,MEDIUM,OFFICE SUPPLIES,PAPER,REGULAR AIR
197.1,0.09,179.361,40,-12.88,2.99,189.25099999999998,MEDIUM,OFFICE SUPPLIES,BINDERS AND BINDER ACCESSORIES,REGULAR AIR
1251.4,0.01,1238.8860000000002,22,539.45,6.79,692.6460000000002,NOT SPECIFIED,OFFICE SUPPLIES,PAPER,REGULAR AIR
3577.81,0.03,3470.4757,45,-1097.97,35.0,4533.4457,NOT SPECIFIED,OFFICE SUPPLIES,STORAGE & ORGANIZATION,REGULAR AIR
635.59,0.07,591.0987,40,202.83,2.99,385.27869999999996,NOT SPECIFIED,OFFICE SUPPLIES,BINDERS AND BINDER ACCESSORIES,REGULAR AIR
1009.868,0.02,989.67064,25,170.57,4.99,814.1106400000001,HIGH,TECHNOLOGY,TELEPHONES AND COMMUNICATION,REGULAR AIR
31.36,0.1,28.224,9,-8.28,2.2,34.304,HIGH,OFFICE SUPPLIES,PAPER,REGULAR AIR
64.23,0.03,62.3031,8,15.83,1.39,45.0831,NOT SPECIFIED,OFFICE SUPPLIES,ENVELOPES,REGULAR AIR
332.38,0.05,315.76099999999997,19,89.95,5.03,220.781,NOT SPECIFIED,FURNITURE,OFFICE FURNISHINGS,REGULAR AIR
202.42,0.09,184.2022,38,0.86,2.99,180.35219999999998,LOW,OFFICE SUPPLIES,BINDERS AND BINDER ACCESSORIES,REGULAR AIR
137.63,0.09,125.24329999999999,16,26.71,2.15,96.38329999999999,CRITICAL,OFFICE SUPPLIES,PAPER,EXPRESS AIR
614.8,0.08,565.616,43,247.79,1.97,315.856,CRITICAL,OFFICE SUPPLIES,PAPER,REGULAR AIR
134.86,0.04,129.46560000000002,42,-62.84,1.92,190.3856,CRITICAL,OFFICE SUPPLIES,"SCISSORS, RULERS AND TRIMMERS",REGULAR AIR
80.81,0.1,72.729,19,-67.46,5.41,134.779,MEDIUM,OFFICE SUPPLIES,BINDERS AND BINDER ACCESSORIES,REGULAR AIR
181.15,0.06,170.281,35,-46.68,3.96,213.001,HIGH,FURNITURE,OFFICE FURNISHINGS,REGULAR AIR
4771.89,0.05,4533.2955,34,-427.99,36.09,4925.1955,HIGH,FURNITURE,BOOKCASES,DELIVERY TRUCK
306.663,0.07,285.19659,10,-17.41,5.99,296.61659000000003,HIGH,TECHNOLOGY,TELEPHONES AND COMMUNICATION,REGULAR AIR
32.5,0.03,31.525,5,-16.67,5.61,42.585,MEDIUM,OFFICE SUPPLIES,PAPER,REGULAR AIR
11.25,0.08,10.35,5,-4.96,1.49,13.82,MEDIUM,OFFICE SUPPLIES,BINDERS AND BINDER ACCESSORIES,REGULAR AIR
127.51,0.07,118.5843,22,26.74,1.49,90.35430000000001,MEDIUM,OFFICE SUPPLIES,BINDERS AND BINDER ACCESSORIES,REGULAR AIR
2004.22,0.08,1843.8824,35,338.91,12.23,1492.7423999999999,MEDIUM,FURNITURE,OFFICE FURNISHINGS,REGULAR AIR
125.79,0.02,123.27420000000001,21,28.53,1.49,93.25420000000001,MEDIUM,OFFICE SUPPLIES,BINDERS AND BINDER ACCESSORIES,REGULAR AIR
375.52,0.09,341.72319999999996,40,131.7,2.03,207.9932,LOW,OFFICE SUPPLIES,PAPER,REGULAR AIR
63.84,0.03,61.924800000000005,15,23.52,0.71,37.6948,LOW,OFFICE SUPPLIES,RUBBER BANDS,EXPRESS AIR
3327.84,0.06,3128.1696,45,-3033.57,89.3,6072.4396,HIGH,FURNITURE,TABLES,DELIVERY TRUCK
1141.9,0.02,1119.0620000000001,32,175.32,8.22,935.5220000000002,MEDIUM,OFFICE SUPPLIES,STORAGE & ORGANIZATION,REGULAR AIR
1912.9845,0.06,1798.20543,34,288.09,8.8,1501.31543,CRITICAL,TECHNOLOGY,TELEPHONES AND COMMUNICATION,EXPRESS AIR
4170.865,0.0,4170.865,24,1030.51,4.2,3136.1549999999997,CRITICAL,TECHNOLOGY,TELEPHONES AND COMMUNICATION,EXPRESS AIR
281.5455,0.1,253.39095,4,-434.56,0.99,686.96095,HIGH,TECHNOLOGY,TELEPHONES AND COMMUNICATION,REGULAR AIR
36.26,0.08,33.3592,10,-28.37,3.97,57.75920000000001,CRITICAL,OFFICE SUPPLIES,PENS & ART SUPPLIES,REGULAR AIR
893.1375,0.0,893.1375,50,11.0,1.25,880.8875,CRITICAL,TECHNOLOGY,TELEPHONES AND COMMUNICATION,REGULAR AIR
269.2,0.02,263.816,15,69.61,1.99,192.21599999999995,NOT SPECIFIED,TECHNOLOGY,COMPUTER PERIPHERALS,EXPRESS AIR
87.33,0.08,80.3436,27,13.82,0.85,65.6736,NOT SPECIFIED,OFFICE SUPPLIES,PENS & ART SUPPLIES,REGULAR AIR
473.03,0.09,430.4573,24,26.27,10.49,393.6973,NOT SPECIFIED,FURNITURE,OFFICE FURNISHINGS,REGULAR AIR
126.68,0.05,120.346,13,7.0,6.02,107.32600000000001,LOW,FURNITURE,OFFICE FURNISHINGS,REGULAR AIR
793.85,0.01,785.9115,21,308.53,5.08,472.30150000000003,LOW,OFFICE SUPPLIES,PAPER,REGULAR AIR
203.91,0.02,199.8318,23,-35.44,6.19,229.0818,CRITICAL,OFFICE SUPPLIES,BINDERS AND BINDER ACCESSORIES,REGULAR AIR
38.37,0.1,34.533,7,-29.0,5.74,57.793,NOT SPECIFIED,OFFICE SUPPLIES,BINDERS AND BINDER ACCESSORIES,REGULAR AIR
5186.31,0.03,5030.720700000001,23,1009.38,28.16,3993.180700000001,CRITICAL,FURNITURE,CHAIRS & CHAIRMATS,DELIVERY TRUCK
46.94,0.06,44.123599999999996,1,-26.54,3.5,67.1636,CRITICAL,OFFICE SUPPLIES,APPLIANCES,REGULAR AIR
12.95,0.1,11.655,10,-6.78,0.7,17.735,CRITICAL,OFFICE SUPPLIES,RUBBER BANDS,REGULAR AIR
89.96,0.07,83.66279999999999,22,-115.21,6.89,191.9828,CRITICAL,OFFICE SUPPLIES,APPLIANCES,REGULAR AIR
930.84,0.05,884.298,39,-122.12,16.92,989.498,NOT SPECIFIED,OFFICE SUPPLIES,PAPER,REGULAR AIR
3410.1575,0.1,3069.14175,48,1137.91,0.99,1930.24175,CRITICAL,TECHNOLOGY,TELEPHONES AND COMMUNICATION,REGULAR AIR
57.22,0.07,53.2146,8,-27.72,6.6,74.3346,CRITICAL,OFFICE SUPPLIES,PAPER,REGULAR AIR
162.0,0.01,160.38,33,45.84,0.71,113.82999999999998,CRITICAL,OFFICE SUPPLIES,PENS & ART SUPPLIES,REGULAR AIR
1676.25,0.04,1609.2,47,-458.33,22.6,2044.93,CRITICAL,FURNITURE,OFFICE FURNISHINGS,REGULAR AIR
373.13,0.05,354.4735,33,-35.26,5.03,384.7035,HIGH,OFFICE SUPPLIES,STORAGE & ORGANIZATION,REGULAR AIR
99.55,0.03,96.56349999999999,18,-60.9,4.62,152.84349999999998,CRITICAL,TECHNOLOGY,COMPUTER PERIPHERALS,EXPRESS AIR
8230.77,0.05,7819.231500000001,50,1577.02,19.99,6222.2215000000015,LOW,OFFICE SUPPLIES,STORAGE & ORGANIZATION,REGULAR AIR
80.56,0.03,78.14320000000001,5,12.5,1.39,64.2532,HIGH,OFFICE SUPPLIES,ENVELOPES,REGULAR AIR
983.78,0.04,944.4288,31,43.72,6.5,894.2088,LOW,TECHNOLOGY,COMPUTER PERIPHERALS,REGULAR AIR
20.19,0.03,19.584300000000002,4,1.3,0.5,17.7843,CRITICAL,OFFICE SUPPLIES,LABELS,REGULAR AIR
74.99,0.08,68.9908,43,-8.95,0.83,77.1108,CRITICAL,OFFICE SUPPLIES,PENS & ART SUPPLIES,REGULAR AIR
81.97,0.05,77.8715,38,-148.8,4.77,221.9015,LOW,OFFICE SUPPLIES,BINDERS AND BINDER ACCESSORIES,REGULAR AIR
1756.27,0.09,1598.2057,38,649.05,5.1,944.0557000000001,CRITICAL,OFFICE SUPPLIES,APPLIANCES,REGULAR AIR
345.58,0.05,328.301,50,-38.04,4.95,361.391,CRITICAL,FURNITURE,OFFICE FURNISHINGS,REGULAR AIR
273.36,0.04,262.42560000000003,16,32.25,3.26,226.91560000000004,MEDIUM,OFFICE SUPPLIES,"SCISSORS, RULERS AND TRIMMERS",REGULAR AIR
3240.728,0.07,3013.87704,19,-691.31,69.64,3635.54704,MEDIUM,FURNITURE,TABLES,DELIVERY TRUCK
8058.96,0.08,7414.2432,49,-1621.38,69.0,8966.6232,MEDIUM,FURNITURE,TABLES,REGULAR AIR
172.54,0.08,158.7368,19,44.23,2.15,112.35679999999999,CRITICAL,OFFICE SUPPLIES,PAPER,REGULAR AIR
410.15,0.01,406.0485,48,102.58,2.87,300.5985,NOT SPECIFIED,OFFICE SUPPLIES,PAPER,REGULAR AIR
5290.57,0.08,4867.3243999999995,30,1389.18,19.99,3458.1543999999994,HIGH,OFFICE SUPPLIES,STORAGE & ORGANIZATION,REGULAR AIR
7685.62,0.02,7531.9076,46,1952.15,19.99,5559.767599999999,MEDIUM,OFFICE SUPPLIES,STORAGE & ORGANIZATION,EXPRESS AIR
2277.67,0.0,2277.67,15,-173.96,36.09,2415.54,CRITICAL,FURNITURE,BOOKCASES,DELIVERY TRUCK
3308.28,0.08,3043.6176,25,-581.59,54.74,3570.4676000000004,MEDIUM,FURNITURE,BOOKCASES,DELIVERY TRUCK
370.6,0.03,359.482,47,160.72,1.39,197.37200000000004,CRITICAL,OFFICE SUPPLIES,ENVELOPES,REGULAR AIR
4072.01,0.01,4031.2899,43,1675.98,0.99,2354.3199000000004,HIGH,OFFICE SUPPLIES,APPLIANCES,REGULAR AIR
41.37,0.05,39.3015,14,1.82,0.7,36.781499999999994,MEDIUM,OFFICE SUPPLIES,PENS & ART SUPPLIES,REGULAR AIR
71.22,0.04,68.3712,18,20.43,0.7,47.2412,NOT SPECIFIED,OFFICE SUPPLIES,PENS & ART SUPPLIES,REGULAR AIR
863.26,0.09,785.5666,46,229.6,6.15,549.8166,LOW,FURNITURE,OFFICE FURNISHINGS,EXPRESS AIR
238.79,0.04,229.23839999999998,48,-83.78,4.72,308.2984,NOT SPECIFIED,OFFICE SUPPLIES,PAPER,REGULAR AIR
135.72,0.09,123.5052,28,-67.79,5.02,186.2752,NOT SPECIFIED,OFFICE SUPPLIES,PAPER,REGULAR AIR
148.26,0.04,142.3296,47,49.04,0.81,92.4796,NOT SPECIFIED,OFFICE SUPPLIES,PENS & ART SUPPLIES,EXPRESS AIR
66.83,0.0,66.83,13,23.16,0.8,42.870000000000005,HIGH,OFFICE SUPPLIES,PAPER,REGULAR AIR
255.7,0.0,255.7,43,-35.74,3.37,288.07,HIGH,OFFICE SUPPLIES,RUBBER BANDS,REGULAR AIR
47.12,0.01,46.648799999999994,17,-47.01,4.28,89.37879999999998,HIGH,OFFICE SUPPLIES,PENS & ART SUPPLIES,REGULAR AIR
4480.89,0.02,4391.2722,48,195.04,30.0,4166.2322,HIGH,FURNITURE,CHAIRS & CHAIRMATS,DELIVERY TRUCK
106.2,0.0,106.2,21,48.76,0.5,56.940000000000005,LOW,OFFICE SUPPLIES,LABELS,REGULAR AIR
411.75,0.05,391.1625,36,-182.87,8.99,565.0425,LOW,OFFICE SUPPLIES,PENS & ART SUPPLIES,REGULAR AIR
3.41,0.06,3.2054,1,-1.78,0.7,4.2854,HIGH,OFFICE SUPPLIES,PENS & ART SUPPLIES,REGULAR AIR
122.99,0.0,122.99,37,21.48,1.49,100.02,NOT SPECIFIED,OFFICE SUPPLIES,BINDERS AND BINDER ACCESSORIES,EXPRESS AIR
589.63,0.03,571.9411,37,70.8,8.99,492.1511,LOW,FURNITURE,OFFICE FURNISHINGS,REGULAR AIR
264.92,0.05,251.674,38,-97.06,6.05,342.68399999999997,NOT SPECIFIED,OFFICE SUPPLIES,BINDERS AND BINDER ACCESSORIES,REGULAR AIR
194.2,0.0,194.2,42,-139.13,5.15,328.17999999999995,CRITICAL,OFFICE SUPPLIES,APPLIANCES,REGULAR AIR
485.97,0.02,476.2506,39,48.6,5.16,422.4906,CRITICAL,FURNITURE,OFFICE FURNISHINGS,REGULAR AIR
109.71,0.1,98.73899999999999,15,-20.95,3.68,116.00899999999999,CRITICAL,FURNITURE,OFFICE FURNISHINGS,REGULAR AIR
448.1,0.1,403.29,35,-15.07,4.51,413.85,NOT SPECIFIED,OFFICE SUPPLIES,STORAGE & ORGANIZATION,EXPRESS AIR
5144.8715,0.09,4681.833065,41,1435.83,3.9,3242.1030650000002,LOW,TECHNOLOGY,TELEPHONES AND COMMUNICATION,REGULAR AIR
783.48,0.01,775.6452,34,-73.4,15.1,833.9452,HIGH,OFFICE SUPPLIES,BINDERS AND BINDER ACCESSORIES,REGULAR AIR
4394.78,0.08,4043.1975999999995,46,-335.77,35.84,4343.1276,LOW,FURNITURE,BOOKCASES,DELIVERY TRUCK
1501.8,0.02,1471.764,47,112.78,4.0,1354.984,MEDIUM,TECHNOLOGY,COMPUTER PERIPHERALS,REGULAR AIR
4846.68,0.04,4652.812800000001,42,820.94,13.99,3817.8828000000008,CRITICAL,FURNITURE,OFFICE FURNISHINGS,REGULAR AIR
32.69,0.0,32.69,5,-24.43,7.54,49.58,CRITICAL,OFFICE SUPPLIES,PAPER,REGULAR AIR
38.88,0.09,35.3808,22,-18.57,1.56,52.3908,CRITICAL,OFFICE SUPPLIES,RUBBER BANDS,REGULAR AIR
286.26,0.01,283.3974,31,8.34,5.16,269.8974,LOW,OFFICE SUPPLIES,PAPER,REGULAR AIR
196.98,0.04,189.1008,16,-5.76,6.47,188.39079999999998,HIGH,OFFICE SUPPLIES,PAPER,REGULAR AIR
1756.695,0.1,1581.0255,33,164.97,8.8,1407.2555,HIGH,TECHNOLOGY,TELEPHONES AND COMMUNICATION,REGULAR AIR
93.3385,0.1,84.00465,2,-300.39,5.0,379.39464999999996,LOW,TECHNOLOGY,TELEPHONES AND COMMUNICATION,REGULAR AIR
397.17,0.1,357.45300000000003,30,7.69,5.0,344.76300000000003,HIGH,FURNITURE,OFFICE FURNISHINGS,EXPRESS AIR
3.85,0.08,3.5420000000000003,1,-1.36,0.99,3.912000000000001,NOT SPECIFIED,OFFICE SUPPLIES,LABELS,REGULAR AIR
547.0005,0.08,503.24046,10,-97.2,3.9,596.54046,NOT SPECIFIED,TECHNOLOGY,TELEPHONES AND COMMUNICATION,REGULAR AIR
2379.15,0.06,2236.4010000000003,18,-261.77,30.0,2468.1710000000003,NOT SPECIFIED,FURNITURE,CHAIRS & CHAIRMATS,DELIVERY TRUCK
1734.4,0.02,1699.712,49,749.16,1.99,948.562,CRITICAL,TECHNOLOGY,COMPUTER PERIPHERALS,REGULAR AIR
1128.03,0.01,1116.7497,25,256.3,6.22,854.2297000000001,CRITICAL,OFFICE SUPPLIES,STORAGE & ORGANIZATION,REGULAR AIR
6767.43,0.05,6429.0585,22,803.48,58.95,5566.628500000001,NOT SPECIFIED,FURNITURE,CHAIRS & CHAIRMATS,DELIVERY TRUCK
139.66,0.02,136.86679999999998,23,46.69,1.39,88.7868,HIGH,OFFICE SUPPLIES,ENVELOPES,REGULAR AIR
367.09,0.04,352.40639999999996,16,74.2,1.99,276.21639999999996,HIGH,TECHNOLOGY,COMPUTER PERIPHERALS,REGULAR AIR
509.49,0.07,473.8257,13,-51.18,8.97,516.0356999999999,CRITICAL,TECHNOLOGY,OFFICE MACHINES,REGULAR AIR
38.58,0.02,37.8084,4,-2.82,2.15,38.4784,CRITICAL,OFFICE SUPPLIES,PAPER,REGULAR AIR
739.07,0.1,665.163,36,-71.55,5.99,730.723,CRITICAL,TECHNOLOGY,COMPUTER PERIPHERALS,REGULAR AIR
25.07,0.04,24.0672,2,-27.67,5.76,45.9772,HIGH,TECHNOLOGY,OFFICE MACHINES,REGULAR AIR
2094.12,0.0,2094.12,24,717.12,6.13,1370.87,MEDIUM,TECHNOLOGY,COMPUTER PERIPHERALS,REGULAR AIR
181.95,0.03,176.4915,36,-132.26,6.07,302.6815,HIGH,OFFICE SUPPLIES,BINDERS AND BINDER ACCESSORIES,REGULAR AIR
287.43,0.01,284.5557,26,37.9,4.8,241.85569999999998,CRITICAL,OFFICE SUPPLIES,ENVELOPES,REGULAR AIR
238.06,0.05,226.157,21,56.43,2.99,166.737,NOT SPECIFIED,OFFICE SUPPLIES,BINDERS AND BINDER ACCESSORIES,REGULAR AIR
103.92,0.08,95.60640000000001,33,-52.76,1.92,146.4464,NOT SPECIFIED,OFFICE SUPPLIES,"SCISSORS, RULERS AND TRIMMERS",REGULAR AIR
136.16,0.07,126.6288,28,58.1,0.49,68.03880000000001,CRITICAL,OFFICE SUPPLIES,LABELS,REGULAR AIR
5062.18,0.06,4758.4492,23,842.83,28.06,3887.5591999999997,LOW,TECHNOLOGY,OFFICE MACHINES,DELIVERY TRUCK
913.99,0.08,840.8708,43,-57.75,8.99,889.6308,CRITICAL,OFFICE SUPPLIES,PENS & ART SUPPLIES,REGULAR AIR
321.21,0.04,308.36159999999995,14,53.44,1.99,252.93159999999995,HIGH,TECHNOLOGY,COMPUTER PERIPHERALS,REGULAR AIR
952.21,0.05,904.5995,50,403.83,3.62,497.14950000000005,MEDIUM,FURNITURE,OFFICE FURNISHINGS,REGULAR AIR
436.67,0.06,410.4698,37,51.91,5.72,352.83979999999997,LOW,OFFICE SUPPLIES,ENVELOPES,REGULAR AIR
146.72,0.06,137.9168,30,18.26,2.03,117.62679999999999,LOW,FURNITURE,OFFICE FURNISHINGS,REGULAR AIR
1714.02,0.04,1645.4592,46,741.27,5.08,899.1092000000001,MEDIUM,OFFICE SUPPLIES,PAPER,REGULAR AIR
74.83,0.08,68.8436,17,-83.71,6.89,145.66359999999997,LOW,OFFICE SUPPLIES,APPLIANCES,REGULAR AIR
124.71,0.01,123.46289999999999,16,-30.04,5.96,147.5429,NOT SPECIFIED,OFFICE SUPPLIES,PAPER,REGULAR AIR
1553.868,0.04,1491.71328,27,322.51,5.92,1163.2832799999999,HIGH,TECHNOLOGY,TELEPHONES AND COMMUNICATION,EXPRESS AIR
43.65,0.05,41.4675,16,-3.67,0.97,44.167500000000004,MEDIUM,OFFICE SUPPLIES,PENS & ART SUPPLIES,REGULAR AIR
2478.481,0.09,2255.41771,27,249.1,8.99,1997.3277100000005,MEDIUM,TECHNOLOGY,TELEPHONES AND COMMUNICATION,REGULAR AIR
1427.14,0.02,1398.5972000000002,29,605.92,7.23,785.4472000000002,MEDIUM,OFFICE SUPPLIES,PAPER,REGULAR AIR
419.95,0.02,411.551,39,-39.1,5.16,445.491,CRITICAL,FURNITURE,OFFICE FURNISHINGS,REGULAR AIR
344.25,0.1,309.825,24,23.96,6.46,279.40500000000003,LOW,OFFICE SUPPLIES,BINDERS AND BINDER ACCESSORIES,REGULAR AIR
64.77,0.09,58.9407,12,14.46,1.0,43.4807,LOW,OFFICE SUPPLIES,PENS & ART SUPPLIES,REGULAR AIR
290.01,0.03,281.3097,34,-160.28,8.94,432.64970000000005,HIGH,OFFICE SUPPLIES,BINDERS AND BINDER ACCESSORIES,REGULAR AIR
292.38,0.05,277.76099999999997,8,6.11,6.31,265.34099999999995,HIGH,OFFICE SUPPLIES,STORAGE & ORGANIZATION,REGULAR AIR
223.59,0.04,214.6464,34,-66.05,5.74,274.9564,LOW,OFFICE SUPPLIES,PAPER,REGULAR AIR
191.79,0.1,172.611,24,-6.34,2.64,176.311,HIGH,OFFICE SUPPLIES,"SCISSORS, RULERS AND TRIMMERS",REGULAR AIR
994.4745,0.05,944.750775,18,0.71,7.69,936.3507749999999,LOW,TECHNOLOGY,TELEPHONES AND COMMUNICATION,REGULAR AIR
633.91,0.0,633.91,49,141.17,5.16,487.58000000000004,MEDIUM,FURNITURE,OFFICE FURNISHINGS,REGULAR AIR
57.82,0.08,53.1944,4,0.85,4.8,47.5444,NOT SPECIFIED,OFFICE SUPPLIES,ENVELOPES,EXPRESS AIR
544.89,0.09,495.8499,49,-115.66,5.81,605.6999,NOT SPECIFIED,OFFICE SUPPLIES,PENS & ART SUPPLIES,REGULAR AIR
95.09,0.09,86.53190000000001,9,-13.53,3.37,96.6919,CRITICAL,OFFICE SUPPLIES,"SCISSORS, RULERS AND TRIMMERS",REGULAR AIR
122.09,0.04,117.2064,6,-15.2,9.54,122.86640000000001,CRITICAL,OFFICE SUPPLIES,PAPER,REGULAR AIR
150.06,0.02,147.0588,49,30.97,0.7,115.3888,CRITICAL,OFFICE SUPPLIES,PENS & ART SUPPLIES,REGULAR AIR
102.99,0.1,92.691,16,-102.17,9.68,185.18099999999998,CRITICAL,OFFICE SUPPLIES,PAPER,REGULAR AIR
1429.088,0.06,1343.3427199999999,20,500.05,1.25,842.0427199999999,CRITICAL,TECHNOLOGY,TELEPHONES AND COMMUNICATION,REGULAR AIR
288.56,0.03,279.9032,30,60.72,2.25,216.93320000000003,NOT SPECIFIED,OFFICE SUPPLIES,PENS & ART SUPPLIES,REGULAR AIR
41.87,0.05,39.7765,25,-25.52,1.57,63.7265,MEDIUM,OFFICE SUPPLIES,PENS & ART SUPPLIES,REGULAR AIR
246.06,0.08,226.3752,13,52.33,8.99,165.0552,MEDIUM,FURNITURE,OFFICE FURNISHINGS,REGULAR AIR
5217.79,0.09,4748.1889,30,209.54,30.0,4508.6489,NOT SPECIFIED,FURNITURE,CHAIRS & CHAIRMATS,DELIVERY TRUCK
6686.344,0.0,6686.344,34,1192.04,59.24,5435.064,NOT SPECIFIED,FURNITURE,TABLES,DELIVERY TRUCK
158.62,0.05,150.689,37,-104.57,5.17,250.089,HIGH,OFFICE SUPPLIES,PAPER,REGULAR AIR
1121.84,0.0,1121.84,15,-173.66,12.14,1283.36,NOT SPECIFIED,TECHNOLOGY,COMPUTER PERIPHERALS,REGULAR AIR
176.58,0.1,158.92200000000003,6,28.34,2.99,127.59200000000001,NOT SPECIFIED,OFFICE SUPPLIES,BINDERS AND BINDER ACCESSORIES,REGULAR AIR
206.47,0.08,189.9524,39,-107.2,5.66,291.49240000000003,CRITICAL,OFFICE SUPPLIES,PAPER,REGULAR AIR
34.29,0.05,32.5755,6,-6.82,2.99,36.405499999999996,LOW,OFFICE SUPPLIES,BINDERS AND BINDER ACCESSORIES,REGULAR AIR
751.77,0.05,714.1815,50,353.2,1.39,359.59150000000005,MEDIUM,OFFICE SUPPLIES,ENVELOPES,REGULAR AIR
1892.848,0.01,1873.91952,14,48.99,8.99,1815.93952,NOT SPECIFIED,TECHNOLOGY,TELEPHONES AND COMMUNICATION,REGULAR AIR
78.2,0.09,71.162,50,-4.56,1.0,74.72200000000001,HIGH,OFFICE SUPPLIES,PENS & ART SUPPLIES,REGULAR AIR
1947.4265,0.03,1889.003705,34,473.27,5.92,1409.813705,LOW,TECHNOLOGY,TELEPHONES AND COMMUNICATION,REGULAR AIR
842.19,0.0,842.19,10,157.45,4.5,680.24,LOW,OFFICE SUPPLIES,APPLIANCES,REGULAR AIR
2052.83,0.02,2011.7734,48,395.85,8.97,1606.9533999999999,MEDIUM,TECHNOLOGY,OFFICE MACHINES,REGULAR AIR
620.45,0.09,564.6095,36,171.94,1.99,390.6795,MEDIUM,TECHNOLOGY,COMPUTER PERIPHERALS,REGULAR AIR
167.5,0.04,160.8,34,-84.42,4.95,240.27000000000004,CRITICAL,OFFICE SUPPLIES,BINDERS AND BINDER ACCESSORIES,REGULAR AIR
79.06,0.1,71.154,12,-47.0,6.92,111.234,MEDIUM,OFFICE SUPPLIES,PAPER,REGULAR AIR
158.79,0.02,155.61419999999998,33,74.14,0.5,80.97419999999998,MEDIUM,OFFICE SUPPLIES,LABELS,REGULAR AIR
140.63,0.09,127.9733,33,-111.87,5.68,234.1633,HIGH,OFFICE SUPPLIES,PAPER,REGULAR AIR
4872.6675,0.09,4434.127425,50,851.31,8.8,3574.0174249999995,HIGH,TECHNOLOGY,TELEPHONES AND COMMUNICATION,REGULAR AIR
515.23,0.1,463.707,13,171.4,2.99,289.317,HIGH,OFFICE SUPPLIES,BINDERS AND BINDER ACCESSORIES,REGULAR AIR
41.65,0.06,39.150999999999996,22,-13.86,0.7,52.31099999999999,HIGH,OFFICE SUPPLIES,RUBBER BANDS,REGULAR AIR
6375.28,0.06,5992.763199999999,35,489.02,19.99,5483.753199999999,MEDIUM,OFFICE SUPPLIES,STORAGE & ORGANIZATION,REGULAR AIR
178.92,0.09,162.81719999999999,24,-56.11,6.16,212.7672,CRITICAL,OFFICE SUPPLIES,BINDERS AND BINDER ACCESSORIES,REGULAR AIR
1351.43,0.08,1243.3156000000001,20,-550.43,60.0,1733.7456000000002,HIGH,OFFICE SUPPLIES,APPLIANCES,DELIVERY TRUCK
357.91,0.04,343.59360000000004,17,-52.12,8.99,386.72360000000003,HIGH,OFFICE SUPPLIES,PENS & ART SUPPLIES,REGULAR AIR
351.12,0.09,319.5192,12,202.63,3.92,112.9692,HIGH,FURNITURE,OFFICE FURNISHINGS,EXPRESS AIR
1803.12,0.0,1803.12,41,544.93,5.33,1252.8600000000001,CRITICAL,OFFICE SUPPLIES,APPLIANCES,REGULAR AIR
453.89,0.1,408.501,27,-75.06,12.39,471.171,HIGH,OFFICE SUPPLIES,ENVELOPES,REGULAR AIR
110.14,0.05,104.633,26,-89.22,5.41,188.44299999999998,HIGH,OFFICE SUPPLIES,BINDERS AND BINDER ACCESSORIES,REGULAR AIR
275.11,0.06,258.6034,38,17.15,4.0,237.45340000000002,NOT SPECIFIED,FURNITURE,OFFICE FURNISHINGS,REGULAR AIR
102.34,0.01,101.31660000000001,34,-30.39,2.03,129.6766,NOT SPECIFIED,OFFICE SUPPLIES,PENS & ART SUPPLIES,REGULAR AIR
934.9405,0.08,860.14526,17,47.1,5.92,807.12526,MEDIUM,TECHNOLOGY,TELEPHONES AND COMMUNICATION,REGULAR AIR
21.55,0.09,19.610500000000002,3,-2.87,0.49,21.990500000000004,MEDIUM,OFFICE SUPPLIES,LABELS,REGULAR AIR
266.16,0.03,258.1752,36,90.91,1.77,165.49520000000004,MEDIUM,OFFICE SUPPLIES,PAPER,REGULAR AIR
1000.78,0.05,950.741,29,109.33,8.99,832.4209999999999,NOT SPECIFIED,OFFICE SUPPLIES,PENS & ART SUPPLIES,EXPRESS AIR
39.49,0.1,35.541000000000004,3,-12.99,5.72,42.81100000000001,MEDIUM,OFFICE SUPPLIES,ENVELOPES,REGULAR AIR
1317.34,0.03,1277.8198,44,555.93,2.99,718.8998,MEDIUM,OFFICE SUPPLIES,BINDERS AND BINDER ACCESSORIES,REGULAR AIR
320.57,0.1,288.513,46,-114.2,6.05,396.66299999999995,HIGH,OFFICE SUPPLIES,BINDERS AND BINDER ACCESSORIES,REGULAR AIR
2013.8,0.01,1993.662,16,-98.43,56.14,2035.952,HIGH,TECHNOLOGY,OFFICE MACHINES,DELIVERY TRUCK
1661.8,0.07,1545.474,48,202.68,13.89,1328.9039999999998,MEDIUM,OFFICE SUPPLIES,PENS & ART SUPPLIES,REGULAR AIR
303.07,0.02,297.0086,44,-238.45,9.68,525.7786,MEDIUM,OFFICE SUPPLIES,PAPER,REGULAR AIR
2020.58,0.01,2000.3742,11,-45.02,30.0,2015.3942,HIGH,FURNITURE,CHAIRS & CHAIRMATS,DELIVERY TRUCK
1533.46,0.0,1533.46,30,730.44,5.79,797.23,HIGH,OFFICE SUPPLIES,PAPER,REGULAR AIR
5989.048,0.09,5450.03368,20,541.01,42.52,4866.503679999999,HIGH,FURNITURE,TABLES,DELIVERY TRUCK
69.26,0.07,64.4118,38,-113.86,4.08,174.1918,MEDIUM,FURNITURE,OFFICE FURNISHINGS,REGULAR AIR
543.72,0.05,516.534,35,-211.13,11.25,716.414,NOT SPECIFIED,OFFICE SUPPLIES,STORAGE & ORGANIZATION,REGULAR AIR
2896.99,0.01,2868.0200999999997,27,36.94,35.84,2795.2400999999995,HIGH,FURNITURE,BOOKCASES,DELIVERY TRUCK
158.91,0.06,149.37539999999998,24,-38.57,5.2,182.7454,HIGH,OFFICE SUPPLIES,PAPER,REGULAR AIR
171.57,0.04,164.7072,15,12.5,5.01,147.1972,NOT SPECIFIED,OFFICE SUPPLIES,PAPER,REGULAR AIR
2170.305,0.1,1953.2744999999998,42,264.32,8.99,1679.9644999999998,NOT SPECIFIED,TECHNOLOGY,TELEPHONES AND COMMUNICATION,REGULAR AIR
224.34,0.02,219.85320000000002,23,-11.95,6.19,225.6132,CRITICAL,OFFICE SUPPLIES,BINDERS AND BINDER ACCESSORIES,EXPRESS AIR
262.13,0.0,262.13,43,-60.91,5.3,317.74,NOT SPECIFIED,OFFICE SUPPLIES,ENVELOPES,EXPRESS AIR
173.12,0.1,155.808,24,-166.41,11.15,311.068,NOT SPECIFIED,OFFICE SUPPLIES,PAPER,REGULAR AIR
9261.24,0.0,9261.24,46,1646.43,19.99,7594.82,MEDIUM,OFFICE SUPPLIES,STORAGE & ORGANIZATION,REGULAR AIR
28.98,0.06,27.2412,2,-18.39,4.98,40.6512,MEDIUM,FURNITURE,OFFICE FURNISHINGS,REGULAR AIR
51.56,0.09,46.9196,14,-1.06,1.93,46.049600000000005,NOT SPECIFIED,OFFICE SUPPLIES,PAPER,REGULAR AIR
165.75,0.03,160.7775,6,-28.46,1.99,187.2475,HIGH,TECHNOLOGY,COMPUTER PERIPHERALS,REGULAR AIR
437.77,0.01,433.3923,26,-125.8,8.99,550.2022999999999,CRITICAL,TECHNOLOGY,COMPUTER PERIPHERALS,EXPRESS AIR
356.27,0.1,320.643,12,84.53,5.09,231.023,CRITICAL,OFFICE SUPPLIES,PAPER,EXPRESS AIR
514.86,0.08,473.6712,45,-10.84,6.47,478.04119999999995,CRITICAL,OFFICE SUPPLIES,PAPER,REGULAR AIR
4509.3775,0.01,4464.283724999999,44,1426.26,5.26,3032.763724999999,HIGH,TECHNOLOGY,TELEPHONES AND COMMUNICATION,REGULAR AIR
1813.04,0.01,1794.9096,15,-164.4,56.14,1903.1696,MEDIUM,TECHNOLOGY,OFFICE MACHINES,DELIVERY TRUCK
4530.96,0.07,4213.7928,44,-993.35,41.64,5165.5028,CRITICAL,FURNITURE,TABLES,DELIVERY TRUCK
3116.47,0.1,2804.823,33,-1578.26,57.38,4325.7029999999995,HIGH,FURNITURE,BOOKCASES,DELIVERY TRUCK
1324.09,0.01,1310.8491,31,94.96,18.98,1196.9090999999999,HIGH,FURNITURE,OFFICE FURNISHINGS,REGULAR AIR
278.68,0.06,261.9592,20,8.9,6.46,246.5992,HIGH,OFFICE SUPPLIES,BINDERS AND BINDER ACCESSORIES,REGULAR AIR
717.468,0.01,710.29332,23,316.48,0.99,392.82331999999997,HIGH,TECHNOLOGY,TELEPHONES AND COMMUNICATION,REGULAR AIR
2021.147,0.01,2000.93553,11,-60.39,5.99,2055.33553,HIGH,TECHNOLOGY,TELEPHONES AND COMMUNICATION,REGULAR AIR
25.17,0.09,22.904700000000002,4,5.88,5.26,11.764700000000001,NOT SPECIFIED,FURNITURE,OFFICE FURNISHINGS,REGULAR AIR
208.47,0.01,206.3853,29,-125.6,8.74,323.2453,NOT SPECIFIED,OFFICE SUPPLIES,PAPER,EXPRESS AIR
45.91,0.01,45.4509,7,-35.54,7.46,73.5309,HIGH,OFFICE SUPPLIES,BINDERS AND BINDER ACCESSORIES,REGULAR AIR
330.24,0.03,320.3328,15,8.48,5.53,306.32280000000003,HIGH,OFFICE SUPPLIES,PENS & ART SUPPLIES,EXPRESS AIR
520.65,0.09,473.7915,15,30.63,8.22,434.94149999999996,HIGH,OFFICE SUPPLIES,STORAGE & ORGANIZATION,REGULAR AIR
181.17,0.06,170.29979999999998,31,-59.88,5.24,224.93979999999996,NOT SPECIFIED,OFFICE SUPPLIES,BINDERS AND BINDER ACCESSORIES,EXPRESS AIR
623.02,0.02,610.5595999999999,29,-255.66,11.52,854.6995999999999,NOT SPECIFIED,OFFICE SUPPLIES,STORAGE & ORGANIZATION,REGULAR AIR
107.88,0.02,105.7224,7,25.59,1.39,78.74239999999999,NOT SPECIFIED,OFFICE SUPPLIES,ENVELOPES,REGULAR AIR
42.58,0.0,42.58,4,-7.61,4.39,45.8,MEDIUM,OFFICE SUPPLIES,PAPER,REGULAR AIR
729.83,0.07,678.7419,34,-135.1,15.1,798.7419,MEDIUM,OFFICE SUPPLIES,BINDERS AND BINDER ACCESSORIES,REGULAR AIR
1083.19,0.03,1050.6943,36,214.61,5.5,830.5843000000001,MEDIUM,TECHNOLOGY,COMPUTER PERIPHERALS,EXPRESS AIR
255.74,0.07,237.8382,30,37.09,1.99,198.7582,NOT SPECIFIED,TECHNOLOGY,COMPUTER PERIPHERALS,REGULAR AIR
2592.432,0.06,2436.8860799999998,20,428.47,3.9,2004.5160799999996,HIGH,TECHNOLOGY,TELEPHONES AND COMMUNICATION,REGULAR AIR
313.43,0.02,307.1614,12,104.03,8.99,194.1414,MEDIUM,FURNITURE,OFFICE FURNISHINGS,REGULAR AIR
390.11,0.02,382.3078,17,-19.92,8.99,393.2378,MEDIUM,OFFICE SUPPLIES,PENS & ART SUPPLIES,REGULAR AIR
342.97,0.09,312.1027,40,-131.63,8.54,435.1927,NOT SPECIFIED,FURNITURE,OFFICE FURNISHINGS,REGULAR AIR
9.4,0.04,9.024000000000001,3,-7.6,1.92,14.704,CRITICAL,OFFICE SUPPLIES,"SCISSORS, RULERS AND TRIMMERS",REGULAR AIR
79.68,0.06,74.89920000000001,10,18.24,3.68,52.979200000000006,HIGH,FURNITURE,OFFICE FURNISHINGS,REGULAR AIR
786.675,0.01,778.8082499999999,7,-315.03,8.8,1085.03825,HIGH,TECHNOLOGY,TELEPHONES AND COMMUNICATION,REGULAR AIR
212.57,0.09,193.43869999999998,38,9.49,2.99,180.95869999999996,LOW,OFFICE SUPPLIES,BINDERS AND BINDER ACCESSORIES,EXPRESS AIR
4577.18,0.0,4577.18,49,205.83,30.0,4341.35,MEDIUM,FURNITURE,CHAIRS & CHAIRMATS,DELIVERY TRUCK
4279.24,0.06,4022.4856,25,890.18,5.26,3127.0456,LOW,TECHNOLOGY,TELEPHONES AND COMMUNICATION,REGULAR AIR
2665.64,0.1,2399.076,10,-107.49,35.67,2470.8959999999997,MEDIUM,FURNITURE,TABLES,DELIVERY TRUCK
44.45,0.01,44.005500000000005,2,-17.46,1.49,59.975500000000004,MEDIUM,OFFICE SUPPLIES,BINDERS AND BINDER ACCESSORIES,REGULAR AIR
46.36,0.05,44.042,22,-56.73,4.08,96.69200000000001,NOT SPECIFIED,FURNITURE,OFFICE FURNISHINGS,EXPRESS AIR
29.79,0.01,29.4921,10,3.76,0.99,24.7421,MEDIUM,OFFICE SUPPLIES,LABELS,REGULAR AIR
371.95,0.07,345.9135,47,-87.4,2.83,430.48350000000005,HIGH,TECHNOLOGY,COMPUTER PERIPHERALS,REGULAR AIR
845.9,0.04,812.064,39,52.53,5.42,754.114,MEDIUM,OFFICE SUPPLIES,STORAGE & ORGANIZATION,REGULAR AIR
260.79,0.0,260.79,28,111.4,1.39,148.00000000000003,LOW,OFFICE SUPPLIES,ENVELOPES,REGULAR AIR
90.35,0.02,88.54299999999999,44,-16.72,0.7,104.56299999999999,LOW,OFFICE SUPPLIES,RUBBER BANDS,REGULAR AIR
316.52,0.03,307.02439999999996,2,-542.32,4.0,845.3444,HIGH,TECHNOLOGY,COMPUTER PERIPHERALS,REGULAR AIR
155.39,0.1,139.851,5,-127.7,5.5,262.051,HIGH,TECHNOLOGY,COMPUTER PERIPHERALS,REGULAR AIR
135.23,0.1,121.707,25,-45.65,3.6,163.757,NOT SPECIFIED,OFFICE SUPPLIES,"SCISSORS, RULERS AND TRIMMERS",REGULAR AIR
710.86,0.04,682.4256,35,196.22,5.97,480.2356,MEDIUM,OFFICE SUPPLIES,PAPER,REGULAR AIR
114.53,0.07,106.5129,21,-39.23,3.6,142.1429,HIGH,OFFICE SUPPLIES,"SCISSORS, RULERS AND TRIMMERS",REGULAR AIR
7164.7435,0.07,6663.211455,44,1609.29,5.99,5047.931455,HIGH,TECHNOLOGY,TELEPHONES AND COMMUNICATION,REGULAR AIR
1400.1,0.03,1358.097,36,88.68,4.0,1265.417,MEDIUM,TECHNOLOGY,COMPUTER PERIPHERALS,REGULAR AIR
1325.06,0.06,1245.5564,38,-180.23,9.02,1416.7664,NOT SPECIFIED,TECHNOLOGY,COMPUTER PERIPHERALS,REGULAR AIR
1082.45,0.04,1039.152,28,271.87,1.99,765.292,CRITICAL,TECHNOLOGY,COMPUTER PERIPHERALS,REGULAR AIR
101.13,0.02,99.1074,21,-74.41,5.83,167.6874,CRITICAL,OFFICE SUPPLIES,BINDERS AND BINDER ACCESSORIES,REGULAR AIR
526.45,0.02,515.921,18,-108.14,8.99,615.071,CRITICAL,TECHNOLOGY,COMPUTER PERIPHERALS,REGULAR AIR
8581.25,0.0,8581.25,34,1464.23,60.2,7056.82,HIGH,FURNITURE,BOOKCASES,DELIVERY TRUCK
135.99,0.09,123.7509,21,-129.24,9.68,243.3109,HIGH,OFFICE SUPPLIES,PAPER,REGULAR AIR
43.23,0.0,43.23,9,-29.53,5.26,67.5,HIGH,OFFICE SUPPLIES,BINDERS AND BINDER ACCESSORIES,REGULAR AIR
69.38,0.08,63.8296,26,-70.73,4.28,130.27960000000002,LOW,OFFICE SUPPLIES,PENS & ART SUPPLIES,REGULAR AIR
78.51,0.09,71.4441,36,-10.06,1.38,80.12410000000001,CRITICAL,OFFICE SUPPLIES,RUBBER BANDS,REGULAR AIR
101.47,0.03,98.4259,9,-18.64,4.5,112.5659,HIGH,OFFICE SUPPLIES,APPLIANCES,REGULAR AIR
130.49,0.07,121.35570000000001,27,47.09,0.88,73.38570000000001,HIGH,OFFICE SUPPLIES,PAPER,EXPRESS AIR
1003.06,0.03,972.9681999999999,37,271.78,5.37,695.8181999999999,MEDIUM,OFFICE SUPPLIES,APPLIANCES,REGULAR AIR
23.46,0.06,22.052400000000002,9,4.58,0.5,16.9724,MEDIUM,OFFICE SUPPLIES,LABELS,REGULAR AIR
861.41,0.01,852.7959,42,128.0,9.54,715.2559,LOW,OFFICE SUPPLIES,PAPER,REGULAR AIR
270.32,0.06,254.1008,47,-47.15,3.37,297.88079999999997,MEDIUM,OFFICE SUPPLIES,RUBBER BANDS,REGULAR AIR
361.98,0.0,361.98,21,-55.61,9.4,408.19000000000005,MEDIUM,TECHNOLOGY,OFFICE MACHINES,REGULAR AIR
965.82,0.09,878.8962,29,169.15,5.5,704.2462,MEDIUM,TECHNOLOGY,COMPUTER PERIPHERALS,REGULAR AIR
349.65,0.1,314.685,24,28.55,6.46,279.675,CRITICAL,OFFICE SUPPLIES,BINDERS AND BINDER ACCESSORIES,EXPRESS AIR
4814.12,0.03,4669.6964,46,855.14,21.26,3793.2963999999997,CRITICAL,FURNITURE,OFFICE FURNISHINGS,REGULAR AIR
359.65,0.01,356.0535,24,-11.15,6.75,360.45349999999996,HIGH,OFFICE SUPPLIES,APPLIANCES,REGULAR AIR
246.24,0.08,226.54080000000002,36,-118.9,7.3,338.1408,LOW,OFFICE SUPPLIES,PAPER,REGULAR AIR
78.67,0.0,78.67,8,14.1,2.15,62.419999999999995,LOW,OFFICE SUPPLIES,PAPER,REGULAR AIR
4416.651,0.02,4328.31798,33,1020.41,8.99,3298.91798,MEDIUM,TECHNOLOGY,TELEPHONES AND COMMUNICATION,REGULAR AIR
1204.0845,0.04,1155.92112,41,341.96,1.1,812.86112,MEDIUM,TECHNOLOGY,TELEPHONES AND COMMUNICATION,REGULAR AIR
2154.34,0.1,1938.9060000000002,34,177.66,6.88,1754.366,LOW,OFFICE SUPPLIES,STORAGE & ORGANIZATION,REGULAR AIR
181.39,0.1,163.25099999999998,36,-32.4,3.63,192.021,NOT SPECIFIED,FURNITURE,OFFICE FURNISHINGS,REGULAR AIR
846.0815,0.02,829.15987,26,-120.93,5.0,945.08987,NOT SPECIFIED,TECHNOLOGY,TELEPHONES AND COMMUNICATION,REGULAR AIR
187.84,0.0,187.84,35,-95.05,5.68,277.21,MEDIUM,OFFICE SUPPLIES,BINDERS AND BINDER ACCESSORIES,REGULAR AIR
240.6,0.04,230.976,45,3.45,2.99,224.536,MEDIUM,OFFICE SUPPLIES,BINDERS AND BINDER ACCESSORIES,REGULAR AIR
236.878,0.06,222.66531999999998,5,-275.25,5.0,492.91531999999995,MEDIUM,TECHNOLOGY,TELEPHONES AND COMMUNICATION,REGULAR AIR
220.47,0.04,211.6512,43,-135.16,4.62,342.1912,NOT SPECIFIED,TECHNOLOGY,COMPUTER PERIPHERALS,REGULAR AIR
7928.562,0.08,7294.27704,46,2229.48,5.0,5059.7970399999995,NOT SPECIFIED,TECHNOLOGY,TELEPHONES AND COMMUNICATION,REGULAR AIR
715.8,0.06,672.852,12,-279.12,52.2,899.7719999999999,LOW,FURNITURE,OFFICE FURNISHINGS,REGULAR AIR
10941.23,0.0,10941.23,47,1687.07,32.48,9221.68,LOW,FURNITURE,TABLES,DELIVERY TRUCK
3749.0,0.08,3449.08,42,-1032.13,35.0,4446.21,CRITICAL,OFFICE SUPPLIES,STORAGE & ORGANIZATION,REGULAR AIR
878.75,0.07,817.2375,48,70.46,9.03,737.7475,LOW,OFFICE SUPPLIES,PAPER,EXPRESS AIR
877.81,0.02,860.2538,17,-44.4,19.99,884.6637999999999,MEDIUM,TECHNOLOGY,COMPUTER PERIPHERALS,REGULAR AIR
1699.52,0.04,1631.5392,40,734.75,1.99,894.7991999999999,LOW,TECHNOLOGY,COMPUTER PERIPHERALS,REGULAR AIR
90.9415,0.05,86.394425,5,-109.42,3.3,192.51442500000002,NOT SPECIFIED,TECHNOLOGY,TELEPHONES AND COMMUNICATION,REGULAR AIR
453.87,0.02,444.7926,6,-217.69,14.52,647.9626000000001,CRITICAL,TECHNOLOGY,COMPUTER PERIPHERALS,REGULAR AIR
2232.15,0.05,2120.5425,28,-746.44,35.0,2831.9825,LOW,OFFICE SUPPLIES,STORAGE & ORGANIZATION,REGULAR AIR
7007.19,0.05,6656.8305,26,-274.95,35.0,6896.7805,LOW,OFFICE SUPPLIES,STORAGE & ORGANIZATION,REGULAR AIR
460.5895,0.02,451.37771,8,-171.2,8.99,613.58771,HIGH,TECHNOLOGY,TELEPHONES AND COMMUNICATION,REGULAR AIR
813.41,0.09,740.2031,31,284.65,1.99,453.56309999999996,HIGH,TECHNOLOGY,COMPUTER PERIPHERALS,EXPRESS AIR
4153.06,0.06,3903.8764000000006,48,1499.41,0.99,2403.4764000000005,HIGH,OFFICE SUPPLIES,APPLIANCES,REGULAR AIR
157.63,0.06,148.1722,9,-78.13,4.0,222.3022,CRITICAL,TECHNOLOGY,COMPUTER PERIPHERALS,REGULAR AIR
225.45,0.02,220.941,34,-193.39,9.54,404.791,LOW,OFFICE SUPPLIES,PAPER,REGULAR AIR
2827.1425,0.01,2798.871075,35,713.88,4.9,2080.091075,CRITICAL,TECHNOLOGY,TELEPHONES AND COMMUNICATION,REGULAR AIR
760.85,0.03,738.0245,50,-109.1,4.53,842.5945,LOW,OFFICE SUPPLIES,STORAGE & ORGANIZATION,REGULAR AIR
215.52,0.02,211.20960000000002,14,75.83,5.0,130.37960000000004,LOW,FURNITURE,OFFICE FURNISHINGS,REGULAR AIR
10.46,0.0,10.46,8,-0.89,0.7,10.650000000000002,LOW,OFFICE SUPPLIES,RUBBER BANDS,REGULAR AIR
66.55,0.01,65.8845,40,-15.13,1.29,79.72449999999999,LOW,OFFICE SUPPLIES,PENS & ART SUPPLIES,REGULAR AIR
167.53,0.05,159.1535,18,-9.57,5.6,163.1235,HIGH,OFFICE SUPPLIES,BINDERS AND BINDER ACCESSORIES,REGULAR AIR
6995.56,0.07,6505.870800000001,26,-286.58,35.0,6757.4508000000005,NOT SPECIFIED,OFFICE SUPPLIES,STORAGE & ORGANIZATION,REGULAR AIR
1415.148,0.02,1386.84504,29,-64.94,5.0,1446.78504,NOT SPECIFIED,TECHNOLOGY,TELEPHONES AND COMMUNICATION,EXPRESS AIR
1234.36,0.04,1184.9856,41,-84.77,19.51,1250.2456,LOW,OFFICE SUPPLIES,ENVELOPES,EXPRESS AIR
389.98,0.07,362.6814,32,-14.98,4.81,372.8514,HIGH,OFFICE SUPPLIES,STORAGE & ORGANIZATION,REGULAR AIR
854.9,0.05,812.155,25,76.87,8.99,726.295,HIGH,OFFICE SUPPLIES,PENS & ART SUPPLIES,REGULAR AIR
1042.25,0.08,958.87,8,195.16,0.99,762.72,HIGH,OFFICE SUPPLIES,APPLIANCES,REGULAR AIR
109.29,0.08,100.5468,21,-77.08,6.26,171.3668,CRITICAL,OFFICE SUPPLIES,PAPER,REGULAR AIR
2257.88,0.01,2235.3012,38,474.98,9.71,1750.6111999999998,CRITICAL,OFFICE SUPPLIES,STORAGE & ORGANIZATION,REGULAR AIR
348.92,0.06,327.9848,31,28.47,3.37,296.14480000000003,HIGH,OFFICE SUPPLIES,"SCISSORS, RULERS AND TRIMMERS",REGULAR AIR
72.18,0.0,72.18,46,11.83,0.7,59.650000000000006,HIGH,OFFICE SUPPLIES,RUBBER BANDS,REGULAR AIR
172.04,0.05,163.438,25,-85.11,7.37,241.178,LOW,OFFICE SUPPLIES,PAPER,REGULAR AIR
151.19,0.07,140.6067,42,27.37,1.43,111.80669999999998,CRITICAL,OFFICE SUPPLIES,RUBBER BANDS,REGULAR AIR
507.18,0.0,507.18,47,74.73,4.78,427.67,CRITICAL,OFFICE SUPPLIES,PAPER,REGULAR AIR
737.38,0.08,678.3896,29,90.04,5.3,583.0496,CRITICAL,FURNITURE,CHAIRS & CHAIRMATS,REGULAR AIR
2180.23,0.05,2071.2185,37,660.25,3.5,1407.4685,HIGH,OFFICE SUPPLIES,APPLIANCES,REGULAR AIR
123.75,0.09,112.6125,24,55.42,0.49,56.7025,MEDIUM,OFFICE SUPPLIES,LABELS,EXPRESS AIR
3533.97,0.07,3286.5921,46,-1329.81,35.0,4581.402099999999,MEDIUM,OFFICE SUPPLIES,STORAGE & ORGANIZATION,REGULAR AIR
3821.4045,0.0,3821.4045,38,1256.97,2.5,2561.9345000000003,MEDIUM,TECHNOLOGY,TELEPHONES AND COMMUNICATION,REGULAR AIR
1651.07,0.09,1502.4737,42,-100.49,6.5,1596.4637,HIGH,TECHNOLOGY,COMPUTER PERIPHERALS,REGULAR AIR
5010.7415,0.03,4860.419255,29,1196.37,4.2,3659.849255,HIGH,TECHNOLOGY,TELEPHONES AND COMMUNICATION,EXPRESS AIR
326.1,0.04,313.05600000000004,48,-118.74,6.6,425.196,HIGH,OFFICE SUPPLIES,PAPER,REGULAR AIR
170.374,0.09,155.04034,6,-67.13,0.99,221.18033999999997,HIGH,TECHNOLOGY,TELEPHONES AND COMMUNICATION,REGULAR AIR
801.98,0.0,801.98,34,-99.95,13.99,887.94,MEDIUM,OFFICE SUPPLIES,APPLIANCES,REGULAR AIR
65.78,0.07,61.1754,11,-17.42,3.37,75.22540000000001,HIGH,OFFICE SUPPLIES,RUBBER BANDS,REGULAR AIR
323.63,0.05,307.44849999999997,40,-205.49,8.94,503.9985,NOT SPECIFIED,OFFICE SUPPLIES,BINDERS AND BINDER ACCESSORIES,REGULAR AIR
157.49,0.02,154.3402,14,62.54,1.39,90.41020000000003,LOW,OFFICE SUPPLIES,ENVELOPES,REGULAR AIR
1765.64,0.08,1624.3888000000002,46,108.65,14.45,1501.2888,LOW,FURNITURE,OFFICE FURNISHINGS,REGULAR AIR
156.5,0.01,154.935,23,-49.6,6.0,198.535,LOW,OFFICE SUPPLIES,PAPER,REGULAR AIR
157.51,0.01,155.9349,8,46.48,1.49,107.9649,NOT SPECIFIED,OFFICE SUPPLIES,BINDERS AND BINDER ACCESSORIES,REGULAR AIR
97.78,0.09,88.9798,33,-31.22,2.03,118.1698,NOT SPECIFIED,OFFICE SUPPLIES,PENS & ART SUPPLIES,REGULAR AIR
1152.16,0.0,1152.16,23,286.98,4.5,860.6800000000001,NOT SPECIFIED,OFFICE SUPPLIES,APPLIANCES,REGULAR AIR
19.9,0.07,18.506999999999998,2,15.97,5.21,-2.6730000000000036,NOT SPECIFIED,FURNITURE,OFFICE FURNISHINGS,REGULAR AIR
4072.8175,0.1,3665.53575,45,897.36,3.0,2765.17575,MEDIUM,TECHNOLOGY,TELEPHONES AND COMMUNICATION,REGULAR AIR
1438.33,0.08,1323.2636,43,163.38,8.22,1151.6635999999999,LOW,OFFICE SUPPLIES,STORAGE & ORGANIZATION,REGULAR AIR
625.9485,0.04,600.9105599999999,35,-87.02,3.3,684.63056,CRITICAL,TECHNOLOGY,TELEPHONES AND COMMUNICATION,EXPRESS AIR
12.49,0.08,11.4908,4,-13.5,4.77,20.2208,LOW,OFFICE SUPPLIES,BINDERS AND BINDER ACCESSORIES,REGULAR AIR
409.08,0.1,368.17199999999997,25,78.86,5.03,284.282,MEDIUM,FURNITURE,OFFICE FURNISHINGS,REGULAR AIR
1653.607,0.02,1620.53486,30,294.97,5.31,1320.25486,NOT SPECIFIED,TECHNOLOGY,TELEPHONES AND COMMUNICATION,REGULAR AIR
248.76,0.1,223.884,13,35.09,5.77,183.02399999999997,MEDIUM,OFFICE SUPPLIES,PAPER,EXPRESS AIR
10984.05,0.06,10325.007,43,785.63,66.67,9472.707,MEDIUM,FURNITURE,TABLES,DELIVERY TRUCK
2447.1075,0.0,2447.1075,31,856.96,0.99,1589.1575000000003,HIGH,TECHNOLOGY,TELEPHONES AND COMMUNICATION,REGULAR AIR
1458.83,0.05,1385.8885,25,392.76,3.5,989.6285,HIGH,OFFICE SUPPLIES,APPLIANCES,REGULAR AIR
26.64,0.09,24.2424,2,-13.88,2.36,35.7624,LOW,OFFICE SUPPLIES,PENS & ART SUPPLIES,EXPRESS AIR
88.19,0.03,85.54429999999999,16,-25.97,4.72,106.79429999999999,LOW,OFFICE SUPPLIES,PAPER,REGULAR AIR
318.28,0.08,292.81759999999997,39,114.95,1.69,176.17759999999998,HIGH,OFFICE SUPPLIES,PAPER,REGULAR AIR
289.53,0.08,266.3676,34,46.97,2.99,216.40759999999997,HIGH,OFFICE SUPPLIES,BINDERS AND BINDER ACCESSORIES,EXPRESS AIR
322.8,0.06,303.432,45,53.15,2.35,247.932,HIGH,OFFICE SUPPLIES,PENS & ART SUPPLIES,REGULAR AIR
649.46,0.01,642.9654,40,189.04,4.0,449.9254000000001,MEDIUM,TECHNOLOGY,COMPUTER PERIPHERALS,REGULAR AIR
3397.72,0.01,3363.7428,48,-912.08,37.58,4238.2428,NOT SPECIFIED,FURNITURE,OFFICE FURNISHINGS,REGULAR AIR
200.41,0.05,190.3895,19,-23.65,4.68,209.3595,CRITICAL,OFFICE SUPPLIES,"SCISSORS, RULERS AND TRIMMERS",REGULAR AIR
708.83,0.08,652.1236,41,35.08,8.99,608.0536,HIGH,FURNITURE,OFFICE FURNISHINGS,REGULAR AIR
1635.29,0.1,1471.761,6,7.92,24.49,1439.3509999999999,MEDIUM,FURNITURE,CHAIRS & CHAIRMATS,REGULAR AIR
316.35,0.01,313.1865,37,-52.18,2.83,362.53650000000005,MEDIUM,TECHNOLOGY,COMPUTER PERIPHERALS,EXPRESS AIR
194.09,0.03,188.2673,33,-63.35,5.37,246.2473,NOT SPECIFIED,OFFICE SUPPLIES,PAPER,REGULAR AIR
227.5,0.01,225.225,37,-256.52,9.92,471.825,LOW,OFFICE SUPPLIES,BINDERS AND BINDER ACCESSORIES,REGULAR AIR
2292.1015,0.02,2246.2594700000004,21,398.36,3.0,1844.8994700000003,LOW,TECHNOLOGY,TELEPHONES AND COMMUNICATION,REGULAR AIR
206.34,0.04,198.0864,24,-38.23,3.62,232.69639999999998,HIGH,TECHNOLOGY,COMPUTER PERIPHERALS,REGULAR AIR
13.52,0.03,13.1144,11,-27.66,2.96,37.8144,NOT SPECIFIED,TECHNOLOGY,COMPUTER PERIPHERALS,REGULAR AIR
20.25,0.1,18.225,4,-22.13,2.39,37.965,MEDIUM,TECHNOLOGY,COMPUTER PERIPHERALS,REGULAR AIR
52.62,0.01,52.093799999999995,22,-4.64,1.12,55.6138,MEDIUM,OFFICE SUPPLIES,PENS & ART SUPPLIES,REGULAR AIR
214.19,0.0,214.19,29,-40.56,5.94,248.81,CRITICAL,OFFICE SUPPLIES,PAPER,EXPRESS AIR
243.52,0.01,241.0848,15,-59.64,13.56,287.1648,HIGH,FURNITURE,OFFICE FURNISHINGS,REGULAR AIR
198.29,0.08,182.4268,41,-134.41,5.68,311.1568,HIGH,OFFICE SUPPLIES,BINDERS AND BINDER ACCESSORIES,REGULAR AIR
228.31,0.03,221.4607,47,8.89,0.7,211.8707,LOW,OFFICE SUPPLIES,RUBBER BANDS,REGULAR AIR
98.46,0.01,97.4754,32,41.54,0.5,55.435399999999994,CRITICAL,OFFICE SUPPLIES,LABELS,REGULAR AIR
569.636,0.0,569.636,11,-173.25,5.0,737.886,CRITICAL,TECHNOLOGY,TELEPHONES AND COMMUNICATION,REGULAR AIR
314.96,0.1,283.464,18,153.48,3.77,126.21400000000003,HIGH,FURNITURE,OFFICE FURNISHINGS,REGULAR AIR
120.15,0.0,120.15,40,11.32,1.49,107.34,MEDIUM,OFFICE SUPPLIES,BINDERS AND BINDER ACCESSORIES,REGULAR AIR
1058.82,0.02,1037.6435999999999,8,211.73,0.99,824.9235999999999,NOT SPECIFIED,OFFICE SUPPLIES,APPLIANCES,REGULAR AIR
92.07,0.09,83.7837,14,-64.5,7.86,140.4237,NOT SPECIFIED,OFFICE SUPPLIES,PAPER,REGULAR AIR
59.58,0.07,55.4094,13,14.49,0.88,40.03939999999999,HIGH,OFFICE SUPPLIES,PAPER,REGULAR AIR
159.5,0.09,145.145,5,-57.98,6.72,196.405,HIGH,OFFICE SUPPLIES,STORAGE & ORGANIZATION,REGULAR AIR
236.19,0.06,222.0186,36,-76.92,5.94,292.9986,HIGH,OFFICE SUPPLIES,PAPER,REGULAR AIR
1811.55,0.09,1648.5104999999999,24,512.69,0.99,1134.8304999999998,HIGH,OFFICE SUPPLIES,APPLIANCES,REGULAR AIR
49.08,0.06,46.1352,13,-0.31,1.93,44.5152,HIGH,OFFICE SUPPLIES,PAPER,REGULAR AIR
854.14,0.01,845.5986,45,94.0,9.03,742.5686000000001,HIGH,OFFICE SUPPLIES,PAPER,REGULAR AIR
33.44,0.1,30.095999999999997,4,-6.88,2.87,34.105999999999995,LOW,OFFICE SUPPLIES,PAPER,REGULAR AIR
1640.9,0.02,1608.082,33,-1348.06,54.11,2902.032,HIGH,FURNITURE,BOOKCASES,DELIVERY TRUCK
1235.87,0.07,1149.3591,33,269.27,1.99,878.0990999999999,HIGH,TECHNOLOGY,COMPUTER PERIPHERALS,REGULAR AIR
46.34,0.05,44.023,10,-7.76,0.7,51.083,HIGH,OFFICE SUPPLIES,RUBBER BANDS,REGULAR AIR
2415.38,0.08,2222.1496,26,-1131.6,74.35,3279.3996,NOT SPECIFIED,FURNITURE,CHAIRS & CHAIRMATS,DELIVERY TRUCK
231.26,0.07,215.0718,41,32.83,0.96,181.28179999999998,LOW,OFFICE SUPPLIES,PENS & ART SUPPLIES,REGULAR AIR
642.9,0.07,597.8969999999999,17,88.72,1.99,507.1869999999999,HIGH,TECHNOLOGY,COMPUTER PERIPHERALS,REGULAR AIR
47.28,0.0,47.28,9,17.05,0.5,29.73,HIGH,OFFICE SUPPLIES,LABELS,REGULAR AIR
987.17,0.01,977.2982999999999,23,51.59,4.0,921.7082999999999,LOW,TECHNOLOGY,COMPUTER PERIPHERALS,REGULAR AIR
179.45,0.07,166.8885,35,-116.35,5.63,277.6085,MEDIUM,OFFICE SUPPLIES,BINDERS AND BINDER ACCESSORIES,REGULAR AIR
7987.43,0.03,7747.8071,49,1304.9,30.0,6412.9071,MEDIUM,FURNITURE,CHAIRS & CHAIRMATS,DELIVERY TRUCK
2455.276,0.04,2357.0649599999997,42,693.06,5.63,1658.3749599999996,MEDIUM,TECHNOLOGY,TELEPHONES AND COMMUNICATION,EXPRESS AIR
2443.342,0.01,2418.9085800000003,44,590.32,3.99,1824.5985800000003,MEDIUM,TECHNOLOGY,TELEPHONES AND COMMUNICATION,REGULAR AIR
112.12,0.01,110.9988,9,-8.45,6.12,113.3288,HIGH,OFFICE SUPPLIES,APPLIANCES,REGULAR AIR
49.58,0.1,44.622,11,-47.02,6.27,85.37200000000001,HIGH,OFFICE SUPPLIES,BINDERS AND BINDER ACCESSORIES,EXPRESS AIR
465.52,0.02,456.20959999999997,29,65.35,8.99,381.8696,HIGH,FURNITURE,OFFICE FURNISHINGS,EXPRESS AIR
1939.65,0.05,1842.6675,16,-885.73,70.2,2658.1975,HIGH,FURNITURE,CHAIRS & CHAIRMATS,DELIVERY TRUCK
19.47,0.06,18.3018,3,-14.29,6.89,25.7018,HIGH,OFFICE SUPPLIES,LABELS,REGULAR AIR
6900.13,0.01,6831.1287,38,552.97,23.58,6254.5787,CRITICAL,FURNITURE,BOOKCASES,DELIVERY TRUCK
1133.96,0.02,1111.2808,35,185.09,12.62,913.5708000000001,NOT SPECIFIED,OFFICE SUPPLIES,BINDERS AND BINDER ACCESSORIES,REGULAR AIR
2422.4405,0.03,2349.7672850000004,44,568.18,5.31,1776.2772850000006,HIGH,TECHNOLOGY,TELEPHONES AND COMMUNICATION,REGULAR AIR
1954.796,0.05,1857.0562,17,98.35,4.2,1754.5062,MEDIUM,TECHNOLOGY,TELEPHONES AND COMMUNICATION,REGULAR AIR
2312.96,0.09,2104.7936,17,43.03,17.85,2043.9136,HIGH,TECHNOLOGY,OFFICE MACHINES,DELIVERY TRUCK
538.27,0.02,527.5046,29,225.2,1.49,300.8146,NOT SPECIFIED,OFFICE SUPPLIES,BINDERS AND BINDER ACCESSORIES,REGULAR AIR
3665.41,0.05,3482.1394999999998,30,1236.36,19.99,2225.7895,NOT SPECIFIED,OFFICE SUPPLIES,BINDERS AND BINDER ACCESSORIES,REGULAR AIR
20.95,0.0,20.95,14,2.81,0.7,17.44,NOT SPECIFIED,OFFICE SUPPLIES,RUBBER BANDS,EXPRESS AIR
286.81,0.07,266.7333,39,110.05,1.39,155.2933,HIGH,OFFICE SUPPLIES,ENVELOPES,REGULAR AIR
1233.4775,0.01,1221.142725,39,453.8,5.99,761.352725,LOW,TECHNOLOGY,TELEPHONES AND COMMUNICATION,REGULAR AIR
1449.21,0.06,1362.2574,10,-270.0,30.0,1602.2574,LOW,FURNITURE,CHAIRS & CHAIRMATS,DELIVERY TRUCK
214.03,0.02,209.7494,34,-138.92,7.96,340.70939999999996,MEDIUM,OFFICE SUPPLIES,PAPER,REGULAR AIR
941.4,0.05,894.3299999999999,27,369.48,5.09,519.7599999999999,NOT SPECIFIED,OFFICE SUPPLIES,PAPER,REGULAR AIR
109.43,0.09,99.5813,23,21.77,1.49,76.32130000000001,MEDIUM,OFFICE SUPPLIES,BINDERS AND BINDER ACCESSORIES,REGULAR AIR
158.78,0.07,147.6654,23,33.26,2.17,112.23540000000003,LOW,OFFICE SUPPLIES,PAPER,REGULAR AIR
249.48,0.1,224.53199999999998,33,-73.83,2.38,295.98199999999997,NOT SPECIFIED,TECHNOLOGY,COMPUTER PERIPHERALS,REGULAR AIR
2711.14,0.01,2684.0286,28,-307.86,42.0,2949.8886,CRITICAL,FURNITURE,CHAIRS & CHAIRMATS,DELIVERY TRUCK
1829.8715,0.05,1738.377925,34,367.46,3.99,1366.927925,CRITICAL,TECHNOLOGY,TELEPHONES AND COMMUNICATION,REGULAR AIR
231.21,0.0,231.21,39,-179.96,8.16,403.01,HIGH,OFFICE SUPPLIES,PAPER,EXPRESS AIR
162.25,0.05,154.1375,32,-43.21,2.39,194.9575,NOT SPECIFIED,TECHNOLOGY,COMPUTER PERIPHERALS,EXPRESS AIR
385.05,0.0,385.05,46,56.75,3.12,325.18,NOT SPECIFIED,OFFICE SUPPLIES,PENS & ART SUPPLIES,REGULAR AIR
46.44,0.06,43.6536,35,-16.3,0.7,59.25359999999999,MEDIUM,OFFICE SUPPLIES,RUBBER BANDS,EXPRESS AIR
4252.89,0.06,3997.7166,20,969.42,18.06,3010.2366,NOT SPECIFIED,FURNITURE,CHAIRS & CHAIRMATS,EXPRESS AIR
5740.32,0.03,5568.1104,39,1285.74,17.85,4264.520399999999,HIGH,TECHNOLOGY,OFFICE MACHINES,DELIVERY TRUCK
548.3,0.09,498.953,48,-47.92,4.98,541.8929999999999,NOT SPECIFIED,OFFICE SUPPLIES,APPLIANCES,EXPRESS AIR
946.27,0.06,889.4938,28,66.38,8.74,814.3738,CRITICAL,OFFICE SUPPLIES,STORAGE & ORGANIZATION,REGULAR AIR
396.78,0.09,361.0698,47,-321.21,10.16,672.1197999999999,CRITICAL,FURNITURE,OFFICE FURNISHINGS,REGULAR AIR
769.17,0.0,769.17,12,-212.01,36.61,944.5699999999999,LOW,FURNITURE,BOOKCASES,DELIVERY TRUCK
384.9,0.07,357.957,27,-108.28,9.37,456.86699999999996,CRITICAL,OFFICE SUPPLIES,STORAGE & ORGANIZATION,EXPRESS AIR
388.71,0.01,384.8229,25,36.43,7.27,341.1229,NOT SPECIFIED,OFFICE SUPPLIES,BINDERS AND BINDER ACCESSORIES,REGULAR AIR
1515.0,0.08,1393.8,49,219.04,12.62,1162.14,LOW,OFFICE SUPPLIES,BINDERS AND BINDER ACCESSORIES,REGULAR AIR
3413.69,0.06,3208.8686000000002,47,175.24,14.52,3019.1086000000005,NOT SPECIFIED,TECHNOLOGY,COMPUTER PERIPHERALS,REGULAR AIR
2939.6825,0.02,2880.88885,38,192.06,0.99,2687.83885,NOT SPECIFIED,TECHNOLOGY,TELEPHONES AND COMMUNICATION,REGULAR AIR
1103.73,0.0,1103.73,45,189.28,7.58,906.8700000000001,CRITICAL,FURNITURE,OFFICE FURNISHINGS,REGULAR AIR
86.1,0.06,80.934,31,32.7,0.5,47.733999999999995,LOW,OFFICE SUPPLIES,LABELS,REGULAR AIR
298.11,0.08,274.26120000000003,25,-60.79,6.27,328.78120000000007,LOW,OFFICE SUPPLIES,STORAGE & ORGANIZATION,REGULAR AIR
87.21,0.02,85.46579999999999,3,-96.54,4.0,178.0058,LOW,TECHNOLOGY,COMPUTER PERIPHERALS,REGULAR AIR
50.19,0.08,46.1748,5,0.15,2.06,43.9648,LOW,OFFICE SUPPLIES,PAPER,REGULAR AIR
84.09,0.02,82.40820000000001,14,-73.14,7.78,147.7682,LOW,OFFICE SUPPLIES,BINDERS AND BINDER ACCESSORIES,REGULAR AIR
132.79,0.05,126.1505,39,-100.24,3.97,222.4205,HIGH,OFFICE SUPPLIES,PENS & ART SUPPLIES,REGULAR AIR
232.85,0.03,225.8645,32,-262.62,9.69,478.79449999999997,HIGH,OFFICE SUPPLIES,STORAGE & ORGANIZATION,REGULAR AIR
893.29,0.08,821.8267999999999,39,256.16,6.71,558.9567999999999,CRITICAL,OFFICE SUPPLIES,ENVELOPES,REGULAR AIR
6483.26,0.09,5899.7666,29,341.98,60.2,5497.5866000000005,NOT SPECIFIED,FURNITURE,BOOKCASES,DELIVERY TRUCK
1446.207,0.02,1417.28286,13,29.56,8.08,1379.6428600000002,NOT SPECIFIED,TECHNOLOGY,TELEPHONES AND COMMUNICATION,REGULAR AIR
2048.78,0.05,1946.3410000000001,24,994.68,5.01,946.6510000000002,NOT SPECIFIED,OFFICE SUPPLIES,ENVELOPES,REGULAR AIR
104.33,0.0,104.33,39,39.91,0.5,63.92,NOT SPECIFIED,OFFICE SUPPLIES,LABELS,REGULAR AIR
3390.51,0.05,3220.9845,27,1169.71,19.99,2031.2845000000002,CRITICAL,OFFICE SUPPLIES,BINDERS AND BINDER ACCESSORIES,EXPRESS AIR
44.85,0.02,43.953,38,-0.49,0.7,43.743,LOW,OFFICE SUPPLIES,RUBBER BANDS,REGULAR AIR
1581.23,0.03,1533.7931,28,760.79,5.15,767.8531,CRITICAL,OFFICE SUPPLIES,PAPER,REGULAR AIR
319.69,0.0,319.69,43,-73.66,3.52,389.83000000000004,CRITICAL,TECHNOLOGY,COMPUTER PERIPHERALS,REGULAR AIR
19.2,0.1,17.28,9,-6.84,1.12,23.0,HIGH,OFFICE SUPPLIES,PENS & ART SUPPLIES,REGULAR AIR
5526.16,0.03,5360.3751999999995,38,1263.98,24.49,4071.9051999999997,CRITICAL,FURNITURE,CHAIRS & CHAIRMATS,REGULAR AIR
236.89,0.04,227.4144,36,-86.3,6.22,307.4944,CRITICAL,OFFICE SUPPLIES,PAPER,REGULAR AIR
68.42,0.05,64.999,33,-57.97,2.56,120.40899999999999,CRITICAL,OFFICE SUPPLIES,"SCISSORS, RULERS AND TRIMMERS",REGULAR AIR
4408.6695,0.05,4188.236025,35,1140.67,3.9,3043.6660250000004,HIGH,TECHNOLOGY,TELEPHONES AND COMMUNICATION,REGULAR AIR
146.68,0.08,134.9456,29,-8.33,2.99,140.28560000000002,MEDIUM,OFFICE SUPPLIES,BINDERS AND BINDER ACCESSORIES,REGULAR AIR
577.89,0.06,543.2166,29,-53.89,11.17,585.9366,MEDIUM,FURNITURE,OFFICE FURNISHINGS,REGULAR AIR
733.36,0.02,718.6928,7,-270.48,19.99,969.1828,MEDIUM,TECHNOLOGY,COMPUTER PERIPHERALS,REGULAR AIR
139.86,0.07,130.06980000000001,48,9.59,1.01,119.46980000000002,LOW,OFFICE SUPPLIES,PENS & ART SUPPLIES,REGULAR AIR
198.1,0.09,180.271,36,-66.93,4.96,242.24099999999999,CRITICAL,OFFICE SUPPLIES,PAPER,REGULAR AIR
91.43,0.0,91.43,7,-42.98,8.99,125.42000000000002,HIGH,OFFICE SUPPLIES,PENS & ART SUPPLIES,REGULAR AIR
1101.76,0.07,1024.6368,50,-204.22,13.99,1214.8668,NOT SPECIFIED,OFFICE SUPPLIES,APPLIANCES,REGULAR AIR
654.874,0.1,589.3866,12,-82.06,3.99,667.4566,HIGH,TECHNOLOGY,TELEPHONES AND COMMUNICATION,EXPRESS AIR
570.14,0.03,553.0358,36,-90.72,8.78,634.9758,NOT SPECIFIED,OFFICE SUPPLIES,STORAGE & ORGANIZATION,REGULAR AIR
825.63,0.03,800.8611,42,379.74,1.49,419.63109999999995,NOT SPECIFIED,OFFICE SUPPLIES,BINDERS AND BINDER ACCESSORIES,REGULAR AIR
180.39,0.04,173.1744,15,-8.11,6.97,174.31439999999998,LOW,OFFICE SUPPLIES,ENVELOPES,REGULAR AIR
926.585,0.1,833.9265,6,-655.42,3.99,1485.3564999999999,LOW,TECHNOLOGY,TELEPHONES AND COMMUNICATION,REGULAR AIR
102.04,0.05,96.938,14,-47.67,7.37,137.238,MEDIUM,OFFICE SUPPLIES,PAPER,EXPRESS AIR
1617.88,0.0,1617.88,29,271.9,5.5,1340.48,MEDIUM,TECHNOLOGY,COMPUTER PERIPHERALS,REGULAR AIR
3969.43,0.1,3572.487,31,-796.51,36.09,4332.907,HIGH,FURNITURE,BOOKCASES,DELIVERY TRUCK
2882.707,0.02,2825.05286,16,303.23,5.0,2516.8228599999998,HIGH,TECHNOLOGY,TELEPHONES AND COMMUNICATION,REGULAR AIR
356.28,0.07,331.3404,41,65.76,2.99,262.5904,LOW,OFFICE SUPPLIES,BINDERS AND BINDER ACCESSORIES,EXPRESS AIR
3231.564,0.03,3134.61708,43,1166.09,0.99,1967.5370800000003,MEDIUM,TECHNOLOGY,TELEPHONES AND COMMUNICATION,REGULAR AIR
6230.68,0.09,5669.9188,38,835.46,29.1,4805.3588,CRITICAL,FURNITURE,TABLES,DELIVERY TRUCK
905.08,0.09,823.6228000000001,22,127.7,6.22,689.7028,HIGH,OFFICE SUPPLIES,STORAGE & ORGANIZATION,REGULAR AIR
368.04,0.07,342.2772,19,70.39,5.97,265.9172,CRITICAL,OFFICE SUPPLIES,PAPER,EXPRESS AIR
27.34,0.06,25.6996,4,-12.38,4.96,33.1196,LOW,OFFICE SUPPLIES,PAPER,REGULAR AIR
1323.31,0.05,1257.1444999999999,38,146.64,14.72,1095.7844999999998,LOW,OFFICE SUPPLIES,ENVELOPES,REGULAR AIR
3439.39,0.05,3267.4204999999997,35,1057.62,7.18,2202.6205,LOW,TECHNOLOGY,COMPUTER PERIPHERALS,EXPRESS AIR
10.48,0.02,10.2704,2,-5.65,0.71,15.210400000000002,LOW,OFFICE SUPPLIES,PENS & ART SUPPLIES,REGULAR AIR
109.52,0.09,99.66319999999999,22,-73.35,5.83,167.1832,HIGH,OFFICE SUPPLIES,BINDERS AND BINDER ACCESSORIES,EXPRESS AIR
210.94,0.08,194.0648,32,-94.59,6.81,281.84479999999996,LOW,OFFICE SUPPLIES,PAPER,REGULAR AIR
2650.77,0.08,2438.7084,39,-824.43,37.58,3225.5584,LOW,FURNITURE,OFFICE FURNISHINGS,REGULAR AIR
1134.2,0.08,1043.464,19,-351.51,36.61,1358.364,CRITICAL,FURNITURE,BOOKCASES,DELIVERY TRUCK
1900.47,0.0,1900.47,22,202.73,30.06,1667.68,HIGH,TECHNOLOGY,OFFICE MACHINES,DELIVERY TRUCK
683.68,0.0,683.68,23,-95.54,8.99,770.2299999999999,LOW,TECHNOLOGY,COMPUTER PERIPHERALS,REGULAR AIR
205.52,0.09,187.0232,33,-118.55,7.03,298.5432,HIGH,OFFICE SUPPLIES,PAPER,REGULAR AIR
4042.96,0.05,3840.812,45,-699.72,42.0,4498.532,CRITICAL,FURNITURE,CHAIRS & CHAIRMATS,DELIVERY TRUCK
1262.75,0.07,1174.3575,28,422.23,5.1,747.0275000000001,HIGH,OFFICE SUPPLIES,APPLIANCES,REGULAR AIR
243.37,0.01,240.93630000000002,41,-106.42,5.59,341.7663,LOW,OFFICE SUPPLIES,BINDERS AND BINDER ACCESSORIES,REGULAR AIR
730.33,0.1,657.297,14,110.77,10.17,536.3570000000001,MEDIUM,TECHNOLOGY,OFFICE MACHINES,EXPRESS AIR
54.79,0.05,52.0505,9,-6.82,2.27,56.6005,LOW,OFFICE SUPPLIES,PENS & ART SUPPLIES,REGULAR AIR
7319.85,0.03,7100.2545,49,611.43,4.0,6484.8245,LOW,TECHNOLOGY,COMPUTER PERIPHERALS,REGULAR AIR
707.44,0.01,700.3656000000001,28,-50.27,8.79,741.8456000000001,LOW,OFFICE SUPPLIES,STORAGE & ORGANIZATION,EXPRESS AIR
1146.41,0.0,1146.41,15,-88.61,14.52,1220.5,NOT SPECIFIED,TECHNOLOGY,COMPUTER PERIPHERALS,REGULAR AIR
100.41,0.04,96.39359999999999,26,-69.91,4.17,162.1336,LOW,OFFICE SUPPLIES,PENS & ART SUPPLIES,REGULAR AIR
80.29,0.03,77.88130000000001,4,-6.57,5.21,79.24130000000002,CRITICAL,OFFICE SUPPLIES,PAPER,REGULAR AIR
2628.9225,0.03,2550.054825,36,832.19,0.99,1716.8748250000003,CRITICAL,TECHNOLOGY,TELEPHONES AND COMMUNICATION,REGULAR AIR
139.0,0.05,132.05,16,-96.33,9.23,219.15,CRITICAL,OFFICE SUPPLIES,APPLIANCES,EXPRESS AIR
430.13,0.02,421.5274,28,2.33,6.75,412.4474,MEDIUM,OFFICE SUPPLIES,APPLIANCES,REGULAR AIR
4917.69,0.02,4819.3362,42,126.31,30.0,4663.026199999999,LOW,FURNITURE,CHAIRS & CHAIRMATS,DELIVERY TRUCK
416.8,0.01,412.632,32,223.38,0.5,188.752,LOW,OFFICE SUPPLIES,LABELS,REGULAR AIR
2101.59,0.01,2080.5741000000003,16,554.91,24.49,1501.1741000000006,CRITICAL,OFFICE SUPPLIES,APPLIANCES,EXPRESS AIR
251.51,0.06,236.4194,32,-9.78,3.68,242.5194,CRITICAL,FURNITURE,OFFICE FURNISHINGS,REGULAR AIR
3.2,0.09,2.9120000000000004,1,-3.16,1.49,4.582000000000001,CRITICAL,OFFICE SUPPLIES,BINDERS AND BINDER ACCESSORIES,REGULAR AIR
424.13,0.06,398.6822,21,57.17,3.99,337.5222,MEDIUM,OFFICE SUPPLIES,APPLIANCES,REGULAR AIR
8101.9875,0.05,7696.888125,48,2369.84,4.2,5322.848125,LOW,TECHNOLOGY,TELEPHONES AND COMMUNICATION,REGULAR AIR
69.4,0.09,63.154,7,12.02,1.09,50.044,MEDIUM,OFFICE SUPPLIES,PENS & ART SUPPLIES,REGULAR AIR
1637.78,0.08,1506.7576,38,461.65,4.62,1040.4876,CRITICAL,OFFICE SUPPLIES,APPLIANCES,EXPRESS AIR
193.84,0.07,180.2712,23,-117.1,8.94,288.4312,CRITICAL,OFFICE SUPPLIES,BINDERS AND BINDER ACCESSORIES,EXPRESS AIR
1463.105,0.06,1375.3187,48,446.99,1.25,927.0787,MEDIUM,TECHNOLOGY,TELEPHONES AND COMMUNICATION,REGULAR AIR
1085.4,0.02,1063.692,42,262.32,5.37,796.0020000000002,MEDIUM,OFFICE SUPPLIES,APPLIANCES,REGULAR AIR
123.67,0.03,119.9599,19,-34.17,5.22,148.9099,MEDIUM,FURNITURE,OFFICE FURNISHINGS,REGULAR AIR
355.55,0.03,344.8835,46,-166.74,7.98,503.6435,CRITICAL,FURNITURE,OFFICE FURNISHINGS,REGULAR AIR
44.99,0.06,42.290600000000005,8,-40.43,7.54,75.1806,LOW,OFFICE SUPPLIES,PAPER,REGULAR AIR
166.17,0.01,164.5083,32,-22.74,3.63,183.6183,NOT SPECIFIED,FURNITURE,OFFICE FURNISHINGS,REGULAR AIR
1313.811,0.07,1221.84423,8,-457.16,8.99,1670.01423,LOW,TECHNOLOGY,TELEPHONES AND COMMUNICATION,REGULAR AIR
1286.87,0.05,1222.5265,48,384.38,6.93,831.2164999999999,HIGH,FURNITURE,OFFICE FURNISHINGS,REGULAR AIR
202.11,0.08,185.9412,40,-17.49,3.39,200.04120000000003,NOT SPECIFIED,OFFICE SUPPLIES,RUBBER BANDS,REGULAR AIR
630.99,0.07,586.8207,49,-114.64,9.44,692.0206999999999,NOT SPECIFIED,TECHNOLOGY,OFFICE MACHINES,REGULAR AIR
103.5,0.06,97.29,23,-73.07,5.41,164.95,MEDIUM,OFFICE SUPPLIES,BINDERS AND BINDER ACCESSORIES,REGULAR AIR
135.77,0.05,128.9815,10,0.53,3.14,125.31150000000001,MEDIUM,OFFICE SUPPLIES,"SCISSORS, RULERS AND TRIMMERS",EXPRESS AIR
447.25,0.08,411.47,35,-15.92,4.51,422.88000000000005,MEDIUM,OFFICE SUPPLIES,STORAGE & ORGANIZATION,REGULAR AIR
1387.29,0.03,1345.6713,25,405.64,14.3,925.7313,MEDIUM,OFFICE SUPPLIES,PAPER,EXPRESS AIR
167.66,0.01,165.9834,23,-15.48,4.91,176.55339999999998,NOT SPECIFIED,OFFICE SUPPLIES,PAPER,REGULAR AIR
321.5,0.03,311.855,29,20.31,3.37,288.175,CRITICAL,OFFICE SUPPLIES,"SCISSORS, RULERS AND TRIMMERS",REGULAR AIR
1350.34,0.1,1215.306,28,-517.17,19.99,1712.4859999999999,MEDIUM,OFFICE SUPPLIES,STORAGE & ORGANIZATION,EXPRESS AIR
827.83,0.09,753.3253000000001,38,-57.73,8.99,802.0653000000001,LOW,OFFICE SUPPLIES,PENS & ART SUPPLIES,REGULAR AIR
101.14,0.0,101.14,16,-32.62,5.46,128.3,HIGH,OFFICE SUPPLIES,PAPER,REGULAR AIR
139.08,0.1,125.17200000000001,30,-120.04,4.62,240.592,MEDIUM,TECHNOLOGY,COMPUTER PERIPHERALS,REGULAR AIR
75.28,0.0,75.28,9,-17.22,5.83,86.67,MEDIUM,OFFICE SUPPLIES,PAPER,REGULAR AIR
517.98,0.05,492.081,17,-85.32,19.99,557.4110000000001,HIGH,OFFICE SUPPLIES,LABELS,REGULAR AIR
4680.89,0.07,4353.2277,45,693.01,10.12,3650.0977000000003,NOT SPECIFIED,FURNITURE,OFFICE FURNISHINGS,REGULAR AIR
2414.9945,0.01,2390.8445549999997,42,624.71,4.99,1761.1445549999999,NOT SPECIFIED,TECHNOLOGY,TELEPHONES AND COMMUNICATION,EXPRESS AIR
917.25,0.01,908.0775,41,-103.75,6.5,1005.3275,MEDIUM,TECHNOLOGY,COMPUTER PERIPHERALS,REGULAR AIR
760.801,0.1,684.7209,46,348.59,0.99,335.14090000000004,MEDIUM,TECHNOLOGY,TELEPHONES AND COMMUNICATION,REGULAR AIR
849.51,0.05,807.0345,12,163.1,3.5,640.4345,CRITICAL,OFFICE SUPPLIES,APPLIANCES,REGULAR AIR
189.49,0.09,172.4359,38,-13.71,2.99,183.1559,CRITICAL,OFFICE SUPPLIES,BINDERS AND BINDER ACCESSORIES,REGULAR AIR
714.46,0.07,664.4478,47,-268.65,8.99,924.1078,MEDIUM,TECHNOLOGY,COMPUTER PERIPHERALS,REGULAR AIR
434.73,0.03,421.6881,39,-12.2,6.12,427.7681,LOW,OFFICE SUPPLIES,APPLIANCES,REGULAR AIR
81.56,0.08,75.0352,8,-7.23,1.99,80.27520000000001,HIGH,TECHNOLOGY,COMPUTER PERIPHERALS,REGULAR AIR
2088.5,0.08,1921.42,41,675.07,10.17,1236.1799999999998,HIGH,TECHNOLOGY,OFFICE MACHINES,REGULAR AIR
2126.72,0.05,2020.3839999999998,34,150.04,6.88,1863.4639999999997,HIGH,OFFICE SUPPLIES,STORAGE & ORGANIZATION,REGULAR AIR
3753.72,0.05,3566.0339999999997,26,-556.25,52.42,4069.8639999999996,HIGH,FURNITURE,TABLES,DELIVERY TRUCK
26.09,0.08,24.0028,9,-1.76,0.93,24.832800000000002,CRITICAL,OFFICE SUPPLIES,PENS & ART SUPPLIES,REGULAR AIR
587.71,0.09,534.8161,49,26.28,3.14,505.39610000000005,CRITICAL,OFFICE SUPPLIES,"SCISSORS, RULERS AND TRIMMERS",REGULAR AIR
1406.49,0.02,1378.3602,47,332.52,6.17,1039.6702,CRITICAL,OFFICE SUPPLIES,PENS & ART SUPPLIES,REGULAR AIR
650.1395,0.0,650.1395,34,22.57,1.25,626.3195,HIGH,TECHNOLOGY,TELEPHONES AND COMMUNICATION,REGULAR AIR
1531.411,0.03,1485.46867,20,365.42,0.99,1119.05867,MEDIUM,TECHNOLOGY,TELEPHONES AND COMMUNICATION,REGULAR AIR
572.74,0.0,572.74,38,53.31,7.17,512.26,LOW,OFFICE SUPPLIES,BINDERS AND BINDER ACCESSORIES,REGULAR AIR
446.06,0.01,441.5994,46,161.32,2.15,278.12940000000003,MEDIUM,OFFICE SUPPLIES,PAPER,REGULAR AIR
744.0,0.04,714.24,37,215.8,1.99,496.45,CRITICAL,TECHNOLOGY,COMPUTER PERIPHERALS,REGULAR AIR
388.8665,0.01,384.97783499999997,12,103.05,0.99,280.93783499999995,CRITICAL,TECHNOLOGY,TELEPHONES AND COMMUNICATION,REGULAR AIR
3645.45,0.04,3499.6319999999996,30,-765.5,56.7,4208.432,NOT SPECIFIED,FURNITURE,BOOKCASES,DELIVERY TRUCK
515.22,0.03,499.76340000000005,5,-152.54,19.99,632.3134,NOT SPECIFIED,OFFICE SUPPLIES,STORAGE & ORGANIZATION,REGULAR AIR
279.43,0.0,279.43,32,48.47,1.99,228.97,NOT SPECIFIED,TECHNOLOGY,COMPUTER PERIPHERALS,REGULAR AIR
1078.98,0.02,1057.4004,47,-1637.52,45.0,2649.9204,HIGH,OFFICE SUPPLIES,STORAGE & ORGANIZATION,DELIVERY TRUCK
211.42,0.0,211.42,20,-113.52,9.45,315.49,NOT SPECIFIED,OFFICE SUPPLIES,STORAGE & ORGANIZATION,REGULAR AIR
113.43,0.02,111.1614,43,24.27,1.02,85.87140000000001,NOT SPECIFIED,OFFICE SUPPLIES,RUBBER BANDS,REGULAR AIR
390.46,0.02,382.6508,50,-171.17,7.72,546.1007999999999,NOT SPECIFIED,OFFICE SUPPLIES,BINDERS AND BINDER ACCESSORIES,REGULAR AIR
221.4675,0.0,221.4675,3,-302.23,3.3,520.3975,HIGH,TECHNOLOGY,TELEPHONES AND COMMUNICATION,REGULAR AIR
772.42,0.02,756.9716,49,299.33,1.99,455.6516,HIGH,TECHNOLOGY,COMPUTER PERIPHERALS,REGULAR AIR
57.24,0.04,54.9504,40,-14.1,0.7,68.3504,LOW,OFFICE SUPPLIES,RUBBER BANDS,EXPRESS AIR
211.86,0.01,209.74140000000003,34,-239.32,9.92,439.14140000000003,NOT SPECIFIED,OFFICE SUPPLIES,BINDERS AND BINDER ACCESSORIES,REGULAR AIR
355.03,0.0,355.03,50,-33.31,5.11,383.22999999999996,NOT SPECIFIED,OFFICE SUPPLIES,PAPER,REGULAR AIR
260.13,0.0,260.13,36,-133.98,8.19,385.91999999999996,LOW,OFFICE SUPPLIES,PAPER,REGULAR AIR
741.57,0.1,667.413,49,352.41,1.39,313.613,CRITICAL,OFFICE SUPPLIES,ENVELOPES,REGULAR AIR
10.39,0.1,9.351,6,-3.24,0.7,11.891000000000002,CRITICAL,OFFICE SUPPLIES,PENS & ART SUPPLIES,REGULAR AIR
324.97,0.07,302.2221,24,113.98,4.95,183.2921,LOW,FURNITURE,OFFICE FURNISHINGS,REGULAR AIR
451.52,0.01,447.0048,27,-70.52,11.28,506.2448,LOW,TECHNOLOGY,OFFICE MACHINES,REGULAR AIR
2753.07,0.07,2560.3551,42,551.34,19.99,1989.0251000000003,LOW,OFFICE SUPPLIES,BINDERS AND BINDER ACCESSORIES,REGULAR AIR
938.37,0.02,919.6026,43,251.17,2.87,665.5626000000001,LOW,OFFICE SUPPLIES,PENS & ART SUPPLIES,REGULAR AIR
247.21,0.02,242.2658,46,-63.72,4.75,301.23580000000004,LOW,OFFICE SUPPLIES,PAPER,REGULAR AIR
737.25,0.08,678.27,46,-199.13,13.18,864.22,HIGH,OFFICE SUPPLIES,BINDERS AND BINDER ACCESSORIES,REGULAR AIR
692.15,0.09,629.8565,37,150.38,5.97,473.50649999999996,HIGH,OFFICE SUPPLIES,PAPER,REGULAR AIR
143.85,0.1,129.465,31,34.14,0.71,94.615,HIGH,OFFICE SUPPLIES,PENS & ART SUPPLIES,REGULAR AIR
112.6,0.1,101.33999999999999,41,0.49,1.01,99.83999999999999,LOW,OFFICE SUPPLIES,PENS & ART SUPPLIES,REGULAR AIR
541.47,0.05,514.3965000000001,49,90.62,4.8,418.97650000000004,NOT SPECIFIED,OFFICE SUPPLIES,ENVELOPES,REGULAR AIR
93.73,0.03,90.91810000000001,6,51.14,5.3,34.47810000000001,NOT SPECIFIED,FURNITURE,OFFICE FURNISHINGS,REGULAR AIR
597.44,0.09,543.6704000000001,16,108.3,4.5,430.8704000000001,LOW,OFFICE SUPPLIES,APPLIANCES,REGULAR AIR
132.23,0.07,122.97389999999999,26,22.25,2.03,98.69389999999999,LOW,FURNITURE,OFFICE FURNISHINGS,REGULAR AIR
5138.335,0.02,5035.5683,48,1422.2,8.08,3605.2883,LOW,TECHNOLOGY,TELEPHONES AND COMMUNICATION,REGULAR AIR
2403.137,0.0,2403.137,22,377.62,8.99,2016.5270000000005,LOW,TECHNOLOGY,TELEPHONES AND COMMUNICATION,REGULAR AIR
223.499,0.06,210.08906,34,-122.13,5.03,327.18906,LOW,TECHNOLOGY,TELEPHONES AND COMMUNICATION,REGULAR AIR
152.6,0.1,137.34,24,-86.62,7.03,216.93,CRITICAL,OFFICE SUPPLIES,PAPER,REGULAR AIR
1541.781,0.07,1433.8563299999998,27,14.35,13.99,1405.51633,LOW,TECHNOLOGY,TELEPHONES AND COMMUNICATION,REGULAR AIR
108.15,0.09,98.41650000000001,41,7.57,0.7,90.1465,LOW,OFFICE SUPPLIES,PENS & ART SUPPLIES,REGULAR AIR
857.11,0.07,797.1123,29,285.2,1.99,509.9223,NOT SPECIFIED,TECHNOLOGY,COMPUTER PERIPHERALS,REGULAR AIR
69.6,0.0,69.6,11,6.46,2.5,60.63999999999999,NOT SPECIFIED,OFFICE SUPPLIES,ENVELOPES,REGULAR AIR
1279.505,0.1,1151.5545000000002,43,384.2,1.1,766.2545000000002,NOT SPECIFIED,TECHNOLOGY,TELEPHONES AND COMMUNICATION,EXPRESS AIR
191.14,0.06,179.67159999999998,38,82.65,0.8,96.22159999999997,CRITICAL,OFFICE SUPPLIES,PAPER,REGULAR AIR
216.95,0.08,199.594,27,-88.82,7.96,280.45399999999995,NOT SPECIFIED,FURNITURE,OFFICE FURNISHINGS,REGULAR AIR
88.38,0.06,83.07719999999999,13,-64.95,8.4,139.6272,HIGH,OFFICE SUPPLIES,PAPER,REGULAR AIR
182.86,0.0,182.86,35,-106.27,5.72,283.41,CRITICAL,FURNITURE,OFFICE FURNISHINGS,REGULAR AIR
137.84,0.06,129.5696,19,34.31,1.71,93.54960000000001,CRITICAL,OFFICE SUPPLIES,PAPER,REGULAR AIR
440.6,0.07,409.75800000000004,12,2.97,1.99,404.798,CRITICAL,TECHNOLOGY,COMPUTER PERIPHERALS,REGULAR AIR
19.0,0.01,18.81,2,-10.73,5.27,24.27,LOW,OFFICE SUPPLIES,BINDERS AND BINDER ACCESSORIES,REGULAR AIR
109.9,0.09,100.009,37,48.52,0.5,50.989,CRITICAL,OFFICE SUPPLIES,LABELS,EXPRESS AIR
315.29,0.0,315.29,13,-361.82,35.0,642.11,CRITICAL,OFFICE SUPPLIES,STORAGE & ORGANIZATION,REGULAR AIR
320.42,0.03,310.80740000000003,41,-66.37,6.16,371.0174,CRITICAL,OFFICE SUPPLIES,BINDERS AND BINDER ACCESSORIES,EXPRESS AIR
266.64,0.07,247.97519999999997,35,-36.76,4.95,279.7852,CRITICAL,FURNITURE,OFFICE FURNISHINGS,REGULAR AIR
306.77,0.03,297.5669,47,-102.06,5.22,394.40689999999995,HIGH,FURNITURE,OFFICE FURNISHINGS,REGULAR AIR
1529.3115,0.1,1376.38035,10,-491.26,8.99,1858.65035,NOT SPECIFIED,TECHNOLOGY,TELEPHONES AND COMMUNICATION,REGULAR AIR
381.79,0.08,351.2468,28,73.73,5.0,272.5168,NOT SPECIFIED,FURNITURE,OFFICE FURNISHINGS,REGULAR AIR
260.77,0.01,258.16229999999996,31,-8.75,4.82,262.09229999999997,HIGH,OFFICE SUPPLIES,PAPER,REGULAR AIR
2445.212,0.02,2396.30776,18,275.77,8.99,2111.5477600000004,HIGH,TECHNOLOGY,TELEPHONES AND COMMUNICATION,EXPRESS AIR
1032.0275,0.07,959.7855749999999,14,97.4,0.99,861.3955749999999,HIGH,TECHNOLOGY,TELEPHONES AND COMMUNICATION,EXPRESS AIR
1384.34,0.1,1245.906,40,562.31,2.99,680.606,HIGH,OFFICE SUPPLIES,BINDERS AND BINDER ACCESSORIES,REGULAR AIR
362.76,0.09,330.1116,26,19.36,6.46,304.2916,NOT SPECIFIED,OFFICE SUPPLIES,BINDERS AND BINDER ACCESSORIES,REGULAR AIR
28.39,0.05,26.9705,6,3.84,0.49,22.640500000000003,NOT SPECIFIED,OFFICE SUPPLIES,LABELS,REGULAR AIR
6277.75,0.1,5649.975,50,-592.43,30.0,6212.405000000001,CRITICAL,FURNITURE,CHAIRS & CHAIRMATS,DELIVERY TRUCK
360.24,0.08,331.4208,19,-53.82,4.0,381.2408,LOW,TECHNOLOGY,COMPUTER PERIPHERALS,REGULAR AIR
1024.165,0.02,1003.6817,10,-105.7,5.99,1103.3917,HIGH,TECHNOLOGY,TELEPHONES AND COMMUNICATION,REGULAR AIR
18.91,0.0,18.91,3,-16.35,7.01,28.25,HIGH,OFFICE SUPPLIES,BINDERS AND BINDER ACCESSORIES,REGULAR AIR
201.72,0.05,191.634,17,-81.61,11.25,261.99399999999997,LOW,OFFICE SUPPLIES,PAPER,REGULAR AIR
56.41,0.02,55.2818,18,11.92,0.99,42.37179999999999,CRITICAL,OFFICE SUPPLIES,LABELS,REGULAR AIR
1678.34,0.05,1594.423,39,670.11,1.99,922.323,CRITICAL,TECHNOLOGY,COMPUTER PERIPHERALS,REGULAR AIR
147.71,0.0,147.71,39,-30.25,1.32,176.64000000000001,CRITICAL,OFFICE SUPPLIES,"SCISSORS, RULERS AND TRIMMERS",REGULAR AIR
139.61,0.01,138.21390000000002,26,-92.04,4.93,225.32390000000004,MEDIUM,TECHNOLOGY,COMPUTER PERIPHERALS,REGULAR AIR
42.22,0.04,40.5312,20,-7.73,1.49,46.77119999999999,LOW,OFFICE SUPPLIES,BINDERS AND BINDER ACCESSORIES,REGULAR AIR
2174.419,0.05,2065.69805,48,-211.7,5.0,2272.39805,LOW,TECHNOLOGY,TELEPHONES AND COMMUNICATION,REGULAR AIR
65.91,0.01,65.2509,23,0.76,1.34,63.1509,MEDIUM,OFFICE SUPPLIES,PENS & ART SUPPLIES,REGULAR AIR
72.72,0.06,68.35679999999999,4,-36.61,10.68,94.2868,MEDIUM,OFFICE SUPPLIES,STORAGE & ORGANIZATION,REGULAR AIR
138.95,0.04,133.392,14,9.63,4.39,119.37200000000001,MEDIUM,OFFICE SUPPLIES,PAPER,REGULAR AIR
5678.5525,0.01,5621.766975,42,1727.78,8.99,3884.996975,MEDIUM,TECHNOLOGY,TELEPHONES AND COMMUNICATION,REGULAR AIR
4475.0,0.02,4385.5,45,-1523.77,74.35,5834.92,MEDIUM,FURNITURE,CHAIRS & CHAIRMATS,DELIVERY TRUCK
168.2,0.08,154.744,29,-64.53,5.46,213.814,MEDIUM,OFFICE SUPPLIES,PAPER,REGULAR AIR
609.97,0.0,609.97,15,62.93,1.99,545.0500000000001,CRITICAL,TECHNOLOGY,COMPUTER PERIPHERALS,REGULAR AIR
264.78,0.02,259.4844,29,53.05,2.99,203.44439999999997,HIGH,OFFICE SUPPLIES,BINDERS AND BINDER ACCESSORIES,REGULAR AIR
825.8,0.1,743.2199999999999,40,183.48,2.87,556.8699999999999,LOW,OFFICE SUPPLIES,PENS & ART SUPPLIES,REGULAR AIR
4273.95,0.05,4060.2524999999996,49,1340.07,19.99,2700.1925,LOW,OFFICE SUPPLIES,ENVELOPES,REGULAR AIR
5264.48,0.03,5106.5455999999995,40,-284.06,30.0,5360.6056,CRITICAL,FURNITURE,CHAIRS & CHAIRMATS,DELIVERY TRUCK
1873.349,0.02,1835.88202,17,194.21,8.08,1633.59202,MEDIUM,TECHNOLOGY,TELEPHONES AND COMMUNICATION,REGULAR AIR
921.3,0.09,838.3829999999999,32,353.16,4.86,480.3629999999999,MEDIUM,OFFICE SUPPLIES,PAPER,REGULAR AIR
512.33,0.01,507.20670000000007,50,250.66,0.99,255.55670000000006,NOT SPECIFIED,OFFICE SUPPLIES,LABELS,REGULAR AIR
1267.4605,0.05,1204.0874749999998,23,128.79,5.99,1069.3074749999998,CRITICAL,TECHNOLOGY,TELEPHONES AND COMMUNICATION,REGULAR AIR
337.38,0.04,323.8848,29,-5.45,6.97,322.36479999999995,MEDIUM,OFFICE SUPPLIES,ENVELOPES,EXPRESS AIR
245.96,0.03,238.5812,22,-33.82,5.03,267.3712,NOT SPECIFIED,OFFICE SUPPLIES,STORAGE & ORGANIZATION,REGULAR AIR
178.7,0.07,166.19099999999997,45,-164.92,5.13,325.981,NOT SPECIFIED,OFFICE SUPPLIES,APPLIANCES,REGULAR AIR
2437.67,0.08,2242.6564,50,25.68,22.24,2194.7364000000002,LOW,FURNITURE,OFFICE FURNISHINGS,REGULAR AIR
4648.52,0.1,4183.668000000001,50,1676.7,14.0,2492.9680000000008,HIGH,TECHNOLOGY,OFFICE MACHINES,DELIVERY TRUCK
3537.84,0.0,3537.84,33,-80.86,42.0,3576.7000000000003,CRITICAL,FURNITURE,CHAIRS & CHAIRMATS,DELIVERY TRUCK
2221.2,0.01,2198.988,43,-1127.22,35.0,3291.2079999999996,CRITICAL,OFFICE SUPPLIES,STORAGE & ORGANIZATION,REGULAR AIR
125.33,0.06,117.8102,37,58.5,0.5,58.810199999999995,HIGH,OFFICE SUPPLIES,LABELS,EXPRESS AIR
1219.2485,0.01,1207.056015,46,132.79,8.59,1065.676015,HIGH,TECHNOLOGY,TELEPHONES AND COMMUNICATION,REGULAR AIR
148.12,0.08,136.2704,26,-51.62,5.3,182.5904,HIGH,OFFICE SUPPLIES,ENVELOPES,REGULAR AIR
634.38,0.09,577.2858,43,272.4,1.39,303.49580000000003,CRITICAL,OFFICE SUPPLIES,ENVELOPES,REGULAR AIR
1014.87,0.04,974.2752,34,319.52,1.99,652.7652,HIGH,TECHNOLOGY,COMPUTER PERIPHERALS,EXPRESS AIR
50.47,0.08,46.4324,7,-31.7,7.49,70.6424,CRITICAL,OFFICE SUPPLIES,PAPER,REGULAR AIR
4046.25,0.09,3682.0875,48,-1296.93,60.0,4919.0175,LOW,FURNITURE,TABLES,DELIVERY TRUCK
21.07,0.0,21.07,2,-10.43,2.99,28.509999999999998,HIGH,OFFICE SUPPLIES,BINDERS AND BINDER ACCESSORIES,REGULAR AIR
430.41,0.08,395.97720000000004,20,-1.55,7.58,389.94720000000007,CRITICAL,FURNITURE,OFFICE FURNISHINGS,REGULAR AIR
3849.8,0.04,3695.808,14,192.2,35.67,3467.938,HIGH,FURNITURE,TABLES,DELIVERY TRUCK
235.15,0.03,228.09550000000002,38,12.7,2.27,213.12550000000002,HIGH,OFFICE SUPPLIES,PENS & ART SUPPLIES,REGULAR AIR
4203.88,0.1,3783.492,29,-865.88,66.27,4583.102,LOW,FURNITURE,BOOKCASES,DELIVERY TRUCK
221.05,0.02,216.62900000000002,30,-66.38,6.05,276.959,NOT SPECIFIED,OFFICE SUPPLIES,BINDERS AND BINDER ACCESSORIES,REGULAR AIR
173.78,0.06,163.35320000000002,26,-96.26,7.49,252.1232,MEDIUM,OFFICE SUPPLIES,PAPER,REGULAR AIR
35.51,0.02,34.7998,18,-13.95,1.57,47.1798,CRITICAL,OFFICE SUPPLIES,PENS & ART SUPPLIES,EXPRESS AIR
41.18,0.07,38.297399999999996,22,-0.64,0.79,38.1474,MEDIUM,OFFICE SUPPLIES,RUBBER BANDS,REGULAR AIR
744.64,0.0,744.64,47,31.93,5.41,707.3000000000001,LOW,OFFICE SUPPLIES,STORAGE & ORGANIZATION,REGULAR AIR
18.97,0.05,18.0215,3,-7.79,2.99,22.8215,LOW,OFFICE SUPPLIES,BINDERS AND BINDER ACCESSORIES,REGULAR AIR
128.12,0.08,117.8704,35,-135.6,5.44,248.0304,CRITICAL,OFFICE SUPPLIES,BINDERS AND BINDER ACCESSORIES,REGULAR AIR
214.23,0.01,212.08769999999998,41,-165.42,7.1,370.4077,CRITICAL,FURNITURE,OFFICE FURNISHINGS,REGULAR AIR
165.62,0.03,160.6514,25,-64.72,5.22,220.1514,CRITICAL,FURNITURE,OFFICE FURNISHINGS,REGULAR AIR
214.19,0.05,203.4805,41,-66.06,4.7,264.8405,CRITICAL,OFFICE SUPPLIES,PAPER,REGULAR AIR
2484.7455,0.1,2236.27095,46,657.48,4.2,1574.5909500000002,CRITICAL,TECHNOLOGY,TELEPHONES AND COMMUNICATION,REGULAR AIR
20.19,0.04,19.3824,6,-13.44,1.92,30.9024,MEDIUM,OFFICE SUPPLIES,"SCISSORS, RULERS AND TRIMMERS",REGULAR AIR
329.03,0.1,296.12699999999995,49,-197.25,7.98,485.39699999999993,MEDIUM,FURNITURE,OFFICE FURNISHINGS,REGULAR AIR
7666.04,0.02,7512.7192,50,-1820.84,80.2,9253.359199999999,LOW,FURNITURE,TABLES,DELIVERY TRUCK
126.57,0.03,122.77289999999999,17,-752.13,49.0,825.9029,CRITICAL,OFFICE SUPPLIES,APPLIANCES,REGULAR AIR
1406.15,0.04,1349.904,19,-379.1,46.74,1682.2640000000001,MEDIUM,FURNITURE,BOOKCASES,DELIVERY TRUCK
1105.66,0.02,1083.5468,39,-136.2,13.99,1205.7568,CRITICAL,OFFICE SUPPLIES,STORAGE & ORGANIZATION,REGULAR AIR
1187.55,0.0,1187.55,30,532.61,2.99,651.9499999999999,MEDIUM,OFFICE SUPPLIES,BINDERS AND BINDER ACCESSORIES,REGULAR AIR
827.27,0.05,785.9064999999999,40,-170.87,6.5,950.2764999999999,LOW,TECHNOLOGY,COMPUTER PERIPHERALS,REGULAR AIR
59.99,0.1,53.991,7,-13.78,4.82,62.951,CRITICAL,OFFICE SUPPLIES,PAPER,REGULAR AIR
17.06,0.09,15.5246,2,-5.2,5.29,15.4346,CRITICAL,FURNITURE,OFFICE FURNISHINGS,REGULAR AIR
91.15,0.03,88.41550000000001,21,-71.54,5.34,154.6155,MEDIUM,OFFICE SUPPLIES,BINDERS AND BINDER ACCESSORIES,REGULAR AIR
171.48,0.1,154.332,46,66.13,0.5,87.702,MEDIUM,OFFICE SUPPLIES,LABELS,REGULAR AIR
162.1545,0.08,149.18214,9,-73.74,4.81,218.11214,MEDIUM,TECHNOLOGY,TELEPHONES AND COMMUNICATION,REGULAR AIR
54.43,0.08,50.0756,8,-31.63,6.74,74.9656,MEDIUM,OFFICE SUPPLIES,PAPER,REGULAR AIR
124.94,0.1,112.446,47,-2.4,1.34,113.506,MEDIUM,OFFICE SUPPLIES,PENS & ART SUPPLIES,EXPRESS AIR
78.46,0.05,74.53699999999999,30,18.57,0.8,55.166999999999994,MEDIUM,OFFICE SUPPLIES,RUBBER BANDS,REGULAR AIR
78.93,0.04,75.7728,18,-88.61,7.01,157.37279999999998,HIGH,OFFICE SUPPLIES,BINDERS AND BINDER ACCESSORIES,REGULAR AIR
920.0,0.08,846.4,30,-45.07,4.0,887.47,CRITICAL,TECHNOLOGY,COMPUTER PERIPHERALS,REGULAR AIR
104.2,0.05,98.99000000000001,7,-8.53,3.5,104.02000000000001,CRITICAL,OFFICE SUPPLIES,APPLIANCES,REGULAR AIR
2531.66,0.02,2481.0267999999996,48,354.74,13.66,2112.6268,NOT SPECIFIED,OFFICE SUPPLIES,APPLIANCES,REGULAR AIR
5382.3105,0.0,5382.3105,29,1419.05,8.99,3954.2704999999996,NOT SPECIFIED,TECHNOLOGY,TELEPHONES AND COMMUNICATION,REGULAR AIR
199.11,0.01,197.11890000000002,30,-83.33,6.65,273.7989,HIGH,OFFICE SUPPLIES,PAPER,REGULAR AIR
778.62,0.0,778.62,39,247.24,6.15,525.23,LOW,FURNITURE,OFFICE FURNISHINGS,REGULAR AIR
869.78,0.1,782.8019999999999,27,43.36,8.22,731.2219999999999,MEDIUM,OFFICE SUPPLIES,STORAGE & ORGANIZATION,REGULAR AIR
298.3,0.08,274.43600000000004,47,146.72,0.5,127.21600000000004,LOW,OFFICE SUPPLIES,LABELS,EXPRESS AIR
122.23,0.03,118.5631,29,24.55,1.2,92.8131,HIGH,OFFICE SUPPLIES,PENS & ART SUPPLIES,REGULAR AIR
3338.98,0.0,3338.98,40,-846.73,35.0,4150.71,LOW,OFFICE SUPPLIES,STORAGE & ORGANIZATION,REGULAR AIR
608.33,0.02,596.1634,37,-70.04,8.78,657.4234,CRITICAL,OFFICE SUPPLIES,STORAGE & ORGANIZATION,REGULAR AIR
1289.127,0.06,1211.77938,13,-16.34,5.92,1222.1993799999998,LOW,TECHNOLOGY,TELEPHONES AND COMMUNICATION,REGULAR AIR
1546.8,0.07,1438.524,42,25.51,12.9,1400.1139999999998,HIGH,OFFICE SUPPLIES,STORAGE & ORGANIZATION,REGULAR AIR
176.5,0.01,174.735,46,-119.35,4.17,289.915,HIGH,OFFICE SUPPLIES,PENS & ART SUPPLIES,REGULAR AIR
3457.56,0.02,3388.4088,35,-365.44,51.94,3701.9088,HIGH,FURNITURE,TABLES,DELIVERY TRUCK
1124.3,0.1,1011.8699999999999,47,-335.22,14.36,1332.73,NOT SPECIFIED,FURNITURE,CHAIRS & CHAIRMATS,DELIVERY TRUCK
2610.894,0.0,2610.894,23,516.19,5.63,2089.0739999999996,NOT SPECIFIED,TECHNOLOGY,TELEPHONES AND COMMUNICATION,REGULAR AIR
43.57,0.09,39.6487,11,6.7,0.99,31.958699999999997,NOT SPECIFIED,OFFICE SUPPLIES,LABELS,REGULAR AIR
110.15,0.02,107.947,15,13.91,2.99,91.04700000000001,NOT SPECIFIED,OFFICE SUPPLIES,BINDERS AND BINDER ACCESSORIES,REGULAR AIR
3335.27,0.03,3235.2119,13,539.69,43.32,2652.2018999999996,NOT SPECIFIED,FURNITURE,CHAIRS & CHAIRMATS,DELIVERY TRUCK
5149.06,0.03,4994.5882,27,605.44,30.0,4359.1482,LOW,FURNITURE,CHAIRS & CHAIRMATS,DELIVERY TRUCK
3630.146,0.04,3484.94016,33,951.68,8.99,2524.2701600000005,HIGH,TECHNOLOGY,TELEPHONES AND COMMUNICATION,REGULAR AIR
73.36,0.09,66.7576,41,-94.95,2.58,159.1276,HIGH,OFFICE SUPPLIES,RUBBER BANDS,REGULAR AIR
155.8,0.0,155.8,20,27.22,4.0,124.58000000000001,NOT SPECIFIED,FURNITURE,OFFICE FURNISHINGS,REGULAR AIR
2213.92,0.03,2147.5024000000003,20,768.34,13.99,1365.1724000000004,HIGH,FURNITURE,OFFICE FURNISHINGS,REGULAR AIR
118.06,0.05,112.157,5,2.63,5.08,104.447,CRITICAL,FURNITURE,OFFICE FURNISHINGS,REGULAR AIR
228.46,0.01,226.1754,47,112.06,0.5,113.6154,MEDIUM,OFFICE SUPPLIES,LABELS,REGULAR AIR
77.61,0.09,70.6251,19,16.79,1.3,52.53510000000001,MEDIUM,OFFICE SUPPLIES,PAPER,EXPRESS AIR
953.0455,0.02,933.9845899999999,31,298.47,5.99,629.5245899999999,CRITICAL,TECHNOLOGY,TELEPHONES AND COMMUNICATION,REGULAR AIR
1444.96,0.09,1314.9136,50,-6.34,4.0,1317.2536,CRITICAL,TECHNOLOGY,COMPUTER PERIPHERALS,EXPRESS AIR
941.6215,0.01,932.205285,10,-186.67,8.99,1109.885285,CRITICAL,TECHNOLOGY,TELEPHONES AND COMMUNICATION,REGULAR AIR
95.71,0.04,91.88159999999999,38,32.81,0.5,58.57159999999999,HIGH,OFFICE SUPPLIES,LABELS,REGULAR AIR
185.61,0.02,181.89780000000002,29,-47.12,5.46,223.55780000000001,NOT SPECIFIED,OFFICE SUPPLIES,PAPER,REGULAR AIR
226.65,0.0,226.65,37,46.41,0.96,179.28,NOT SPECIFIED,OFFICE SUPPLIES,PENS & ART SUPPLIES,REGULAR AIR
10.96,0.02,10.7408,4,-8.02,2.56,16.2008,NOT SPECIFIED,OFFICE SUPPLIES,"SCISSORS, RULERS AND TRIMMERS",REGULAR AIR
347.84,0.0,347.84,37,-99.25,8.29,438.79999999999995,LOW,OFFICE SUPPLIES,ENVELOPES,REGULAR AIR
212.91,0.0,212.91,3,-65.15,3.5,274.56,NOT SPECIFIED,OFFICE SUPPLIES,APPLIANCES,REGULAR AIR
1275.61,0.08,1173.5611999999999,35,517.33,5.08,651.1511999999999,NOT SPECIFIED,OFFICE SUPPLIES,PAPER,REGULAR AIR
60.68,0.09,55.2188,29,-115.71,4.77,166.15879999999999,NOT SPECIFIED,OFFICE SUPPLIES,BINDERS AND BINDER ACCESSORIES,REGULAR AIR
1129.055,0.05,1072.6022500000001,37,337.73,1.1,733.7722500000002,NOT SPECIFIED,TECHNOLOGY,TELEPHONES AND COMMUNICATION,REGULAR AIR
210.24,0.0,210.24,34,-31.67,3.6,238.31,NOT SPECIFIED,OFFICE SUPPLIES,"SCISSORS, RULERS AND TRIMMERS",REGULAR AIR
372.09,0.04,357.2064,16,98.28,1.99,256.93639999999994,HIGH,TECHNOLOGY,COMPUTER PERIPHERALS,EXPRESS AIR
1239.4445,0.07,1152.683385,22,165.5,3.99,983.193385,LOW,TECHNOLOGY,TELEPHONES AND COMMUNICATION,REGULAR AIR
1098.506,0.05,1043.5807,29,218.73,2.5,822.3507,CRITICAL,TECHNOLOGY,TELEPHONES AND COMMUNICATION,REGULAR AIR
116.22,0.01,115.0578,19,26.89,1.49,86.6778,MEDIUM,OFFICE SUPPLIES,BINDERS AND BINDER ACCESSORIES,REGULAR AIR
292.75,0.08,269.33,33,93.33,2.01,173.99,CRITICAL,OFFICE SUPPLIES,PAPER,REGULAR AIR
1191.73,0.07,1108.3089,13,147.6,13.99,946.7189,LOW,TECHNOLOGY,OFFICE MACHINES,REGULAR AIR
192.78,0.06,181.2132,44,4.59,1.6,175.0232,CRITICAL,OFFICE SUPPLIES,PENS & ART SUPPLIES,REGULAR AIR
321.02,0.1,288.918,37,-11.88,3.5,297.298,CRITICAL,OFFICE SUPPLIES,APPLIANCES,EXPRESS AIR
42.29,0.06,39.7526,17,-85.27,6.05,118.9726,CRITICAL,OFFICE SUPPLIES,BINDERS AND BINDER ACCESSORIES,REGULAR AIR
4091.152,0.05,3886.5944,42,1303.92,2.5,2580.1744,MEDIUM,TECHNOLOGY,TELEPHONES AND COMMUNICATION,REGULAR AIR
862.64,0.04,828.1344,23,122.11,14.72,691.3044,LOW,OFFICE SUPPLIES,ENVELOPES,REGULAR AIR
337.01,0.05,320.1595,43,147.2,1.25,171.7095,MEDIUM,OFFICE SUPPLIES,PAPER,REGULAR AIR
6093.242,0.09,5544.85022,50,1174.38,8.08,4362.39022,MEDIUM,TECHNOLOGY,TELEPHONES AND COMMUNICATION,REGULAR AIR
160.27,0.06,150.65380000000002,46,-183.36,5.47,328.54380000000003,CRITICAL,OFFICE SUPPLIES,BINDERS AND BINDER ACCESSORIES,REGULAR AIR
196.1,0.07,182.373,42,71.65,0.88,109.84299999999999,CRITICAL,OFFICE SUPPLIES,PAPER,REGULAR AIR
87.09,0.1,78.381,3,-42.73,7.87,113.24099999999999,CRITICAL,FURNITURE,OFFICE FURNISHINGS,REGULAR AIR
2438.7,0.0,2438.7,43,-1413.18,52.2,3799.6800000000003,MEDIUM,FURNITURE,OFFICE FURNISHINGS,REGULAR AIR
299.11,0.05,284.1545,26,40.03,5.01,239.1145,MEDIUM,OFFICE SUPPLIES,PAPER,REGULAR AIR
268.7105,0.09,244.52655500000003,4,-337.66,0.99,581.196555,HIGH,TECHNOLOGY,TELEPHONES AND COMMUNICATION,REGULAR AIR
21.93,0.09,19.9563,8,-37.79,6.05,51.696299999999994,LOW,OFFICE SUPPLIES,BINDERS AND BINDER ACCESSORIES,REGULAR AIR
142.3,0.03,138.031,5,-24.18,12.98,149.231,LOW,OFFICE SUPPLIES,BINDERS AND BINDER ACCESSORIES,REGULAR AIR
477.53,0.03,463.2041,42,51.17,3.37,408.66409999999996,LOW,OFFICE SUPPLIES,"SCISSORS, RULERS AND TRIMMERS",REGULAR AIR
75.58,0.0,75.58,10,-43.26,8.19,110.65,LOW,OFFICE SUPPLIES,PAPER,REGULAR AIR
7789.63,0.08,7166.4596,40,1774.53,23.76,5368.1696,NOT SPECIFIED,FURNITURE,CHAIRS & CHAIRMATS,DELIVERY TRUCK
4601.02,0.09,4186.9282,46,-129.53,35.84,4280.6182,CRITICAL,FURNITURE,BOOKCASES,DELIVERY TRUCK
140.69,0.06,132.2486,31,-14.54,0.7,146.0886,NOT SPECIFIED,OFFICE SUPPLIES,RUBBER BANDS,REGULAR AIR
243.06,0.02,238.1988,42,-1.57,2.27,237.4988,NOT SPECIFIED,OFFICE SUPPLIES,PENS & ART SUPPLIES,REGULAR AIR
141.96,0.05,134.862,19,38.43,1.71,94.72199999999998,MEDIUM,OFFICE SUPPLIES,PAPER,REGULAR AIR
239.4,0.07,222.642,39,-57.37,5.15,274.86199999999997,MEDIUM,OFFICE SUPPLIES,PAPER,REGULAR AIR
21.32,0.08,19.6144,5,2.2,0.85,16.5644,MEDIUM,OFFICE SUPPLIES,PENS & ART SUPPLIES,EXPRESS AIR
457.51,0.1,411.759,42,-183.75,7.95,587.559,MEDIUM,OFFICE SUPPLIES,PENS & ART SUPPLIES,REGULAR AIR
589.78,0.0,589.78,13,225.26,2.99,361.53,NOT SPECIFIED,OFFICE SUPPLIES,BINDERS AND BINDER ACCESSORIES,REGULAR AIR
159.256,0.03,154.47832,4,-171.17,2.5,323.14832,NOT SPECIFIED,TECHNOLOGY,TELEPHONES AND COMMUNICATION,REGULAR AIR
89.89,0.1,80.901,15,-72.28,7.96,145.221,CRITICAL,OFFICE SUPPLIES,PAPER,REGULAR AIR
385.81,0.01,381.9519,23,7.35,5.8,368.8019,MEDIUM,OFFICE SUPPLIES,STORAGE & ORGANIZATION,EXPRESS AIR
271.34,0.05,257.77299999999997,40,-151.92,7.86,401.83299999999997,NOT SPECIFIED,OFFICE SUPPLIES,PAPER,REGULAR AIR
1488.86,0.03,1444.1942,47,-95.05,19.99,1519.2541999999999,LOW,OFFICE SUPPLIES,PAPER,REGULAR AIR
1050.16,0.04,1008.1536000000001,26,265.09,13.26,729.8036000000002,LOW,OFFICE SUPPLIES,PAPER,EXPRESS AIR
344.57,0.04,330.7872,42,37.41,1.99,291.3872,LOW,TECHNOLOGY,COMPUTER PERIPHERALS,REGULAR AIR
4815.862,0.08,4430.59304,47,1316.79,4.2,3109.60304,MEDIUM,TECHNOLOGY,TELEPHONES AND COMMUNICATION,REGULAR AIR
1057.06,0.08,972.4952,15,-403.74,60.0,1316.2352,CRITICAL,OFFICE SUPPLIES,APPLIANCES,DELIVERY TRUCK
2251.56,0.01,2229.0443999999998,21,226.63,26.22,1976.1943999999999,LOW,FURNITURE,BOOKCASES,DELIVERY TRUCK
95.26,0.02,93.35480000000001,26,-89.06,5.0,177.4148,HIGH,OFFICE SUPPLIES,PENS & ART SUPPLIES,REGULAR AIR
447.33,0.03,433.9101,30,115.21,5.0,313.7001,HIGH,FURNITURE,OFFICE FURNISHINGS,REGULAR AIR
1120.86,0.02,1098.4427999999998,7,17.4,13.99,1067.0527999999997,MEDIUM,TECHNOLOGY,OFFICE MACHINES,EXPRESS AIR
11.51,0.1,10.359,2,-5.16,0.95,14.569,MEDIUM,OFFICE SUPPLIES,PAPER,REGULAR AIR
6668.856,0.01,6602.16744,45,871.97,29.21,5700.98744,MEDIUM,FURNITURE,TABLES,DELIVERY TRUCK
8407.08,0.04,8070.7968,39,629.4,68.02,7373.3768,NOT SPECIFIED,OFFICE SUPPLIES,APPLIANCES,DELIVERY TRUCK
2546.5235,0.09,2317.3363849999996,26,210.0,7.69,2099.6463849999996,MEDIUM,TECHNOLOGY,TELEPHONES AND COMMUNICATION,EXPRESS AIR
341.39,0.03,331.1483,45,-82.95,6.16,407.93829999999997,LOW,OFFICE SUPPLIES,BINDERS AND BINDER ACCESSORIES,REGULAR AIR
153.98,0.02,150.9004,32,71.6,0.5,78.8004,MEDIUM,OFFICE SUPPLIES,LABELS,REGULAR AIR
11.64,0.05,11.058,1,-10.73,4.0,17.788,MEDIUM,FURNITURE,OFFICE FURNISHINGS,REGULAR AIR
79.04,0.05,75.08800000000001,22,-77.93,5.0,148.01800000000003,LOW,OFFICE SUPPLIES,PENS & ART SUPPLIES,REGULAR AIR
1457.712,0.03,1413.98064,24,-1565.89,89.3,2890.57064,LOW,FURNITURE,TABLES,DELIVERY TRUCK
104.82,0.02,102.72359999999999,23,6.84,2.5,93.38359999999999,CRITICAL,OFFICE SUPPLIES,ENVELOPES,EXPRESS AIR
9.7,0.02,9.505999999999998,1,-18.03,4.62,22.916,NOT SPECIFIED,TECHNOLOGY,COMPUTER PERIPHERALS,REGULAR AIR
378.9,0.02,371.322,25,28.46,7.17,335.692,CRITICAL,OFFICE SUPPLIES,BINDERS AND BINDER ACCESSORIES,REGULAR AIR
264.05,0.07,245.56650000000002,50,25.05,1.99,218.5265,CRITICAL,OFFICE SUPPLIES,PENS & ART SUPPLIES,REGULAR AIR
447.12,0.08,411.3504,43,-14.27,5.16,420.46039999999994,MEDIUM,FURNITURE,OFFICE FURNISHINGS,REGULAR AIR
1633.37,0.08,1502.7004,50,144.69,7.73,1350.2803999999999,HIGH,OFFICE SUPPLIES,PENS & ART SUPPLIES,REGULAR AIR
14.61,0.03,14.1717,5,1.17,0.5,12.5017,LOW,OFFICE SUPPLIES,LABELS,REGULAR AIR
665.7625,0.03,645.789625,4,-773.34,8.99,1410.139625,LOW,TECHNOLOGY,TELEPHONES AND COMMUNICATION,REGULAR AIR
140.59,0.01,139.1841,7,-35.88,8.51,166.5541,HIGH,TECHNOLOGY,OFFICE MACHINES,REGULAR AIR
157.99,0.03,153.2503,35,-105.55,5.41,253.39030000000002,NOT SPECIFIED,OFFICE SUPPLIES,BINDERS AND BINDER ACCESSORIES,REGULAR AIR
141.59,0.04,135.9264,48,20.26,0.7,114.96640000000001,NOT SPECIFIED,OFFICE SUPPLIES,PENS & ART SUPPLIES,REGULAR AIR
34.88,0.06,32.787200000000006,6,-18.34,4.97,46.1572,HIGH,OFFICE SUPPLIES,BINDERS AND BINDER ACCESSORIES,REGULAR AIR
217.69,0.09,198.0979,19,-11.66,6.12,203.6379,LOW,OFFICE SUPPLIES,APPLIANCES,REGULAR AIR
95.43,0.06,89.7042,37,-103.96,4.28,189.3842,HIGH,OFFICE SUPPLIES,PENS & ART SUPPLIES,REGULAR AIR
125.27,0.07,116.5011,33,-105.83,4.83,217.5011,HIGH,OFFICE SUPPLIES,BINDERS AND BINDER ACCESSORIES,REGULAR AIR
135.38,0.05,128.611,17,-71.12,6.5,193.231,NOT SPECIFIED,OFFICE SUPPLIES,STORAGE & ORGANIZATION,REGULAR AIR
1313.64,0.05,1247.958,16,284.84,6.13,956.988,MEDIUM,TECHNOLOGY,COMPUTER PERIPHERALS,REGULAR AIR
4524.907,0.07,4208.16351,47,1464.87,2.5,2740.7935100000004,MEDIUM,TECHNOLOGY,TELEPHONES AND COMMUNICATION,REGULAR AIR
283.18,0.03,274.6846,43,-154.95,7.49,422.14459999999997,MEDIUM,OFFICE SUPPLIES,PAPER,REGULAR AIR
951.31,0.08,875.2052,31,-1099.46,45.51,1929.1552000000001,LOW,FURNITURE,TABLES,DELIVERY TRUCK
1210.72,0.05,1150.184,17,-382.43,30.0,1502.614,CRITICAL,FURNITURE,CHAIRS & CHAIRMATS,DELIVERY TRUCK
270.84,0.1,243.75599999999997,41,-78.02,5.86,315.91599999999994,HIGH,OFFICE SUPPLIES,PAPER,EXPRESS AIR
3389.93,0.08,3118.7356,35,737.94,21.26,2359.5355999999997,HIGH,FURNITURE,OFFICE FURNISHINGS,EXPRESS AIR
24.16,0.08,22.2272,5,8.05,1.49,12.6872,HIGH,OFFICE SUPPLIES,BINDERS AND BINDER ACCESSORIES,EXPRESS AIR
56.05,0.06,52.687,10,-27.73,5.49,74.92699999999999,NOT SPECIFIED,OFFICE SUPPLIES,PAPER,REGULAR AIR
224.09,0.0,224.09,17,-27.92,6.27,245.74,NOT SPECIFIED,OFFICE SUPPLIES,STORAGE & ORGANIZATION,REGULAR AIR
93.26,0.05,88.59700000000001,18,-35.36,4.7,119.257,CRITICAL,OFFICE SUPPLIES,PAPER,REGULAR AIR
437.87,0.09,398.4617,15,-111.94,6.5,503.9017,LOW,TECHNOLOGY,COMPUTER PERIPHERALS,EXPRESS AIR
2387.61,0.01,2363.7339,43,527.13,11.1,1825.5039000000002,HIGH,FURNITURE,OFFICE FURNISHINGS,REGULAR AIR
1921.1275,0.08,1767.4373,36,248.58,8.99,1509.8673000000001,CRITICAL,TECHNOLOGY,TELEPHONES AND COMMUNICATION,REGULAR AIR
2197.4115,0.0,2197.4115,20,305.96,7.69,1883.7615,HIGH,TECHNOLOGY,TELEPHONES AND COMMUNICATION,EXPRESS AIR
366.84,0.08,337.4928,37,-50.1,4.68,382.9128,HIGH,OFFICE SUPPLIES,"SCISSORS, RULERS AND TRIMMERS",REGULAR AIR
320.04,0.02,313.6392,34,32.47,4.39,276.77920000000006,NOT SPECIFIED,OFFICE SUPPLIES,PAPER,EXPRESS AIR
88.57,0.03,85.9129,12,-28.25,6.15,108.01289999999999,NOT SPECIFIED,OFFICE SUPPLIES,PAPER,REGULAR AIR
73.97,0.1,66.573,13,-38.35,5.67,99.25299999999999,NOT SPECIFIED,OFFICE SUPPLIES,PAPER,REGULAR AIR
384.2,0.05,364.99,7,-164.46,2.5,526.95,NOT SPECIFIED,TECHNOLOGY,TELEPHONES AND COMMUNICATION,REGULAR AIR
92.24,0.05,87.628,19,-60.58,5.24,142.96800000000002,MEDIUM,OFFICE SUPPLIES,BINDERS AND BINDER ACCESSORIES,REGULAR AIR
31.14,0.08,28.6488,4,-14.59,5.86,37.3788,HIGH,OFFICE SUPPLIES,PAPER,REGULAR AIR
30.17,0.04,28.9632,8,-22.84,3.97,47.833200000000005,HIGH,OFFICE SUPPLIES,PENS & ART SUPPLIES,REGULAR AIR
1158.601,0.1,1042.7409,25,-155.3,2.5,1195.5409,HIGH,TECHNOLOGY,TELEPHONES AND COMMUNICATION,REGULAR AIR
148.8,0.04,142.848,22,52.08,1.22,89.54800000000002,CRITICAL,OFFICE SUPPLIES,PENS & ART SUPPLIES,REGULAR AIR
1477.63,0.04,1418.5248000000001,35,387.56,4.62,1026.3448000000003,CRITICAL,OFFICE SUPPLIES,APPLIANCES,REGULAR AIR
19.46,0.01,19.2654,3,-2.01,0.5,20.775399999999998,CRITICAL,OFFICE SUPPLIES,LABELS,REGULAR AIR
1131.15,0.03,1097.2155,35,433.87,5.76,657.5855,NOT SPECIFIED,OFFICE SUPPLIES,PAPER,REGULAR AIR
170.02,0.07,158.11860000000001,7,-56.1,16.87,197.3486,HIGH,OFFICE SUPPLIES,PAPER,REGULAR AIR
55.82,0.01,55.2618,18,14.19,0.81,40.2618,CRITICAL,OFFICE SUPPLIES,PENS & ART SUPPLIES,REGULAR AIR
452.28,0.09,411.5748,48,-21.0,4.82,427.7548,CRITICAL,OFFICE SUPPLIES,PENS & ART SUPPLIES,REGULAR AIR
6366.52,0.07,5920.863600000001,23,935.8,14.7,4970.363600000001,MEDIUM,TECHNOLOGY,OFFICE MACHINES,DELIVERY TRUCK
55.66,0.09,50.6506,10,8.82,1.39,40.440599999999996,LOW,OFFICE SUPPLIES,ENVELOPES,REGULAR AIR
119.9,0.03,116.30300000000001,3,-14.47,5.08,125.69300000000001,NOT SPECIFIED,OFFICE SUPPLIES,PAPER,REGULAR AIR
205.88,0.08,189.40959999999998,22,20.68,1.99,166.73959999999997,HIGH,TECHNOLOGY,COMPUTER PERIPHERALS,REGULAR AIR
266.27,0.02,260.9446,9,-5.7,1.99,264.65459999999996,NOT SPECIFIED,TECHNOLOGY,COMPUTER PERIPHERALS,REGULAR AIR
38.44,0.01,38.0556,10,-26.19,3.97,60.2756,NOT SPECIFIED,OFFICE SUPPLIES,PENS & ART SUPPLIES,EXPRESS AIR
99.94,0.07,92.9442,46,-55.84,1.99,146.7942,LOW,TECHNOLOGY,COMPUTER PERIPHERALS,REGULAR AIR
18.7,0.07,17.391,11,-3.36,0.7,20.051,LOW,OFFICE SUPPLIES,PENS & ART SUPPLIES,REGULAR AIR
167.23,0.05,158.86849999999998,25,-43.17,5.41,196.62849999999997,LOW,OFFICE SUPPLIES,PAPER,REGULAR AIR
3659.66,0.08,3366.8871999999997,30,-500.38,51.94,3815.3271999999997,MEDIUM,FURNITURE,TABLES,DELIVERY TRUCK
53.46,0.02,52.3908,7,-17.58,5.9,64.07079999999999,LOW,OFFICE SUPPLIES,PAPER,REGULAR AIR
31.01,0.03,30.079700000000003,4,-4.49,2.99,31.579700000000003,LOW,OFFICE SUPPLIES,BINDERS AND BINDER ACCESSORIES,REGULAR AIR
446.46,0.04,428.60159999999996,22,-1.88,4.0,426.48159999999996,LOW,TECHNOLOGY,COMPUTER PERIPHERALS,REGULAR AIR
881.65,0.08,811.1179999999999,50,41.27,9.03,760.818,NOT SPECIFIED,OFFICE SUPPLIES,PAPER,REGULAR AIR
584.511,0.05,555.28545,33,-95.98,3.3,647.96545,NOT SPECIFIED,TECHNOLOGY,TELEPHONES AND COMMUNICATION,REGULAR AIR
639.71,0.01,633.3129,43,102.53,5.3,525.4829000000001,CRITICAL,FURNITURE,OFFICE FURNISHINGS,EXPRESS AIR
525.555,0.04,504.53279999999995,7,-60.67,1.25,563.9527999999999,MEDIUM,TECHNOLOGY,TELEPHONES AND COMMUNICATION,REGULAR AIR
276.029,0.05,262.22755,39,-108.19,5.03,365.38755000000003,MEDIUM,TECHNOLOGY,TELEPHONES AND COMMUNICATION,REGULAR AIR
193.79,0.02,189.9142,23,-117.16,8.94,298.13419999999996,NOT SPECIFIED,OFFICE SUPPLIES,BINDERS AND BINDER ACCESSORIES,REGULAR AIR
56.73,0.09,51.6243,12,8.33,0.71,42.5843,NOT SPECIFIED,OFFICE SUPPLIES,PENS & ART SUPPLIES,REGULAR AIR
331.83,0.05,315.2385,46,-101.25,6.05,410.4385,LOW,OFFICE SUPPLIES,BINDERS AND BINDER ACCESSORIES,REGULAR AIR
157.03,0.07,146.0379,7,13.21,5.08,127.74789999999999,CRITICAL,FURNITURE,OFFICE FURNISHINGS,REGULAR AIR
304.52,0.04,292.3392,14,25.34,5.94,261.05920000000003,HIGH,OFFICE SUPPLIES,APPLIANCES,REGULAR AIR
132.86,0.06,124.88840000000002,36,57.0,0.5,67.38840000000002,CRITICAL,OFFICE SUPPLIES,LABELS,REGULAR AIR
55.77,0.04,53.5392,6,-4.37,2.25,55.6592,NOT SPECIFIED,OFFICE SUPPLIES,PENS & ART SUPPLIES,REGULAR AIR
2181.44,0.07,2028.7392,34,-896.34,35.0,2890.0792,NOT SPECIFIED,OFFICE SUPPLIES,STORAGE & ORGANIZATION,REGULAR AIR
78.81,0.03,76.4457,33,-93.25,4.57,165.1257,MEDIUM,FURNITURE,OFFICE FURNISHINGS,REGULAR AIR
790.63,0.1,711.567,24,52.32,14.72,644.5269999999999,CRITICAL,OFFICE SUPPLIES,BINDERS AND BINDER ACCESSORIES,REGULAR AIR
183.45,0.01,181.6155,35,-149.66,7.44,323.8355,LOW,OFFICE SUPPLIES,PAPER,REGULAR AIR
180.46,0.05,171.437,27,-57.62,5.94,223.11700000000002,HIGH,OFFICE SUPPLIES,PAPER,REGULAR AIR
174.64,0.04,167.65439999999998,40,-143.23,5.15,305.73439999999994,HIGH,OFFICE SUPPLIES,APPLIANCES,REGULAR AIR
1252.89,0.05,1190.2455,31,339.75,10.55,839.9455,LOW,OFFICE SUPPLIES,BINDERS AND BINDER ACCESSORIES,REGULAR AIR
994.228,0.09,904.74748,8,-446.58,8.99,1342.33748,HIGH,TECHNOLOGY,TELEPHONES AND COMMUNICATION,REGULAR AIR
1239.81,0.04,1190.2176,24,-13.28,6.5,1196.9976,LOW,TECHNOLOGY,COMPUTER PERIPHERALS,REGULAR AIR
273.32,0.02,267.8536,41,-48.68,5.14,311.3936,LOW,OFFICE SUPPLIES,PAPER,REGULAR AIR
146.25,0.01,144.7875,21,60.12,1.02,83.64749999999998,MEDIUM,OFFICE SUPPLIES,PAPER,EXPRESS AIR
262.76,0.05,249.62199999999999,12,-146.05,21.2,374.472,HIGH,FURNITURE,OFFICE FURNISHINGS,REGULAR AIR
104.39,0.07,97.0827,40,38.45,0.5,58.1327,HIGH,OFFICE SUPPLIES,LABELS,REGULAR AIR
1281.358,0.09,1166.03578,14,-90.12,5.99,1250.1657799999998,CRITICAL,TECHNOLOGY,TELEPHONES AND COMMUNICATION,EXPRESS AIR
32.51,0.1,29.258999999999997,1,-90.94,1.99,118.209,LOW,TECHNOLOGY,COMPUTER PERIPHERALS,REGULAR AIR
570.51,0.0,570.51,33,-142.75,7.04,706.22,LOW,OFFICE SUPPLIES,STORAGE & ORGANIZATION,REGULAR AIR
896.49,0.0,896.49,4,-452.27,14.7,1334.06,NOT SPECIFIED,TECHNOLOGY,OFFICE MACHINES,DELIVERY TRUCK
47.79,0.04,45.8784,12,-57.75,6.83,96.7984,LOW,OFFICE SUPPLIES,BINDERS AND BINDER ACCESSORIES,REGULAR AIR
107.12,0.08,98.5504,2,-54.87,4.86,148.5604,LOW,OFFICE SUPPLIES,PAPER,REGULAR AIR
3668.6,0.07,3411.798,24,993.15,7.07,2411.5779999999995,LOW,OFFICE SUPPLIES,STORAGE & ORGANIZATION,REGULAR AIR
676.24,0.05,642.428,25,219.78,5.86,416.788,LOW,OFFICE SUPPLIES,PAPER,REGULAR AIR
160.68,0.08,147.8256,30,77.75,0.49,69.5856,HIGH,OFFICE SUPPLIES,LABELS,EXPRESS AIR
1685.941,0.07,1567.92513,16,21.02,8.8,1538.1051300000001,LOW,TECHNOLOGY,TELEPHONES AND COMMUNICATION,EXPRESS AIR
229.88,0.05,218.386,42,-75.25,5.06,288.576,HIGH,OFFICE SUPPLIES,PAPER,EXPRESS AIR
2896.14,0.08,2664.4488,29,366.63,19.99,2277.8288000000002,LOW,TECHNOLOGY,COMPUTER PERIPHERALS,EXPRESS AIR
86.38,0.1,77.74199999999999,8,-12.61,3.37,86.98199999999999,MEDIUM,OFFICE SUPPLIES,"SCISSORS, RULERS AND TRIMMERS",REGULAR AIR
852.75,0.08,784.53,29,358.73,1.49,424.30999999999995,LOW,OFFICE SUPPLIES,BINDERS AND BINDER ACCESSORIES,REGULAR AIR
172.33,0.04,165.4368,26,-52.21,5.74,211.9068,LOW,OFFICE SUPPLIES,PAPER,REGULAR AIR
267.53,0.0,267.53,36,85.17,2.0,180.35999999999996,MEDIUM,OFFICE SUPPLIES,PAPER,EXPRESS AIR
1065.26,0.03,1033.3022,31,-900.27,35.0,1898.5722,MEDIUM,OFFICE SUPPLIES,STORAGE & ORGANIZATION,EXPRESS AIR
152.84,0.05,145.198,10,38.02,7.4,99.77799999999999,NOT SPECIFIED,FURNITURE,OFFICE FURNISHINGS,REGULAR AIR
531.063,0.03,515.13111,29,24.56,4.81,485.76111000000003,NOT SPECIFIED,TECHNOLOGY,TELEPHONES AND COMMUNICATION,REGULAR AIR
991.01,0.01,981.0998999999999,30,46.29,6.5,928.3099,HIGH,TECHNOLOGY,COMPUTER PERIPHERALS,REGULAR AIR
1267.42,0.01,1254.7458000000001,29,177.79,19.99,1056.9658000000002,HIGH,OFFICE SUPPLIES,PAPER,REGULAR AIR
40.34,0.09,36.7094,15,10.59,0.5,25.619400000000002,NOT SPECIFIED,OFFICE SUPPLIES,LABELS,REGULAR AIR
3951.6755,0.1,3556.5079499999997,41,812.24,4.2,2740.0679499999997,NOT SPECIFIED,TECHNOLOGY,TELEPHONES AND COMMUNICATION,REGULAR AIR
314.0,0.07,292.02,47,-66.04,5.27,352.79,MEDIUM,OFFICE SUPPLIES,BINDERS AND BINDER ACCESSORIES,REGULAR AIR
155.54,0.09,141.54139999999998,50,15.66,1.35,124.53139999999999,MEDIUM,OFFICE SUPPLIES,RUBBER BANDS,REGULAR AIR
1133.4495,0.01,1122.1150049999999,19,169.16,5.31,947.645005,LOW,TECHNOLOGY,TELEPHONES AND COMMUNICATION,REGULAR AIR
203.49,0.05,193.31550000000001,34,90.35,0.5,102.46550000000002,HIGH,OFFICE SUPPLIES,LABELS,REGULAR AIR
5638.798,0.09,5131.30618,33,1406.05,3.0,3722.2561799999994,HIGH,TECHNOLOGY,TELEPHONES AND COMMUNICATION,EXPRESS AIR
1071.77,0.09,975.3107,25,262.07,4.8,708.4407000000001,HIGH,FURNITURE,OFFICE FURNISHINGS,REGULAR AIR
833.0,0.0,833.0,50,436.53,1.39,395.08000000000004,HIGH,OFFICE SUPPLIES,ENVELOPES,REGULAR AIR
63.96,0.0,63.96,2,-119.36,1.99,181.32999999999998,HIGH,TECHNOLOGY,COMPUTER PERIPHERALS,REGULAR AIR
271.14,0.05,257.58299999999997,33,29.21,1.99,226.38299999999995,MEDIUM,TECHNOLOGY,COMPUTER PERIPHERALS,EXPRESS AIR
1711.02,0.1,1539.918,43,139.63,8.99,1391.2979999999998,LOW,OFFICE SUPPLIES,PENS & ART SUPPLIES,REGULAR AIR
408.23,0.06,383.7362,10,52.38,1.99,329.3662,HIGH,TECHNOLOGY,COMPUTER PERIPHERALS,REGULAR AIR
260.51,0.03,252.69469999999998,34,-127.52,7.72,372.49469999999997,CRITICAL,OFFICE SUPPLIES,BINDERS AND BINDER ACCESSORIES,REGULAR AIR
466.28,0.0,466.28,15,92.7,1.99,371.59,CRITICAL,TECHNOLOGY,COMPUTER PERIPHERALS,REGULAR AIR
552.08,0.0,552.08,14,203.24,5.08,343.76,CRITICAL,OFFICE SUPPLIES,PAPER,EXPRESS AIR
711.875,0.04,683.4,24,217.33,3.3,462.77,NOT SPECIFIED,TECHNOLOGY,TELEPHONES AND COMMUNICATION,REGULAR AIR
129.77,0.01,128.47230000000002,18,-99.42,9.68,218.21230000000003,NOT SPECIFIED,OFFICE SUPPLIES,PAPER,REGULAR AIR
38.37,0.1,34.533,25,-13.88,1.29,47.123000000000005,MEDIUM,OFFICE SUPPLIES,PENS & ART SUPPLIES,REGULAR AIR
2976.21,0.07,2767.8753,31,-277.63,35.84,3009.6653,HIGH,FURNITURE,BOOKCASES,DELIVERY TRUCK
1150.3,0.1,1035.27,26,418.19,5.81,611.27,MEDIUM,OFFICE SUPPLIES,PAPER,REGULAR AIR
1894.1655,0.1,1704.7489500000001,37,134.73,8.99,1561.0289500000001,HIGH,TECHNOLOGY,TELEPHONES AND COMMUNICATION,REGULAR AIR
60.17,0.0,60.17,8,-18.24,5.66,72.75,MEDIUM,OFFICE SUPPLIES,PAPER,REGULAR AIR
68.5,0.07,63.705,24,2.69,1.49,59.525,CRITICAL,OFFICE SUPPLIES,BINDERS AND BINDER ACCESSORIES,REGULAR AIR
1556.42,0.0,1556.42,48,-60.98,8.65,1608.75,CRITICAL,TECHNOLOGY,COMPUTER PERIPHERALS,REGULAR AIR
305.01,0.05,289.7595,41,-160.82,7.72,442.85949999999997,HIGH,OFFICE SUPPLIES,BINDERS AND BINDER ACCESSORIES,EXPRESS AIR
3583.52,0.09,3261.0032,24,221.71,19.99,3019.3032000000003,HIGH,OFFICE SUPPLIES,STORAGE & ORGANIZATION,REGULAR AIR
277.58,0.08,255.37359999999998,39,-276.88,11.15,521.1035999999999,CRITICAL,OFFICE SUPPLIES,PAPER,REGULAR AIR
7195.2585,0.09,6547.685235,44,1698.16,8.08,4841.445235,CRITICAL,TECHNOLOGY,TELEPHONES AND COMMUNICATION,EXPRESS AIR
266.36,0.07,247.71480000000003,42,-191.28,8.19,430.8048,HIGH,OFFICE SUPPLIES,PAPER,REGULAR AIR
305.96,0.06,287.6024,49,-191.49,7.49,471.6024,CRITICAL,OFFICE SUPPLIES,PAPER,REGULAR AIR
354.13,0.09,322.2583,19,8.79,8.68,304.7883,NOT SPECIFIED,OFFICE SUPPLIES,PAPER,REGULAR AIR
751.94,0.07,699.3042,40,69.08,8.68,621.5442,NOT SPECIFIED,OFFICE SUPPLIES,PAPER,REGULAR AIR
50.99,0.06,47.9306,19,-3.8,1.34,50.39059999999999,CRITICAL,OFFICE SUPPLIES,PENS & ART SUPPLIES,REGULAR AIR
293.27,0.07,272.74109999999996,21,44.56,1.99,226.19109999999995,NOT SPECIFIED,TECHNOLOGY,COMPUTER PERIPHERALS,REGULAR AIR
189.22,0.05,179.759,42,-92.42,4.79,267.389,MEDIUM,OFFICE SUPPLIES,PAPER,REGULAR AIR
151.86,0.1,136.674,21,-54.67,6.05,185.29399999999998,MEDIUM,OFFICE SUPPLIES,BINDERS AND BINDER ACCESSORIES,EXPRESS AIR
4951.36,0.03,4802.8192,45,1759.72,5.81,3037.2891999999993,MEDIUM,FURNITURE,OFFICE FURNISHINGS,EXPRESS AIR
910.98,0.07,847.2114,10,18.77,13.99,814.4514,LOW,TECHNOLOGY,OFFICE MACHINES,REGULAR AIR
48.84,0.01,48.351600000000005,2,-21.2,9.03,60.52160000000001,MEDIUM,OFFICE SUPPLIES,PAPER,REGULAR AIR
616.39,0.09,560.9149,32,148.28,1.99,410.6449,HIGH,TECHNOLOGY,COMPUTER PERIPHERALS,REGULAR AIR
1838.19,0.03,1783.0443,48,561.43,1.99,1219.6243,HIGH,TECHNOLOGY,COMPUTER PERIPHERALS,REGULAR AIR
984.6315,0.0,984.6315,20,-129.14,5.0,1108.7714999999998,LOW,TECHNOLOGY,TELEPHONES AND COMMUNICATION,REGULAR AIR
134.33,0.07,124.92690000000002,43,25.02,1.14,98.76690000000002,HIGH,OFFICE SUPPLIES,PAPER,EXPRESS AIR
70.32,0.08,64.69439999999999,19,-56.07,4.17,116.59439999999998,HIGH,OFFICE SUPPLIES,PENS & ART SUPPLIES,REGULAR AIR
1768.13,0.0,1768.13,29,525.54,4.5,1238.0900000000001,HIGH,OFFICE SUPPLIES,APPLIANCES,REGULAR AIR
147.05,0.08,135.286,23,-54.91,5.82,184.376,HIGH,OFFICE SUPPLIES,PAPER,REGULAR AIR
1201.51,0.1,1081.359,9,-185.48,19.99,1246.849,MEDIUM,OFFICE SUPPLIES,STORAGE & ORGANIZATION,EXPRESS AIR
621.93,0.08,572.1755999999999,16,-49.77,4.0,617.9455999999999,CRITICAL,TECHNOLOGY,COMPUTER PERIPHERALS,REGULAR AIR
26.82,0.0,26.82,2,26.21,5.4,-4.789999999999999,NOT SPECIFIED,FURNITURE,OFFICE FURNISHINGS,REGULAR AIR
223.74,0.01,221.5026,37,39.63,2.5,179.3726,NOT SPECIFIED,OFFICE SUPPLIES,ENVELOPES,REGULAR AIR
121.09,0.05,115.0355,17,-30.51,5.66,139.8855,CRITICAL,OFFICE SUPPLIES,PAPER,REGULAR AIR
33.54,0.08,30.8568,4,-29.49,8.37,51.9768,MEDIUM,OFFICE SUPPLIES,"SCISSORS, RULERS AND TRIMMERS",REGULAR AIR
188.77,0.02,184.99460000000002,45,21.93,1.17,161.89460000000003,NOT SPECIFIED,OFFICE SUPPLIES,PENS & ART SUPPLIES,REGULAR AIR
76.8655,0.04,73.79088,4,-54.51,0.99,127.31088,HIGH,TECHNOLOGY,TELEPHONES AND COMMUNICATION,EXPRESS AIR
412.37,0.06,387.6278,46,2.71,3.5,381.4178,MEDIUM,OFFICE SUPPLIES,APPLIANCES,EXPRESS AIR
240.49,0.05,228.46550000000002,4,-53.9,13.22,269.1455,NOT SPECIFIED,OFFICE SUPPLIES,APPLIANCES,REGULAR AIR
322.46,0.04,309.5616,27,54.29,5.01,250.26160000000002,LOW,OFFICE SUPPLIES,PAPER,REGULAR AIR
836.59,0.06,786.3946000000001,48,-106.8,8.65,884.5446000000001,CRITICAL,OFFICE SUPPLIES,PENS & ART SUPPLIES,REGULAR AIR
58.14,0.04,55.8144,21,-2.23,0.97,57.0744,CRITICAL,OFFICE SUPPLIES,PENS & ART SUPPLIES,REGULAR AIR
891.6075,0.06,838.11105,49,100.59,4.81,732.71105,CRITICAL,TECHNOLOGY,TELEPHONES AND COMMUNICATION,REGULAR AIR
631.99,0.08,581.4308,23,-43.96,4.0,621.3908,LOW,TECHNOLOGY,COMPUTER PERIPHERALS,REGULAR AIR
231.06,0.04,221.8176,18,-29.83,6.13,245.51760000000002,MEDIUM,OFFICE SUPPLIES,STORAGE & ORGANIZATION,REGULAR AIR
1665.81,0.06,1565.8614,41,557.52,7.47,1000.8714,MEDIUM,OFFICE SUPPLIES,BINDERS AND BINDER ACCESSORIES,REGULAR AIR
107.86,0.09,98.1526,15,-85.29,9.68,173.76260000000002,LOW,OFFICE SUPPLIES,PAPER,EXPRESS AIR
305.6,0.09,278.096,13,-445.77,45.0,678.866,LOW,OFFICE SUPPLIES,STORAGE & ORGANIZATION,DELIVERY TRUCK
447.0405,0.04,429.15888,8,-206.15,8.99,626.31888,LOW,TECHNOLOGY,TELEPHONES AND COMMUNICATION,REGULAR AIR
112.81,0.02,110.5538,16,-85.23,9.17,186.6138,NOT SPECIFIED,OFFICE SUPPLIES,PAPER,REGULAR AIR
277.08,0.08,254.91359999999997,43,-179.11,7.91,426.1136,LOW,OFFICE SUPPLIES,PAPER,REGULAR AIR
174.11,0.06,163.66340000000002,12,-24.52,6.85,181.33340000000004,CRITICAL,FURNITURE,OFFICE FURNISHINGS,REGULAR AIR
18.02,0.01,17.8398,6,-3.09,1.34,19.5898,MEDIUM,OFFICE SUPPLIES,PENS & ART SUPPLIES,REGULAR AIR
271.14,0.07,252.16019999999997,42,-174.74,7.91,418.99019999999996,HIGH,OFFICE SUPPLIES,PAPER,REGULAR AIR
413.8,0.08,380.696,23,51.36,8.99,320.346,HIGH,FURNITURE,OFFICE FURNISHINGS,EXPRESS AIR
108.11,0.09,98.3801,17,-62.23,6.86,153.7501,LOW,OFFICE SUPPLIES,PAPER,REGULAR AIR
86.64,0.09,78.8424,21,-73.07,5.26,146.6524,LOW,OFFICE SUPPLIES,BINDERS AND BINDER ACCESSORIES,REGULAR AIR
131.12,0.03,127.1864,11,-24.81,7.19,144.8064,HIGH,OFFICE SUPPLIES,BINDERS AND BINDER ACCESSORIES,REGULAR AIR
29.12,0.08,26.7904,10,7.13,0.5,19.160400000000003,MEDIUM,OFFICE SUPPLIES,LABELS,REGULAR AIR
307.37,0.04,295.0752,47,-249.27,9.17,535.1752,LOW,OFFICE SUPPLIES,PAPER,EXPRESS AIR
1749.07,0.04,1679.1072,36,804.66,5.79,868.6572,HIGH,OFFICE SUPPLIES,PAPER,REGULAR AIR
37.9,0.08,34.867999999999995,14,-22.01,2.4,54.477999999999994,HIGH,OFFICE SUPPLIES,PENS & ART SUPPLIES,REGULAR AIR
118.51,0.03,114.9547,21,-948.71,49.0,1014.6647,NOT SPECIFIED,OFFICE SUPPLIES,APPLIANCES,REGULAR AIR
2055.98,0.0,2055.98,40,1016.86,5.86,1033.2599999999998,MEDIUM,OFFICE SUPPLIES,PAPER,REGULAR AIR
2317.65,0.0,2317.65,29,568.6,13.99,1735.0600000000004,LOW,OFFICE SUPPLIES,APPLIANCES,REGULAR AIR
336.25,0.0,336.25,36,25.95,4.82,305.48,HIGH,OFFICE SUPPLIES,PAPER,EXPRESS AIR
4987.73,0.08,4588.7116,41,-1867.97,70.2,6386.4816,LOW,FURNITURE,CHAIRS & CHAIRMATS,DELIVERY TRUCK
3301.33,0.05,3136.2635,23,-307.46,36.09,3407.6335,MEDIUM,FURNITURE,BOOKCASES,DELIVERY TRUCK
126.95,0.06,119.333,28,45.87,0.99,72.47300000000001,MEDIUM,OFFICE SUPPLIES,LABELS,EXPRESS AIR
3329.27,0.05,3162.8065,22,350.0,16.01,2796.7965,CRITICAL,FURNITURE,TABLES,DELIVERY TRUCK
126.95,0.0,126.95,5,-4.17,8.18,122.94000000000001,CRITICAL,OFFICE SUPPLIES,PAPER,REGULAR AIR
2612.89,0.04,2508.3743999999997,25,490.99,10.12,2007.2643999999998,LOW,FURNITURE,OFFICE FURNISHINGS,REGULAR AIR
1146.992,0.07,1066.70256,47,-1643.74,45.51,2664.93256,LOW,FURNITURE,TABLES,DELIVERY TRUCK
504.6705,0.01,499.62379500000003,3,-800.89,4.2,1296.313795,NOT SPECIFIED,TECHNOLOGY,TELEPHONES AND COMMUNICATION,REGULAR AIR
199.24,0.07,185.2932,42,-84.26,4.72,264.83320000000003,NOT SPECIFIED,OFFICE SUPPLIES,PAPER,REGULAR AIR
1338.12,0.04,1284.5952,43,519.7,1.99,762.9051999999999,CRITICAL,TECHNOLOGY,COMPUTER PERIPHERALS,REGULAR AIR
242.46,0.02,237.6108,44,9.3,2.99,225.3208,HIGH,OFFICE SUPPLIES,BINDERS AND BINDER ACCESSORIES,REGULAR AIR
4001.4685,0.02,3921.4391299999997,22,884.91,3.0,3033.52913,HIGH,TECHNOLOGY,TELEPHONES AND COMMUNICATION,REGULAR AIR
954.57,0.03,925.9329,22,-380.9,34.2,1272.6329,HIGH,FURNITURE,OFFICE FURNISHINGS,REGULAR AIR
607.77,0.04,583.4592,10,232.0,10.84,340.6192,HIGH,FURNITURE,OFFICE FURNISHINGS,REGULAR AIR
1582.47,0.05,1503.3465,13,-205.02,56.14,1652.2265,MEDIUM,TECHNOLOGY,OFFICE MACHINES,DELIVERY TRUCK
6.93,0.01,6.8607,2,-4.64,2.56,8.9407,NOT SPECIFIED,OFFICE SUPPLIES,"SCISSORS, RULERS AND TRIMMERS",REGULAR AIR
2808.08,0.07,2611.5144,26,1054.82,5.81,1550.8844000000001,HIGH,FURNITURE,OFFICE FURNISHINGS,REGULAR AIR
160.2335,0.04,153.82416,23,-85.13,5.03,233.92416,HIGH,TECHNOLOGY,TELEPHONES AND COMMUNICATION,REGULAR AIR
1761.4,0.09,1602.874,24,-1748.56,89.3,3262.134,HIGH,FURNITURE,TABLES,DELIVERY TRUCK
43.29,0.09,39.3939,8,-20.69,4.86,55.2239,NOT SPECIFIED,OFFICE SUPPLIES,PAPER,REGULAR AIR
41.7,0.03,40.449000000000005,6,-14.56,5.37,49.63900000000001,NOT SPECIFIED,OFFICE SUPPLIES,PAPER,REGULAR AIR
199.76,0.07,185.77679999999998,37,20.0,1.99,163.78679999999997,HIGH,OFFICE SUPPLIES,PENS & ART SUPPLIES,REGULAR AIR
3872.87,0.03,3756.6839,23,565.34,30.0,3161.3439,HIGH,FURNITURE,CHAIRS & CHAIRMATS,DELIVERY TRUCK
102.95,0.06,96.773,30,-175.86,7.49,265.14300000000003,LOW,OFFICE SUPPLIES,PENS & ART SUPPLIES,EXPRESS AIR
356.72,0.07,331.74960000000004,9,12.61,1.99,317.1496,HIGH,TECHNOLOGY,COMPUTER PERIPHERALS,REGULAR AIR
158.7,0.04,152.35199999999998,40,-196.8,7.5,341.652,HIGH,OFFICE SUPPLIES,LABELS,REGULAR AIR
62.54,0.02,61.2892,3,-30.74,13.18,78.8492,CRITICAL,OFFICE SUPPLIES,BINDERS AND BINDER ACCESSORIES,REGULAR AIR
2750.107,0.0,2750.107,24,600.42,7.69,2141.997,CRITICAL,TECHNOLOGY,TELEPHONES AND COMMUNICATION,REGULAR AIR
1463.0965,0.0,1463.0965,14,162.67,2.5,1297.9265,NOT SPECIFIED,TECHNOLOGY,TELEPHONES AND COMMUNICATION,REGULAR AIR
246.3,0.02,241.37400000000002,38,-67.49,5.79,303.074,NOT SPECIFIED,OFFICE SUPPLIES,PAPER,REGULAR AIR
475.72,0.02,466.2056,22,-10.4,10.49,466.1156,CRITICAL,FURNITURE,OFFICE FURNISHINGS,REGULAR AIR
123.91,0.09,112.7581,15,39.04,0.96,72.75810000000001,CRITICAL,FURNITURE,OFFICE FURNISHINGS,REGULAR AIR
2841.4395,0.08,2614.12434,28,374.63,7.69,2231.8043399999997,MEDIUM,TECHNOLOGY,TELEPHONES AND COMMUNICATION,REGULAR AIR
65.81,0.01,65.1519,9,-15.44,5.19,75.4019,LOW,OFFICE SUPPLIES,PAPER,REGULAR AIR
152.44,0.08,140.2448,20,-16.64,3.68,153.20479999999998,CRITICAL,FURNITURE,OFFICE FURNISHINGS,REGULAR AIR
123.85,0.09,112.70349999999999,16,-71.44,6.5,177.6435,NOT SPECIFIED,OFFICE SUPPLIES,STORAGE & ORGANIZATION,REGULAR AIR
55.38,0.02,54.272400000000005,7,-25.95,7.37,72.8524,NOT SPECIFIED,OFFICE SUPPLIES,PAPER,REGULAR AIR
226.83,0.02,222.29340000000002,34,-92.05,6.6,307.7434,NOT SPECIFIED,OFFICE SUPPLIES,PAPER,REGULAR AIR
278.92,0.04,267.76320000000004,16,6.11,4.96,256.69320000000005,NOT SPECIFIED,OFFICE SUPPLIES,STORAGE & ORGANIZATION,REGULAR AIR
448.07,0.1,403.263,15,-141.02,8.65,535.633,CRITICAL,TECHNOLOGY,COMPUTER PERIPHERALS,REGULAR AIR
38.29,0.06,35.992599999999996,20,-16.15,1.63,50.51259999999999,CRITICAL,OFFICE SUPPLIES,PENS & ART SUPPLIES,REGULAR AIR
2564.45,0.01,2538.8055,32,650.73,13.99,1874.0855000000001,MEDIUM,OFFICE SUPPLIES,APPLIANCES,EXPRESS AIR
1079.19,0.07,1003.6467,12,46.8,39.61,917.2367,MEDIUM,FURNITURE,OFFICE FURNISHINGS,REGULAR AIR
19.05,0.04,18.288,3,-14.81,6.72,26.378,MEDIUM,OFFICE SUPPLIES,PAPER,REGULAR AIR
1141.37,0.04,1095.7151999999999,32,-0.14,19.99,1075.8652,NOT SPECIFIED,OFFICE SUPPLIES,PAPER,REGULAR AIR
522.62,0.02,512.1676,37,34.52,4.51,473.1376,LOW,OFFICE SUPPLIES,STORAGE & ORGANIZATION,REGULAR AIR
1449.301,0.06,1362.34294,48,432.38,1.25,928.71294,CRITICAL,TECHNOLOGY,TELEPHONES AND COMMUNICATION,REGULAR AIR
30.95,0.1,27.855,4,-16.48,6.22,38.115,CRITICAL,OFFICE SUPPLIES,PAPER,REGULAR AIR
46.4,0.08,42.688,16,-2.12,0.96,43.848,MEDIUM,OFFICE SUPPLIES,PENS & ART SUPPLIES,REGULAR AIR
286.9,0.06,269.686,34,-36.63,2.38,303.936,MEDIUM,TECHNOLOGY,COMPUTER PERIPHERALS,REGULAR AIR
72.0035,0.04,69.12336,4,-108.08,2.5,174.70336,CRITICAL,TECHNOLOGY,TELEPHONES AND COMMUNICATION,REGULAR AIR
120.3,0.01,119.097,20,20.38,1.2,97.517,LOW,OFFICE SUPPLIES,PENS & ART SUPPLIES,REGULAR AIR
822.3495,0.1,740.11455,8,-360.31,8.8,1091.62455,CRITICAL,TECHNOLOGY,TELEPHONES AND COMMUNICATION,EXPRESS AIR
89.41,0.01,88.5159,46,-21.49,0.76,109.24589999999999,HIGH,OFFICE SUPPLIES,RUBBER BANDS,REGULAR AIR
53.55,0.07,49.8015,7,-43.5,9.68,83.6215,MEDIUM,OFFICE SUPPLIES,PAPER,REGULAR AIR
1527.42,0.04,1466.3232,25,326.4,19.99,1119.9332,LOW,OFFICE SUPPLIES,ENVELOPES,REGULAR AIR
123.16,0.1,110.844,26,45.79,0.8,64.25399999999999,CRITICAL,OFFICE SUPPLIES,PAPER,REGULAR AIR
165.04,0.08,151.83679999999998,10,-66.59,13.18,205.24679999999998,NOT SPECIFIED,OFFICE SUPPLIES,BINDERS AND BINDER ACCESSORIES,EXPRESS AIR
3633.03,0.09,3306.0573000000004,33,1440.27,9.07,1856.7173000000003,LOW,OFFICE SUPPLIES,BINDERS AND BINDER ACCESSORIES,REGULAR AIR
1222.59,0.02,1198.1381999999999,29,501.99,1.99,694.1581999999999,CRITICAL,TECHNOLOGY,COMPUTER PERIPHERALS,REGULAR AIR
2912.015,0.09,2649.93365,37,698.17,4.9,1946.8636499999998,CRITICAL,TECHNOLOGY,TELEPHONES AND COMMUNICATION,REGULAR AIR
81.9,0.08,75.348,12,-23.52,5.2,93.66799999999999,LOW,OFFICE SUPPLIES,PAPER,REGULAR AIR
74.02,0.02,72.5396,14,-2.91,3.63,71.8196,LOW,FURNITURE,OFFICE FURNISHINGS,REGULAR AIR
1276.17,0.0,1276.17,22,564.22,6.79,705.1600000000001,LOW,OFFICE SUPPLIES,PAPER,REGULAR AIR
823.13,0.0,823.13,41,384.51,1.49,437.13,NOT SPECIFIED,OFFICE SUPPLIES,BINDERS AND BINDER ACCESSORIES,REGULAR AIR
569.61,0.02,558.2178,30,-48.44,4.0,602.6578,NOT SPECIFIED,TECHNOLOGY,COMPUTER PERIPHERALS,REGULAR AIR
75.06,0.09,68.30460000000001,27,26.13,0.5,41.67460000000001,NOT SPECIFIED,OFFICE SUPPLIES,LABELS,REGULAR AIR
225.13,0.01,222.8787,46,-205.75,7.24,421.3887,NOT SPECIFIED,FURNITURE,OFFICE FURNISHINGS,EXPRESS AIR
121.73,0.01,120.51270000000001,23,-69.07,6.07,183.5127,CRITICAL,OFFICE SUPPLIES,PAPER,REGULAR AIR
2072.12,0.04,1989.2351999999998,49,365.23,8.99,1615.0151999999998,NOT SPECIFIED,OFFICE SUPPLIES,PENS & ART SUPPLIES,EXPRESS AIR
151.19,0.06,142.1186,33,-13.45,0.7,154.8686,NOT SPECIFIED,OFFICE SUPPLIES,RUBBER BANDS,REGULAR AIR
226.882,0.01,224.61318,2,-582.65,8.99,798.2731799999999,HIGH,TECHNOLOGY,TELEPHONES AND COMMUNICATION,REGULAR AIR
398.86,0.08,366.95120000000003,46,-26.45,5.6,387.8012,MEDIUM,OFFICE SUPPLIES,BINDERS AND BINDER ACCESSORIES,REGULAR AIR
28.59,0.05,27.1605,5,-14.33,4.7,36.7905,MEDIUM,OFFICE SUPPLIES,PAPER,REGULAR AIR
109.18,0.09,99.3538,44,37.17,0.5,61.683800000000005,MEDIUM,OFFICE SUPPLIES,LABELS,REGULAR AIR
65.85,0.07,61.2405,19,3.9,0.98,56.3605,MEDIUM,OFFICE SUPPLIES,PENS & ART SUPPLIES,EXPRESS AIR
181.5,0.08,166.98,43,-6.24,2.5,170.72,CRITICAL,OFFICE SUPPLIES,ENVELOPES,REGULAR AIR
207.55,0.08,190.946,4,16.23,2.5,172.216,LOW,OFFICE SUPPLIES,ENVELOPES,REGULAR AIR
194.174,0.03,188.34878,11,-20.91,0.99,208.26878,NOT SPECIFIED,TECHNOLOGY,TELEPHONES AND COMMUNICATION,REGULAR AIR
49.23,0.01,48.7377,21,-77.71,4.77,121.67769999999999,HIGH,OFFICE SUPPLIES,BINDERS AND BINDER ACCESSORIES,REGULAR AIR
657.94,0.09,598.7254,49,7.35,7.17,584.2054,LOW,OFFICE SUPPLIES,BINDERS AND BINDER ACCESSORIES,REGULAR AIR
1270.73,0.08,1169.0716,19,-425.72,30.0,1564.7916,LOW,FURNITURE,CHAIRS & CHAIRMATS,DELIVERY TRUCK
243.05,0.02,238.18900000000002,39,-70.85,5.35,303.689,CRITICAL,OFFICE SUPPLIES,PAPER,REGULAR AIR
1768.969,0.0,1768.969,31,341.1,5.99,1421.879,HIGH,TECHNOLOGY,TELEPHONES AND COMMUNICATION,EXPRESS AIR
210.06,0.08,193.2552,34,-135.0,7.37,320.8852,LOW,OFFICE SUPPLIES,PAPER,REGULAR AIR
6325.65,0.02,6199.137,45,114.46,28.63,6056.047,NOT SPECIFIED,FURNITURE,CHAIRS & CHAIRMATS,DELIVERY TRUCK
763.85,0.09,695.1035,22,-126.6,7.53,814.1735000000001,LOW,TECHNOLOGY,COMPUTER PERIPHERALS,REGULAR AIR
1158.45,0.1,1042.605,29,267.16,4.5,770.9449999999999,NOT SPECIFIED,OFFICE SUPPLIES,APPLIANCES,REGULAR AIR
12.59,0.02,12.3382,2,-5.92,0.5,17.758200000000002,LOW,OFFICE SUPPLIES,LABELS,REGULAR AIR
186.79,0.09,169.97889999999998,30,-88.6,6.35,252.22889999999998,HIGH,OFFICE SUPPLIES,PAPER,REGULAR AIR
31.18,0.0,31.18,4,-17.16,5.22,43.120000000000005,CRITICAL,FURNITURE,OFFICE FURNISHINGS,REGULAR AIR
21.99,0.02,21.550199999999997,8,4.63,0.5,16.420199999999998,CRITICAL,OFFICE SUPPLIES,LABELS,REGULAR AIR
438.07,0.0,438.07,37,12.06,4.5,421.51,NOT SPECIFIED,OFFICE SUPPLIES,APPLIANCES,EXPRESS AIR
116.37,0.03,112.8789,19,-32.6,5.3,140.1789,NOT SPECIFIED,OFFICE SUPPLIES,ENVELOPES,REGULAR AIR
2339.64,0.1,2105.676,35,-1916.71,69.0,3953.386,HIGH,FURNITURE,TABLES,REGULAR AIR
519.96,0.07,483.56280000000004,26,169.44,2.99,311.13280000000003,MEDIUM,OFFICE SUPPLIES,BINDERS AND BINDER ACCESSORIES,REGULAR AIR
2951.438,0.0,2951.438,26,667.28,8.99,2275.1680000000006,NOT SPECIFIED,TECHNOLOGY,TELEPHONES AND COMMUNICATION,REGULAR AIR
50.19,0.08,46.1748,13,-64.39,6.83,103.7348,CRITICAL,OFFICE SUPPLIES,BINDERS AND BINDER ACCESSORIES,REGULAR AIR
2568.71,0.1,2311.839,43,590.77,19.99,1701.0790000000002,NOT SPECIFIED,OFFICE SUPPLIES,ENVELOPES,REGULAR AIR
4361.6985,0.05,4143.613575,26,1069.79,4.2,3069.6235750000005,HIGH,TECHNOLOGY,TELEPHONES AND COMMUNICATION,REGULAR AIR
184.35,0.07,171.44549999999998,22,11.95,1.99,157.50549999999998,MEDIUM,TECHNOLOGY,COMPUTER PERIPHERALS,REGULAR AIR
6637.63,0.03,6438.5011,46,1487.94,17.85,4932.7111,NOT SPECIFIED,TECHNOLOGY,OFFICE MACHINES,DELIVERY TRUCK
928.9055,0.06,873.17117,13,-23.93,2.79,894.31117,NOT SPECIFIED,TECHNOLOGY,TELEPHONES AND COMMUNICATION,REGULAR AIR
281.17,0.01,278.35830000000004,38,-78.37,6.05,350.67830000000004,NOT SPECIFIED,OFFICE SUPPLIES,BINDERS AND BINDER ACCESSORIES,REGULAR AIR
194.65,0.05,184.91750000000002,10,-3.78,9.03,179.66750000000002,NOT SPECIFIED,OFFICE SUPPLIES,PAPER,REGULAR AIR
2022.18,0.09,1840.1838,20,594.44,21.26,1224.4838,NOT SPECIFIED,FURNITURE,OFFICE FURNISHINGS,EXPRESS AIR
351.06,0.02,344.0388,9,-306.32,35.0,615.3588,NOT SPECIFIED,OFFICE SUPPLIES,STORAGE & ORGANIZATION,REGULAR AIR
42.27,0.01,41.847300000000004,13,4.56,0.93,36.3573,HIGH,OFFICE SUPPLIES,PENS & ART SUPPLIES,EXPRESS AIR
154.45,0.09,140.5495,14,-2.31,3.37,139.4895,NOT SPECIFIED,OFFICE SUPPLIES,"SCISSORS, RULERS AND TRIMMERS",REGULAR AIR
455.08,0.04,436.8768,5,27.8,19.99,389.0868,MEDIUM,OFFICE SUPPLIES,ENVELOPES,REGULAR AIR
239.49,0.04,229.9104,23,-159.35,12.52,376.7404,NOT SPECIFIED,FURNITURE,OFFICE FURNISHINGS,REGULAR AIR
1819.153,0.02,1782.7699400000001,14,-35.5,8.99,1809.2799400000001,NOT SPECIFIED,TECHNOLOGY,TELEPHONES AND COMMUNICATION,REGULAR AIR
816.11,0.04,783.4656,43,66.14,9.54,707.7856,NOT SPECIFIED,OFFICE SUPPLIES,PAPER,REGULAR AIR
6785.86,0.05,6446.567,27,-740.07,62.74,7123.897,CRITICAL,FURNITURE,TABLES,DELIVERY TRUCK
127.16,0.1,114.44399999999999,20,-74.03,6.92,181.55399999999997,LOW,OFFICE SUPPLIES,PAPER,REGULAR AIR
2580.67,0.1,2322.603,21,-1050.77,70.2,3303.1730000000002,CRITICAL,FURNITURE,CHAIRS & CHAIRMATS,DELIVERY TRUCK
121.26,0.0,121.26,3,-12.52,7.5,126.28,CRITICAL,OFFICE SUPPLIES,PAPER,REGULAR AIR
955.46,0.03,926.7962,19,-79.05,6.5,999.3462,CRITICAL,TECHNOLOGY,COMPUTER PERIPHERALS,REGULAR AIR
3236.8,0.08,2977.856,14,501.69,23.78,2452.386,LOW,FURNITURE,TABLES,DELIVERY TRUCK
1383.2,0.01,1369.368,18,-23.44,12.14,1380.668,MEDIUM,TECHNOLOGY,COMPUTER PERIPHERALS,REGULAR AIR
1793.24,0.01,1775.3076,36,739.36,5.1,1030.8476,CRITICAL,OFFICE SUPPLIES,APPLIANCES,REGULAR AIR
143.667,0.09,130.73697,2,-363.55,1.25,493.03697,CRITICAL,TECHNOLOGY,TELEPHONES AND COMMUNICATION,REGULAR AIR
25.27,0.01,25.0173,5,-19.93,5.13,39.8173,MEDIUM,OFFICE SUPPLIES,APPLIANCES,REGULAR AIR
507.5605,0.04,487.25808,6,-258.23,4.9,740.58808,MEDIUM,TECHNOLOGY,TELEPHONES AND COMMUNICATION,REGULAR AIR
128.13,0.09,116.5983,42,32.53,0.99,83.0783,LOW,OFFICE SUPPLIES,LABELS,REGULAR AIR
441.8045,0.03,428.550365,8,-201.49,7.69,622.350365,LOW,TECHNOLOGY,TELEPHONES AND COMMUNICATION,REGULAR AIR
835.11,0.0,835.11,31,213.79,8.99,612.33,MEDIUM,FURNITURE,OFFICE FURNISHINGS,REGULAR AIR
54.52,0.01,53.9748,10,-20.57,4.72,69.82480000000001,MEDIUM,OFFICE SUPPLIES,PAPER,REGULAR AIR
10.17,0.02,9.9666,1,-4.09,2.04,12.0166,LOW,OFFICE SUPPLIES,PAPER,EXPRESS AIR
2632.4755,0.01,2606.150745,34,1325.82,3.3,1277.0307449999998,MEDIUM,TECHNOLOGY,TELEPHONES AND COMMUNICATION,REGULAR AIR
23.58,0.09,21.4578,4,-2.87,0.83,23.4978,LOW,OFFICE SUPPLIES,PENS & ART SUPPLIES,REGULAR AIR
1272.35,0.0,1272.35,12,297.57,7.18,967.5999999999999,MEDIUM,TECHNOLOGY,COMPUTER PERIPHERALS,REGULAR AIR
4000.35,0.07,3720.3255,26,303.39,30.0,3386.9355,MEDIUM,FURNITURE,CHAIRS & CHAIRMATS,DELIVERY TRUCK
1823.02,0.04,1750.0991999999999,19,80.8,39.61,1629.6892,LOW,FURNITURE,OFFICE FURNISHINGS,EXPRESS AIR
74.02,0.04,71.05919999999999,26,8.13,0.7,62.229199999999985,LOW,OFFICE SUPPLIES,PENS & ART SUPPLIES,REGULAR AIR
2252.976,0.02,2207.9164800000003,13,-54.36,8.99,2253.2864800000007,LOW,TECHNOLOGY,TELEPHONES AND COMMUNICATION,REGULAR AIR
495.32,0.05,470.554,5,-72.73,15.66,527.6239999999999,MEDIUM,OFFICE SUPPLIES,APPLIANCES,DELIVERY TRUCK
967.41,0.03,938.3877,26,26.64,19.99,891.7577,MEDIUM,OFFICE SUPPLIES,PAPER,REGULAR AIR
170.81,0.1,153.729,43,-133.68,5.17,282.23900000000003,LOW,OFFICE SUPPLIES,PAPER,REGULAR AIR
520.13,0.1,468.11699999999996,29,127.55,5.21,335.35699999999997,HIGH,OFFICE SUPPLIES,PAPER,REGULAR AIR
926.65,0.01,917.3835,35,-75.38,5.89,986.8735,CRITICAL,TECHNOLOGY,COMPUTER PERIPHERALS,REGULAR AIR
20.21,0.0,20.21,9,-5.14,1.49,23.860000000000003,MEDIUM,OFFICE SUPPLIES,BINDERS AND BINDER ACCESSORIES,REGULAR AIR
143.1,0.01,141.66899999999998,23,36.75,1.49,103.42899999999997,MEDIUM,OFFICE SUPPLIES,BINDERS AND BINDER ACCESSORIES,REGULAR AIR
795.52,0.08,731.8783999999999,36,290.64,1.99,439.24839999999995,MEDIUM,TECHNOLOGY,COMPUTER PERIPHERALS,REGULAR AIR
126.36,0.02,123.8328,44,50.26,0.5,73.0728,MEDIUM,OFFICE SUPPLIES,LABELS,REGULAR AIR
496.62,0.07,461.8566,24,49.86,10.49,401.5066,MEDIUM,FURNITURE,OFFICE FURNISHINGS,EXPRESS AIR
43.29,0.03,41.9913,4,-0.36,10.16,32.191300000000005,LOW,FURNITURE,OFFICE FURNISHINGS,REGULAR AIR
337.2035,0.09,306.855185,9,-120.93,4.99,422.795185,NOT SPECIFIED,TECHNOLOGY,TELEPHONES AND COMMUNICATION,REGULAR AIR
4726.595,0.05,4490.26525,31,1176.48,4.99,3308.7952500000006,LOW,TECHNOLOGY,TELEPHONES AND COMMUNICATION,EXPRESS AIR
111.83,0.07,104.00189999999999,34,-92.16,3.97,192.19189999999998,NOT SPECIFIED,OFFICE SUPPLIES,PENS & ART SUPPLIES,REGULAR AIR
77.01,0.02,75.4698,12,-19.04,4.96,89.5498,NOT SPECIFIED,OFFICE SUPPLIES,PAPER,REGULAR AIR
6552.9,0.1,5897.61,23,-461.45,54.12,6304.94,NOT SPECIFIED,FURNITURE,TABLES,DELIVERY TRUCK
209.63,0.01,207.53369999999998,35,43.53,1.2,162.8037,CRITICAL,OFFICE SUPPLIES,PENS & ART SUPPLIES,REGULAR AIR
1991.8985,0.07,1852.465605,20,88.36,7.69,1756.4156050000001,NOT SPECIFIED,TECHNOLOGY,TELEPHONES AND COMMUNICATION,REGULAR AIR
316.99,0.04,304.3104,47,-276.54,8.37,572.4804,NOT SPECIFIED,OFFICE SUPPLIES,"SCISSORS, RULERS AND TRIMMERS",REGULAR AIR
226.41,0.05,215.0895,34,-164.89,8.73,371.2495,CRITICAL,OFFICE SUPPLIES,PAPER,REGULAR AIR
10462.54,0.02,10253.289200000001,48,-1402.68,69.64,11586.329200000002,MEDIUM,FURNITURE,TABLES,DELIVERY TRUCK
1029.8855,0.06,968.0923700000001,6,-620.83,8.99,1579.93237,CRITICAL,TECHNOLOGY,TELEPHONES AND COMMUNICATION,EXPRESS AIR
299.94,0.06,281.9436,45,38.74,2.99,240.21359999999999,HIGH,OFFICE SUPPLIES,BINDERS AND BINDER ACCESSORIES,REGULAR AIR
2799.7,0.04,2687.712,47,884.08,3.99,1799.6420000000003,MEDIUM,OFFICE SUPPLIES,APPLIANCES,REGULAR AIR
3780.16,0.1,3402.144,46,1265.82,14.0,2122.3239999999996,MEDIUM,TECHNOLOGY,OFFICE MACHINES,DELIVERY TRUCK
149.31,0.06,140.3514,23,-98.42,7.81,230.96140000000003,LOW,OFFICE SUPPLIES,PAPER,REGULAR AIR
53.01,0.08,48.7692,5,3.85,1.79,43.1292,HIGH,OFFICE SUPPLIES,PAPER,REGULAR AIR
44.64,0.03,43.3008,7,2.08,1.2,40.0208,HIGH,OFFICE SUPPLIES,PENS & ART SUPPLIES,EXPRESS AIR
1289.62,0.03,1250.9314,41,432.52,1.1,817.3114,HIGH,TECHNOLOGY,TELEPHONES AND COMMUNICATION,REGULAR AIR
313.52,0.05,297.844,48,-254.68,9.17,543.354,HIGH,OFFICE SUPPLIES,PAPER,REGULAR AIR
2587.53,0.02,2535.7794000000004,44,401.85,6.55,2127.3794000000003,NOT SPECIFIED,TECHNOLOGY,COMPUTER PERIPHERALS,REGULAR AIR
312.26,0.08,287.2792,41,-10.38,4.71,292.9492,MEDIUM,OFFICE SUPPLIES,BINDERS AND BINDER ACCESSORIES,REGULAR AIR
4152.55,0.03,4027.9735,40,813.33,24.49,3190.1535000000003,MEDIUM,FURNITURE,OFFICE FURNISHINGS,REGULAR AIR
894.51,0.08,822.9492,43,294.21,1.99,526.7492,HIGH,TECHNOLOGY,COMPUTER PERIPHERALS,REGULAR AIR
164.02,0.03,159.0994,23,-47.64,6.15,200.5894,NOT SPECIFIED,OFFICE SUPPLIES,PAPER,EXPRESS AIR
136.81,0.01,135.4419,23,-30.51,3.6,162.3519,NOT SPECIFIED,OFFICE SUPPLIES,"SCISSORS, RULERS AND TRIMMERS",REGULAR AIR
1784.048,0.05,1694.8456,31,394.45,3.99,1296.4056,MEDIUM,TECHNOLOGY,TELEPHONES AND COMMUNICATION,REGULAR AIR
4701.69,0.0,4701.69,26,1148.9,2.5,3550.2899999999995,NOT SPECIFIED,TECHNOLOGY,TELEPHONES AND COMMUNICATION,EXPRESS AIR
109.87,0.05,104.37650000000001,21,-98.17,7.54,195.00650000000002,CRITICAL,OFFICE SUPPLIES,PAPER,REGULAR AIR
816.65,0.09,743.1514999999999,37,-182.8,16.87,909.0815,CRITICAL,OFFICE SUPPLIES,PAPER,REGULAR AIR
55.68,0.1,50.112,7,-7.4,5.15,52.362,MEDIUM,OFFICE SUPPLIES,PAPER,EXPRESS AIR
14588.28,0.06,13712.9832,47,861.78,91.05,12760.1532,MEDIUM,OFFICE SUPPLIES,APPLIANCES,DELIVERY TRUCK
2675.08,0.07,2487.8244,27,489.58,24.49,1973.7544000000003,MEDIUM,FURNITURE,OFFICE FURNISHINGS,EXPRESS AIR
22.85,0.07,21.250500000000002,8,0.88,0.99,19.380500000000005,MEDIUM,OFFICE SUPPLIES,LABELS,REGULAR AIR
280.45,0.1,252.40499999999997,47,-143.65,6.35,389.705,MEDIUM,OFFICE SUPPLIES,PAPER,REGULAR AIR
481.23,0.07,447.5439,50,-409.24,12.52,844.2639,LOW,FURNITURE,OFFICE FURNISHINGS,REGULAR AIR
265.39,0.1,238.851,41,-237.01,9.54,466.321,LOW,OFFICE SUPPLIES,PAPER,REGULAR AIR
1482.01,0.02,1452.3698,46,709.33,1.49,741.5497999999999,MEDIUM,OFFICE SUPPLIES,BINDERS AND BINDER ACCESSORIES,REGULAR AIR
56.5,0.02,55.37,8,-17.16,5.19,67.34,LOW,OFFICE SUPPLIES,PAPER,REGULAR AIR
388.9,0.1,350.01,37,-37.11,4.5,382.62,CRITICAL,OFFICE SUPPLIES,APPLIANCES,REGULAR AIR
172.01,0.06,161.68939999999998,26,27.47,1.56,132.65939999999998,HIGH,OFFICE SUPPLIES,PENS & ART SUPPLIES,EXPRESS AIR
2268.91,0.02,2223.5317999999997,26,-624.29,55.81,2792.0117999999998,LOW,FURNITURE,BOOKCASES,DELIVERY TRUCK
2337.89,0.09,2127.4799,43,729.34,14.3,1383.8398999999995,MEDIUM,OFFICE SUPPLIES,PAPER,EXPRESS AIR
314.34,0.03,304.90979999999996,48,-130.5,6.6,428.80979999999994,CRITICAL,OFFICE SUPPLIES,PAPER,REGULAR AIR
113.33,0.07,105.3969,42,-0.4,1.49,104.30690000000001,MEDIUM,OFFICE SUPPLIES,BINDERS AND BINDER ACCESSORIES,REGULAR AIR
603.69,0.0,603.69,47,131.39,4.86,467.44000000000005,MEDIUM,OFFICE SUPPLIES,PAPER,EXPRESS AIR
10318.72,0.01,10215.532799999999,43,1445.36,60.2,8709.972799999998,LOW,FURNITURE,BOOKCASES,DELIVERY TRUCK
91.75,0.07,85.3275,14,2.82,2.99,79.51750000000001,CRITICAL,OFFICE SUPPLIES,BINDERS AND BINDER ACCESSORIES,REGULAR AIR
346.57,0.0,346.57,31,-116.45,6.5,456.52,CRITICAL,TECHNOLOGY,COMPUTER PERIPHERALS,REGULAR AIR
82.93,0.08,76.29560000000001,38,-10.32,1.38,85.2356,CRITICAL,OFFICE SUPPLIES,RUBBER BANDS,REGULAR AIR
323.96,0.07,301.28279999999995,40,-136.82,7.96,430.14279999999997,NOT SPECIFIED,FURNITURE,OFFICE FURNISHINGS,REGULAR AIR
175.8565,0.03,170.580805,10,-93.26,1.25,262.590805,NOT SPECIFIED,TECHNOLOGY,TELEPHONES AND COMMUNICATION,REGULAR AIR
189.04,0.03,183.3688,30,66.28,1.34,115.74879999999999,LOW,OFFICE SUPPLIES,PAPER,REGULAR AIR
1333.19,0.01,1319.8581000000001,22,331.48,12.23,976.1481000000001,LOW,FURNITURE,OFFICE FURNISHINGS,REGULAR AIR
3232.1335,0.05,3070.526825,40,696.95,8.99,2364.5868250000003,LOW,TECHNOLOGY,TELEPHONES AND COMMUNICATION,REGULAR AIR
685.7205,0.08,630.86286,7,-278.87,2.5,907.23286,LOW,TECHNOLOGY,TELEPHONES AND COMMUNICATION,REGULAR AIR
247.45,0.0,247.45,22,-133.18,12.52,368.11,LOW,FURNITURE,OFFICE FURNISHINGS,REGULAR AIR
129.9,0.02,127.302,13,-63.51,9.86,180.952,NOT SPECIFIED,OFFICE SUPPLIES,PAPER,REGULAR AIR
1587.59,0.08,1460.5828,42,651.74,3.04,805.8027999999999,LOW,FURNITURE,OFFICE FURNISHINGS,REGULAR AIR
109.2,0.03,105.924,15,-50.27,7.37,148.824,NOT SPECIFIED,OFFICE SUPPLIES,PAPER,REGULAR AIR
5964.19,0.1,5367.771,33,988.2,24.49,4355.081,NOT SPECIFIED,TECHNOLOGY,COPIERS AND FAX,REGULAR AIR
234.09,0.01,231.7491,20,-11.69,5.16,238.2791,CRITICAL,FURNITURE,OFFICE FURNISHINGS,EXPRESS AIR
57.96,0.06,54.4824,17,-47.32,3.97,97.8324,CRITICAL,OFFICE SUPPLIES,PENS & ART SUPPLIES,REGULAR AIR
1418.956,0.09,1291.2499599999999,9,-447.41,4.2,1734.45996,LOW,TECHNOLOGY,TELEPHONES AND COMMUNICATION,REGULAR AIR
269.14,0.1,242.226,8,-160.72,9.02,393.926,MEDIUM,TECHNOLOGY,COMPUTER PERIPHERALS,REGULAR AIR
214.94,0.06,202.0436,12,26.75,1.99,173.3036,HIGH,TECHNOLOGY,COMPUTER PERIPHERALS,REGULAR AIR
88.24,0.01,87.35759999999999,16,-56.6,4.62,139.33759999999998,MEDIUM,TECHNOLOGY,COMPUTER PERIPHERALS,REGULAR AIR
4878.64,0.03,4732.2808,31,-519.94,66.27,5185.9508000000005,NOT SPECIFIED,FURNITURE,BOOKCASES,DELIVERY TRUCK
2288.642,0.05,2174.2099,32,519.59,2.79,1651.8298999999997,NOT SPECIFIED,TECHNOLOGY,TELEPHONES AND COMMUNICATION,REGULAR AIR
173.47,0.05,164.7965,39,-4.96,1.93,167.8265,LOW,OFFICE SUPPLIES,PENS & ART SUPPLIES,REGULAR AIR
295.97,0.02,290.05060000000003,31,5.02,5.6,279.4306,NOT SPECIFIED,OFFICE SUPPLIES,BINDERS AND BINDER ACCESSORIES,REGULAR AIR
82.43,0.04,79.1328,19,-94.76,6.89,167.0028,NOT SPECIFIED,OFFICE SUPPLIES,APPLIANCES,REGULAR AIR
2832.88,0.01,2804.5512,48,668.96,8.8,2126.7911999999997,LOW,TECHNOLOGY,TELEPHONES AND COMMUNICATION,REGULAR AIR
98.88,0.07,91.9584,21,36.01,0.99,54.958400000000005,LOW,OFFICE SUPPLIES,LABELS,EXPRESS AIR
255.65,0.0,255.65,47,-148.8,5.71,398.74,CRITICAL,FURNITURE,OFFICE FURNISHINGS,REGULAR AIR
113.98,0.1,102.58200000000001,48,21.29,0.8,80.49200000000002,NOT SPECIFIED,OFFICE SUPPLIES,RUBBER BANDS,REGULAR AIR
88.94,0.05,84.493,5,-47.54,7.04,124.993,NOT SPECIFIED,OFFICE SUPPLIES,STORAGE & ORGANIZATION,REGULAR AIR
2193.93,0.09,1996.4762999999998,10,41.83,24.49,1930.1562999999999,MEDIUM,FURNITURE,CHAIRS & CHAIRMATS,REGULAR AIR
812.498,0.0,812.498,11,128.95,1.25,682.298,MEDIUM,TECHNOLOGY,TELEPHONES AND COMMUNICATION,EXPRESS AIR
4657.6515,0.06,4378.19241,37,1242.85,3.9,3131.44241,MEDIUM,TECHNOLOGY,TELEPHONES AND COMMUNICATION,REGULAR AIR
2700.78,0.06,2538.7332,29,-793.36,58.2,3273.8932000000004,CRITICAL,FURNITURE,CHAIRS & CHAIRMATS,DELIVERY TRUCK
94.5,0.02,92.61,29,39.9,0.5,52.21,NOT SPECIFIED,OFFICE SUPPLIES,LABELS,REGULAR AIR
168.99,0.08,155.4708,8,-47.37,4.0,198.8408,CRITICAL,TECHNOLOGY,COMPUTER PERIPHERALS,REGULAR AIR
2045.066,0.07,1901.91138,14,-4.68,8.99,1897.60138,MEDIUM,TECHNOLOGY,TELEPHONES AND COMMUNICATION,REGULAR AIR
26.41,0.05,25.0895,4,-16.53,5.74,35.8795,MEDIUM,OFFICE SUPPLIES,BINDERS AND BINDER ACCESSORIES,REGULAR AIR
322.82,0.05,306.679,35,-17.58,3.98,320.27899999999994,LOW,OFFICE SUPPLIES,"SCISSORS, RULERS AND TRIMMERS",REGULAR AIR
4233.15,0.08,3894.4979999999996,35,1219.87,26.3,2648.3279999999995,LOW,TECHNOLOGY,OFFICE MACHINES,DELIVERY TRUCK
54.61,0.08,50.2412,11,14.99,0.88,34.371199999999995,HIGH,OFFICE SUPPLIES,PAPER,EXPRESS AIR
25.84,0.04,24.8064,6,-4.13,4.86,24.0764,MEDIUM,FURNITURE,OFFICE FURNISHINGS,EXPRESS AIR
129.53,0.06,121.7582,24,33.01,1.39,87.35820000000001,MEDIUM,OFFICE SUPPLIES,ENVELOPES,REGULAR AIR
1767.47,0.05,1679.0965,42,331.56,17.48,1330.0565000000001,MEDIUM,OFFICE SUPPLIES,PAPER,REGULAR AIR
21.03,0.03,20.3991,2,-10.48,2.99,27.889100000000003,NOT SPECIFIED,OFFICE SUPPLIES,BINDERS AND BINDER ACCESSORIES,REGULAR AIR
1836.06,0.04,1762.6176,39,437.07,4.5,1321.0476,NOT SPECIFIED,OFFICE SUPPLIES,APPLIANCES,REGULAR AIR
1276.73,0.08,1174.5916,47,357.23,8.55,808.8116,MEDIUM,FURNITURE,OFFICE FURNISHINGS,EXPRESS AIR
754.92,0.0,754.92,7,-129.57,19.99,864.5,HIGH,TECHNOLOGY,OFFICE MACHINES,REGULAR AIR
61.02,0.0,61.02,19,-71.04,5.44,126.62,MEDIUM,OFFICE SUPPLIES,BINDERS AND BINDER ACCESSORIES,REGULAR AIR
878.77,0.08,808.4684,31,373.52,1.49,433.4584,MEDIUM,OFFICE SUPPLIES,BINDERS AND BINDER ACCESSORIES,REGULAR AIR
22.89,0.08,21.0588,6,-2.66,1.49,22.228800000000003,LOW,OFFICE SUPPLIES,BINDERS AND BINDER ACCESSORIES,REGULAR AIR
271.85,0.03,263.6945,18,109.19,1.39,153.11450000000002,LOW,OFFICE SUPPLIES,ENVELOPES,REGULAR AIR
12719.7,0.03,12338.109,46,-545.82,57.0,12826.929,HIGH,FURNITURE,CHAIRS & CHAIRMATS,DELIVERY TRUCK
109.78,0.03,106.4866,48,4.48,1.2,100.80659999999999,HIGH,OFFICE SUPPLIES,PENS & ART SUPPLIES,REGULAR AIR
561.66,0.07,522.3438,26,-111.33,15.1,618.5738,HIGH,OFFICE SUPPLIES,BINDERS AND BINDER ACCESSORIES,REGULAR AIR
1851.62,0.09,1684.9741999999999,19,-220.84,35.84,1869.9741999999999,HIGH,FURNITURE,BOOKCASES,DELIVERY TRUCK
2453.3,0.05,2330.635,24,-111.4,35.84,2406.195,MEDIUM,FURNITURE,BOOKCASES,DELIVERY TRUCK
507.64,0.04,487.33439999999996,46,42.76,3.37,441.20439999999996,HIGH,OFFICE SUPPLIES,"SCISSORS, RULERS AND TRIMMERS",REGULAR AIR
147.02,0.02,144.0796,29,-77.03,5.49,215.6196,MEDIUM,OFFICE SUPPLIES,PAPER,REGULAR AIR
1558.9425,0.02,1527.76365,50,548.44,1.1,978.2236500000001,CRITICAL,TECHNOLOGY,TELEPHONES AND COMMUNICATION,REGULAR AIR
257.39,0.08,236.79879999999997,48,-121.91,5.57,353.13879999999995,MEDIUM,OFFICE SUPPLIES,PAPER,REGULAR AIR
163.54,0.03,158.63379999999998,36,-95.06,5.04,248.6538,HIGH,OFFICE SUPPLIES,BINDERS AND BINDER ACCESSORIES,EXPRESS AIR
2390.54,0.08,2199.2968,31,756.1,5.5,1437.6968000000002,HIGH,TECHNOLOGY,COMPUTER PERIPHERALS,REGULAR AIR
4644.87,0.08,4273.2804,48,-1291.39,60.0,5504.6704,LOW,FURNITURE,TABLES,DELIVERY TRUCK
38.96,0.06,36.6224,9,0.37,0.94,35.312400000000004,LOW,OFFICE SUPPLIES,PENS & ART SUPPLIES,REGULAR AIR
978.4,0.07,909.912,38,-211.58,14.36,1107.132,LOW,FURNITURE,CHAIRS & CHAIRMATS,DELIVERY TRUCK
5126.418,0.03,4972.625459999999,47,1557.64,2.5,3412.485459999999,LOW,TECHNOLOGY,TELEPHONES AND COMMUNICATION,REGULAR AIR
82.12,0.07,76.3716,23,-121.59,6.83,191.1316,MEDIUM,OFFICE SUPPLIES,BINDERS AND BINDER ACCESSORIES,REGULAR AIR
301.36,0.09,274.23760000000004,39,48.45,2.87,222.91760000000005,LOW,OFFICE SUPPLIES,PAPER,REGULAR AIR
5347.9875,0.01,5294.507625,31,1332.44,4.2,3957.8676250000003,NOT SPECIFIED,TECHNOLOGY,TELEPHONES AND COMMUNICATION,REGULAR AIR
322.47,0.09,293.44770000000005,43,72.28,2.5,218.66770000000005,NOT SPECIFIED,OFFICE SUPPLIES,ENVELOPES,EXPRESS AIR
1488.66,0.0,1488.66,49,385.37,7.87,1095.42,MEDIUM,FURNITURE,OFFICE FURNISHINGS,REGULAR AIR
2200.64,0.05,2090.6079999999997,25,-514.18,42.0,2562.7879999999996,NOT SPECIFIED,FURNITURE,CHAIRS & CHAIRMATS,DELIVERY TRUCK
1041.66,0.02,1020.8268,34,480.53,1.49,538.8068000000001,LOW,OFFICE SUPPLIES,BINDERS AND BINDER ACCESSORIES,EXPRESS AIR
10071.09,0.1,9063.981,41,1977.69,17.86,7068.430999999999,HIGH,TECHNOLOGY,OFFICE MACHINES,DELIVERY TRUCK
392.57,0.04,376.86719999999997,23,22.25,8.13,346.4872,MEDIUM,OFFICE SUPPLIES,ENVELOPES,REGULAR AIR
823.78,0.03,799.0666,37,343.05,5.08,450.93659999999994,NOT SPECIFIED,FURNITURE,OFFICE FURNISHINGS,EXPRESS AIR
114.28,0.08,105.1376,17,-38.72,5.84,138.01760000000002,LOW,OFFICE SUPPLIES,PAPER,REGULAR AIR
469.8375,0.0,469.8375,8,-159.24,8.99,620.0875,NOT SPECIFIED,TECHNOLOGY,TELEPHONES AND COMMUNICATION,REGULAR AIR
2026.01,0.1,1823.409,20,580.43,13.99,1228.989,HIGH,FURNITURE,OFFICE FURNISHINGS,EXPRESS AIR
1889.04,0.1,1700.136,49,182.15,8.99,1508.9959999999999,LOW,OFFICE SUPPLIES,PENS & ART SUPPLIES,EXPRESS AIR
7002.08,0.1,6301.871999999999,49,-1640.51,69.0,7873.382,MEDIUM,FURNITURE,TABLES,REGULAR AIR
91.43,0.08,84.1156,47,-22.9,1.49,105.5256,LOW,OFFICE SUPPLIES,BINDERS AND BINDER ACCESSORIES,REGULAR AIR
27.99,0.06,26.310599999999997,7,-0.17,1.49,24.9906,MEDIUM,OFFICE SUPPLIES,BINDERS AND BINDER ACCESSORIES,REGULAR AIR
21.07,0.08,19.3844,6,2.28,0.5,16.6044,MEDIUM,OFFICE SUPPLIES,LABELS,REGULAR AIR
1097.6,0.05,1042.7199999999998,43,216.12,8.99,817.6099999999998,LOW,FURNITURE,OFFICE FURNISHINGS,REGULAR AIR
102.46,0.08,94.2632,37,36.64,0.5,57.1232,LOW,OFFICE SUPPLIES,LABELS,REGULAR AIR
21.64,0.08,19.9088,3,-13.33,5.01,28.2288,HIGH,OFFICE SUPPLIES,BINDERS AND BINDER ACCESSORIES,REGULAR AIR
128.0,0.09,116.48,48,45.51,0.5,70.47,MEDIUM,OFFICE SUPPLIES,LABELS,REGULAR AIR
252.66,0.02,247.6068,5,32.86,5.81,208.9368,MEDIUM,OFFICE SUPPLIES,PAPER,REGULAR AIR
44.1,0.04,42.336,16,-6.22,1.3,47.256,CRITICAL,OFFICE SUPPLIES,PENS & ART SUPPLIES,REGULAR AIR
132.31,0.02,129.6638,45,10.91,1.49,117.2638,NOT SPECIFIED,OFFICE SUPPLIES,BINDERS AND BINDER ACCESSORIES,REGULAR AIR
86.85,0.05,82.5075,3,-67.22,1.99,147.7375,NOT SPECIFIED,TECHNOLOGY,COMPUTER PERIPHERALS,REGULAR AIR
178.51,0.0,178.51,47,82.3,0.5,95.71,LOW,OFFICE SUPPLIES,LABELS,REGULAR AIR
31.32,0.0,31.32,15,-30.26,2.58,59.0,LOW,OFFICE SUPPLIES,RUBBER BANDS,REGULAR AIR
1538.8655,0.05,1461.922225,28,-186.33,19.99,1628.262225,MEDIUM,TECHNOLOGY,TELEPHONES AND COMMUNICATION,REGULAR AIR
99.11,0.01,98.1189,6,-12.46,1.99,108.5889,HIGH,TECHNOLOGY,COMPUTER PERIPHERALS,REGULAR AIR
733.92,0.03,711.9024,26,302.8,1.49,407.6123999999999,HIGH,OFFICE SUPPLIES,BINDERS AND BINDER ACCESSORIES,REGULAR AIR
286.07,0.07,266.0451,25,-35.94,4.98,297.00509999999997,HIGH,OFFICE SUPPLIES,APPLIANCES,REGULAR AIR
1610.42,0.0,1610.42,49,813.35,3.92,793.15,NOT SPECIFIED,FURNITURE,OFFICE FURNISHINGS,REGULAR AIR
5620.2,0.01,5563.998,48,176.04,30.0,5357.958,CRITICAL,FURNITURE,CHAIRS & CHAIRMATS,DELIVERY TRUCK
1382.31,0.03,1340.8407,26,372.26,19.99,948.5907,NOT SPECIFIED,FURNITURE,OFFICE FURNISHINGS,REGULAR AIR
101.21,0.1,91.089,5,2.13,5.21,83.74900000000001,NOT SPECIFIED,OFFICE SUPPLIES,PAPER,EXPRESS AIR
991.36,0.01,981.4464,46,212.06,8.68,760.7064,NOT SPECIFIED,OFFICE SUPPLIES,PAPER,REGULAR AIR
1410.44,0.07,1311.7092,19,545.11,19.99,746.6092,HIGH,FURNITURE,OFFICE FURNISHINGS,REGULAR AIR
268.18,0.06,252.0892,10,74.64,1.49,175.9592,MEDIUM,OFFICE SUPPLIES,BINDERS AND BINDER ACCESSORIES,REGULAR AIR
477.054,0.1,429.3486,9,-170.53,3.99,595.8886,MEDIUM,TECHNOLOGY,TELEPHONES AND COMMUNICATION,REGULAR AIR
738.69,0.1,664.821,35,109.16,7.58,548.081,HIGH,FURNITURE,OFFICE FURNISHINGS,REGULAR AIR
184.09,0.07,171.2037,17,4.79,5.25,161.1637,MEDIUM,OFFICE SUPPLIES,ENVELOPES,REGULAR AIR
1646.05,0.08,1514.366,36,649.8,7.23,857.336,LOW,OFFICE SUPPLIES,PAPER,REGULAR AIR
7807.45,0.02,7651.3009999999995,46,1660.15,19.99,5971.161,HIGH,OFFICE SUPPLIES,STORAGE & ORGANIZATION,EXPRESS AIR
261.0,0.04,250.56,45,-43.45,3.37,290.64,MEDIUM,OFFICE SUPPLIES,RUBBER BANDS,EXPRESS AIR
2781.82,0.07,2587.0926,21,-695.26,35.0,3247.3526,HIGH,OFFICE SUPPLIES,STORAGE & ORGANIZATION,EXPRESS AIR
1585.64,0.02,1553.9272,32,707.15,5.81,840.9672000000002,NOT SPECIFIED,OFFICE SUPPLIES,PAPER,REGULAR AIR
127.56,0.05,121.182,4,-41.75,6.64,156.292,MEDIUM,OFFICE SUPPLIES,STORAGE & ORGANIZATION,REGULAR AIR
144.06,0.01,142.6194,35,-117.27,5.44,254.44940000000003,MEDIUM,OFFICE SUPPLIES,BINDERS AND BINDER ACCESSORIES,REGULAR AIR
3205.24,0.01,3173.1875999999997,32,-1115.99,74.35,4214.8276,MEDIUM,FURNITURE,CHAIRS & CHAIRMATS,DELIVERY TRUCK
339.27,0.1,305.34299999999996,46,48.59,2.82,253.93299999999996,MEDIUM,OFFICE SUPPLIES,RUBBER BANDS,REGULAR AIR
702.79,0.04,674.6784,34,-44.81,11.17,708.3184000000001,NOT SPECIFIED,FURNITURE,OFFICE FURNISHINGS,REGULAR AIR
712.64,0.06,669.8815999999999,44,-27.72,6.25,691.3516,NOT SPECIFIED,OFFICE SUPPLIES,STORAGE & ORGANIZATION,REGULAR AIR
239.86,0.04,230.2656,40,-32.06,3.37,258.9556,MEDIUM,OFFICE SUPPLIES,RUBBER BANDS,REGULAR AIR
1269.79,0.08,1168.2068,48,-65.33,5.89,1227.6467999999998,MEDIUM,TECHNOLOGY,COMPUTER PERIPHERALS,EXPRESS AIR
1529.014,0.07,1421.98302,17,14.01,8.99,1398.98302,LOW,TECHNOLOGY,TELEPHONES AND COMMUNICATION,REGULAR AIR
176.26,0.07,163.9218,44,75.13,0.5,88.2918,MEDIUM,OFFICE SUPPLIES,LABELS,REGULAR AIR
1120.27,0.0,1120.27,7,16.81,13.99,1089.47,MEDIUM,TECHNOLOGY,OFFICE MACHINES,REGULAR AIR
5677.609,0.04,5450.50464,47,1680.79,4.2,3765.5146400000003,MEDIUM,TECHNOLOGY,TELEPHONES AND COMMUNICATION,REGULAR AIR
1222.68,0.06,1149.3192000000001,21,300.97,3.99,844.3592000000001,LOW,OFFICE SUPPLIES,APPLIANCES,EXPRESS AIR
390.2,0.02,382.396,26,45.0,7.4,329.99600000000004,LOW,FURNITURE,OFFICE FURNISHINGS,EXPRESS AIR
29.41,0.01,29.1159,10,-2.06,1.34,29.8359,NOT SPECIFIED,OFFICE SUPPLIES,PENS & ART SUPPLIES,REGULAR AIR
892.38,0.0,892.38,26,366.48,1.99,523.91,NOT SPECIFIED,TECHNOLOGY,COMPUTER PERIPHERALS,REGULAR AIR
1449.3,0.08,1333.356,24,-712.14,49.0,1996.496,NOT SPECIFIED,OFFICE SUPPLIES,APPLIANCES,REGULAR AIR
4374.6865,0.05,4155.952174999999,43,973.16,8.08,3174.7121749999997,NOT SPECIFIED,TECHNOLOGY,TELEPHONES AND COMMUNICATION,REGULAR AIR
4283.235,0.1,3854.9114999999997,44,676.13,8.8,3169.9814999999994,NOT SPECIFIED,TECHNOLOGY,TELEPHONES AND COMMUNICATION,REGULAR AIR
1874.37,0.08,1724.4204,7,67.84,24.49,1632.0904,CRITICAL,FURNITURE,CHAIRS & CHAIRMATS,REGULAR AIR
1476.39,0.06,1387.8066000000001,35,-303.62,15.9,1675.5266000000001,CRITICAL,FURNITURE,OFFICE FURNISHINGS,EXPRESS AIR
863.583,0.04,829.03968,8,-264.28,8.99,1084.3296799999998,CRITICAL,TECHNOLOGY,TELEPHONES AND COMMUNICATION,REGULAR AIR
4655.07,0.0,4655.07,32,-270.63,53.48,4872.22,HIGH,FURNITURE,BOOKCASES,DELIVERY TRUCK
49.55,0.06,46.577,6,-20.33,7.64,59.266999999999996,HIGH,OFFICE SUPPLIES,PAPER,EXPRESS AIR
606.56,0.04,582.2976,15,20.23,4.99,557.0776,HIGH,TECHNOLOGY,TELEPHONES AND COMMUNICATION,REGULAR AIR
715.4,0.08,658.168,24,-99.34,4.0,753.508,MEDIUM,TECHNOLOGY,COMPUTER PERIPHERALS,REGULAR AIR
113.75,0.0,113.75,25,-77.34,5.34,185.75,LOW,OFFICE SUPPLIES,BINDERS AND BINDER ACCESSORIES,REGULAR AIR
3081.95,0.1,2773.7549999999997,24,-662.8,54.74,3381.8149999999996,LOW,FURNITURE,BOOKCASES,DELIVERY TRUCK
133.23,0.0,133.23,41,-59.91,1.92,191.22,MEDIUM,OFFICE SUPPLIES,"SCISSORS, RULERS AND TRIMMERS",REGULAR AIR
1406.64,0.02,1378.5072,50,424.36,8.23,945.9172,MEDIUM,OFFICE SUPPLIES,ENVELOPES,REGULAR AIR
3197.45,0.08,2941.654,46,97.16,4.0,2840.494,NOT SPECIFIED,TECHNOLOGY,COMPUTER PERIPHERALS,REGULAR AIR
78.57,0.02,76.9986,21,-20.65,1.32,96.3286,NOT SPECIFIED,OFFICE SUPPLIES,"SCISSORS, RULERS AND TRIMMERS",REGULAR AIR
6408.3,0.1,5767.47,24,539.54,35.67,5192.26,CRITICAL,FURNITURE,TABLES,DELIVERY TRUCK
2323.36,0.08,2137.4912,13,220.39,19.99,1897.1112000000003,LOW,TECHNOLOGY,COMPUTER PERIPHERALS,REGULAR AIR
136.41,0.0,136.41,18,-99.34,8.37,227.38,NOT SPECIFIED,OFFICE SUPPLIES,"SCISSORS, RULERS AND TRIMMERS",REGULAR AIR
761.23,0.0,761.23,20,107.93,14.72,638.5799999999999,NOT SPECIFIED,OFFICE SUPPLIES,ENVELOPES,REGULAR AIR
187.16,0.01,185.2884,26,29.33,2.99,152.96839999999997,CRITICAL,OFFICE SUPPLIES,BINDERS AND BINDER ACCESSORIES,REGULAR AIR
176.1,0.09,160.251,27,-75.71,6.18,229.781,MEDIUM,OFFICE SUPPLIES,PAPER,REGULAR AIR
3872.38,0.1,3485.142,50,1110.35,19.99,2354.802,MEDIUM,OFFICE SUPPLIES,ENVELOPES,REGULAR AIR
44.05,0.07,40.966499999999996,7,-21.77,5.67,57.06649999999999,MEDIUM,OFFICE SUPPLIES,PAPER,REGULAR AIR
671.03,0.07,624.0579,47,67.86,6.46,549.7379,MEDIUM,OFFICE SUPPLIES,BINDERS AND BINDER ACCESSORIES,REGULAR AIR
13.3,0.09,12.103000000000002,2,-7.86,0.49,19.473000000000003,LOW,OFFICE SUPPLIES,LABELS,REGULAR AIR
1608.08,0.09,1463.3528,34,-82.16,6.5,1539.0128,HIGH,TECHNOLOGY,COMPUTER PERIPHERALS,EXPRESS AIR
3379.01,0.06,3176.2694,27,-801.09,54.74,3922.6194000000005,LOW,FURNITURE,BOOKCASES,DELIVERY TRUCK
687.52,0.08,632.5183999999999,15,223.76,5.81,402.9484,LOW,OFFICE SUPPLIES,PAPER,REGULAR AIR
4538.66,0.0,4538.66,40,506.86,8.64,4023.1599999999994,LOW,OFFICE SUPPLIES,STORAGE & ORGANIZATION,REGULAR AIR
3816.59,0.01,3778.4241,17,191.47,68.02,3518.9341000000004,CRITICAL,OFFICE SUPPLIES,APPLIANCES,DELIVERY TRUCK
194.29,0.1,174.861,10,68.89,6.67,99.301,HIGH,FURNITURE,OFFICE FURNISHINGS,REGULAR AIR
195.49,0.05,185.71550000000002,34,33.8,1.2,150.71550000000002,MEDIUM,OFFICE SUPPLIES,PENS & ART SUPPLIES,REGULAR AIR
47.93,0.04,46.0128,13,15.82,0.5,29.6928,HIGH,OFFICE SUPPLIES,LABELS,REGULAR AIR
168.55,0.05,160.1225,47,71.77,0.5,87.8525,NOT SPECIFIED,OFFICE SUPPLIES,LABELS,REGULAR AIR
77.03,0.08,70.8676,26,-47.75,1.92,116.6976,NOT SPECIFIED,OFFICE SUPPLIES,"SCISSORS, RULERS AND TRIMMERS",REGULAR AIR
939.39,0.07,873.6327,20,-122.77,19.99,976.4127,LOW,OFFICE SUPPLIES,APPLIANCES,REGULAR AIR
12.18,0.06,11.4492,1,-3.88,2.27,13.0592,LOW,OFFICE SUPPLIES,PAPER,REGULAR AIR
365.93,0.05,347.6335,5,-243.02,14.52,576.1335,LOW,TECHNOLOGY,COMPUTER PERIPHERALS,REGULAR AIR
12.2,0.01,12.078,1,-33.93,1.99,44.018,LOW,TECHNOLOGY,COMPUTER PERIPHERALS,REGULAR AIR
170.42,0.1,153.378,36,-98.31,4.97,246.718,HIGH,OFFICE SUPPLIES,BINDERS AND BINDER ACCESSORIES,REGULAR AIR
294.26,0.0,294.26,48,88.8,0.7,204.76,HIGH,OFFICE SUPPLIES,PENS & ART SUPPLIES,EXPRESS AIR
182.09,0.0,182.09,26,-28.15,5.19,205.05,HIGH,OFFICE SUPPLIES,PAPER,REGULAR AIR
285.08,0.08,262.2736,7,2.3,5.33,254.6436,MEDIUM,OFFICE SUPPLIES,APPLIANCES,REGULAR AIR
2030.44,0.04,1949.2224,49,938.26,5.86,1005.1024000000002,MEDIUM,OFFICE SUPPLIES,PAPER,REGULAR AIR
695.99,0.09,633.3509,47,-157.44,8.78,782.0109,MEDIUM,OFFICE SUPPLIES,STORAGE & ORGANIZATION,EXPRESS AIR
820.52,0.01,812.3148,50,-191.22,13.18,990.3548000000001,CRITICAL,OFFICE SUPPLIES,BINDERS AND BINDER ACCESSORIES,REGULAR AIR
477.5045,0.09,434.529095,17,-245.56,5.0,675.089095,CRITICAL,TECHNOLOGY,TELEPHONES AND COMMUNICATION,REGULAR AIR
777.63,0.03,754.3011,44,-70.54,8.99,815.8511,LOW,OFFICE SUPPLIES,PENS & ART SUPPLIES,REGULAR AIR
1500.17,0.06,1410.1598000000001,40,423.87,1.99,984.2998000000001,NOT SPECIFIED,TECHNOLOGY,COMPUTER PERIPHERALS,EXPRESS AIR
377.31,0.02,369.7638,45,87.96,2.87,278.9338,NOT SPECIFIED,OFFICE SUPPLIES,PAPER,REGULAR AIR
204.49,0.05,194.2655,30,-142.3,8.73,327.8355,HIGH,OFFICE SUPPLIES,PAPER,REGULAR AIR
5572.92,0.07,5182.8156,41,-639.47,36.09,5786.1956,MEDIUM,FURNITURE,BOOKCASES,DELIVERY TRUCK
3116.7715,0.08,2867.42978,45,-106.51,0.99,2972.9497800000004,CRITICAL,TECHNOLOGY,TELEPHONES AND COMMUNICATION,REGULAR AIR
986.272,0.02,966.54656,16,-647.14,69.0,1544.68656,CRITICAL,FURNITURE,TABLES,REGULAR AIR
201.37,0.1,181.233,30,59.84,1.6,119.793,MEDIUM,OFFICE SUPPLIES,PAPER,REGULAR AIR
6250.936,0.01,6188.42664,29,31.21,62.74,6094.47664,NOT SPECIFIED,FURNITURE,TABLES,DELIVERY TRUCK
939.77,0.0,939.77,42,9.72,4.0,926.05,HIGH,TECHNOLOGY,COMPUTER PERIPHERALS,EXPRESS AIR
187.28,0.06,176.0432,42,-94.36,4.79,265.6132,LOW,OFFICE SUPPLIES,PAPER,REGULAR AIR
763.6485,0.06,717.82959,8,-277.78,5.26,990.34959,CRITICAL,TECHNOLOGY,TELEPHONES AND COMMUNICATION,REGULAR AIR
12457.63,0.08,11461.0196,45,1063.46,69.55,10328.009600000001,LOW,FURNITURE,CHAIRS & CHAIRMATS,DELIVERY TRUCK
32.35,0.08,29.762,16,-63.19,4.79,88.162,NOT SPECIFIED,OFFICE SUPPLIES,BINDERS AND BINDER ACCESSORIES,REGULAR AIR
116.56,0.04,111.8976,23,50.66,0.49,60.747600000000006,NOT SPECIFIED,OFFICE SUPPLIES,LABELS,REGULAR AIR
117.062,0.09,106.52642,7,-63.7,0.99,169.23642,NOT SPECIFIED,TECHNOLOGY,TELEPHONES AND COMMUNICATION,REGULAR AIR
72.08,0.04,69.1968,16,-54.75,5.68,118.26679999999999,CRITICAL,OFFICE SUPPLIES,PAPER,REGULAR AIR
1265.293,0.06,1189.3754199999998,8,-554.44,8.99,1734.82542,CRITICAL,TECHNOLOGY,TELEPHONES AND COMMUNICATION,REGULAR AIR
854.88,0.09,777.9408,25,-44.14,19.99,802.0908,LOW,FURNITURE,OFFICE FURNISHINGS,REGULAR AIR
2722.85,0.08,2505.022,24,-112.62,30.0,2587.642,CRITICAL,FURNITURE,CHAIRS & CHAIRMATS,DELIVERY TRUCK
59.93,0.09,54.5363,2,-147.81,4.0,198.34629999999999,CRITICAL,TECHNOLOGY,COMPUTER PERIPHERALS,REGULAR AIR
851.52,0.08,783.3984,19,307.64,5.86,469.89840000000004,CRITICAL,OFFICE SUPPLIES,PAPER,REGULAR AIR
919.0,0.0,919.0,50,89.6,8.99,820.41,NOT SPECIFIED,FURNITURE,OFFICE FURNISHINGS,REGULAR AIR
453.2455,0.05,430.58322499999997,25,3.31,4.81,422.46322499999997,MEDIUM,TECHNOLOGY,TELEPHONES AND COMMUNICATION,REGULAR AIR
6276.83,0.09,5711.9153,23,813.49,48.8,4849.6253,HIGH,FURNITURE,CHAIRS & CHAIRMATS,DELIVERY TRUCK
122.51,0.06,115.1594,26,45.14,0.8,69.21940000000001,LOW,OFFICE SUPPLIES,PAPER,REGULAR AIR
2846.361,0.08,2618.6521199999997,27,453.65,7.69,2157.3121199999996,LOW,TECHNOLOGY,TELEPHONES AND COMMUNICATION,REGULAR AIR
71.04,0.07,66.0672,39,-20.65,1.49,85.22720000000001,CRITICAL,OFFICE SUPPLIES,BINDERS AND BINDER ACCESSORIES,REGULAR AIR
2232.66,0.1,2009.3939999999998,16,-521.09,4.0,2526.484,MEDIUM,TECHNOLOGY,COMPUTER PERIPHERALS,EXPRESS AIR
177.88,0.07,165.42839999999998,45,-146.97,5.04,307.35839999999996,CRITICAL,OFFICE SUPPLIES,BINDERS AND BINDER ACCESSORIES,REGULAR AIR
80.27,0.09,73.0457,46,-0.79,0.7,73.1357,LOW,OFFICE SUPPLIES,PENS & ART SUPPLIES,REGULAR AIR
139.59,0.0,139.59,30,5.9,2.5,131.19,CRITICAL,OFFICE SUPPLIES,ENVELOPES,REGULAR AIR
253.15,0.03,245.5555,35,-72.43,3.52,314.4655,HIGH,TECHNOLOGY,COMPUTER PERIPHERALS,REGULAR AIR
83.02,0.08,76.3784,22,9.24,1.49,65.64840000000001,LOW,OFFICE SUPPLIES,BINDERS AND BINDER ACCESSORIES,REGULAR AIR
10278.79,0.04,9867.638400000002,35,1512.07,64.73,8290.838400000002,LOW,FURNITURE,CHAIRS & CHAIRMATS,DELIVERY TRUCK
53.14,0.0,53.14,8,-41.26,7.78,86.62,CRITICAL,OFFICE SUPPLIES,BINDERS AND BINDER ACCESSORIES,REGULAR AIR
295.37,0.04,283.5552,50,-97.23,5.46,375.32520000000005,MEDIUM,OFFICE SUPPLIES,PAPER,REGULAR AIR
50.69,0.04,48.6624,12,-6.33,2.0,52.992399999999996,LOW,OFFICE SUPPLIES,RUBBER BANDS,REGULAR AIR
1865.94,0.04,1791.3024,11,116.1,30.0,1645.2024000000001,NOT SPECIFIED,FURNITURE,CHAIRS & CHAIRMATS,DELIVERY TRUCK
784.72,0.01,776.8728,43,-87.96,4.0,860.8328,NOT SPECIFIED,TECHNOLOGY,COMPUTER PERIPHERALS,REGULAR AIR
2343.076,0.06,2202.4914400000002,24,311.64,8.99,1881.8614400000006,NOT SPECIFIED,TECHNOLOGY,TELEPHONES AND COMMUNICATION,REGULAR AIR
228.41,0.07,212.4213,44,-226.36,8.33,430.4513,LOW,OFFICE SUPPLIES,PAPER,REGULAR AIR
308.54,0.0,308.54,15,76.42,4.1,228.01999999999998,NOT SPECIFIED,OFFICE SUPPLIES,PENS & ART SUPPLIES,EXPRESS AIR
67.45,0.05,64.0775,25,24.28,0.5,39.2975,HIGH,OFFICE SUPPLIES,LABELS,REGULAR AIR
199.94,0.01,197.9406,28,-147.27,9.54,335.67060000000004,HIGH,OFFICE SUPPLIES,PAPER,REGULAR AIR
1282.49,0.07,1192.7157,32,154.74,14.45,1023.5256999999999,NOT SPECIFIED,FURNITURE,OFFICE FURNISHINGS,REGULAR AIR
346.42,0.05,329.099,22,67.96,1.99,259.149,MEDIUM,TECHNOLOGY,COMPUTER PERIPHERALS,REGULAR AIR
773.44,0.08,711.5648000000001,41,133.83,6.67,571.0648000000001,MEDIUM,FURNITURE,OFFICE FURNISHINGS,EXPRESS AIR
5067.5725,0.09,4611.490975000001,50,1275.91,8.99,3326.590975000001,MEDIUM,TECHNOLOGY,TELEPHONES AND COMMUNICATION,REGULAR AIR
881.84,0.0,881.84,43,153.8,9.03,719.01,MEDIUM,OFFICE SUPPLIES,PAPER,REGULAR AIR
2245.78,0.05,2133.491,31,-432.46,30.0,2535.951,MEDIUM,FURNITURE,CHAIRS & CHAIRMATS,DELIVERY TRUCK
1090.6,0.07,1014.2579999999999,45,300.91,6.3,707.048,NOT SPECIFIED,TECHNOLOGY,OFFICE MACHINES,REGULAR AIR
400.57,0.05,380.5415,20,93.36,5.77,281.4115,NOT SPECIFIED,OFFICE SUPPLIES,PAPER,REGULAR AIR
1811.3,0.07,1684.509,42,520.41,4.62,1159.4790000000003,MEDIUM,OFFICE SUPPLIES,APPLIANCES,EXPRESS AIR
4095.76,0.03,3972.8872,43,-444.14,42.0,4375.0272,MEDIUM,FURNITURE,CHAIRS & CHAIRMATS,DELIVERY TRUCK
482.37,0.03,467.8989,22,34.03,4.0,429.86890000000005,MEDIUM,TECHNOLOGY,COMPUTER PERIPHERALS,REGULAR AIR
7036.11,0.0,7036.11,43,1268.65,19.99,5747.469999999999,CRITICAL,OFFICE SUPPLIES,STORAGE & ORGANIZATION,REGULAR AIR
2354.8,0.03,2284.156,45,332.97,19.99,1931.1960000000001,LOW,TECHNOLOGY,COMPUTER PERIPHERALS,REGULAR AIR
187.88,0.08,172.8496,50,-38.23,2.97,208.1096,LOW,OFFICE SUPPLIES,PAPER,REGULAR AIR
152.28,0.06,143.1432,41,-154.81,5.44,292.5132,LOW,OFFICE SUPPLIES,BINDERS AND BINDER ACCESSORIES,REGULAR AIR
125.54,0.03,121.77380000000001,14,-15.74,6.16,131.3538,NOT SPECIFIED,OFFICE SUPPLIES,BINDERS AND BINDER ACCESSORIES,EXPRESS AIR
228.01,0.06,214.3294,36,-185.54,8.73,391.1394,HIGH,OFFICE SUPPLIES,PAPER,REGULAR AIR
1170.025,0.04,1123.2240000000002,14,4.22,8.99,1110.0140000000001,MEDIUM,TECHNOLOGY,TELEPHONES AND COMMUNICATION,REGULAR AIR
57.5,0.02,56.35,2,-83.18,1.99,137.54000000000002,LOW,TECHNOLOGY,COMPUTER PERIPHERALS,REGULAR AIR
604.38,0.09,549.9858,22,167.58,1.99,380.4158,CRITICAL,TECHNOLOGY,COMPUTER PERIPHERALS,REGULAR AIR
2404.599,0.08,2212.23108,45,496.89,4.99,1710.3510800000004,CRITICAL,TECHNOLOGY,TELEPHONES AND COMMUNICATION,EXPRESS AIR
132.36,0.05,125.74200000000002,27,-98.35,4.62,219.472,NOT SPECIFIED,TECHNOLOGY,COMPUTER PERIPHERALS,REGULAR AIR
1498.46,0.02,1468.4908,42,565.37,5.02,898.1008,NOT SPECIFIED,FURNITURE,OFFICE FURNISHINGS,REGULAR AIR
985.29,0.04,945.8783999999999,22,138.37,8.99,798.5183999999999,CRITICAL,OFFICE SUPPLIES,PENS & ART SUPPLIES,EXPRESS AIR
323.53,0.06,304.1182,6,136.32,19.99,147.8082,NOT SPECIFIED,FURNITURE,OFFICE FURNISHINGS,REGULAR AIR
65.7475,0.1,59.17275,1,-252.48,3.99,307.66274999999996,NOT SPECIFIED,TECHNOLOGY,TELEPHONES AND COMMUNICATION,EXPRESS AIR
118.36,0.08,108.8912,17,-60.65,7.37,162.1712,LOW,OFFICE SUPPLIES,PAPER,EXPRESS AIR
29.31,0.0,29.31,2,-12.78,5.43,36.66,HIGH,OFFICE SUPPLIES,PAPER,REGULAR AIR
80.26,0.06,75.4444,11,-22.55,5.66,92.3344,HIGH,OFFICE SUPPLIES,PAPER,REGULAR AIR
5188.86,0.1,4669.974,48,395.12,8.64,4266.214,HIGH,OFFICE SUPPLIES,STORAGE & ORGANIZATION,REGULAR AIR
398.76,0.07,370.8468,34,0.82,6.97,363.05679999999995,MEDIUM,OFFICE SUPPLIES,ENVELOPES,REGULAR AIR
67.58,0.09,61.4978,25,16.8,0.8,43.897800000000004,CRITICAL,OFFICE SUPPLIES,RUBBER BANDS,EXPRESS AIR
159.24,0.09,144.9084,19,8.3,1.99,134.61839999999998,HIGH,TECHNOLOGY,COMPUTER PERIPHERALS,REGULAR AIR
48.77,0.0,48.77,6,5.95,1.71,41.11,HIGH,OFFICE SUPPLIES,PAPER,REGULAR AIR
26.5,0.01,26.235,5,2.61,1.2,22.425,HIGH,OFFICE SUPPLIES,PENS & ART SUPPLIES,EXPRESS AIR
281.0,0.1,252.9,46,-291.59,10.05,534.4399999999999,CRITICAL,OFFICE SUPPLIES,PAPER,REGULAR AIR
2634.8555,0.08,2424.0670600000003,20,257.76,8.08,2158.22706,CRITICAL,TECHNOLOGY,TELEPHONES AND COMMUNICATION,REGULAR AIR
4064.05,0.06,3820.2070000000003,33,1408.19,19.99,2392.0270000000005,LOW,OFFICE SUPPLIES,BINDERS AND BINDER ACCESSORIES,REGULAR AIR
3213.87,0.08,2956.7604,47,-1069.72,60.0,3966.4804000000004,LOW,OFFICE SUPPLIES,APPLIANCES,DELIVERY TRUCK
68.45,0.08,62.974000000000004,16,-57.88,5.41,115.44400000000002,NOT SPECIFIED,OFFICE SUPPLIES,BINDERS AND BINDER ACCESSORIES,REGULAR AIR
339.81,0.05,322.8195,8,79.59,2.99,240.2395,MEDIUM,OFFICE SUPPLIES,BINDERS AND BINDER ACCESSORIES,REGULAR AIR
339.49,0.08,312.3308,30,-74.21,5.81,380.7308,MEDIUM,OFFICE SUPPLIES,PENS & ART SUPPLIES,REGULAR AIR
1187.12,0.06,1115.8927999999999,10,-127.3,30.0,1213.1927999999998,NOT SPECIFIED,FURNITURE,CHAIRS & CHAIRMATS,DELIVERY TRUCK
108.31,0.05,102.89450000000001,16,-52.77,6.86,148.80450000000002,NOT SPECIFIED,OFFICE SUPPLIES,PAPER,REGULAR AIR
2051.016,0.02,2009.99568,36,483.97,3.99,1522.03568,CRITICAL,TECHNOLOGY,TELEPHONES AND COMMUNICATION,EXPRESS AIR
106.78,0.0,106.78,29,-98.05,5.0,199.82999999999998,MEDIUM,OFFICE SUPPLIES,PENS & ART SUPPLIES,REGULAR AIR
79.37,0.07,73.8141,25,6.14,1.35,66.3241,CRITICAL,OFFICE SUPPLIES,RUBBER BANDS,REGULAR AIR
218.12,0.02,213.7576,36,-1642.65,49.0,1807.4076,MEDIUM,OFFICE SUPPLIES,APPLIANCES,REGULAR AIR
118.38,0.04,113.64479999999999,16,-42.46,6.05,150.0548,HIGH,OFFICE SUPPLIES,BINDERS AND BINDER ACCESSORIES,REGULAR AIR
253.89,0.01,251.35109999999997,45,-83.66,5.3,329.7111,MEDIUM,OFFICE SUPPLIES,ENVELOPES,REGULAR AIR
1556.87,0.04,1494.5952,22,-521.42,60.0,1956.0151999999998,CRITICAL,OFFICE SUPPLIES,APPLIANCES,DELIVERY TRUCK
1519.9,0.09,1383.1090000000002,15,399.37,24.49,959.2490000000001,LOW,FURNITURE,OFFICE FURNISHINGS,REGULAR AIR
195.98,0.08,180.30159999999998,33,-71.47,5.35,246.42159999999998,CRITICAL,OFFICE SUPPLIES,PAPER,REGULAR AIR
274.38,0.04,263.4048,48,-94.82,5.37,352.8548,CRITICAL,OFFICE SUPPLIES,PAPER,REGULAR AIR
17.72,0.02,17.3656,8,-15.34,4.08,28.6256,MEDIUM,FURNITURE,OFFICE FURNISHINGS,REGULAR AIR
65.61,0.08,60.3612,9,-39.74,3.52,96.5812,CRITICAL,TECHNOLOGY,COMPUTER PERIPHERALS,REGULAR AIR
309.62,0.0,309.62,21,-80.2,9.37,380.45,CRITICAL,OFFICE SUPPLIES,STORAGE & ORGANIZATION,EXPRESS AIR
4305.79,0.0,4305.79,30,1020.32,19.99,3265.48,MEDIUM,OFFICE SUPPLIES,STORAGE & ORGANIZATION,REGULAR AIR
1991.703,0.07,1852.28379,45,559.11,1.25,1291.9237899999998,NOT SPECIFIED,TECHNOLOGY,TELEPHONES AND COMMUNICATION,REGULAR AIR
2932.99,0.07,2727.6807,34,-1448.83,56.2,4120.3107,CRITICAL,FURNITURE,OFFICE FURNISHINGS,REGULAR AIR
9194.8,0.1,8275.32,45,-1760.57,69.64,9966.25,CRITICAL,FURNITURE,TABLES,DELIVERY TRUCK
2285.12,0.08,2102.3104,17,-455.8,36.09,2522.0204,CRITICAL,FURNITURE,BOOKCASES,DELIVERY TRUCK
355.69,0.09,323.6779,42,-149.46,8.29,464.8479,NOT SPECIFIED,OFFICE SUPPLIES,ENVELOPES,REGULAR AIR
102.24,0.09,93.0384,30,37.79,0.5,54.7484,HIGH,OFFICE SUPPLIES,LABELS,REGULAR AIR
108.26,0.06,101.76440000000001,7,25.51,1.39,74.8644,MEDIUM,OFFICE SUPPLIES,ENVELOPES,REGULAR AIR
297.05,0.09,270.3155,15,-16.89,6.32,280.8855,MEDIUM,OFFICE SUPPLIES,APPLIANCES,REGULAR AIR
67.35,0.07,62.63549999999999,24,22.63,0.5,39.5055,CRITICAL,OFFICE SUPPLIES,LABELS,REGULAR AIR
857.42,0.07,797.4005999999999,29,51.18,3.6,742.6206,CRITICAL,TECHNOLOGY,COMPUTER PERIPHERALS,EXPRESS AIR
2.24,0.01,2.2176,1,-1.97,0.7,3.4876,CRITICAL,OFFICE SUPPLIES,RUBBER BANDS,REGULAR AIR
1580.6005,0.07,1469.958465,30,303.53,2.79,1163.638465,MEDIUM,TECHNOLOGY,TELEPHONES AND COMMUNICATION,REGULAR AIR
446.72,0.05,424.384,22,-39.0,14.39,448.994,MEDIUM,FURNITURE,OFFICE FURNISHINGS,REGULAR AIR
182.26,0.01,180.4374,9,60.61,1.49,118.33739999999999,NOT SPECIFIED,OFFICE SUPPLIES,BINDERS AND BINDER ACCESSORIES,REGULAR AIR
241.01,0.0,241.01,50,-4.69,3.01,242.69,MEDIUM,OFFICE SUPPLIES,PAPER,REGULAR AIR
209.02,0.04,200.6592,32,101.8,0.5,98.3592,CRITICAL,OFFICE SUPPLIES,LABELS,REGULAR AIR
729.92,0.0,729.92,33,99.31,4.0,626.6099999999999,CRITICAL,TECHNOLOGY,COMPUTER PERIPHERALS,REGULAR AIR
2593.08,0.0,2593.08,32,-673.31,48.2,3218.19,LOW,FURNITURE,OFFICE FURNISHINGS,EXPRESS AIR
2529.396,0.06,2377.6322400000004,25,371.21,3.0,2003.4222400000003,LOW,TECHNOLOGY,TELEPHONES AND COMMUNICATION,EXPRESS AIR
1341.963,0.0,1341.963,18,180.78,2.79,1158.393,HIGH,TECHNOLOGY,TELEPHONES AND COMMUNICATION,REGULAR AIR
2145.6975,0.08,1974.0417000000002,14,-176.79,4.2,2146.6317000000004,HIGH,TECHNOLOGY,TELEPHONES AND COMMUNICATION,REGULAR AIR
1712.66,0.1,1541.394,12,-390.77,4.0,1928.164,CRITICAL,TECHNOLOGY,COMPUTER PERIPHERALS,REGULAR AIR
310.31,0.02,304.1038,20,51.5,7.4,245.2038,LOW,FURNITURE,OFFICE FURNISHINGS,REGULAR AIR
246.98,0.1,222.28199999999998,35,-94.78,5.21,311.852,CRITICAL,FURNITURE,OFFICE FURNISHINGS,REGULAR AIR
233.39,0.06,219.3866,35,-197.39,9.54,407.23659999999995,CRITICAL,OFFICE SUPPLIES,PAPER,REGULAR AIR
397.84,0.0,397.84,25,-14.75,9.73,402.85999999999996,CRITICAL,OFFICE SUPPLIES,BINDERS AND BINDER ACCESSORIES,REGULAR AIR
135.31,0.06,127.1914,23,-49.32,5.01,171.5014,MEDIUM,OFFICE SUPPLIES,BINDERS AND BINDER ACCESSORIES,REGULAR AIR
181.66,0.0,181.66,9,-27.47,8.51,200.62,HIGH,TECHNOLOGY,OFFICE MACHINES,REGULAR AIR
1194.96,0.04,1147.1616000000001,29,107.45,4.0,1035.7116,MEDIUM,TECHNOLOGY,COMPUTER PERIPHERALS,REGULAR AIR
184.331,0.07,171.42783,6,-89.2,5.99,254.63783,LOW,TECHNOLOGY,TELEPHONES AND COMMUNICATION,REGULAR AIR
1223.3795,0.08,1125.5091400000001,23,83.57,5.92,1036.01914,LOW,TECHNOLOGY,TELEPHONES AND COMMUNICATION,EXPRESS AIR
128.69,0.04,123.5424,28,28.29,1.49,93.76240000000001,LOW,OFFICE SUPPLIES,BINDERS AND BINDER ACCESSORIES,REGULAR AIR
686.27,0.06,645.0938,17,-345.36,19.99,970.4638,HIGH,TECHNOLOGY,COMPUTER PERIPHERALS,REGULAR AIR
242.63,0.0,242.63,19,-36.11,6.27,272.46999999999997,MEDIUM,OFFICE SUPPLIES,STORAGE & ORGANIZATION,REGULAR AIR
4729.85,0.03,4587.954500000001,45,2014.82,14.0,2559.134500000001,LOW,TECHNOLOGY,OFFICE MACHINES,DELIVERY TRUCK
4852.05,0.0,4852.05,36,-1197.58,70.2,5979.43,MEDIUM,FURNITURE,CHAIRS & CHAIRMATS,DELIVERY TRUCK
73.07,0.08,67.22439999999999,4,-41.01,11.25,96.9844,CRITICAL,OFFICE SUPPLIES,STORAGE & ORGANIZATION,REGULAR AIR
70.33,0.1,63.297,5,1.07,1.97,60.257,NOT SPECIFIED,OFFICE SUPPLIES,PAPER,REGULAR AIR
677.518,0.09,616.54138,39,168.22,0.99,447.33137999999997,HIGH,TECHNOLOGY,TELEPHONES AND COMMUNICATION,REGULAR AIR
302.05,0.0,302.05,9,-58.81,6.5,354.36,NOT SPECIFIED,TECHNOLOGY,COMPUTER PERIPHERALS,REGULAR AIR
66.12,0.09,60.169200000000004,24,4.85,0.7,54.6192,CRITICAL,OFFICE SUPPLIES,PENS & ART SUPPLIES,REGULAR AIR
109.86,0.07,102.1698,34,19.04,0.85,82.2798,NOT SPECIFIED,OFFICE SUPPLIES,PENS & ART SUPPLIES,REGULAR AIR
2052.82,0.05,1950.179,30,-870.61,37.58,2783.2090000000003,CRITICAL,FURNITURE,OFFICE FURNISHINGS,REGULAR AIR
1905.79,0.01,1886.7321,46,675.65,1.99,1209.0920999999998,HIGH,TECHNOLOGY,COMPUTER PERIPHERALS,REGULAR AIR
68.88,0.0,68.88,24,1.31,1.49,66.08,HIGH,OFFICE SUPPLIES,BINDERS AND BINDER ACCESSORIES,REGULAR AIR
110.79,0.1,99.71100000000001,11,-11.13,2.89,107.95100000000001,MEDIUM,OFFICE SUPPLIES,PENS & ART SUPPLIES,REGULAR AIR
