"ord_id","prod_id","ship_id","vendas","descontos","qtd_unidades","profit","shipping_cost","base_margin","venda_por_unidade","lucro_por_unidade","custo_por_unidade","custo_implicito"
Ord_5446,Prod_16,SHP_7609,136.81,0.01,23,-30.51,3.6,0.56,5.9482608695652175,-1.326521739130435,0.1565217391304348,162.3519
Ord_5406,Prod_13,SHP_7549,42.27,0.01,13,4.56,0.93,0.54,3.2515384615384617,0.3507692307692307,0.07153846153846154,36.3573
Ord_5446,Prod_4,SHP_7610,4701.69,0.0,26,1148.9,2.5,0.59,180.83423076923074,44.18846153846154,0.09615384615384616,3550.2899999999995
Ord_5456,Prod_6,SHP_7625,2337.89,0.09,43,729.34,14.3,0.37,54.369534883720924,16.96139534883721,0.3325581395348837,1383.8398999999995
Ord_5485,Prod_17,SHP_7664,4233.15,0.08,35,1219.87,26.3,0.38,120.94714285714285,34.853428571428566,0.7514285714285714,2648.3279999999995
Ord_5446,Prod_6,SHP_7608,164.02,0.03,23,-47.64,6.15,0.37,7.131304347826087,-2.071304347826087,0.2673913043478261,200.5894
Ord_31,Prod_12,SHP_41,14.76,0.01,5,1.32,0.5,0.36,2.952,0.264,0.1,12.792399999999999
Ord_4725,Prod_4,SHP_6593,3410.1575,0.1,48,1137.91,0.99,0.55,71.04494791666666,23.706458333333334,0.020625,1930.24175
Ord_4725,Prod_13,SHP_6593,162.0,0.01,33,45.84,0.71,0.52,4.909090909090909,1.3890909090909092,0.021515151515151515,113.82999999999998
Ord_4725,Prod_6,SHP_6593,57.22,0.07,8,-27.72,6.6,0.37,7.1525,-3.465,0.825,74.3346
Ord_4743,Prod_2,SHP_6615,4072.01,0.01,43,1675.98,0.99,0.56,94.69790697674419,38.97627906976744,0.023023255813953487,2354.3199000000004
Ord_1925,Prod_6,SHP_2637,465.9,0.05,38,79.34,4.86,0.38,12.260526315789473,2.0878947368421055,0.12789473684210528,358.405
Ord_2978,Prod_16,SHP_4112,305.05,0.04,27,23.12,3.37,0.57,11.29814814814815,0.8562962962962963,0.12481481481481482,266.358
Ord_2207,Prod_10,SHP_3006,1410.93,0.08,10,-317.48,36.09,0.77,141.09300000000002,-31.748,3.6090000000000004,1579.4456000000002
Ord_2280,Prod_5,SHP_3114,460.69,0.06,48,-103.48,7.29,0.45,9.597708333333333,-2.1558333333333333,0.151875,529.2386
Ord_2282,Prod_9,SHP_3122,443.46,0.06,30,193.12,1.39,0.38,14.782,6.437333333333333,0.04633333333333333,222.3424
Ord_4427,Prod_6,SHP_6171,283.13,0.08,45,-141.26,6.81,0.36,6.291777777777778,-3.1391111111111107,0.15133333333333332,394.9296
Ord_996,Prod_13,SHP_1378,41.97,0.05,12,-37.03,4.2,0.56,3.4975,-3.0858333333333334,0.35000000000000003,72.7015
Ord_996,Prod_13,SHP_1378,57.17,0.08,18,-24.03,2.31,0.56,3.176111111111111,-1.335,0.12833333333333333,74.3164
Ord_996,Prod_6,SHP_1378,81.25,0.01,11,-44.54,7.86,0.37,7.386363636363637,-4.049090909090909,0.7145454545454546,117.1175
Ord_996,Prod_5,SHP_1377,3202.25,0.09,44,991.26,19.99,0.43,72.7784090909091,22.528636363636362,0.4543181818181818,1902.7975000000004
Ord_996,Prod_7,SHP_1378,35.64,0.05,10,-0.71,1.63,0.36,3.564,-0.071,0.16299999999999998,32.938
Ord_2573,Prod_3,SHP_3525,197.61,0.08,13,3.46,7.27,0.38,15.200769230769232,0.26615384615384613,0.5592307692307692,171.0712
Ord_2335,Prod_13,SHP_3204,38.26,0.03,22,-2.34,0.7,0.56,1.739090909090909,-0.10636363636363635,0.031818181818181815,38.7522
Ord_2456,Prod_5,SHP_3367,109.58,0.0,13,31.32,4.0,0.42,8.429230769230768,2.4092307692307693,0.3076923076923077,74.25999999999999
Ord_2405,Prod_9,SHP_3300,1062.69,0.01,28,401.8,6.66,0.4,37.95321428571429,14.35,0.23785714285714285,643.6031
Ord_2573,Prod_4,SHP_3527,3594.7435,0.05,38,1016.97,2.5,0.55,94.59851315789474,26.76236842105263,0.06578947368421052,2395.536325
Ord_2478,Prod_12,SHP_3395,139.98,0.07,33,-140.54,6.89,0.39,4.241818181818181,-4.258787878787879,0.20878787878787877,263.8314
Ord_2334,Prod_9,SHP_3203,129.1,0.0,27,-59.82,4.99,0.38,4.781481481481482,-2.2155555555555555,0.18481481481481482,183.93
Ord_2573,Prod_7,SHP_3526,68.92,0.04,22,2.63,1.58,0.39,3.132727272727273,0.11954545454545454,0.07181818181818182,61.9532
Ord_2343,Prod_6,SHP_3215,76.16,0.04,12,-24.03,5.2,0.36,6.346666666666667,-2.0025,0.43333333333333335,91.94359999999999
Ord_5046,Prod_17,SHP_7042,630.99,0.07,49,-114.64,9.44,0.39,12.87734693877551,-2.339591836734694,0.19265306122448977,692.0206999999999
Ord_5040,Prod_3,SHP_7033,193.84,0.07,23,-117.1,8.94,0.4,8.427826086956522,-5.091304347826087,0.388695652173913,288.4312
Ord_5033,Prod_2,SHP_7022,139.0,0.05,16,-96.33,9.23,0.58,8.6875,-6.020625,0.576875,219.15
Ord_5029,Prod_13,SHP_7016,54.79,0.05,9,-6.82,2.27,0.56,6.087777777777777,-0.7577777777777778,0.25222222222222224,56.6005
Ord_5040,Prod_2,SHP_7032,1637.78,0.08,38,461.65,4.62,0.56,43.09947368421052,12.148684210526316,0.12157894736842105,1040.4876
Ord_5035,Prod_12,SHP_7025,416.8,0.01,32,223.38,0.5,0.38,13.025,6.980625,0.015625,188.752
Ord_5045,Prod_5,SHP_7040,1286.87,0.05,48,384.38,6.93,0.49,26.809791666666666,8.007916666666667,0.144375,831.2164999999999
Ord_5035,Prod_15,SHP_7024,4917.69,0.02,42,126.31,30.0,0.71,117.08785714285713,3.0073809523809523,0.7142857142857143,4663.026199999999
Ord_5046,Prod_7,SHP_7041,202.11,0.08,40,-17.49,3.39,0.37,5.0527500000000005,-0.43724999999999997,0.08475,200.04120000000003
Ord_1184,Prod_1,SHP_1634,1974.66,0.06,32,-929.68,35.0,0.8,61.708125,-29.0525,1.09375,2750.8604
Ord_4768,Prod_12,SHP_6650,3.85,0.08,1,-1.36,0.99,0.37,3.85,-1.36,0.99,3.912000000000001
Ord_4690,Prod_2,SHP_6545,904.12,0.07,4,28.81,11.79,0.42,226.03,7.2025,2.9475,800.2316000000001
Ord_4659,Prod_6,SHP_6493,1451.59,0.06,26,435.11,14.3,0.37,55.83038461538461,16.735,0.55,915.0846
Ord_4622,Prod_12,SHP_6437,56.26,0.0,14,28.11,0.5,0.38,4.018571428571429,2.007857142857143,0.03571428571428571,27.65
Ord_4657,Prod_5,SHP_6490,336.86,0.06,23,36.32,5.3,0.46,14.64608695652174,1.5791304347826087,0.23043478260869565,275.02840000000003
Ord_4682,Prod_5,SHP_6531,63.91,0.04,14,-44.47,6.6,0.49,4.5649999999999995,-3.176428571428571,0.4714285714285714,99.2236
Ord_4768,Prod_4,SHP_6651,547.0005,0.08,10,-97.2,3.9,0.55,54.70005,-9.72,0.39,596.54046
Ord_4755,Prod_13,SHP_6628,3.41,0.06,1,-1.78,0.7,0.56,3.41,-1.78,0.7,4.2854
Ord_4659,Prod_6,SHP_6492,391.9,0.1,11,-47.01,19.99,0.38,35.627272727272725,-4.2736363636363635,1.8172727272727272,379.72999999999996
Ord_4682,Prod_4,SHP_6531,1909.0065,0.01,32,344.13,8.99,0.59,59.656453125,10.7540625,0.2809375,1536.7964349999997
Ord_4657,Prod_5,SHP_6489,418.03,0.0,47,-158.58,7.96,0.49,8.894255319148936,-3.3740425531914897,0.16936170212765958,568.65
Ord_4410,Prod_5,SHP_6146,605.77,0.05,42,129.33,5.0,0.49,14.423095238095238,3.0792857142857146,0.11904761904761904,441.15149999999994
Ord_4546,Prod_1,SHP_6327,5208.78,0.05,34,1547.78,7.07,0.59,153.19941176470587,45.52294117647059,0.20794117647058824,3393.491
Ord_4552,Prod_12,SHP_6335,104.7,0.09,29,42.16,0.5,0.38,3.610344827586207,1.4537931034482758,0.017241379310344827,52.617000000000004
Ord_4497,Prod_13,SHP_6261,211.97,0.06,10,-46.83,8.99,0.59,21.197,-4.683,0.899,237.09179999999998
Ord_4410,Prod_6,SHP_6146,1480.91,0.0,44,489.14,8.74,0.4,33.657045454545454,11.116818181818182,0.19863636363636364,983.0300000000001
Ord_4499,Prod_13,SHP_6265,6.76,0.02,3,-4.28,1.57,0.59,2.2533333333333334,-1.4266666666666667,0.5233333333333333,9.3348
Ord_4475,Prod_4,SHP_6234,7640.225,0.07,46,2027.68,2.5,0.59,166.09184782608696,44.08,0.05434782608695652,5075.22925
Ord_4547,Prod_6,SHP_6328,23.44,0.05,3,-10.58,5.2,0.36,7.8133333333333335,-3.526666666666667,1.7333333333333334,27.648000000000003
Ord_4541,Prod_2,SHP_6322,336.65,0.07,30,-71.05,6.96,0.5,11.221666666666666,-2.368333333333333,0.232,377.1745
Ord_4348,Prod_6,SHP_6063,330.21,0.07,14,83.24,5.47,0.39,23.58642857142857,5.945714285714286,0.3907142857142857,218.38529999999992
Ord_4547,Prod_8,SHP_6328,28.46,0.02,4,-27.13,3.85,0.68,7.115,-6.7825,0.9625,51.1708
Ord_4607,Prod_2,SHP_6408,1463.42,0.08,26,350.82,3.99,0.57,56.285384615384615,13.493076923076924,0.15346153846153848,991.5364000000002
Ord_4546,Prod_2,SHP_6327,498.68,0.06,20,79.52,5.37,0.5,24.934,3.976,0.2685,383.86920000000003
Ord_5233,Prod_3,SHP_7310,92.24,0.05,19,-60.58,5.24,0.39,4.854736842105263,-3.188421052631579,0.27578947368421053,142.96800000000002
Ord_5147,Prod_6,SHP_7193,199.11,0.01,30,-83.33,6.65,0.36,6.6370000000000005,-2.7776666666666667,0.22166666666666668,273.7989
Ord_5215,Prod_17,SHP_7287,140.59,0.01,7,-35.88,8.51,0.4,20.084285714285716,-5.125714285714286,1.2157142857142857,166.5541
Ord_5216,Prod_13,SHP_7289,141.59,0.04,48,20.26,0.7,0.58,2.9497916666666666,0.42208333333333337,0.014583333333333332,114.96640000000001
Ord_5226,Prod_6,SHP_7300,93.26,0.05,18,-35.36,4.7,0.38,5.181111111111111,-1.9644444444444444,0.2611111111111111,119.257
Ord_5213,Prod_13,SHP_7284,1633.37,0.08,50,144.69,7.73,0.59,32.6674,2.8938,0.15460000000000002,1350.2803999999999
Ord_5226,Prod_15,SHP_7299,1210.72,0.05,17,-382.43,30.0,0.78,71.21882352941176,-22.495882352941177,1.7647058823529411,1502.614
Ord_5174,Prod_6,SHP_7231,292.75,0.08,33,93.33,2.01,0.39,8.871212121212121,2.828181818181818,0.060909090909090906,173.99
Ord_5205,Prod_4,SHP_7274,2546.5235,0.09,26,210.0,7.69,0.59,97.94321153846153,8.076923076923077,0.2957692307692308,2099.6463849999996
Ord_5216,Prod_3,SHP_7288,157.99,0.03,35,-105.55,5.41,0.35,4.514,-3.0157142857142856,0.15457142857142858,253.39030000000002
Ord_5232,Prod_6,SHP_7308,88.57,0.03,12,-28.25,6.15,0.37,7.3808333333333325,-2.3541666666666665,0.5125000000000001,108.01289999999999
Ord_5232,Prod_6,SHP_7309,73.97,0.1,13,-38.35,5.67,0.36,5.6899999999999995,-2.95,0.43615384615384617,99.25299999999999
Ord_5232,Prod_6,SHP_7307,320.04,0.02,34,32.47,4.39,0.38,9.41294117647059,0.955,0.12911764705882353,276.77920000000006
Ord_5172,Prod_4,SHP_7229,1239.4445,0.07,22,165.5,3.99,0.59,56.33838636363637,7.5227272727272725,0.18136363636363637,983.193385
Ord_5355,Prod_1,SHP_7481,123.85,0.09,16,-71.44,6.5,0.59,7.740625,-4.465,0.40625,177.6435
Ord_127,Prod_13,SHP_172,54.78,0.02,32,-30.54,1.57,0.59,1.711875,-0.954375,0.0490625,82.65440000000001
Ord_127,Prod_13,SHP_173,304.83,0.1,47,23.82,2.35,0.47,6.485744680851064,0.5068085106382979,0.05,248.17699999999996
Ord_45,Prod_13,SHP_59,312.36,0.07,11,-19.33,8.99,0.57,28.39636363636364,-1.757272727272727,0.8172727272727273,300.8348
Ord_5484,Prod_16,SHP_7663,322.82,0.05,35,-17.58,3.98,0.56,9.22342857142857,-0.5022857142857142,0.11371428571428571,320.27899999999994
Ord_5430,Prod_4,SHP_7588,337.2035,0.09,9,-120.93,4.99,0.56,37.46705555555556,-13.436666666666667,0.5544444444444445,422.795185
Ord_5462,Prod_4,SHP_7632,175.8565,0.03,10,-93.26,1.25,0.83,17.58565,-9.326,0.125,262.590805
Ord_5489,Prod_17,SHP_7671,754.92,0.0,7,-129.57,19.99,0.52,107.84571428571428,-18.509999999999998,2.8557142857142854,864.5
Ord_5462,Prod_5,SHP_7631,323.96,0.07,40,-136.82,7.96,0.49,8.099,-3.4204999999999997,0.199,430.14279999999997
Ord_5481,Prod_15,SHP_7659,2700.78,0.06,29,-793.36,58.2,0.58,93.13034482758621,-27.357241379310345,2.006896551724138,3273.8932000000004
Ord_1638,Prod_5,SHP_5892,755.19,0.0,41,81.44,8.99,0.47,18.41926829268293,1.9863414634146341,0.21926829268292683,664.76
Ord_1638,Prod_8,SHP_5892,220.79,0.0,7,-91.51,4.0,0.74,31.541428571428572,-13.072857142857144,0.5714285714285714,308.3
Ord_1638,Prod_7,SHP_2261,201.14,0.08,37,-51.25,3.37,0.54,5.4362162162162155,-1.385135135135135,0.09108108108108108,232.92879999999997
Ord_1557,Prod_2,SHP_2152,1736.53,0.1,46,457.03,3.99,0.56,37.750652173913046,9.935434782608695,0.08673913043478261,1101.857
Ord_209,Prod_13,SHP_285,30.51,0.09,11,-17.68,2.4,0.58,2.773636363636364,-1.6072727272727272,0.21818181818181817,43.0441
Ord_246,Prod_8,SHP_341,862.2,0.1,29,-45.1,4.0,0.75,29.731034482758623,-1.5551724137931036,0.13793103448275862,817.08
Ord_122,Prod_17,SHP_165,42.31,0.06,2,-53.08,8.51,0.4,21.155,-26.54,4.255,84.3414
Ord_121,Prod_8,SHP_164,1143.45,0.06,31,304.42,1.99,0.51,36.88548387096775,9.82,0.06419354838709677,768.433
Ord_122,Prod_3,SHP_166,152.67,0.04,11,12.76,4.98,0.4,13.879090909090907,1.16,0.45272727272727276,128.8232
Ord_139,Prod_17,SHP_186,2671.21,0.06,14,636.18,15.59,0.36,190.8007142857143,45.44142857142857,1.1135714285714287,1859.1674000000003
Ord_239,Prod_4,SHP_332,2157.3085,0.0,38,519.25,5.31,0.57,56.77127631578948,13.664473684210526,0.13973684210526316,1632.7485000000001
Ord_250,Prod_2,SHP_345,324.55,0.08,5,-12.82,0.99,0.58,64.91,-2.564,0.198,310.416
Ord_209,Prod_1,SHP_286,127.8,0.07,8,-30.48,7.51,0.57,15.975,-3.81,0.93875,141.82399999999998
Ord_135,Prod_9,SHP_182,30.83,0.04,2,7.27,1.39,0.36,15.415,3.635,0.695,20.936799999999998
Ord_60,Prod_12,SHP_81,176.26,0.07,44,75.13,0.5,0.39,4.005909090909091,1.7074999999999998,0.011363636363636364,88.2918
Ord_23,Prod_12,SHP_31,282.07,0.03,39,140.01,0.49,0.38,7.232564102564102,3.59,0.012564102564102564,133.10789999999997
Ord_23,Prod_4,SHP_31,426.037,0.01,24,-78.96,2.5,0.81,17.751541666666665,-3.2899999999999996,0.10416666666666667,498.23662999999993
Ord_5374,Prod_8,SHP_7504,1222.59,0.02,29,501.99,1.99,0.42,42.15827586206896,17.31,0.06862068965517241,694.1581999999999
Ord_5351,Prod_4,SHP_7474,1463.0965,0.0,14,162.67,2.5,0.57,104.50689285714286,11.619285714285713,0.17857142857142858,1297.9265
Ord_5417,Prod_12,SHP_7565,128.13,0.09,42,32.53,0.99,0.37,3.0507142857142857,0.7745238095238095,0.02357142857142857,83.0783
Ord_5354,Prod_5,SHP_7480,152.44,0.08,20,-16.64,3.68,0.52,7.622,-0.8320000000000001,0.184,153.20479999999998
Ord_5351,Prod_6,SHP_7475,246.3,0.02,38,-67.49,5.79,0.36,6.481578947368422,-1.7760526315789473,0.15236842105263157,303.074
Ord_2340,Prod_5,SHP_3210,136.61,0.01,8,80.43,3.73,0.46,17.07625,10.05375,0.46625,51.08390000000003
Ord_2432,Prod_4,SHP_3339,3883.4715,0.1,42,707.17,8.99,0.58,92.46360714285714,16.83738095238095,0.21404761904761904,2778.96435
Ord_2480,Prod_3,SHP_3397,169.61,0.1,29,-211.06,9.92,0.38,5.8486206896551725,-7.277931034482759,0.34206896551724136,353.789
Ord_2394,Prod_13,SHP_3284,64.36,0.06,37,-1.53,0.7,0.56,1.7394594594594595,-0.04135135135135135,0.018918918918918916,61.328399999999995
Ord_2372,Prod_10,SHP_3256,1764.97,0.07,13,-383.5,54.74,0.69,135.7669230769231,-29.5,4.210769230769231,1970.1821
Ord_2566,Prod_13,SHP_3515,422.25,0.06,35,-116.02,7.95,0.58,12.064285714285715,-3.314857142857143,0.22714285714285715,504.985
Ord_2340,Prod_11,SHP_3211,2907.63,0.04,42,54.6,69.0,0.68,69.22928571428572,1.3,1.6428571428571428,2667.7248000000004
Ord_2480,Prod_4,SHP_3397,1247.9275,0.1,24,186.42,2.5,0.55,51.99697916666667,7.767499999999999,0.10416666666666667,934.21475
Ord_2394,Prod_3,SHP_3284,161.8,0.06,44,21.34,1.49,0.38,3.6772727272727277,0.485,0.03386363636363637,129.262
Ord_2511,Prod_13,SHP_3440,250.13,0.01,40,61.97,1.2,0.55,6.2532499999999995,1.54925,0.03,184.45870000000002
Ord_2372,Prod_6,SHP_3257,238.34,0.04,50,-7.36,3.01,0.36,4.7668,-0.1472,0.0602,233.15640000000002
Ord_4153,Prod_4,SHP_5788,2079.474,0.05,45,-81.57,5.0,0.8,46.21053333333334,-1.8126666666666664,0.1111111111111111,2052.0703000000003
Ord_4155,Prod_12,SHP_5790,12.01,0.0,3,-1.08,0.5,0.38,4.003333333333333,-0.36000000000000004,0.16666666666666666,12.59
Ord_4155,Prod_4,SHP_5791,2211.734,0.02,15,80.76,4.99,0.59,147.44893333333331,5.384,0.33266666666666667,2081.74932
Ord_4155,Prod_5,SHP_5790,1846.76,0.03,20,3.14,39.61,0.67,92.338,0.157,1.9805,1748.6072
Ord_1673,Prod_5,SHP_2313,23.93,0.1,3,-6.39,0.96,0.43,7.976666666666667,-2.13,0.32,26.967
Ord_1673,Prod_17,SHP_2314,2027.55,0.04,14,537.4,13.99,0.37,144.825,38.385714285714286,0.9992857142857143,1395.058
Ord_1442,Prod_7,SHP_1993,258.13,0.03,41,84.1,1.82,0.35,6.295853658536585,2.051219512195122,0.04439024390243903,164.4661
Ord_1637,Prod_2,SHP_2260,693.02,0.07,10,97.36,3.5,0.59,69.30199999999999,9.736,0.35,543.6486
Ord_1375,Prod_15,SHP_1894,2703.37,0.09,18,-231.6,57.2,0.59,150.1872222222222,-12.866666666666667,3.177777777777778,2634.4667
Ord_1317,Prod_2,SHP_1813,186.44,0.0,45,-157.18,5.13,0.59,4.143111111111111,-3.492888888888889,0.114,338.49
Ord_1649,Prod_4,SHP_2278,2209.5155,0.06,41,458.62,5.31,0.57,53.890621951219515,11.185853658536585,0.12951219512195122,1613.0145700000003
Ord_1375,Prod_1,SHP_1895,1538.17,0.02,39,-1119.64,35.0,0.8,39.44025641025641,-28.70871794871795,0.8974358974358975,2592.0466
Ord_1649,Prod_2,SHP_2277,3005.74,0.02,48,1053.21,3.99,0.57,62.61958333333333,21.941875,0.083125,1888.4252000000001
Ord_1635,Prod_1,SHP_2256,857.84,0.02,39,-309.43,11.52,0.83,21.995897435897437,-7.934102564102564,0.29538461538461536,1138.5932
Ord_1520,Prod_6,SHP_2099,30.47,0.02,4,-10.7,5.15,0.36,7.6175,-2.675,1.2875,35.4106
Ord_1635,Prod_6,SHP_2256,1072.36,0.04,36,440.48,4.86,0.38,29.787777777777777,12.235555555555557,0.135,584.1256000000001
Ord_1503,Prod_8,SHP_2078,731.71,0.0,24,175.82,1.99,0.5,30.487916666666667,7.325833333333333,0.08291666666666667,553.9000000000001
Ord_1637,Prod_13,SHP_2259,64.34,0.09,11,-8.37,2.27,0.56,5.84909090909091,-0.7609090909090909,0.20636363636363636,64.6494
Ord_1503,Prod_8,SHP_2077,378.08,0.0,17,70.48,1.99,0.43,22.24,4.145882352941177,0.11705882352941177,305.60999999999996
Ord_1395,Prod_13,SHP_1926,138.96,0.03,49,19.87,0.7,0.56,2.835918367346939,0.4055102040816327,0.014285714285714285,114.22120000000001
Ord_1517,Prod_13,SHP_2095,136.49,0.1,15,36.23,1.09,0.43,9.099333333333334,2.4153333333333333,0.07266666666666667,85.52100000000002
Ord_1481,Prod_6,SHP_2044,393.31,0.04,20,84.3,5.86,0.38,19.6655,4.215,0.29300000000000004,287.4176
Ord_1519,Prod_10,SHP_2098,2701.69,0.05,33,-926.33,55.81,0.6,81.86939393939394,-28.07060606060606,1.6912121212121214,3437.1255
Ord_1395,Prod_3,SHP_1926,158.97,0.08,39,-30.27,2.99,0.37,4.076153846153846,-0.7761538461538462,0.07666666666666667,173.5324
Ord_1348,Prod_13,SHP_1854,68.97,0.02,24,0.77,0.97,0.59,2.87375,0.03208333333333333,0.04041666666666666,65.8506
Ord_1348,Prod_6,SHP_1853,199.8,0.08,31,-96.59,6.81,0.36,6.445161290322581,-3.115806451612903,0.2196774193548387,273.596
Ord_4646,Prod_15,SHP_6475,4083.19,0.07,43,-1049.85,45.0,0.69,94.95790697674418,-24.415116279069764,1.0465116279069768,4802.2167
Ord_4646,Prod_1,SHP_6476,4902.38,0.05,32,1438.49,7.07,0.59,153.199375,44.9528125,0.2209375,3211.701000000001
Ord_4702,Prod_3,SHP_6560,80.81,0.1,19,-67.46,5.41,0.35,4.253157894736842,-3.5505263157894733,0.2847368421052632,134.779
Ord_2973,Prod_4,SHP_4102,4671.1495,0.07,28,947.31,4.2,0.59,166.82676785714287,33.832499999999996,0.15,3392.659035000001
Ord_2973,Prod_4,SHP_4102,6264.1855,0.01,34,1312.04,19.99,0.6,184.24075,38.58941176470588,0.5879411764705882,4869.513645
Ord_4572,Prod_6,SHP_6360,377.83,0.06,41,122.06,2.15,0.4,9.215365853658536,2.9770731707317073,0.0524390243902439,230.9502
Ord_1995,Prod_6,SHP_2724,240.14,0.06,36,57.78,2.0,0.39,6.670555555555556,1.605,0.05555555555555555,165.95159999999998
Ord_1915,Prod_6,SHP_2623,980.95,0.02,41,234.68,8.18,0.39,23.92560975609756,5.72390243902439,0.1995121951219512,718.471
Ord_2273,Prod_5,SHP_3101,180.43,0.02,8,-44.86,11.17,0.6,22.55375,-5.6075,1.39625,210.51140000000004
Ord_2273,Prod_8,SHP_3101,2899.98,0.1,19,666.01,5.5,0.49,152.63052631578947,35.05315789473684,0.2894736842105263,1938.472
Ord_2273,Prod_6,SHP_3102,233.38,0.1,36,-180.17,8.73,0.37,6.482777777777778,-5.004722222222222,0.24250000000000002,381.48199999999997
Ord_2246,Prod_2,SHP_3054,294.52,0.09,14,15.34,5.94,0.5,21.037142857142857,1.0957142857142856,0.4242857142857143,246.73319999999998
Ord_2273,Prod_4,SHP_3100,1077.8085,0.06,20,17.25,8.99,0.56,53.89042500000001,0.8625,0.4495,986.8999900000001
Ord_5153,Prod_13,SHP_7201,176.5,0.01,46,-119.35,4.17,0.59,3.8369565217391304,-2.5945652173913043,0.09065217391304348,289.915
Ord_5153,Prod_1,SHP_7201,1546.8,0.07,42,25.51,12.9,0.57,36.82857142857143,0.6073809523809525,0.30714285714285716,1400.1139999999998
Ord_5239,Prod_13,SHP_7318,452.28,0.09,48,-21.0,4.82,0.47,9.4225,-0.4375,0.10041666666666667,427.7548
Ord_5157,Prod_15,SHP_7208,5149.06,0.03,27,605.44,30.0,0.69,190.70592592592595,22.423703703703705,1.1111111111111112,4359.1482
Ord_5230,Prod_4,SHP_7304,2197.4115,0.0,20,305.96,7.69,0.58,109.870575,15.297999999999998,0.3845,1883.7615
Ord_5153,Prod_11,SHP_7202,3457.56,0.02,35,-365.44,51.94,0.63,98.78742857142856,-10.441142857142857,1.484,3701.9088
Ord_5159,Prod_5,SHP_7210,2213.92,0.03,20,768.34,13.99,0.65,110.696,38.417,0.6995,1365.1724000000004
Ord_5239,Prod_13,SHP_7318,55.82,0.01,18,14.19,0.81,0.4,3.101111111111111,0.7883333333333333,0.045000000000000005,40.2618
Ord_2791,Prod_12,SHP_3837,68.54,0.1,25,22.2,0.5,0.39,2.7416,0.888,0.02,38.986000000000004
Ord_2739,Prod_5,SHP_3758,363.92,0.0,44,-144.56,7.96,0.49,8.270909090909091,-3.2854545454545456,0.1809090909090909,500.52000000000004
Ord_2585,Prod_11,SHP_3540,7287.55,0.04,24,-715.78,54.12,0.76,303.6479166666667,-29.824166666666667,2.255,7657.708
Ord_2653,Prod_6,SHP_3630,306.3,0.07,34,18.73,4.39,0.38,9.008823529411766,0.5508823529411765,0.12911764705882353,261.73900000000003
Ord_2691,Prod_5,SHP_3685,311.19,0.03,33,-9.18,4.93,0.57,9.43,-0.2781818181818182,0.14939393939393938,306.1043
Ord_2653,Prod_13,SHP_3630,163.98,0.01,42,55.73,0.7,0.44,3.904285714285714,1.3269047619047618,0.016666666666666666,105.9102
Ord_2725,Prod_9,SHP_3735,806.08,0.08,31,402.37,1.39,0.38,26.00258064516129,12.97967741935484,0.044838709677419354,337.83360000000005
Ord_2725,Prod_1,SHP_3736,70.02,0.0,4,-30.63,8.78,0.57,17.505,-7.6575,2.195,91.86999999999999
Ord_4675,Prod_12,SHP_6519,92.94,0.09,20,37.77,0.5,0.36,4.647,1.8885,0.025,46.3054
Ord_4784,Prod_5,SHP_6668,952.21,0.05,50,403.83,3.62,0.43,19.0442,8.0766,0.0724,497.14950000000005
Ord_4730,Prod_1,SHP_6598,8230.77,0.05,50,1577.02,19.99,0.66,164.61540000000002,31.540399999999998,0.3998,6222.2215000000015
Ord_2987,Prod_8,SHP_4127,990.73,0.02,30,56.39,4.0,0.75,33.02433333333333,1.8796666666666666,0.13333333333333333,910.5254
Ord_3729,Prod_13,SHP_5174,493.43,0.07,26,120.18,4.1,0.44,18.978076923076923,4.622307692307692,0.1576923076923077,334.6099
Ord_3733,Prod_9,SHP_5847,142.12,0.01,13,54.91,1.39,0.39,10.932307692307692,4.223846153846154,0.10692307692307691,84.39880000000002
Ord_4204,Prod_4,SHP_5861,277.0745,0.03,41,-128.44,5.03,0.6,6.757914634146341,-3.1326829268292684,0.1226829268292683,392.17226500000004
Ord_4217,Prod_11,SHP_5884,7413.29,0.01,49,1148.23,16.01,0.7,151.2916326530612,23.43326530612245,0.32673469387755105,6174.917100000001
Ord_4217,Prod_6,SHP_5883,60.02,0.1,16,0.94,1.93,0.35,3.75125,0.05875,0.120625,51.148
Ord_4217,Prod_3,SHP_5882,315.45,0.01,40,-305.88,11.51,0.36,7.8862499999999995,-7.647,0.28775,606.6655000000001
Ord_3730,Prod_16,SHP_5175,459.08,0.04,34,61.57,3.14,0.6,13.50235294117647,1.8108823529411764,0.0923529411764706,376.0068
Ord_3733,Prod_4,SHP_5178,553.3415,0.08,33,-67.71,0.99,0.83,16.767924242424243,-2.0518181818181818,0.03,575.79418
Ord_3731,Prod_13,SHP_5176,193.7,0.06,20,-14.99,4.82,0.47,9.684999999999999,-0.7495,0.24100000000000002,192.24800000000002
Ord_3729,Prod_6,SHP_5173,354.96,0.07,43,151.27,1.43,0.35,8.254883720930232,3.5179069767441864,0.033255813953488374,177.41279999999998
Ord_3729,Prod_6,SHP_5174,130.97,0.09,26,-83.42,6.07,0.36,5.037307692307692,-3.2084615384615387,0.23346153846153847,196.53269999999998
Ord_4386,Prod_5,SHP_6115,27.32,0.05,6,-5.87,5.33,0.43,4.553333333333334,-0.9783333333333334,0.8883333333333333,26.494000000000003
Ord_4386,Prod_1,SHP_6116,643.31,0.08,43,-231.34,10.68,0.58,14.960697674418604,-5.38,0.2483720930232558,812.5052000000001
Ord_4342,Prod_13,SHP_6056,1348.57,0.08,47,19.57,8.99,0.58,28.692978723404256,0.41638297872340424,0.19127659574468087,1212.1244
Ord_4342,Prod_1,SHP_6054,1225.52,0.1,36,-1191.13,35.0,0.85,34.04222222222222,-33.08694444444445,0.9722222222222222,2259.098
Ord_4432,Prod_4,SHP_6177,7312.0315,0.06,50,2031.51,8.99,0.57,146.24063,40.6302,0.17980000000000002,4832.80961
Ord_4342,Prod_8,SHP_6055,1024.29,0.07,10,-95.52,19.99,0.52,102.429,-9.552,1.9989999999999999,1028.1197
Ord_4451,Prod_6,SHP_6200,123.15,0.05,23,22.98,2.04,0.36,5.354347826086957,0.9991304347826088,0.08869565217391305,91.9725
Ord_628,Prod_4,SHP_860,477.5045,0.09,17,-245.56,5.0,0.85,28.0885,-14.444705882352942,0.29411764705882354,675.089095
Ord_639,Prod_4,SHP_872,763.6485,0.06,8,-277.78,5.26,0.57,95.4560625,-34.7225,0.6575,990.34959
Ord_597,Prod_2,SHP_815,1449.3,0.08,24,-712.14,49.0,0.59,60.387499999999996,-29.6725,2.0416666666666665,1996.496
Ord_671,Prod_3,SHP_918,125.54,0.03,14,-15.74,6.16,0.35,8.967142857142857,-1.1242857142857143,0.44,131.3538
Ord_657,Prod_4,SHP_899,2343.076,0.06,24,311.64,8.99,0.58,97.62816666666667,12.985,0.3745833333333333,1881.8614400000006
Ord_678,Prod_6,SHP_928,118.36,0.08,17,-60.65,7.37,0.37,6.96235294117647,-3.567647058823529,0.4335294117647059,162.1712
Ord_657,Prod_8,SHP_898,784.72,0.01,43,-87.96,4.0,0.79,18.249302325581397,-2.045581395348837,0.09302325581395349,860.8328
Ord_645,Prod_5,SHP_882,919.0,0.0,50,89.6,8.99,0.47,18.38,1.7919999999999998,0.17980000000000002,820.41
Ord_657,Prod_15,SHP_897,1865.94,0.04,11,116.1,30.0,0.62,169.63090909090909,10.554545454545455,2.727272727272727,1645.2024000000001
Ord_636,Prod_6,SHP_869,201.37,0.1,30,59.84,1.6,0.38,6.7123333333333335,1.9946666666666668,0.05333333333333334,119.793
Ord_630,Prod_8,SHP_862,1500.17,0.06,40,423.87,1.99,0.51,37.50425,10.59675,0.04975,984.2998000000001
Ord_597,Prod_4,SHP_816,4283.235,0.1,44,676.13,8.8,0.59,97.34625,15.36659090909091,0.2,3169.9814999999994
Ord_630,Prod_6,SHP_863,377.31,0.02,45,87.96,2.87,0.4,8.384666666666666,1.9546666666666666,0.06377777777777778,278.9338
Ord_597,Prod_4,SHP_816,4374.6865,0.05,43,973.16,8.08,0.57,101.73689534883721,22.631627906976743,0.18790697674418605,3174.7121749999997
Ord_1846,Prod_7,SHP_2540,161.28,0.01,46,56.73,0.76,0.39,3.506086956521739,1.2332608695652174,0.01652173913043478,102.17720000000003
Ord_2008,Prod_17,SHP_2744,5549.79,0.09,47,1300.8,17.85,0.56,118.08063829787234,27.67659574468085,0.3797872340425532,3731.6588999999994
Ord_1846,Prod_1,SHP_2666,250.75,0.02,13,-43.52,9.47,0.59,19.28846153846154,-3.347692307692308,0.7284615384615385,279.785
Ord_2062,Prod_4,SHP_2818,821.7885,0.06,18,-230.34,5.0,0.8,45.654916666666665,-12.796666666666667,0.2777777777777778,997.82119
Ord_1846,Prod_6,SHP_2540,1356.45,0.02,37,47.65,19.99,0.38,36.660810810810815,1.287837837837838,0.5402702702702702,1261.681
Ord_1955,Prod_6,SHP_2676,164.22,0.1,28,-124.72,7.5,0.4,5.865,-4.454285714285715,0.26785714285714285,265.01800000000003
Ord_1846,Prod_8,SHP_2667,313.05,0.02,31,81.87,1.99,0.43,10.098387096774195,2.640967741935484,0.06419354838709677,222.92899999999997
Ord_1986,Prod_8,SHP_2714,815.89,0.1,43,-20.25,4.0,0.68,18.974186046511626,-0.47093023255813954,0.09302325581395349,750.5509999999999
Ord_1955,Prod_6,SHP_2676,135.91,0.07,25,37.5,1.21,0.4,5.4364,1.5,0.0484,87.6863
Ord_1986,Prod_3,SHP_3045,30.61,0.09,11,-3.38,1.49,0.36,2.7827272727272727,-0.30727272727272725,0.13545454545454547,29.7451
Ord_2255,Prod_8,SHP_3070,452.93,0.09,43,-172.34,6.5,0.64,10.533255813953488,-4.007906976744186,0.1511627906976744,578.0063
Ord_1846,Prod_6,SHP_2666,200.7,0.02,29,-147.72,9.17,0.37,6.9206896551724135,-5.0937931034482755,0.3162068965517241,335.236
Ord_2255,Prod_6,SHP_3069,311.1,0.04,45,86.6,2.0,0.39,6.913333333333334,1.9244444444444444,0.044444444444444446,210.056
Ord_2062,Prod_4,SHP_3182,5634.3525,0.03,34,1185.41,8.08,0.59,165.71625,34.865,0.2376470588235294,4271.831925
Ord_5161,Prod_12,SHP_7212,228.46,0.01,47,112.06,0.5,0.36,4.860851063829787,2.384255319148936,0.010638297872340425,113.6154
Ord_5161,Prod_6,SHP_7213,77.61,0.09,19,16.79,1.3,0.37,4.084736842105263,0.8836842105263157,0.06842105263157895,52.53510000000001
Ord_5203,Prod_13,SHP_7269,95.26,0.02,26,-89.06,5.0,0.56,3.663846153846154,-3.4253846153846155,0.19230769230769232,177.4148
Ord_5175,Prod_17,SHP_7232,1191.73,0.07,13,147.6,13.99,0.38,91.67153846153846,11.353846153846153,1.0761538461538462,946.7189
Ord_5165,Prod_12,SHP_7218,95.71,0.04,38,32.81,0.5,0.39,2.5186842105263154,0.863421052631579,0.013157894736842105,58.57159999999999
Ord_5245,Prod_8,SHP_7325,99.94,0.07,46,-55.84,1.99,0.55,2.172608695652174,-1.213913043478261,0.043260869565217394,146.7942
Ord_5245,Prod_13,SHP_7326,18.7,0.07,11,-3.36,0.7,0.56,1.7,-0.3054545454545454,0.06363636363636363,20.051
Ord_5151,Prod_13,SHP_7199,122.23,0.03,29,24.55,1.2,0.44,4.214827586206897,0.846551724137931,0.041379310344827586,92.8131
Ord_5223,Prod_4,SHP_7296,4524.907,0.07,47,1464.87,2.5,0.55,96.2746170212766,31.167446808510636,0.05319148936170213,2740.7935100000004
Ord_5337,Prod_10,SHP_7451,3301.33,0.05,23,-307.46,36.09,0.77,143.53608695652173,-13.367826086956521,1.569130434782609,3407.6335
Ord_5278,Prod_6,SHP_7367,172.33,0.04,26,-52.21,5.74,0.37,6.628076923076923,-2.0080769230769233,0.22076923076923077,211.9068
Ord_5316,Prod_2,SHP_7425,412.37,0.06,46,2.71,3.5,0.58,8.964565217391305,0.05891304347826087,0.07608695652173914,381.4178
Ord_5248,Prod_6,SHP_7329,53.46,0.02,7,-17.58,5.9,0.37,7.637142857142857,-2.511428571428571,0.8428571428571429,64.07079999999999
Ord_5278,Prod_3,SHP_7367,852.75,0.08,29,358.73,1.49,0.37,29.405172413793103,12.370000000000001,0.05137931034482759,424.30999999999995
Ord_5284,Prod_4,SHP_7377,5638.798,0.09,33,1406.05,3.0,0.58,170.87266666666665,42.60757575757576,0.09090909090909091,3722.2561799999994
Ord_5337,Prod_12,SHP_7452,126.95,0.06,28,45.87,0.99,0.39,4.5339285714285715,1.6382142857142856,0.03535714285714286,72.47300000000001
Ord_5251,Prod_6,SHP_7332,881.65,0.08,50,41.27,9.03,0.37,17.633,0.8254,0.18059999999999998,760.818
Ord_5269,Prod_4,SHP_7356,1281.358,0.09,14,-90.12,5.99,0.57,91.52557142857142,-6.437142857142858,0.4278571428571429,1250.1657799999998
Ord_5284,Prod_12,SHP_7376,203.49,0.05,34,90.35,0.5,0.39,5.985,2.6573529411764705,0.014705882352941176,102.46550000000002
Ord_4825,Prod_17,SHP_6723,2013.8,0.01,16,-98.43,56.14,0.39,125.8625,-6.151875,3.50875,2035.952
Ord_4770,Prod_1,SHP_6654,1128.03,0.01,25,256.3,6.22,,45.1212,10.252,0.2488,854.2297000000001
Ord_4825,Prod_3,SHP_6722,320.57,0.1,46,-114.2,6.05,0.39,6.968913043478261,-2.482608695652174,0.13152173913043477,396.66299999999995
Ord_4770,Prod_8,SHP_6653,1734.4,0.02,49,749.16,1.99,0.43,35.395918367346944,15.288979591836734,0.040612244897959185,948.562
Ord_4143,Prod_6,SHP_5770,901.32,0.1,25,338.01,5.08,0.38,36.052800000000005,13.5204,0.2032,468.09800000000007
Ord_4143,Prod_16,SHP_5771,207.21,0.06,24,-78.64,6.14,0.59,8.633750000000001,-3.276666666666667,0.2558333333333333,267.2774
Ord_4538,Prod_8,SHP_6317,105.13,0.08,4,-103.23,4.0,0.75,26.2825,-25.8075,1.0,195.9496
Ord_1528,Prod_13,SHP_2113,964.09,0.02,44,105.37,5.53,0.59,21.911136363636363,2.3947727272727275,0.1256818181818182,833.9082000000001
Ord_1445,Prod_3,SHP_1996,18.7,0.1,3,-14.69,5.83,0.36,6.233333333333333,-4.8966666666666665,1.9433333333333334,25.689999999999998
Ord_1327,Prod_6,SHP_1827,391.42,0.04,38,25.03,5.12,0.4,10.300526315789474,0.6586842105263159,0.13473684210526315,345.6132
Ord_1607,Prod_4,SHP_2220,2980.372,0.02,19,494.63,8.99,0.57,156.8616842105263,26.033157894736842,0.4731578947368421,2417.1445599999997
Ord_1528,Prod_13,SHP_2112,36.65,0.03,6,0.43,0.91,0.51,6.108333333333333,0.07166666666666667,0.15166666666666667,34.2105
Ord_1607,Prod_3,SHP_2220,50.42,0.06,10,7.25,1.49,0.36,5.042,0.725,0.149,38.6548
Ord_1445,Prod_13,SHP_1996,140.74,0.01,39,-92.29,3.97,0.56,3.608717948717949,-2.3664102564102567,0.1017948717948718,227.6526
Ord_69,Prod_1,SHP_93,5188.86,0.1,48,395.12,8.64,0.78,108.10125,8.231666666666667,0.18000000000000002,4266.214
Ord_288,Prod_12,SHP_389,47.44,0.09,17,14.49,0.5,0.38,2.7905882352941176,0.8523529411764706,0.029411764705882353,28.1804
Ord_272,Prod_4,SHP_371,680.8585,0.05,39,319.1,0.99,0.37,17.45791025641026,8.182051282051283,0.025384615384615384,326.72557500000005
Ord_266,Prod_5,SHP_364,30.68,0.02,15,-37.39,4.08,0.53,2.0453333333333332,-2.4926666666666666,0.272,63.3764
Ord_12,Prod_9,SHP_15,248.26,0.07,16,93.8,1.39,0.4,15.51625,5.8625,0.086875,135.6918
Ord_5171,Prod_8,SHP_7228,372.09,0.04,16,98.28,1.99,0.43,23.255625,6.1425,0.124375,256.93639999999994
Ord_5167,Prod_2,SHP_7221,212.91,0.0,3,-65.15,3.5,0.59,70.97,-21.71666666666667,1.1666666666666667,274.56
Ord_5177,Prod_2,SHP_7234,321.02,0.1,37,-11.88,3.5,0.58,8.676216216216215,-0.3210810810810811,0.0945945945945946,297.298
Ord_5167,Prod_6,SHP_7222,1275.61,0.08,35,517.33,5.08,0.38,36.446,14.780857142857144,0.14514285714285716,651.1511999999999
Ord_5212,Prod_5,SHP_7283,447.12,0.08,43,-14.27,5.16,0.57,10.398139534883722,-0.33186046511627904,0.12000000000000001,420.46039999999994
Ord_5180,Prod_9,SHP_7237,862.64,0.04,23,122.11,14.72,0.4,37.50608695652174,5.309130434782609,0.64,691.3044
Ord_4830,Prod_6,SHP_6731,158.91,0.06,24,-38.57,5.2,0.37,6.62125,-1.6070833333333334,0.21666666666666667,182.7454
Ord_4796,Prod_16,SHP_6686,95.09,0.09,9,-13.53,3.37,0.57,10.565555555555555,-1.5033333333333332,0.37444444444444447,96.6919
Ord_4796,Prod_13,SHP_6687,150.06,0.02,49,30.97,0.7,0.56,3.062448979591837,0.6320408163265306,0.014285714285714285,115.3888
Ord_4796,Prod_6,SHP_6686,122.09,0.04,6,-15.2,9.54,0.37,20.348333333333333,-2.533333333333333,1.5899999999999999,122.86640000000001
Ord_1965,Prod_3,SHP_2689,267.0,0.09,19,-2.83,7.17,0.38,14.052631578947368,-0.14894736842105263,0.3773684210526316,238.63000000000002
Ord_1854,Prod_6,SHP_2548,817.53,0.03,34,76.63,11.54,0.39,24.044999999999998,2.253823529411765,0.3394117647058823,704.8341
Ord_1814,Prod_13,SHP_2507,81.9,0.01,27,4.06,0.96,0.58,3.0333333333333337,0.15037037037037035,0.035555555555555556,76.061
Ord_1854,Prod_16,SHP_2548,182.47,0.05,17,-3.18,3.37,0.57,10.733529411764707,-0.18705882352941178,0.19823529411764707,173.1565
Ord_2967,Prod_12,SHP_4090,132.12,0.07,37,54.78,0.5,0.37,3.5708108108108108,1.4805405405405405,0.013513513513513514,67.5916
Ord_1521,Prod_15,SHP_2100,2230.97,0.06,12,273.27,26.2,0.59,185.91416666666666,22.772499999999997,2.183333333333333,1797.6417999999999
Ord_1521,Prod_5,SHP_2101,200.77,0.01,25,-60.61,7.98,0.42,8.030800000000001,-2.4244,0.31920000000000004,251.39230000000003
Ord_3000,Prod_2,SHP_4152,353.02,0.0,7,72.55,5.1,0.46,50.43142857142857,10.364285714285714,0.7285714285714285,275.36999999999995
Ord_2957,Prod_13,SHP_4078,65.12,0.07,38,1.42,1.0,0.35,1.713684210526316,0.03736842105263158,0.02631578947368421,58.141600000000004
Ord_1535,Prod_1,SHP_2124,1326.69,0.0,37,185.37,8.74,0.61,35.85648648648649,5.01,0.23621621621621622,1132.58
Ord_1544,Prod_3,SHP_2135,60.92,0.07,33,-17.2,1.49,0.37,1.8460606060606062,-0.5212121212121212,0.04515151515151515,72.3656
Ord_2991,Prod_13,SHP_4136,193.25,0.03,19,71.55,1.09,0.43,10.171052631578947,3.7657894736842104,0.05736842105263158,114.81249999999999
Ord_2957,Prod_6,SHP_4078,205.87,0.03,35,65.88,1.46,0.39,5.882000000000001,1.8822857142857141,0.04171428571428571,132.3539
Ord_1854,Prod_17,SHP_2548,25.96,0.06,2,-29.29,6.24,0.36,12.98,-14.645,3.12,47.4524
Ord_1535,Prod_2,SHP_2123,3638.27,0.04,45,1123.79,4.5,0.59,80.85044444444445,24.97311111111111,0.1,2364.4492
Ord_2946,Prod_6,SHP_4065,51.27,0.06,7,3.27,2.17,0.38,7.324285714285715,0.46714285714285714,0.31,42.7538
Ord_1544,Prod_5,SHP_2136,387.17,0.01,8,190.6,4.8,0.68,48.39625,23.825,0.6,187.89830000000003
Ord_4506,Prod_16,SHP_6273,92.02,0.07,9,-24.88,4.68,0.59,10.224444444444444,-2.7644444444444445,0.52,105.77859999999998
Ord_1814,Prod_9,SHP_2507,495.5,0.06,44,-12.67,6.97,0.35,11.261363636363637,-0.28795454545454546,0.15840909090909092,471.46999999999997
Ord_4083,Prod_13,SHP_5692,557.52,0.03,47,-157.3,7.95,0.58,11.862127659574467,-3.346808510638298,0.16914893617021276,690.1443999999999
Ord_4058,Prod_4,SHP_5658,642.9145,0.01,11,-118.8,8.99,0.6,58.44677272727272,-10.799999999999999,0.8172727272727273,746.295355
Ord_4046,Prod_13,SHP_5638,24.76,0.09,9,-1.82,0.7,0.56,2.7511111111111113,-0.20222222222222222,0.07777777777777778,23.651600000000002
Ord_4072,Prod_6,SHP_5678,325.8,0.03,45,-84.85,6.18,0.39,7.24,-1.8855555555555554,0.13733333333333334,394.696
Ord_4018,Prod_8,SHP_5592,187.37,0.09,6,-125.96,5.5,0.75,31.228333333333335,-20.993333333333332,0.9166666666666666,290.9667
Ord_4050,Prod_4,SHP_5644,3644.596,0.06,44,1104.32,4.9,0.56,82.83172727272728,25.098181818181818,0.11136363636363637,2316.70024
Ord_4039,Prod_9,SHP_5626,112.42,0.09,20,7.4,2.5,0.36,5.621,0.37,0.125,92.4022
Ord_4066,Prod_8,SHP_5671,963.45,0.05,22,94.03,4.0,0.64,43.79318181818182,4.274090909090909,0.18181818181818182,817.2475000000001
Ord_4062,Prod_5,SHP_5665,2504.41,0.01,30,-547.89,48.2,0.74,83.48033333333333,-18.262999999999998,1.6066666666666667,2979.0559
Ord_4019,Prod_9,SHP_5593,356.09,0.05,23,155.82,1.39,0.38,15.482173913043477,6.774782608695652,0.06043478260869565,181.07549999999998
Ord_4094,Prod_6,SHP_5706,979.44,0.01,46,320.67,5.86,0.38,21.29217391304348,6.97108695652174,0.12739130434782608,643.1156000000001
Ord_4066,Prod_4,SHP_5672,4390.029,0.0,25,1007.49,5.26,0.56,175.60116000000002,40.2996,0.2104,3377.2790000000005
Ord_4078,Prod_6,SHP_5685,241.92,0.1,26,67.71,2.27,0.36,9.304615384615385,2.604230769230769,0.08730769230769231,147.748
Ord_4080,Prod_7,SHP_5687,10.62,0.07,3,-3.96,1.35,0.4,3.5399999999999996,-1.32,0.45,12.4866
Ord_4080,Prod_1,SHP_5689,351.3,0.06,10,1.45,8.22,0.57,35.13,0.145,0.8220000000000001,320.552
Ord_4023,Prod_5,SHP_5598,486.43,0.0,15,285.35,3.92,0.44,32.428666666666665,19.023333333333333,0.2613333333333333,197.15999999999997
Ord_4068,Prod_8,SHP_5674,1692.28,0.1,46,61.0,4.0,0.7,36.788695652173914,1.326086956521739,0.08695652173913043,1458.052
Ord_4023,Prod_6,SHP_5599,144.95,0.08,7,10.82,5.86,0.38,20.707142857142856,1.5457142857142858,0.8371428571428572,116.67399999999998
Ord_4080,Prod_16,SHP_5688,666.4,0.0,39,2.02,7.42,0.56,17.087179487179487,0.05179487179487179,0.19025641025641024,656.96
Ord_4896,Prod_4,SHP_6829,2827.1425,0.01,35,713.88,4.9,0.56,80.7755,20.396571428571427,0.14,2080.091075
Ord_4898,Prod_13,SHP_6832,66.55,0.01,40,-15.13,1.29,0.42,1.6637499999999998,-0.37825000000000003,0.03225,79.72449999999999
Ord_4840,Prod_3,SHP_6748,278.68,0.06,20,8.9,6.46,0.38,13.934000000000001,0.445,0.323,246.5992
Ord_4840,Prod_4,SHP_6749,717.468,0.01,23,316.48,0.99,0.35,31.194260869565216,13.760000000000002,0.043043478260869565,392.82331999999997
Ord_4871,Prod_2,SHP_6798,101.47,0.03,9,-18.64,4.5,0.59,11.274444444444445,-2.071111111111111,0.5,112.5659
Ord_4947,Prod_6,SHP_6903,33.44,0.1,4,-6.88,2.87,0.4,8.36,-1.72,0.7175,34.105999999999995
Ord_302,Prod_13,SHP_406,667.55,0.0,28,204.74,2.87,0.55,23.84107142857143,7.312142857142858,0.10250000000000001,459.93999999999994
Ord_47,Prod_1,SHP_61,436.17,0.08,40,-141.27,7.46,0.59,10.904250000000001,-3.53175,0.1865,535.0864
Ord_335,Prod_12,SHP_448,83.81,0.09,7,21.92,0.5,0.38,11.972857142857142,3.1314285714285717,0.07142857142857142,53.8471
Ord_335,Prod_13,SHP_449,218.81,0.03,36,7.45,2.27,0.56,6.078055555555555,0.20694444444444446,0.06305555555555556,202.5257
Ord_5422,Prod_5,SHP_7574,1823.02,0.04,19,80.8,39.61,0.67,95.94842105263157,4.252631578947368,2.084736842105263,1629.6892
Ord_5373,Prod_3,SHP_7503,3633.03,0.09,33,1440.27,9.07,0.35,110.09181818181818,43.64454545454545,0.27484848484848484,1856.7173000000003
Ord_5433,Prod_13,SHP_7592,209.63,0.01,35,43.53,1.2,0.55,5.989428571428571,1.2437142857142858,0.03428571428571429,162.8037
Ord_5422,Prod_13,SHP_7575,74.02,0.04,26,8.13,0.7,0.56,2.8469230769230767,0.3126923076923077,0.02692307692307692,62.229199999999985
Ord_5494,Prod_10,SHP_7679,2453.3,0.05,24,-111.4,35.84,0.62,102.22083333333335,-4.641666666666667,1.4933333333333334,2406.195
Ord_5410,Prod_11,SHP_7554,6785.86,0.05,27,-740.07,62.74,0.75,251.32814814814813,-27.41,2.323703703703704,7123.897
Ord_5473,Prod_10,SHP_7646,4878.64,0.03,31,-519.94,66.27,0.65,157.37548387096774,-16.77225806451613,2.137741935483871,5185.9508000000005
Ord_5422,Prod_4,SHP_7576,2252.976,0.02,13,-54.36,8.99,0.58,173.30584615384618,-4.181538461538461,0.6915384615384615,2253.2864800000007
Ord_5494,Prod_6,SHP_7680,147.02,0.02,29,-77.03,5.49,0.38,5.0696551724137935,-2.656206896551724,0.1893103448275862,215.6196
Ord_5442,Prod_6,SHP_7604,313.52,0.05,48,-254.68,9.17,0.37,6.531666666666666,-5.305833333333333,0.19104166666666667,543.354
Ord_5468,Prod_13,SHP_7640,57.96,0.06,17,-47.32,3.97,0.56,3.4094117647058826,-2.783529411764706,0.2335294117647059,97.8324
Ord_1675,Prod_6,SHP_2317,1662.33,0.02,32,783.84,5.81,0.38,51.9478125,24.495,0.1815625,839.4334
Ord_1675,Prod_8,SHP_2316,254.46,0.09,32,23.5,1.99,0.49,7.951875,0.734375,0.0621875,206.0686
Ord_1675,Prod_5,SHP_2316,278.19,0.02,32,149.39,0.96,0.43,8.6934375,4.6684375,0.03,122.27620000000002
Ord_4076,Prod_3,SHP_5682,1484.49,0.09,23,230.5,19.99,0.4,64.54304347826087,10.021739130434783,0.8691304347826087,1100.3959
Ord_4017,Prod_4,SHP_5591,1703.8505,0.0,28,316.06,8.99,0.58,60.85180357142857,11.287857142857144,0.32107142857142856,1378.8005
Ord_4076,Prod_1,SHP_5683,740.49,0.1,18,88.9,6.22,,41.138333333333335,4.938888888888889,0.34555555555555556,571.321
Ord_4035,Prod_12,SHP_5619,101.2,0.1,37,38.58,0.5,0.36,2.735135135135135,1.0427027027027027,0.013513513513513514,52.0
Ord_4087,Prod_12,SHP_5698,173.22,0.04,35,84.03,0.5,0.36,4.949142857142857,2.400857142857143,0.014285714285714285,81.7612
Ord_4017,Prod_4,SHP_5591,303.1865,0.02,17,92.59,0.99,0.37,17.834500000000002,5.446470588235294,0.05823529411764706,203.54277
Ord_1984,Prod_6,SHP_2712,692.73,0.01,16,94.97,17.48,0.36,43.295625,5.935625,1.0925,573.3527
Ord_1541,Prod_8,SHP_2132,414.42,0.04,48,-380.2,8.99,0.79,8.633750000000001,-7.920833333333333,0.18729166666666666,769.0532000000001
Ord_1437,Prod_6,SHP_1988,145.93,0.0,27,-113.32,7.44,0.36,5.404814814814815,-4.1970370370370365,0.27555555555555555,251.81
Ord_2252,Prod_3,SHP_3064,3.42,0.05,1,-2.91,1.49,0.37,3.42,-2.91,1.49,4.6690000000000005
Ord_3707,Prod_6,SHP_5137,123.76,0.04,12,32.44,2.27,0.36,10.313333333333334,2.703333333333333,0.18916666666666668,84.09960000000001
Ord_1437,Prod_8,SHP_5152,312.03,0.08,11,-66.66,5.5,0.51,28.366363636363634,-6.06,0.5,348.22759999999994
Ord_1437,Prod_15,SHP_5151,6435.87,0.04,21,935.06,64.73,0.56,306.46999999999997,44.526666666666664,3.0823809523809524,5178.645200000001
Ord_3707,Prod_8,SHP_5135,522.49,0.08,12,-236.43,16.71,0.66,43.54083333333333,-19.7025,1.3925,700.4108000000001
Ord_5493,Prod_10,SHP_7678,1851.62,0.09,19,-220.84,35.84,0.62,97.4536842105263,-11.623157894736842,1.8863157894736844,1869.9741999999999
Ord_5493,Prod_3,SHP_7677,561.66,0.07,26,-111.33,15.1,0.38,21.60230769230769,-4.281923076923077,0.5807692307692307,618.5738
Ord_1551,Prod_16,SHP_2145,184.77,0.0,29,-71.96,5.3,0.55,6.371379310344828,-2.481379310344827,0.18275862068965518,251.43
Ord_1377,Prod_13,SHP_1897,37.3,0.0,7,5.03,0.71,0.52,5.328571428571428,0.7185714285714286,0.10142857142857142,31.559999999999995
Ord_4144,Prod_2,SHP_5772,2182.91,0.1,40,549.45,3.5,0.57,54.57275,13.736250000000002,0.0875,1411.6689999999999
Ord_4144,Prod_1,SHP_5773,1144.35,0.05,14,-448.6,35.0,0.83,81.73928571428571,-32.042857142857144,2.5,1500.7325
Ord_4187,Prod_6,SHP_5837,135.02,0.02,20,-60.69,6.74,0.37,6.751,-3.0345,0.337,186.26960000000003
Ord_4168,Prod_9,SHP_5807,669.01,0.08,44,299.35,1.39,0.4,15.204772727272728,6.803409090909091,0.031590909090909086,314.7492
Ord_4168,Prod_5,SHP_5808,301.6,0.01,30,-24.93,6.22,0.55,10.053333333333335,-0.831,0.20733333333333331,317.294
Ord_1670,Prod_4,SHP_2308,2077.1875,0.05,12,-38.07,4.2,0.59,173.09895833333334,-3.1725,0.35000000000000003,2007.198125
Ord_1670,Prod_3,SHP_2307,362.71,0.07,48,-88.95,6.16,0.35,7.556458333333333,-1.8531250000000001,0.12833333333333333,420.11029999999994
Ord_1579,Prod_1,SHP_2179,1221.62,0.01,18,-468.64,35.0,0.8,67.86777777777777,-26.035555555555554,1.9444444444444444,1643.0438
Ord_1621,Prod_3,SHP_2238,2010.89,0.09,34,564.07,11.55,0.38,59.14382352941177,16.590294117647062,0.3397058823529412,1254.2899000000002
Ord_1579,Prod_16,SHP_2178,139.37,0.04,16,1.72,2.64,0.59,8.710625,0.1075,0.165,129.4352
Ord_1579,Prod_6,SHP_2177,23.38,0.08,3,-12.19,5.14,0.37,7.793333333333333,-4.0633333333333335,1.7133333333333332,28.559599999999996
Ord_647,Prod_15,SHP_884,6276.83,0.09,23,813.49,48.8,0.56,272.90565217391304,35.36913043478261,2.1217391304347823,4849.6253
Ord_632,Prod_10,SHP_865,5572.92,0.07,41,-639.47,36.09,0.77,135.9248780487805,-15.596829268292684,0.8802439024390245,5786.1956
Ord_1997,Prod_15,SHP_2728,4547.9,0.01,45,-768.14,58.2,0.58,101.06444444444443,-17.069777777777777,1.2933333333333334,5212.361
Ord_2049,Prod_12,SHP_2800,110.96,0.08,46,35.92,0.5,0.39,2.4121739130434783,0.7808695652173914,0.010869565217391304,65.66319999999999
Ord_1939,Prod_8,SHP_2656,901.81,0.02,18,-76.89,19.99,0.41,50.10055555555555,-4.2716666666666665,1.1105555555555555,940.6737999999999
Ord_1919,Prod_12,SHP_2631,45.63,0.02,12,15.42,0.5,0.38,3.8025,1.285,0.041666666666666664,28.797400000000003
Ord_1325,Prod_6,SHP_1824,259.72,0.07,27,78.05,2.06,0.39,9.61925925925926,2.890740740740741,0.07629629629629629,161.42960000000005
Ord_1325,Prod_13,SHP_1825,54.69,0.07,34,-35.75,1.57,0.59,1.6085294117647058,-1.0514705882352942,0.0461764705882353,85.04169999999999
Ord_2202,Prod_6,SHP_3001,345.69,0.02,22,143.23,1.97,0.39,15.713181818181818,6.510454545454545,0.08954545454545454,193.5762
Ord_153,Prod_8,SHP_205,261.88,0.08,7,-59.2,1.99,0.54,37.41142857142857,-8.457142857142857,0.2842857142857143,298.1396
Ord_116,Prod_4,SHP_159,5247.4835,0.0,49,1465.87,8.08,0.57,107.09150000000001,29.915714285714284,0.16489795918367348,3773.5335000000005
Ord_153,Prod_6,SHP_206,593.73,0.04,15,108.01,13.26,0.36,39.582,7.200666666666667,0.884,448.71080000000006
Ord_116,Prod_8,SHP_158,436.05,0.09,15,-92.58,4.0,0.75,29.07,-6.172,0.26666666666666666,485.3855
Ord_116,Prod_3,SHP_157,114.12,0.05,30,15.73,1.49,0.38,3.8040000000000003,0.5243333333333333,0.049666666666666665,91.194
Ord_40,Prod_2,SHP_53,239.03,0.01,3,-68.22,4.5,0.55,79.67666666666666,-22.74,1.5,300.3597
Ord_40,Prod_3,SHP_52,384.33,0.1,7,87.68,1.49,0.38,54.90428571428571,12.525714285714287,0.21285714285714286,256.727
Ord_5329,Prod_3,SHP_7441,86.64,0.09,21,-73.07,5.26,0.38,4.1257142857142854,-3.4795238095238092,0.25047619047619046,146.6524
Ord_5323,Prod_6,SHP_7435,112.81,0.02,16,-85.23,9.17,0.37,7.050625,-5.326875,0.573125,186.6138
Ord_5282,Prod_3,SHP_7374,314.0,0.07,47,-66.04,5.27,0.36,6.680851063829787,-1.4051063829787236,0.11212765957446807,352.79
Ord_5299,Prod_6,SHP_7397,277.58,0.08,39,-276.88,11.15,0.37,7.117435897435897,-7.09948717948718,0.2858974358974359,521.1035999999999
Ord_5282,Prod_7,SHP_7374,155.54,0.09,50,15.66,1.35,0.4,3.1108,0.3132,0.027000000000000003,124.53139999999999
Ord_5299,Prod_4,SHP_7399,7195.2585,0.09,44,1698.16,8.08,0.59,163.52860227272728,38.594545454545454,0.18363636363636363,4841.445235
Ord_631,Prod_6,SHP_864,204.49,0.05,30,-142.3,8.73,0.37,6.816333333333334,-4.743333333333334,0.29100000000000004,327.8355
Ord_635,Prod_11,SHP_868,986.272,0.02,16,-647.14,69.0,0.68,61.642,-40.44625,4.3125,1544.68656
Ord_600,Prod_4,SHP_821,606.56,0.04,15,20.23,4.99,0.56,40.43733333333333,1.3486666666666667,0.33266666666666667,557.0776
Ord_655,Prod_6,SHP_895,295.37,0.04,50,-97.23,5.46,0.36,5.9074,-1.9446,0.1092,375.32520000000005
Ord_627,Prod_2,SHP_857,285.08,0.08,7,2.3,5.33,0.57,40.72571428571428,0.32857142857142857,0.7614285714285715,254.6436
Ord_611,Prod_6,SHP_835,176.1,0.09,27,-75.71,6.18,0.39,6.522222222222222,-2.804074074074074,0.2288888888888889,229.781
Ord_667,Prod_1,SHP_913,7036.11,0.0,43,1268.65,19.99,0.66,163.63046511627905,29.503488372093024,0.4648837209302325,5747.469999999999
Ord_600,Prod_6,SHP_820,49.55,0.06,6,-20.33,7.64,0.36,8.258333333333333,-3.388333333333333,1.2733333333333332,59.266999999999996
Ord_4330,Prod_4,SHP_6037,312.035,0.05,17,-55.94,0.99,0.83,18.355,-3.2905882352941176,0.05823529411764706,351.38325000000003
Ord_4263,Prod_9,SHP_5951,40.79,0.02,3,-11.69,5.72,0.35,13.596666666666666,-3.8966666666666665,1.9066666666666665,45.944199999999995
Ord_4263,Prod_6,SHP_5952,524.25,0.0,16,124.18,8.74,0.4,32.765625,7.76125,0.54625,391.33
Ord_1223,Prod_8,SHP_1690,288.55,0.03,37,-133.7,5.53,0.69,7.798648648648649,-3.6135135135135132,0.14945945945945946,408.06350000000003
Ord_1226,Prod_4,SHP_1693,1297.4485,0.04,18,4.21,10.78,0.58,72.08047222222223,0.2338888888888889,0.5988888888888888,1230.56056
Ord_1254,Prod_6,SHP_1733,150.13,0.09,13,1.73,4.86,0.38,11.548461538461538,0.13307692307692306,0.3738461538461539,130.0283
Ord_1415,Prod_1,SHP_1954,396.69,0.09,12,-18.45,8.74,0.61,33.0575,-1.5374999999999999,0.7283333333333334,370.69789999999995
Ord_1337,Prod_6,SHP_1839,225.21,0.06,38,-66.16,5.2,0.36,5.926578947368421,-1.7410526315789472,0.1368421052631579,272.65740000000005
Ord_1532,Prod_4,SHP_2119,1491.8265,0.1,28,124.83,8.99,0.56,53.27951785714286,4.458214285714286,0.32107142857142856,1208.82385
Ord_1415,Prod_8,SHP_1952,4598.73,0.04,45,1049.45,19.99,0.5,102.19399999999999,23.32111111111111,0.4442222222222222,3345.3408
Ord_1429,Prod_16,SHP_1976,539.06,0.05,42,-123.07,4.59,0.82,12.834761904761903,-2.930238095238095,0.10928571428571428,630.587
Ord_1337,Prod_5,SHP_1838,75.72,0.02,7,20.29,6.02,0.48,10.817142857142857,2.8985714285714286,0.86,47.89560000000001
Ord_1415,Prod_5,SHP_1953,2673.08,0.01,45,-1363.12,52.2,0.72,59.401777777777774,-30.291555555555554,1.1600000000000001,3957.2692
Ord_4388,Prod_8,SHP_6118,448.23,0.01,26,110.6,4.0,0.37,17.239615384615384,4.253846153846154,0.15384615384615385,329.1477
Ord_2489,Prod_4,SHP_3410,519.9535,0.0,9,-107.99,5.92,0.55,57.772611111111104,-11.998888888888889,0.6577777777777778,622.0235
Ord_2510,Prod_4,SHP_3439,1940.21,0.09,12,-215.34,4.2,0.59,161.68416666666667,-17.945,0.35000000000000003,1976.7311
Ord_2510,Prod_13,SHP_3439,1717.21,0.08,44,176.13,8.99,0.59,39.0275,4.002954545454545,0.20431818181818182,1394.7132000000001
Ord_2327,Prod_8,SHP_3194,125.85,0.09,25,-89.25,4.62,0.64,5.034,-3.57,0.1848,199.1535
Ord_2519,Prod_13,SHP_3451,80.0,0.03,13,10.96,1.2,0.55,6.153846153846154,0.8430769230769232,0.0923076923076923,65.44
Ord_2498,Prod_1,SHP_3424,670.03,0.01,10,-326.47,35.0,0.8,67.003,-32.647000000000006,3.5,954.7997
Ord_2489,Prod_6,SHP_3410,63.61,0.01,6,7.59,2.06,0.39,10.601666666666667,1.265,0.3433333333333333,53.323899999999995
Ord_2519,Prod_1,SHP_3452,137.42,0.04,8,-24.86,6.25,0.58,17.1775,-3.1075,0.78125,150.53319999999997
Ord_2489,Prod_4,SHP_3411,5636.3075,0.04,41,1595.67,8.99,0.58,137.47091463414634,38.91878048780488,0.21926829268292683,3806.1952
Ord_2429,Prod_9,SHP_3335,53.66,0.09,5,5.69,1.39,0.35,10.732,1.1380000000000001,0.27799999999999997,41.7506
Ord_2540,Prod_5,SHP_3478,1020.88,0.08,47,173.94,8.99,0.44,21.720851063829787,3.7008510638297873,0.19127659574468087,756.2796000000001
Ord_2471,Prod_16,SHP_3386,90.93,0.05,43,-72.5,2.56,0.55,2.1146511627906976,-1.686046511627907,0.059534883720930236,156.32350000000002
Ord_2471,Prod_13,SHP_3386,125.95,0.0,10,15.73,2.36,0.55,12.595,1.573,0.236,107.86
Ord_2415,Prod_7,SHP_3313,60.64,0.05,31,-66.62,2.58,0.82,1.9561290322580644,-2.1490322580645165,0.0832258064516129,121.64800000000001
Ord_2471,Prod_5,SHP_3385,129.5,0.02,6,65.49,6.68,0.53,21.583333333333332,10.915,1.1133333333333333,54.739999999999995
Ord_2517,Prod_11,SHP_3447,5407.9,0.01,35,-352.79,46.2,0.69,154.51142857142855,-10.079714285714287,1.32,5660.411
Ord_2471,Prod_3,SHP_3384,61.43,0.09,9,-42.98,7.78,0.37,6.825555555555556,-4.775555555555555,0.8644444444444445,91.1013
Ord_155,Prod_8,SHP_209,251.75,0.07,31,22.46,1.99,0.52,8.120967741935484,0.724516129032258,0.06419354838709677,209.67749999999998
Ord_155,Prod_15,SHP_208,795.74,0.0,22,-127.39,19.19,0.58,36.17,-5.790454545454545,0.8722727272727273,903.9399999999999
Ord_18,Prod_13,SHP_25,67.24,0.06,23,4.9,0.93,0.54,2.923478260869565,0.21304347826086958,0.04043478260869565,57.3756
Ord_33,Prod_4,SHP_43,4253.009,0.01,30,1115.69,8.99,0.58,141.76696666666666,37.18966666666667,0.2996666666666667,3085.79891
Ord_33,Prod_12,SHP_44,187.83,0.03,50,85.96,0.5,0.37,3.7566,1.7191999999999998,0.01,95.73510000000003
Ord_33,Prod_6,SHP_45,49.59,0.07,3,-8.38,6.47,0.38,16.53,-2.7933333333333334,2.1566666666666667,48.02870000000001
Ord_34,Prod_3,SHP_46,59.38,0.1,7,-3.05,2.99,0.39,8.482857142857144,-0.43571428571428567,0.42714285714285716,53.501999999999995
Ord_33,Prod_4,SHP_43,1210.0515,0.04,11,-104.25,7.69,0.58,110.00468181818182,-9.477272727272727,0.6990909090909091,1258.20944
Ord_5343,Prod_17,SHP_7461,1582.47,0.05,13,-205.02,56.14,0.39,121.72846153846154,-15.77076923076923,4.318461538461539,1652.2265
Ord_5252,Prod_4,SHP_7333,584.511,0.05,33,-95.98,3.3,0.81,17.712454545454545,-2.9084848484848487,0.09999999999999999,647.96545
Ord_5288,Prod_8,SHP_7382,466.28,0.0,15,92.7,1.99,0.5,31.08533333333333,6.180000000000001,0.13266666666666665,371.59
Ord_5288,Prod_3,SHP_7382,260.51,0.03,34,-127.52,7.72,0.38,7.662058823529412,-3.7505882352941176,0.22705882352941176,372.49469999999997
Ord_5256,Prod_13,SHP_7339,56.73,0.09,12,8.33,0.71,0.52,4.7275,0.6941666666666667,0.059166666666666666,42.5843
Ord_5296,Prod_3,SHP_7392,68.5,0.07,24,2.69,1.49,0.36,2.8541666666666665,0.11208333333333333,0.06208333333333333,59.525
Ord_5273,Prod_12,SHP_7362,160.68,0.08,30,77.75,0.49,0.39,5.356,2.591666666666667,0.01633333333333333,69.5856
Ord_5272,Prod_1,SHP_7361,3668.6,0.07,24,993.15,7.07,0.59,152.85833333333332,41.38125,0.29458333333333336,2411.5779999999995
Ord_5272,Prod_6,SHP_7360,107.12,0.08,2,-54.87,4.86,0.36,53.56,-27.435,2.43,148.5604
Ord_5310,Prod_6,SHP_7414,134.33,0.07,43,25.02,1.14,0.4,3.123953488372093,0.5818604651162791,0.026511627906976743,98.76690000000002
Ord_5310,Prod_13,SHP_7415,70.32,0.08,19,-56.07,4.17,0.59,3.701052631578947,-2.9510526315789476,0.21947368421052632,116.59439999999998
Ord_5272,Prod_6,SHP_7361,676.24,0.05,25,219.78,5.86,0.39,27.0496,8.7912,0.23440000000000003,416.788
Ord_5257,Prod_5,SHP_7340,157.03,0.07,7,13.21,5.08,0.41,22.43285714285714,1.8871428571428572,0.7257142857142858,127.74789999999999
Ord_5309,Prod_4,SHP_7413,984.6315,0.0,20,-129.14,5.0,0.8,49.231575,-6.456999999999999,0.25,1108.7714999999998
Ord_1127,Prod_3,SHP_1554,136.85,0.01,14,-4.43,5.6,0.36,9.775,-0.3164285714285714,0.39999999999999997,134.3115
Ord_1110,Prod_3,SHP_1533,1935.25,0.04,29,652.19,11.55,0.38,66.73275862068965,22.489310344827587,0.39827586206896554,1194.1
Ord_1110,Prod_1,SHP_1534,5423.58,0.01,42,1361.56,19.99,0.59,129.13285714285715,32.41809523809523,0.4759523809523809,3987.7942
Ord_1110,Prod_13,SHP_1533,278.5,0.1,13,-6.23,5.53,0.59,21.423076923076923,-0.47923076923076924,0.4253846153846154,251.35
Ord_1933,Prod_1,SHP_2649,69.57,0.05,8,-36.06,6.5,0.59,8.69625,-4.5075,0.8125,95.6515
Ord_2228,Prod_6,SHP_3029,230.23,0.06,50,-150.93,5.74,0.4,4.6046,-3.0186,0.1148,361.6062
Ord_1924,Prod_13,SHP_2636,82.64,0.1,12,0.35,2.35,0.47,6.886666666666667,0.029166666666666664,0.19583333333333333,71.67600000000002
Ord_3858,Prod_15,SHP_5348,1801.95,0.03,28,-182.07,32.41,0.56,64.35535714285714,-6.5024999999999995,1.1575,1897.5514999999998
Ord_3848,Prod_4,SHP_5335,2660.6105,0.03,46,618.07,8.99,0.56,57.839358695652166,13.436304347826088,0.19543478260869565,1953.7321849999998
Ord_3860,Prod_6,SHP_5351,210.9,0.03,32,-62.46,5.74,0.37,6.590625,-1.951875,0.179375,261.293
Ord_4367,Prod_8,SHP_6088,757.91,0.02,23,-16.05,4.0,0.74,32.952608695652174,-0.6978260869565218,0.17391304347826086,754.8018
Ord_4367,Prod_10,SHP_6087,6403.39,0.01,48,-824.15,54.74,0.69,133.40395833333335,-17.169791666666665,1.1404166666666666,7108.7661
Ord_5289,Prod_6,SHP_7384,552.08,0.0,14,203.24,5.08,0.38,39.434285714285714,14.517142857142858,0.3628571428571429,343.76
Ord_551,Prod_6,SHP_748,65.81,0.01,9,-15.44,5.19,0.37,7.312222222222222,-1.7155555555555555,0.5766666666666667,75.4019
Ord_578,Prod_3,SHP_785,733.92,0.03,26,302.8,1.49,0.38,28.227692307692305,11.646153846153847,0.05730769230769231,407.6123999999999
Ord_550,Prod_13,SHP_747,102.95,0.06,30,-175.86,7.49,0.54,3.4316666666666666,-5.862,0.24966666666666668,265.14300000000003
Ord_578,Prod_2,SHP_785,286.07,0.07,25,-35.94,4.98,0.58,11.4428,-1.4376,0.19920000000000002,297.00509999999997
Ord_578,Prod_8,SHP_785,99.11,0.01,6,-12.46,1.99,0.42,16.518333333333334,-2.0766666666666667,0.33166666666666667,108.5889
Ord_142,Prod_8,SHP_191,2689.48,0.04,27,399.93,19.99,0.5,99.61037037037038,14.812222222222223,0.7403703703703703,2161.9808000000003
Ord_142,Prod_8,SHP_190,17.19,0.0,1,-35.34,1.99,0.49,17.19,-35.34,1.99,50.540000000000006
Ord_306,Prod_3,SHP_411,241.1,0.07,41,-243.24,8.49,0.39,5.880487804878048,-5.932682926829268,0.20707317073170733,458.97299999999996
Ord_67,Prod_6,SHP_91,400.57,0.05,20,93.36,5.77,0.38,20.0285,4.668,0.2885,281.4115
Ord_306,Prod_5,SHP_412,491.93,0.04,49,-53.62,6.22,0.55,10.039387755102041,-1.0942857142857143,0.12693877551020408,519.6528
Ord_142,Prod_6,SHP_191,15.31,0.01,2,-8.15,4.86,0.38,7.655,-4.075,2.43,18.4469
Ord_4907,Prod_6,SHP_6844,172.04,0.05,25,-85.11,7.37,0.37,6.8816,-3.4044,0.2948,241.178
Ord_4892,Prod_4,SHP_6824,460.5895,0.02,8,-171.2,8.99,0.56,57.5736875,-21.4,1.12375,613.58771
Ord_595,Prod_5,SHP_813,390.2,0.02,26,45.0,7.4,0.48,15.007692307692308,1.7307692307692308,0.2846153846153846,329.99600000000004
Ord_4847,Prod_5,SHP_6765,342.97,0.09,40,-131.63,8.54,0.43,8.574250000000001,-3.29075,0.21349999999999997,435.1927
Ord_661,Prod_5,SHP_903,1282.49,0.07,32,154.74,14.45,0.57,40.0778125,4.835625,0.4515625,1023.5256999999999
Ord_595,Prod_2,SHP_812,1222.68,0.06,21,300.97,3.99,0.57,58.222857142857144,14.331904761904763,0.19,844.3592000000001
Ord_679,Prod_6,SHP_929,29.31,0.0,2,-12.78,5.43,0.36,14.655,-6.39,2.715,36.66
Ord_4909,Prod_2,SHP_6846,2180.23,0.05,37,660.25,3.5,0.57,58.925135135135136,17.844594594594593,0.0945945945945946,1407.4685
Ord_679,Prod_6,SHP_929,80.26,0.06,11,-22.55,5.66,0.37,7.296363636363637,-2.0500000000000003,0.5145454545454545,92.3344
Ord_4922,Prod_4,SHP_6866,4072.8175,0.1,45,897.36,3.0,0.59,90.50705555555555,19.941333333333333,0.06666666666666667,2765.17575
Ord_4926,Prod_6,SHP_6871,248.76,0.1,13,35.09,5.77,0.38,19.135384615384616,2.6992307692307693,0.44384615384615383,183.02399999999997
Ord_4870,Prod_7,SHP_6797,78.51,0.09,36,-10.06,1.38,0.44,2.1808333333333336,-0.27944444444444444,0.03833333333333333,80.12410000000001
Ord_4935,Prod_4,SHP_6886,2292.1015,0.02,21,398.36,3.0,0.59,109.14769047619049,18.96952380952381,0.14285714285714285,1844.8994700000003
Ord_4935,Prod_3,SHP_6885,227.5,0.01,37,-256.52,9.92,0.38,6.148648648648648,-6.932972972972973,0.2681081081081081,471.825
Ord_4943,Prod_5,SHP_6896,314.96,0.1,18,153.48,3.77,0.39,17.497777777777777,8.526666666666666,0.20944444444444443,126.21400000000003
Ord_4900,Prod_1,SHP_6834,6995.56,0.07,26,-286.58,35.0,0.8,269.06,-11.022307692307692,1.3461538461538463,6757.4508000000005
Ord_4865,Prod_8,SHP_6788,1400.1,0.03,36,88.68,4.0,0.7,38.891666666666666,2.4633333333333334,0.1111111111111111,1265.417
Ord_4944,Prod_3,SHP_6897,120.15,0.0,40,11.32,1.49,0.36,3.00375,0.28300000000000003,0.03725,107.34
Ord_4930,Prod_8,SHP_6879,649.46,0.01,40,189.04,4.0,0.37,16.2365,4.726,0.1,449.9254000000001
Ord_4926,Prod_11,SHP_6872,10984.05,0.06,43,785.63,66.67,0.61,255.44302325581393,18.27046511627907,1.55046511627907,9472.707
Ord_1592,Prod_17,SHP_2200,1673.53,0.0,32,524.73,10.17,0.37,52.2978125,16.3978125,0.3178125,1138.6299999999999
Ord_1313,Prod_8,SHP_1809,341.36,0.09,41,-52.48,3.62,0.61,8.325853658536586,-1.28,0.08829268292682928,359.49760000000003
Ord_1386,Prod_10,SHP_1913,1992.45,0.05,40,-1609.92,54.11,0.69,49.81125,-40.248000000000005,1.35275,3448.6375000000003
Ord_1592,Prod_11,SHP_2201,7110.24,0.06,32,-536.17,69.64,0.72,222.195,-16.7553125,2.17625,7150.155599999999
Ord_4098,Prod_6,SHP_5710,317.06,0.05,32,105.47,2.06,0.39,9.908125,3.2959375,0.064375,193.677
Ord_4012,Prod_12,SHP_5583,66.09,0.09,23,13.71,0.99,0.36,2.8734782608695655,0.5960869565217392,0.043043478260869565,45.441900000000004
Ord_4015,Prod_4,SHP_5589,4617.336,0.09,46,978.35,7.69,0.58,100.37686956521739,21.268478260869564,0.16717391304347826,3215.735760000001
Ord_4013,Prod_4,SHP_5585,1753.958,0.06,31,382.39,5.92,0.55,56.57929032258065,12.33516129032258,0.19096774193548388,1260.41052
Ord_4109,Prod_6,SHP_5724,10.59,0.1,1,-4.31,2.15,0.4,10.59,-4.31,2.15,11.690999999999999
Ord_4067,Prod_13,SHP_5673,123.06,0.07,44,3.5,1.34,0.45,2.796818181818182,0.07954545454545454,0.030454545454545456,109.6058
Ord_4082,Prod_4,SHP_5691,586.619,0.06,20,83.07,1.1,0.55,29.33095,4.153499999999999,0.05500000000000001,467.25186
Ord_4015,Prod_6,SHP_5589,236.99,0.06,35,-95.79,6.74,0.37,6.771142857142857,-2.736857142857143,0.1925714285714286,311.8206
Ord_4101,Prod_5,SHP_5714,524.25,0.06,23,152.31,8.99,0.41,22.793478260869566,6.622173913043478,0.3908695652173913,331.495
Ord_1017,Prod_5,SHP_1407,433.44,0.1,29,147.46,3.73,0.46,14.946206896551724,5.084827586206897,0.12862068965517243,238.90599999999998
Ord_1028,Prod_9,SHP_1421,407.17,0.04,36,-12.82,6.97,0.35,11.310277777777777,-0.3561111111111111,0.1936111111111111,396.73319999999995
Ord_1028,Prod_11,SHP_1420,10006.28,0.1,36,-760.98,61.76,0.78,277.95222222222225,-21.138333333333335,1.7155555555555555,9704.872
Ord_939,Prod_8,SHP_1300,1031.06,0.03,9,39.36,1.99,0.49,114.56222222222222,4.373333333333333,0.22111111111111112,958.7782
Ord_890,Prod_4,SHP_1225,1829.387,0.02,32,482.45,3.9,0.55,57.16834375,15.0765625,0.121875,1306.4492599999999
Ord_937,Prod_4,SHP_1296,7452.137,0.02,43,2028.36,5.99,0.59,173.30551162790698,47.17116279069767,0.13930232558139535,5268.74426
Ord_919,Prod_13,SHP_1270,76.42,0.02,12,20.44,0.83,0.49,6.368333333333333,1.7033333333333334,0.06916666666666667,53.6216
Ord_919,Prod_5,SHP_1267,451.32,0.04,42,1.16,5.16,0.57,10.745714285714286,0.027619047619047616,0.12285714285714286,426.94719999999995
Ord_919,Prod_2,SHP_1268,217.66,0.1,15,-24.91,6.75,0.52,14.510666666666667,-1.6606666666666667,0.45,214.054
Ord_881,Prod_9,SHP_1210,430.88,0.05,40,39.0,5.25,0.36,10.772,0.975,0.13125,365.086
Ord_890,Prod_13,SHP_1224,129.44,0.02,46,-5.54,1.3,0.59,2.813913043478261,-0.12043478260869565,0.02826086956521739,131.0912
Ord_919,Prod_2,SHP_1269,1374.67,0.08,5,-126.34,23.19,0.59,274.934,-25.268,4.638,1367.8464
Ord_4836,Prod_4,SHP_6742,4509.3775,0.01,44,1426.26,5.26,0.57,102.48585227272726,32.415,0.11954545454545454,3032.763724999999
Ord_4858,Prod_8,SHP_6778,371.95,0.07,47,-87.4,2.83,0.77,7.913829787234042,-1.8595744680851065,0.06021276595744681,430.48350000000005
Ord_4854,Prod_3,SHP_6774,44.45,0.01,2,-17.46,1.49,0.35,22.225,-8.73,0.745,59.975500000000004
Ord_2897,Prod_8,SHP_6825,813.41,0.09,31,284.65,1.99,0.4,26.239032258064515,9.182258064516128,0.06419354838709677,453.56309999999996
Ord_4852,Prod_11,SHP_6772,2665.64,0.1,10,-107.49,35.67,0.66,266.56399999999996,-10.748999999999999,3.567,2470.8959999999997
Ord_4936,Prod_8,SHP_6887,206.34,0.04,24,-38.23,3.62,0.61,8.5975,-1.5929166666666665,0.15083333333333335,232.69639999999998
Ord_4917,Prod_9,SHP_6857,157.49,0.02,14,62.54,1.39,0.35,11.249285714285715,4.467142857142857,0.09928571428571428,90.41020000000003
Ord_2897,Prod_15,SHP_3998,897.42,0.08,35,127.17,5.3,,25.640571428571427,3.6334285714285715,0.1514285714285714,693.1564000000001
Ord_2873,Prod_2,SHP_3957,451.44,0.1,6,-35.19,13.99,0.52,75.24,-5.864999999999999,2.3316666666666666,427.496
Ord_2859,Prod_12,SHP_3935,116.37,0.04,27,57.63,0.5,0.38,4.3100000000000005,2.1344444444444446,0.018518518518518517,53.58520000000001
Ord_2848,Prod_8,SHP_3919,1379.34,0.04,33,-470.85,19.99,0.77,41.79818181818182,-14.26818181818182,0.6057575757575757,1775.0263999999997
Ord_2873,Prod_16,SHP_3957,138.55,0.03,16,0.9,2.64,0.59,8.659375,0.05625,0.165,130.85350000000003
Ord_2897,Prod_5,SHP_3998,306.02,0.08,27,-6.7,6.2,0.52,11.334074074074074,-0.24814814814814815,0.22962962962962963,282.03839999999997
Ord_2848,Prod_5,SHP_3920,168.25,0.09,6,101.78,6.93,0.49,28.041666666666668,16.963333333333335,1.155,44.39749999999998
Ord_4918,Prod_6,SHP_6860,156.5,0.01,23,-49.6,6.0,0.37,6.804347826086956,-2.1565217391304348,0.2608695652173913,198.535
Ord_4888,Prod_8,SHP_6819,877.81,0.02,17,-44.4,19.99,0.45,51.635882352941174,-2.611764705882353,1.1758823529411764,884.6637999999999
Ord_4844,Prod_8,SHP_6762,255.74,0.07,30,37.09,1.99,0.49,8.524666666666667,1.2363333333333335,0.06633333333333333,198.7582
Ord_4889,Prod_4,SHP_6820,90.9415,0.05,5,-109.42,3.3,0.81,18.1883,-21.884,0.6599999999999999,192.51442500000002
Ord_4841,Prod_5,SHP_6751,25.17,0.09,4,5.88,5.26,0.42,6.2925,1.47,1.315,11.764700000000001
Ord_4919,Prod_3,SHP_6861,157.51,0.01,8,46.48,1.49,0.35,19.68875,5.81,0.18625,107.9649
Ord_4919,Prod_13,SHP_6862,97.78,0.09,33,-31.22,2.03,0.57,2.963030303030303,-0.946060606060606,0.06151515151515151,118.1698
Ord_4841,Prod_6,SHP_6752,208.47,0.01,29,-125.6,8.74,0.36,7.188620689655172,-4.3310344827586205,0.30137931034482757,323.2453
Ord_4856,Prod_12,SHP_6776,29.79,0.01,10,3.76,0.99,0.36,2.979,0.376,0.099,24.7421
Ord_4918,Prod_5,SHP_6859,1765.64,0.08,46,108.65,14.45,0.57,38.383478260869566,2.3619565217391307,0.31413043478260866,1501.2888
Ord_4849,Prod_5,SHP_6767,79.68,0.06,10,18.24,3.68,0.52,7.968000000000001,1.8239999999999998,0.368,52.979200000000006
Ord_3439,Prod_12,SHP_7156,125.33,0.06,37,58.5,0.5,0.37,3.3872972972972972,1.5810810810810811,0.013513513513513514,58.810199999999995
Ord_5085,Prod_13,SHP_7100,108.15,0.09,41,7.57,0.7,0.56,2.637804878048781,0.1846341463414634,0.017073170731707315,90.1465
Ord_3515,Prod_8,SHP_4867,45.24,0.01,8,-42.12,4.62,0.64,5.655,-5.265,0.5775,82.2876
Ord_3450,Prod_8,SHP_4783,157.42,0.05,9,-18.68,1.99,0.45,17.49111111111111,-2.0755555555555554,0.22111111111111112,166.23899999999998
Ord_3439,Prod_7,SHP_4767,99.65,0.01,37,27.0,0.8,0.39,2.6932432432432436,0.7297297297297297,0.021621621621621623,70.85350000000001
Ord_3515,Prod_13,SHP_4868,148.05,0.08,7,-45.94,8.99,0.59,21.150000000000002,-6.562857142857142,1.2842857142857143,173.156
Ord_3450,Prod_15,SHP_4782,601.57,0.09,10,-247.25,30.0,0.7,60.157000000000004,-24.725,3.0,764.6787
Ord_3517,Prod_6,SHP_4870,1638.2,0.1,31,471.22,13.88,0.36,52.84516129032258,15.200645161290323,0.447741935483871,989.28
Ord_3517,Prod_3,SHP_4870,154.62,0.04,27,-118.6,6.98,0.39,5.726666666666667,-4.392592592592592,0.25851851851851854,260.0552
Ord_2571,Prod_10,SHP_3521,6130.9,0.03,35,583.15,35.89,0.66,175.16857142857143,16.66142857142857,1.0254285714285714,5327.933
Ord_2571,Prod_4,SHP_3522,193.205,0.0,10,-52.24,4.81,0.58,19.320500000000003,-5.224,0.481,240.63500000000002
Ord_2578,Prod_1,SHP_3532,840.04,0.04,47,-131.27,9.47,0.59,17.8731914893617,-2.7929787234042553,0.20148936170212767,928.2384
Ord_2698,Prod_1,SHP_3694,4322.26,0.07,26,-618.95,35.0,0.85,166.24076923076925,-23.805769230769233,1.3461538461538463,4603.651800000001
Ord_2804,Prod_4,SHP_3859,664.989,0.04,21,170.46,5.99,0.38,31.66614285714286,8.117142857142857,0.28523809523809524,461.93944
Ord_2698,Prod_5,SHP_3693,1818.76,0.02,39,843.12,6.77,0.44,46.63487179487179,21.61846153846154,0.17358974358974358,932.4948
Ord_2654,Prod_6,SHP_3631,495.1,0.04,9,110.36,10.75,0.36,55.01111111111111,12.262222222222222,1.1944444444444444,354.18600000000004
Ord_2577,Prod_15,SHP_3531,5437.92,0.0,33,-684.57,60.2,0.77,164.78545454545454,-20.744545454545456,1.8242424242424242,6062.29
Ord_2681,Prod_13,SHP_3670,6.75,0.08,1,-2.31,1.0,0.38,6.75,-2.31,1.0,7.52
Ord_2681,Prod_13,SHP_3670,856.45,0.03,43,265.1,4.1,0.44,19.917441860465118,6.165116279069768,0.09534883720930232,561.5565
Ord_2826,Prod_3,SHP_3888,273.44,0.01,11,-35.62,15.1,0.38,24.85818181818182,-3.238181818181818,1.3727272727272728,291.2256
Ord_2671,Prod_6,SHP_3659,350.01,0.04,50,-133.43,6.93,0.37,7.0001999999999995,-2.6686,0.1386,462.5096
Ord_1371,Prod_1,SHP_1889,883.15,0.01,39,-1148.19,35.0,0.84,22.644871794871793,-29.44076923076923,0.8974358974358975,1987.5085
Ord_1432,Prod_8,SHP_1982,3596.36,0.0,47,326.25,12.14,0.67,76.51829787234043,6.941489361702128,0.25829787234042556,3257.9700000000003
Ord_1452,Prod_4,SHP_2006,4587.926,0.1,30,687.41,4.2,0.6,152.93086666666667,22.913666666666664,0.14,3437.523400000001
Ord_1371,Prod_6,SHP_1889,81.43,0.08,12,-44.66,7.03,0.37,6.785833333333334,-3.7216666666666662,0.5858333333333333,112.54560000000001
Ord_1452,Prod_4,SHP_2007,4541.924,0.01,42,1222.14,8.08,0.57,108.14104761904761,29.098571428571432,0.19238095238095237,3266.2847599999996
Ord_3563,Prod_6,SHP_4933,200.24,0.0,30,-59.85,5.84,0.37,6.674666666666667,-1.995,0.19466666666666665,254.25
Ord_3557,Prod_6,SHP_4925,169.48,0.03,17,48.55,2.27,0.36,9.969411764705882,2.855882352941176,0.1335294117647059,113.5756
Ord_3579,Prod_8,SHP_4955,58.63,0.0,3,-40.86,1.99,0.45,19.543333333333333,-13.62,0.6633333333333333,97.5
Ord_3546,Prod_17,SHP_4909,3449.26,0.1,46,252.77,30.06,0.4,74.98391304347827,5.495,0.6534782608695652,2821.5040000000004
Ord_3579,Prod_1,SHP_4956,94.99,0.06,13,-106.29,9.69,0.83,7.306923076923076,-8.176153846153847,0.7453846153846153,185.8906
Ord_4291,Prod_4,SHP_5986,3492.6585,0.08,49,1181.81,0.99,0.55,71.27874489795919,24.11857142857143,0.02020408163265306,2030.4458200000004
Ord_4242,Prod_5,SHP_5922,885.23,0.03,21,78.98,18.98,0.57,42.15380952380953,3.7609523809523813,0.9038095238095238,760.7130999999999
Ord_4304,Prod_2,SHP_6007,1055.98,0.07,48,204.58,5.94,0.5,21.999583333333334,4.262083333333334,0.12375000000000001,771.5414
Ord_4294,Prod_13,SHP_5991,180.56,0.1,46,-15.79,1.6,0.58,3.925217391304348,-0.3432608695652174,0.034782608695652174,176.694
Ord_4291,Prod_12,SHP_5985,173.08,0.04,36,81.63,0.5,0.36,4.807777777777778,2.2675,0.013888888888888888,84.02680000000001
Ord_4292,Prod_6,SHP_5989,102.61,0.09,20,-92.01,7.44,0.36,5.1305,-4.6005,0.372,177.94510000000002
Ord_4292,Prod_9,SHP_5987,453.09,0.09,13,107.74,6.66,0.4,34.85307692307692,8.287692307692307,0.5123076923076924,297.91189999999995
Ord_4242,Prod_9,SHP_5921,68.46,0.02,11,-22.48,5.3,0.35,6.223636363636363,-2.0436363636363635,0.4818181818181818,84.2708
Ord_4298,Prod_11,SHP_5999,2844.64,0.03,17,16.47,60.0,0.55,167.33176470588234,0.9688235294117646,3.5294117647058822,2682.8308
Ord_4285,Prod_4,SHP_5979,1506.8375,0.07,13,-75.01,4.2,0.59,115.91057692307693,-5.7700000000000005,0.3230769230769231,1472.168875
Ord_4286,Prod_5,SHP_5980,185.83,0.03,13,58.16,5.0,0.49,14.294615384615385,4.473846153846154,0.38461538461538464,117.0951
Ord_4298,Prod_13,SHP_5998,456.03,0.02,38,-61.61,5.81,0.6,12.00078947368421,-1.6213157894736843,0.15289473684210525,502.70939999999996
Ord_1824,Prod_3,SHP_2518,215.31,0.09,14,-51.75,10.91,0.36,15.379285714285714,-3.6964285714285716,0.7792857142857142,236.7721
Ord_1839,Prod_7,SHP_2533,19.36,0.04,7,-1.0,0.7,0.83,2.7657142857142856,-0.14285714285714285,0.09999999999999999,18.8856
Ord_1849,Prod_3,SHP_2543,25.09,0.07,2,-17.6,8.94,0.4,12.545,-8.8,4.47,31.993700000000004
Ord_1999,Prod_3,SHP_2732,127.17,0.1,23,-108.13,6.98,0.39,5.5291304347826085,-4.7013043478260865,0.30347826086956525,215.603
Ord_2011,Prod_4,SHP_2750,324.3175,0.03,10,-169.74,5.0,0.85,32.43175,-16.974,0.5,479.327975
Ord_2011,Prod_6,SHP_2749,61.5,0.09,16,-16.27,2.97,0.35,3.84375,-1.016875,0.185625,69.265
Ord_2315,Prod_13,SHP_3172,39.13,0.1,23,-23.14,1.57,0.59,1.701304347826087,-1.0060869565217392,0.06826086956521739,56.787
Ord_1839,Prod_4,SHP_3155,1204.5095,0.03,26,-221.25,5.0,0.83,46.32728846153846,-8.509615384615385,0.19230769230769232,1384.6242149999998
Ord_2229,Prod_13,SHP_3030,13.71,0.03,3,-10.27,3.97,0.56,4.57,-3.4233333333333333,1.3233333333333335,19.5987
Ord_4390,Prod_7,SHP_6120,40.85,0.09,16,6.46,0.8,0.39,2.553125,0.40375,0.05,29.913500000000006
Ord_641,Prod_12,SHP_875,116.56,0.04,23,50.66,0.49,0.39,5.067826086956522,2.2026086956521738,0.021304347826086957,60.747600000000006
Ord_662,Prod_4,SHP_906,5067.5725,0.09,50,1275.91,8.99,0.55,101.35145,25.5182,0.17980000000000002,3326.590975000001
Ord_644,Prod_15,SHP_880,2722.85,0.08,24,-112.62,30.0,0.69,113.45208333333333,-4.6925,1.25,2587.642
Ord_641,Prod_3,SHP_874,32.35,0.08,16,-63.19,4.79,0.37,2.021875,-3.949375,0.299375,88.162
Ord_602,Prod_10,SHP_824,3081.95,0.1,24,-662.8,54.74,0.69,128.41458333333333,-27.616666666666664,2.2808333333333333,3381.8149999999996
Ord_674,Prod_8,SHP_921,604.38,0.09,22,167.58,1.99,0.4,27.471818181818183,7.617272727272728,0.09045454545454545,380.4158
Ord_654,Prod_3,SHP_894,53.14,0.0,8,-41.26,7.78,0.37,6.6425,-5.1575,0.9725,86.62
Ord_662,Prod_5,SHP_905,773.44,0.08,41,133.83,6.67,0.49,18.86439024390244,3.264146341463415,0.1626829268292683,571.0648000000001
Ord_662,Prod_8,SHP_904,346.42,0.05,22,67.96,1.99,0.42,15.746363636363638,3.089090909090909,0.09045454545454545,259.149
Ord_642,Prod_4,SHP_876,117.062,0.09,7,-63.7,0.99,0.57,16.723142857142857,-9.1,0.14142857142857143,169.23642
Ord_644,Prod_6,SHP_881,851.52,0.08,19,307.64,5.86,0.37,44.816842105263156,16.19157894736842,0.308421052631579,469.89840000000004
Ord_663,Prod_15,SHP_907,2245.78,0.05,31,-432.46,30.0,0.73,72.44451612903227,-13.95032258064516,0.967741935483871,2535.951
Ord_662,Prod_6,SHP_906,881.84,0.0,43,153.8,9.03,0.37,20.507906976744188,3.5767441860465117,0.21,719.01
Ord_602,Prod_3,SHP_823,113.75,0.0,25,-77.34,5.34,0.38,4.55,-3.0936000000000003,0.21359999999999998,185.75
Ord_674,Prod_4,SHP_922,2404.599,0.08,45,496.89,4.99,0.58,53.43553333333334,11.042,0.1108888888888889,1710.3510800000004
Ord_4869,Prod_3,SHP_6794,43.23,0.0,9,-29.53,5.26,0.38,4.803333333333333,-3.281111111111111,0.5844444444444444,67.5
Ord_4946,Prod_6,SHP_6900,236.19,0.06,36,-76.92,5.94,0.37,6.560833333333333,-2.1366666666666667,0.165,292.9986
Ord_4904,Prod_6,SHP_6840,109.29,0.08,21,-77.08,6.26,0.4,5.204285714285715,-3.6704761904761902,0.2980952380952381,171.3668
Ord_4946,Prod_6,SHP_6902,854.14,0.01,45,94.0,9.03,0.37,18.980888888888888,2.088888888888889,0.20066666666666666,742.5686000000001
Ord_4883,Prod_8,SHP_6813,220.47,0.04,43,-135.16,4.62,0.64,5.127209302325581,-3.143255813953488,0.10744186046511628,342.1912
Ord_4946,Prod_2,SHP_6900,1811.55,0.09,24,512.69,0.99,0.57,75.48125,21.362083333333334,0.04125,1134.8304999999998
Ord_4904,Prod_1,SHP_6841,2257.88,0.01,38,474.98,9.71,0.57,59.41789473684211,12.499473684210527,0.2555263157894737,1750.6111999999998
Ord_4946,Prod_1,SHP_6900,159.5,0.09,5,-57.98,6.72,0.75,31.9,-11.596,1.3439999999999999,196.405
Ord_4901,Prod_4,SHP_6835,1415.148,0.02,29,-64.94,5.0,0.8,48.79820689655172,-2.239310344827586,0.1724137931034483,1446.78504
Ord_4895,Prod_6,SHP_6828,225.45,0.02,34,-193.39,9.54,0.37,6.6308823529411764,-5.687941176470588,0.28058823529411764,404.791
Ord_4946,Prod_6,SHP_6901,49.08,0.06,13,-0.31,1.93,0.35,3.775384615384615,-0.023846153846153847,0.14846153846153845,44.5152
Ord_1802,Prod_17,SHP_2495,799.98,0.04,9,15.36,14.0,0.36,88.88666666666667,1.7066666666666666,1.5555555555555556,738.6208
Ord_1801,Prod_5,SHP_2494,461.55,0.09,14,-12.0,19.99,0.55,32.96785714285714,-0.8571428571428571,1.4278571428571427,412.0205
Ord_1842,Prod_3,SHP_2536,4115.74,0.1,36,1719.47,9.07,0.35,114.3261111111111,47.76305555555555,0.25194444444444447,1975.6259999999995
Ord_1935,Prod_2,SHP_2651,58.44,0.05,4,-7.04,4.5,0.59,14.61,-1.76,1.125,58.058
Ord_1801,Prod_3,SHP_2731,418.82,0.02,48,-60.21,6.19,0.38,8.725416666666666,-1.254375,0.12895833333333334,464.4636
Ord_2839,Prod_5,SHP_3904,3491.06,0.09,27,921.7,24.49,0.59,129.2985185185185,34.13703703703704,0.907037037037037,2230.6746000000003
Ord_2226,Prod_6,SHP_3026,20.16,0.06,2,-13.32,7.86,0.37,10.08,-6.66,3.93,24.410400000000003
Ord_164,Prod_8,SHP_221,538.22,0.01,48,-154.66,6.5,0.64,11.212916666666667,-3.2220833333333334,0.13541666666666666,680.9978
Ord_2,Prod_3,SHP_3,244.57,0.01,27,46.71,2.99,0.39,9.058148148148147,1.73,0.11074074074074075,192.4243
Ord_2,Prod_2,SHP_2,10123.02,0.07,49,457.81,68.02,0.58,206.5922448979592,9.343061224489796,1.3881632653061224,8888.5786
Ord_2146,Prod_13,SHP_2927,190.99,0.1,21,-27.15,4.82,0.47,9.094761904761905,-1.2928571428571427,0.22952380952380955,194.22100000000003
Ord_2155,Prod_4,SHP_2939,1094.9105,0.02,34,-112.12,5.0,0.85,32.20325,-3.2976470588235296,0.14705882352941177,1180.13229
Ord_2155,Prod_15,SHP_2937,4506.85,0.1,30,290.66,30.0,0.62,150.22833333333335,9.688666666666668,1.0,3735.5050000000006
Ord_2135,Prod_3,SHP_2912,307.57,0.0,47,-72.3,5.19,0.38,6.544042553191489,-1.5382978723404255,0.11042553191489363,374.68
Ord_2157,Prod_10,SHP_2941,1617.91,0.04,16,-159.21,35.84,0.62,101.119375,-9.950625,2.24,1676.5636000000002
Ord_2179,Prod_6,SHP_2969,725.8,0.01,47,327.45,1.97,0.39,15.442553191489361,6.967021276595744,0.041914893617021276,389.1219999999999
Ord_2155,Prod_17,SHP_2938,2110.37,0.0,16,-14.42,56.14,0.39,131.898125,-0.90125,3.50875,2068.65
Ord_2116,Prod_11,SHP_2892,8246.86,0.06,46,-433.29,29.21,0.74,179.2795652173913,-9.419347826086957,0.635,8156.1284000000005
Ord_2165,Prod_9,SHP_2951,561.06,0.07,49,-2.23,6.97,0.35,11.450204081632652,-0.04551020408163265,0.14224489795918366,517.0458
Ord_2165,Prod_1,SHP_2952,320.03,0.0,19,-43.22,8.78,0.57,16.843684210526316,-2.274736842105263,0.4621052631578947,354.47
Ord_2069,Prod_4,SHP_2832,2135.9735,0.07,40,239.4,8.99,0.59,53.3993375,5.985,0.22475,1738.065355
Ord_2113,Prod_17,SHP_2889,3008.5,0.05,33,1101.9,14.0,0.36,91.16666666666667,33.39090909090909,0.42424242424242425,1742.1749999999997
Ord_2150,Prod_4,SHP_2932,2773.0315,0.04,38,897.87,0.99,0.55,72.97451315789473,23.62815789473684,0.02605263157894737,1763.2502400000003
Ord_2150,Prod_8,SHP_2931,157.85,0.01,18,10.74,1.99,0.52,8.769444444444444,0.5966666666666667,0.11055555555555556,143.54149999999998
Ord_2134,Prod_3,SHP_2911,165.09,0.0,10,-8.59,8.4,0.39,16.509,-0.859,0.8400000000000001,165.28
Ord_2151,Prod_6,SHP_2933,304.65,0.1,14,24.2,8.32,0.39,21.760714285714283,1.7285714285714284,0.5942857142857143,241.66500000000002
Ord_2118,Prod_2,SHP_2894,1082.8,0.02,22,299.35,3.99,0.56,49.21818181818182,13.606818181818182,0.18136363636363637,757.804
Ord_2141,Prod_11,SHP_2920,2638.79,0.1,37,54.23,89.3,0.69,71.31864864864865,1.4656756756756757,2.4135135135135135,2231.381
Ord_4826,Prod_6,SHP_6725,303.07,0.02,44,-238.45,9.68,0.36,6.887954545454545,-5.4193181818181815,0.22,525.7786
Ord_4826,Prod_13,SHP_6724,1661.8,0.07,48,202.68,13.89,0.41,34.62083333333333,4.2225,0.289375,1328.9039999999998
Ord_4631,Prod_5,SHP_6450,208.77,0.03,43,-144.24,5.72,0.47,4.855116279069768,-3.354418604651163,0.1330232558139535,341.0269
Ord_4815,Prod_3,SHP_6710,178.92,0.09,24,-56.11,6.16,0.35,7.454999999999999,-2.3379166666666666,0.25666666666666665,212.7672
Ord_4569,Prod_6,SHP_6357,278.07,0.08,48,-71.45,4.96,0.36,5.793125,-1.4885416666666667,0.10333333333333333,322.3144
Ord_4407,Prod_17,SHP_6143,168.9,0.09,15,-16.19,6.24,0.36,11.26,-1.0793333333333335,0.41600000000000004,163.649
Ord_4771,Prod_15,SHP_6655,6767.43,0.05,22,803.48,58.95,0.57,307.61045454545456,36.52181818181818,2.6795454545454547,5566.628500000001
Ord_4635,Prod_3,SHP_6455,141.2,0.05,21,-74.44,6.97,0.36,6.723809523809523,-3.544761904761905,0.33190476190476187,201.60999999999999
Ord_4720,Prod_6,SHP_6587,793.85,0.01,21,308.53,5.08,0.38,37.80238095238095,14.69190476190476,0.2419047619047619,472.30150000000003
Ord_70,Prod_3,SHP_94,339.81,0.05,8,79.59,2.99,0.39,42.47625,9.94875,0.37375,240.2395
Ord_43,Prod_8,SHP_2587,150.77,0.01,7,-72.23,4.0,0.68,21.53857142857143,-10.31857142857143,0.5714285714285714,217.4923
Ord_51,Prod_9,SHP_67,751.77,0.05,50,353.2,1.39,0.38,15.0354,7.064,0.0278,359.59150000000005
Ord_4634,Prod_1,SHP_6454,628.33,0.09,48,-226.62,9.37,0.56,13.090208333333335,-4.72125,0.19520833333333332,789.0303
Ord_2311,Prod_6,SHP_3167,143.29,0.05,29,-55.54,4.72,0.36,4.941034482758621,-1.9151724137931034,0.16275862068965516,186.94549999999998
Ord_2302,Prod_8,SHP_3150,436.78,0.04,14,25.69,5.5,0.51,31.198571428571427,1.8350000000000002,0.39285714285714285,388.11879999999996
Ord_4333,Prod_1,SHP_6040,528.5,0.04,33,-149.92,10.68,0.58,16.015151515151516,-4.543030303030303,0.3236363636363636,646.6
Ord_4333,Prod_5,SHP_6040,184.86,0.09,25,-33.95,5.21,0.56,7.394400000000001,-1.358,0.2084,196.9626
Ord_4333,Prod_6,SHP_6040,267.85,0.04,44,-65.43,5.15,0.36,6.0875,-1.4870454545454548,0.11704545454545455,317.41600000000005
Ord_2114,Prod_8,SHP_2890,195.83,0.04,24,10.79,1.99,0.52,8.159583333333334,0.4495833333333333,0.08291666666666667,175.2168
Ord_2186,Prod_3,SHP_2981,1024.31,0.03,31,174.72,12.62,0.37,33.042258064516126,5.636129032258064,0.40709677419354834,806.2407
Ord_956,Prod_16,SHP_1324,503.17,0.01,46,-10.21,4.68,0.59,10.938478260869566,-0.22195652173913044,0.1017391304347826,503.6683
Ord_975,Prod_16,SHP_1345,638.91,0.02,49,77.48,3.14,0.6,13.038979591836734,1.5812244897959185,0.06408163265306123,545.5118
Ord_986,Prod_3,SHP_1360,77.57,0.0,19,-67.49,5.47,0.37,4.082631578947368,-3.5521052631578947,0.28789473684210526,139.58999999999997
Ord_1022,Prod_4,SHP_1412,2011.6355,0.01,12,-53.69,3.99,0.59,167.63629166666666,-4.474166666666666,0.3325,2041.219145
Ord_293,Prod_4,SHP_395,64.0305,0.06,9,-58.34,5.03,0.6,7.1145000000000005,-6.482222222222223,0.5588888888888889,113.49867
Ord_114,Prod_15,SHP_155,3316.08,0.08,27,-514.32,30.0,0.78,122.81777777777778,-19.04888888888889,1.1111111111111112,3535.1136
Ord_131,Prod_1,SHP_178,817.18,0.1,16,103.38,5.08,0.59,51.07375,6.46125,0.3175,627.002
Ord_131,Prod_5,SHP_177,1049.79,0.08,21,135.79,19.99,0.55,49.989999999999995,6.466190476190476,0.9519047619047618,810.0268
Ord_1240,Prod_8,SHP_1713,187.14,0.02,21,21.07,1.99,0.52,8.911428571428571,1.0033333333333334,0.09476190476190476,160.3372
Ord_1240,Prod_8,SHP_1714,385.7,0.0,12,-109.91,6.5,0.79,32.141666666666666,-9.159166666666666,0.5416666666666666,489.11
Ord_1240,Prod_5,SHP_1715,1048.39,0.06,46,206.56,7.58,0.51,22.79108695652174,4.490434782608696,0.16478260869565217,771.3466000000001
Ord_2054,Prod_4,SHP_2808,6618.457,0.1,40,1489.96,5.99,0.59,165.46142500000002,37.249,0.14975,4460.661300000001
Ord_1998,Prod_11,SHP_2729,4212.752,0.06,18,-715.78,54.12,0.76,234.0417777777778,-39.76555555555555,3.0066666666666664,4621.64688
Ord_2054,Prod_2,SHP_2808,2192.63,0.05,37,660.06,3.99,0.57,59.260270270270276,17.83945945945946,0.10783783783783785,1418.9485000000004
Ord_1998,Prod_8,SHP_2995,1003.71,0.01,33,-22.82,4.0,0.78,30.415454545454548,-0.6915151515151515,0.12121212121212122,1012.4929000000001
Ord_5163,Prod_4,SHP_7215,953.0455,0.02,31,298.47,5.99,0.38,30.74340322580645,9.628064516129033,0.1932258064516129,629.5245899999999
Ord_5187,Prod_15,SHP_7249,7789.63,0.08,40,1774.53,23.76,0.58,194.74075,44.36325,0.5940000000000001,5368.1696
Ord_5154,Prod_15,SHP_7203,1124.3,0.1,47,-335.22,14.36,0.6,23.92127659574468,-7.132340425531916,0.30553191489361703,1332.73
Ord_5241,Prod_9,SHP_7320,55.66,0.09,10,8.82,1.39,0.38,5.566,0.882,0.13899999999999998,40.440599999999996
Ord_5178,Prod_3,SHP_7235,42.29,0.06,17,-85.27,6.05,0.37,2.4876470588235295,-5.015882352941176,0.3558823529411765,118.9726
Ord_5154,Prod_4,SHP_7204,2610.894,0.0,23,516.19,5.63,0.6,113.5171304347826,22.443043478260872,0.24478260869565216,2089.0739999999996
Ord_5142,Prod_5,SHP_7184,17.06,0.09,2,-5.2,5.29,0.43,8.53,-2.6,2.645,15.4346
Ord_5187,Prod_7,SHP_7251,140.69,0.06,31,-14.54,0.7,0.85,4.538387096774193,-0.4690322580645161,0.02258064516129032,146.0886
Ord_5154,Prod_12,SHP_7204,43.57,0.09,11,6.7,0.99,0.39,3.960909090909091,0.6090909090909091,0.09,31.958699999999997
Ord_2747,Prod_6,SHP_3769,18.81,0.08,2,-12.83,7.96,0.36,9.405,-6.415,3.98,22.175199999999997
Ord_2666,Prod_4,SHP_3652,2368.168,0.0,30,1181.3,1.25,0.39,78.93893333333334,39.376666666666665,0.041666666666666664,1185.6180000000002
Ord_2734,Prod_5,SHP_3750,253.6,0.07,34,24.39,4.0,0.42,7.458823529411765,0.7173529411764706,0.11764705882352941,207.45799999999997
Ord_2734,Prod_2,SHP_3749,96.73,0.08,12,-83.65,9.23,0.58,8.060833333333333,-6.970833333333334,0.7691666666666667,163.41160000000002
Ord_2727,Prod_6,SHP_3738,52.76,0.09,10,-49.53,7.44,0.36,5.276,-4.953,0.744,90.1016
Ord_1838,Prod_4,SHP_2532,1514.9635,0.02,26,310.19,4.99,0.57,58.267826923076925,11.930384615384614,0.19192307692307692,1169.48423
Ord_1985,Prod_13,SHP_2713,22.19,0.01,6,-3.51,1.86,0.41,3.6983333333333337,-0.585,0.31,23.6181
Ord_2035,Prod_11,SHP_2782,367.53,0.03,23,11.65,27.75,0.76,15.979565217391302,0.5065217391304347,1.2065217391304348,317.1041
Ord_2218,Prod_13,SHP_4110,13.53,0.07,1,-6.73,2.36,0.55,13.53,-6.73,2.36,16.9529
Ord_2218,Prod_4,SHP_3017,5008.761,0.04,49,1601.64,5.99,0.57,102.21961224489797,32.6865306122449,0.12224489795918368,3200.78056
Ord_1838,Prod_8,SHP_3153,6943.94,0.01,46,608.9,4.0,0.79,150.95521739130433,13.23695652173913,0.08695652173913043,6261.6006
Ord_2233,Prod_1,SHP_3034,173.97,0.03,12,-2.55,4.51,0.59,14.4975,-0.2125,0.3758333333333333,166.79090000000002
Ord_2385,Prod_16,SHP_3273,138.84,0.0,15,8.75,2.64,0.59,9.256,0.5833333333333334,0.17600000000000002,127.45000000000002
Ord_2522,Prod_6,SHP_3455,187.13,0.02,31,-60.83,5.46,0.36,6.0364516129032255,-1.962258064516129,0.1761290322580645,238.75739999999996
Ord_2375,Prod_12,SHP_3263,90.15,0.07,13,33.05,0.49,0.38,6.934615384615385,2.542307692307692,0.03769230769230769,50.29950000000001
Ord_2348,Prod_12,SHP_3223,117.4,0.01,41,48.63,0.5,0.36,2.863414634146342,1.18609756097561,0.012195121951219513,67.096
Ord_2492,Prod_9,SHP_3416,258.74,0.05,23,10.8,5.72,0.35,11.249565217391305,0.46956521739130436,0.24869565217391304,229.283
Ord_4243,Prod_8,SHP_5923,229.35,0.08,46,-165.45,4.93,0.66,4.985869565217391,-3.5967391304347824,0.10717391304347826,371.522
Ord_4307,Prod_16,SHP_6011,395.37,0.07,37,17.15,3.37,0.57,10.685675675675675,0.4635135135135135,0.09108108108108108,347.1741
Ord_4264,Prod_6,SHP_5953,151.09,0.02,29,4.59,3.01,0.36,5.21,0.15827586206896552,0.10379310344827586,140.4682
Ord_4279,Prod_8,SHP_5970,1516.82,0.1,39,-83.28,6.5,0.74,38.892820512820514,-2.1353846153846154,0.16666666666666666,1441.918
Ord_4243,Prod_6,SHP_5924,294.86,0.07,45,-141.12,6.92,0.37,6.552444444444445,-3.136,0.15377777777777776,408.4198
Ord_4279,Prod_1,SHP_5971,2752.68,0.04,45,430.32,12.78,0.58,61.17066666666666,9.562666666666667,0.284,2199.4727999999996
Ord_4269,Prod_2,SHP_5958,2405.0,0.1,39,696.17,0.99,0.58,61.666666666666664,17.85051282051282,0.025384615384615384,1467.3400000000001
Ord_4328,Prod_16,SHP_6033,103.03,0.07,49,-82.63,2.56,0.55,2.10265306122449,-1.6863265306122448,0.052244897959183675,175.8879
Ord_2961,Prod_11,SHP_4082,340.7,0.05,21,11.65,27.75,0.76,16.223809523809525,0.5547619047619048,1.3214285714285714,284.265
Ord_2917,Prod_4,SHP_4028,2251.497,0.09,43,308.93,8.99,0.56,52.36039534883721,7.184418604651163,0.20906976744186048,1730.9422699999996
Ord_2947,Prod_6,SHP_4066,53.29,0.01,7,-28.88,7.49,0.37,7.612857142857143,-4.1257142857142854,1.07,74.1471
Ord_4270,Prod_4,SHP_5960,373.2775,0.07,7,-204.93,5.26,0.56,53.325357142857136,-29.275714285714287,0.7514285714285714,546.8180749999999
Ord_4270,Prod_7,SHP_5959,3.23,0.06,2,-2.73,0.7,0.81,1.615,-1.365,0.35,5.0662
Ord_4270,Prod_1,SHP_5959,2861.66,0.04,36,-921.68,35.0,0.81,79.49055555555555,-25.60222222222222,0.9722222222222222,3633.8736
Ord_4284,Prod_1,SHP_5978,990.67,0.08,9,-365.32,35.0,0.82,110.07444444444444,-40.59111111111111,3.888888888888889,1241.7364
Ord_4261,Prod_11,SHP_5949,1959.92,0.07,16,-374.96,51.94,0.63,122.495,-23.435,3.24625,2145.7455999999997
Ord_4293,Prod_8,SHP_5990,416.39,0.06,18,119.47,1.99,0.43,23.132777777777775,6.637222222222222,0.11055555555555556,269.9466
Ord_4748,Prod_6,SHP_6621,66.83,0.0,13,23.16,0.8,0.36,5.140769230769231,1.7815384615384615,0.06153846153846154,42.870000000000005
Ord_4664,Prod_6,SHP_6500,294.13,0.01,43,-123.07,6.92,0.37,6.840232558139535,-2.862093023255814,0.16093023255813954,407.33869999999996
Ord_4623,Prod_4,SHP_6438,1961.7915,0.05,34,425.75,5.99,0.58,57.69975,12.522058823529411,0.1761764705882353,1431.961925
Ord_2003,Prod_4,SHP_2737,2514.5125,0.04,46,601.65,4.99,0.57,54.6633152173913,13.079347826086956,0.10847826086956522,1807.292
Ord_2004,Prod_4,SHP_2739,2435.5135,0.08,24,315.49,4.2,0.59,101.47972916666667,13.145416666666668,0.17500000000000002,1920.98242
Ord_2003,Prod_4,SHP_4107,3988.0895,0.02,38,969.86,4.2,0.59,104.94972368421053,25.52263157894737,0.1105263157894737,2934.26771
Ord_2976,Prod_10,SHP_4108,3400.63,0.08,48,-892.79,46.74,0.56,70.84645833333333,-18.599791666666665,0.97375,3974.6296
Ord_2266,Prod_11,SHP_3088,5202.896,0.02,22,-715.78,54.12,0.76,236.49527272727272,-32.53545454545454,2.46,5760.498079999999
Ord_4746,Prod_5,SHP_6618,863.26,0.09,46,229.6,6.15,0.44,18.766521739130436,4.991304347826087,0.13369565217391305,549.8166
Ord_4764,Prod_7,SHP_6644,38.88,0.09,22,-18.57,1.56,0.49,1.7672727272727273,-0.8440909090909091,0.07090909090909091,52.3908
Ord_4683,Prod_10,SHP_6532,3412.08,0.04,46,239.23,26.85,,74.17565217391304,5.200652173913043,0.5836956521739131,3009.5168
Ord_4683,Prod_6,SHP_6533,1311.68,0.03,31,230.37,17.48,0.36,42.31225806451613,7.4312903225806455,0.5638709677419355,1024.4796000000001
Ord_4764,Prod_6,SHP_6643,32.69,0.0,5,-24.43,7.54,0.38,6.537999999999999,-4.886,1.508,49.58
Ord_4764,Prod_5,SHP_6643,4846.68,0.04,42,820.94,13.99,0.69,115.39714285714287,19.54619047619048,0.3330952380952381,3817.8828000000008
Ord_1891,Prod_13,SHP_2597,157.87,0.0,46,-115.8,3.97,0.56,3.4319565217391306,-2.517391304347826,0.08630434782608697,269.7
Ord_1902,Prod_3,SHP_2608,149.7,0.05,26,-132.63,7.78,0.37,5.757692307692308,-5.101153846153846,0.29923076923076924,267.06499999999994
Ord_1902,Prod_4,SHP_2745,728.127,0.02,41,49.79,4.81,0.58,17.75919512195122,1.214390243902439,0.1173170731707317,658.96446
Ord_4051,Prod_6,SHP_5646,109.86,0.02,24,-63.87,5.17,0.4,4.5775,-2.66125,0.21541666666666667,166.3628
Ord_4057,Prod_9,SHP_5656,305.68,0.1,19,128.17,1.39,0.4,16.088421052631578,6.7457894736842094,0.0731578947368421,145.55200000000005
Ord_4051,Prod_4,SHP_5647,1426.5125,0.04,19,-175.18,0.99,0.85,75.0796052631579,-9.22,0.05210526315789474,1543.642
Ord_4031,Prod_16,SHP_5613,171.5,0.02,16,-20.41,4.68,0.59,10.71875,-1.275625,0.2925,183.79999999999998
Ord_4051,Prod_10,SHP_5645,9539.6,0.02,45,-163.63,55.96,0.75,211.9911111111111,-3.636222222222222,1.2435555555555555,9456.478000000001
Ord_4054,Prod_4,SHP_5651,1561.2205,0.09,36,-226.82,2.5,0.83,43.36723611111111,-6.3005555555555555,0.06944444444444445,1645.0306549999998
Ord_4031,Prod_6,SHP_5612,272.01,0.01,40,-42.45,5.14,0.37,6.80025,-1.06125,0.1285,306.5999
Ord_4057,Prod_5,SHP_5657,1901.29,0.08,41,870.8,6.77,0.44,46.372926829268295,21.2390243902439,0.16512195121951218,871.6168
Ord_56,Prod_6,SHP_73,270.84,0.1,41,-78.02,5.86,0.36,6.605853658536585,-1.9029268292682926,0.1429268292682927,315.91599999999994
Ord_224,Prod_4,SHP_312,999.226,0.02,33,381.17,3.3,0.39,30.279575757575756,11.55060606060606,0.09999999999999999,594.7714800000001
Ord_56,Prod_5,SHP_73,3389.93,0.08,35,737.94,21.26,0.59,96.85514285714285,21.084000000000003,0.6074285714285714,2359.5355999999997
Ord_56,Prod_6,SHP_74,266.36,0.07,42,-191.28,8.19,0.37,6.341904761904762,-4.554285714285714,0.19499999999999998,430.8048
Ord_56,Prod_7,SHP_75,89.41,0.01,46,-21.49,0.76,0.83,1.943695652173913,-0.4671739130434782,0.01652173913043478,109.24589999999999
Ord_251,Prod_4,SHP_347,1062.959,0.07,15,298.48,2.5,0.35,70.86393333333334,19.898666666666667,0.16666666666666666,687.57187
Ord_56,Prod_3,SHP_73,24.16,0.08,5,8.05,1.49,0.37,4.832,1.61,0.298,12.6872
Ord_52,Prod_2,SHP_68,1003.06,0.03,37,271.78,5.37,0.5,27.10972972972973,7.345405405405405,0.14513513513513515,695.8181999999999
Ord_132,Prod_5,SHP_179,465.83,0.1,49,-79.72,6.22,0.55,9.50673469387755,-1.626938775510204,0.12693877551020408,492.74699999999996
Ord_289,Prod_3,SHP_390,51.21,0.0,2,-27.53,8.83,0.37,25.605,-13.765,4.415,69.91
Ord_208,Prod_6,SHP_283,100.4,0.06,20,11.94,2.04,0.36,5.0200000000000005,0.597,0.10200000000000001,80.396
Ord_289,Prod_11,SHP_391,2195.55,0.01,20,-355.94,60.0,0.59,109.7775,-17.797,3.0,2469.5345
Ord_106,Prod_13,SHP_145,18.37,0.01,6,-4.06,1.2,0.58,3.061666666666667,-0.6766666666666666,0.19999999999999998,21.0463
Ord_91,Prod_10,SHP_123,5350.61,0.09,34,-1059.2,60.49,0.69,157.37088235294118,-31.15294117647059,1.7791176470588237,5867.7651
Ord_106,Prod_5,SHP_145,1943.72,0.03,47,-1003.58,34.2,0.73,41.35574468085107,-21.35276595744681,0.7276595744680852,2854.7884
Ord_106,Prod_4,SHP_146,6175.777,0.07,49,1881.58,3.9,0.55,126.03626530612244,38.39959183673469,0.07959183673469387,3857.9926100000002
Ord_220,Prod_13,SHP_306,217.25,0.07,39,33.5,1.2,0.55,5.57051282051282,0.8589743589743589,0.030769230769230767,167.3425
Ord_208,Prod_16,SHP_284,327.15,0.04,19,47.3,3.26,0.56,17.218421052631577,2.4894736842105263,0.17157894736842105,263.50399999999996
Ord_220,Prod_11,SHP_307,5993.74,0.07,28,-998.94,69.64,0.77,214.06214285714285,-35.67642857142857,2.487142857142857,6503.4782
Ord_37,Prod_6,SHP_49,129.62,0.05,22,4.41,3.04,0.36,5.891818181818182,0.20045454545454547,0.13818181818181818,115.68900000000001
Ord_2886,Prod_4,SHP_3981,1063.35,0.07,19,107.08,5.26,0.56,55.965789473684204,5.63578947368421,0.2768421052631579,876.5754999999999
Ord_2886,Prod_3,SHP_3980,154.61,0.06,28,-82.82,5.63,0.39,5.5217857142857145,-2.9578571428571427,0.20107142857142857,222.5234
Ord_132,Prod_3,SHP_3976,515.37,0.04,20,9.82,12.98,0.39,25.7685,0.491,0.649,471.9552
Ord_334,Prod_5,SHP_447,113.85,0.06,26,-93.93,6.6,0.49,4.378846153846154,-3.612692307692308,0.25384615384615383,194.349
Ord_334,Prod_8,SHP_446,266.94,0.09,10,19.2,1.99,0.4,26.694,1.92,0.199,221.7254
Ord_1179,Prod_12,SHP_1625,23.84,0.02,7,5.88,0.5,0.37,3.4057142857142857,0.84,0.07142857142857142,16.9832
Ord_1153,Prod_6,SHP_1588,2063.42,0.03,38,989.95,5.15,0.36,54.300526315789476,26.051315789473687,0.1355263157894737,1006.4174
Ord_1174,Prod_15,SHP_1620,9499.3,0.01,44,618.36,64.2,0.59,215.8931818181818,14.053636363636365,1.4590909090909092,8721.746999999998
Ord_1156,Prod_4,SHP_1596,58.14,0.01,3,-96.25,4.81,0.58,19.38,-32.083333333333336,1.6033333333333333,148.9986
Ord_1154,Prod_8,SHP_1589,116.82,0.02,24,-42.05,2.39,0.72,4.8675,-1.7520833333333332,0.09958333333333334,154.1436
Ord_1157,Prod_8,SHP_1597,1538.33,0.03,39,471.35,1.99,0.54,39.44435897435897,12.085897435897436,0.05102564102564103,1018.8401
Ord_1165,Prod_9,SHP_1607,45.64,0.08,2,-0.11,1.39,0.38,22.82,-0.055,0.695,40.7088
Ord_1156,Prod_5,SHP_1593,126.88,0.05,33,12.63,1.61,0.44,3.8448484848484847,0.38272727272727275,0.04878787878787879,106.296
Ord_1153,Prod_8,SHP_1588,112.86,0.04,17,-56.78,4.07,0.66,6.638823529411765,-3.34,0.23941176470588238,161.0556
Ord_1156,Prod_8,SHP_1595,882.96,0.06,45,11.65,4.0,0.68,19.621333333333332,0.2588888888888889,0.08888888888888889,814.3324
Ord_1160,Prod_3,SHP_1602,270.73,0.1,32,-54.57,6.28,0.35,8.4603125,-1.7053125,0.19625,291.947
Ord_1190,Prod_3,SHP_1643,5347.13,0.08,44,1886.41,19.99,0.37,121.52568181818182,42.87295454545455,0.4543181818181818,3012.9596
Ord_1156,Prod_3,SHP_1594,906.64,0.07,42,-148.93,15.1,0.38,21.586666666666666,-3.545952380952381,0.3595238095238095,977.0052000000001
Ord_1154,Prod_16,SHP_1590,483.64,0.1,45,28.39,3.37,0.57,10.747555555555556,0.6308888888888889,0.0748888888888889,403.51599999999996
Ord_1167,Prod_6,SHP_1610,85.56,0.03,15,-41.58,5.66,0.4,5.704,-2.772,0.37733333333333335,118.9132
Ord_1157,Prod_6,SHP_1598,147.46,0.06,39,14.13,1.93,0.35,3.781025641025641,0.36230769230769233,0.04948717948717948,122.5524
Ord_1181,Prod_15,SHP_1628,7548.65,0.03,45,1385.35,30.0,0.62,167.74777777777777,30.785555555555554,0.6666666666666666,5906.8405
Ord_1167,Prod_4,SHP_1611,754.6555,0.01,8,-212.55,2.5,0.57,94.3319375,-26.56875,0.3125,957.1589449999999
Ord_1181,Prod_4,SHP_1629,1318.8685,0.03,24,172.33,3.99,0.59,54.95285416666667,7.180416666666667,0.16625,1102.982445
Ord_1169,Prod_5,SHP_1614,388.15,0.0,18,-44.21,14.87,0.57,21.563888888888886,-2.4561111111111114,0.826111111111111,417.48999999999995
Ord_1193,Prod_3,SHP_1646,191.36,0.05,37,-82.09,4.97,0.38,5.171891891891892,-2.2186486486486485,0.1343243243243243,258.91200000000003
Ord_1152,Prod_9,SHP_1586,1554.53,0.0,16,474.66,19.99,0.4,97.158125,29.66625,1.249375,1059.8799999999999
Ord_826,Prod_4,SHP_1133,2744.361,0.01,16,201.03,8.99,0.6,171.5225625,12.564375,0.561875,2506.89739
Ord_829,Prod_6,SHP_1137,318.14,0.01,25,49.67,5.09,0.38,12.7256,1.9868000000000001,0.2036,260.1986
Ord_824,Prod_15,SHP_1131,3636.91,0.0,29,-1284.24,70.2,0.74,125.4106896551724,-44.284137931034486,2.420689655172414,4850.95
Ord_818,Prod_6,SHP_1124,573.97,0.05,29,55.82,9.54,0.37,19.79206896551724,1.9248275862068966,0.3289655172413793,479.9115000000001
Ord_818,Prod_6,SHP_1125,223.79,0.01,39,-89.88,5.66,0.4,5.738205128205128,-2.3046153846153845,0.14512820512820512,305.7721
Ord_1128,Prod_5,SHP_1556,196.41,0.01,9,27.91,11.17,0.6,21.823333333333334,3.101111111111111,1.241111111111111,155.3659
Ord_1128,Prod_6,SHP_1555,186.67,0.02,9,2.06,8.68,0.37,20.74111111111111,0.2288888888888889,0.9644444444444444,172.1966
Ord_1128,Prod_8,SHP_1555,185.79,0.02,5,-159.68,7.53,0.76,37.158,-31.936,1.506,334.2242
Ord_2347,Prod_12,SHP_3222,128.28,0.04,21,53.58,0.5,0.39,6.1085714285714285,2.551428571428571,0.023809523809523808,69.0688
Ord_2447,Prod_1,SHP_3357,136.24,0.07,13,-81.77,9.45,0.6,10.48,-6.29,0.7269230769230769,199.0232
Ord_1128,Prod_4,SHP_3481,2051.8235,0.01,36,350.36,8.8,0.58,56.99509722222222,9.732222222222223,0.24444444444444446,1672.145265
Ord_2542,Prod_2,SHP_3480,120.38,0.09,6,-29.77,6.32,0.58,20.063333333333333,-4.961666666666667,1.0533333333333335,132.9958
Ord_3910,Prod_8,SHP_5425,129.18,0.04,8,-30.02,4.0,0.37,16.1475,-3.7525,0.5,150.0328
Ord_829,Prod_11,SHP_5406,9501.624,0.07,43,-686.45,61.76,0.78,220.968,-15.963953488372095,1.436279069767442,9461.20032
Ord_3910,Prod_6,SHP_5426,1016.26,0.06,44,337.97,5.47,0.39,23.096818181818183,7.681136363636364,0.12431818181818181,611.8444
Ord_2782,Prod_8,SHP_3822,536.83,0.06,31,161.37,1.99,0.45,17.31709677419355,5.2054838709677425,0.06419354838709677,341.26020000000005
Ord_2766,Prod_5,SHP_3796,729.21,0.0,39,194.15,5.03,0.54,18.697692307692307,4.978205128205128,0.128974358974359,530.0300000000001
Ord_2602,Prod_4,SHP_3562,2388.636,0.01,13,191.0,5.26,0.56,183.74123076923075,14.692307692307692,0.4046153846153846,2168.48964
Ord_2790,Prod_7,SHP_3836,133.07,0.02,35,-15.96,0.94,0.83,3.8019999999999996,-0.456,0.026857142857142857,145.42860000000002
Ord_2652,Prod_1,SHP_3628,1809.21,0.04,33,454.49,5.08,0.59,54.82454545454546,13.772424242424243,0.15393939393939393,1277.2716
Ord_2773,Prod_8,SHP_3808,649.71,0.07,22,-157.51,8.65,0.74,29.53227272727273,-7.159545454545454,0.3931818181818182,753.0903000000001
Ord_2652,Prod_6,SHP_3628,53.72,0.1,6,2.82,2.01,0.39,8.953333333333333,0.47,0.33499999999999996,43.518
Ord_2782,Prod_6,SHP_3823,1734.31,0.06,32,647.25,10.75,0.36,54.1971875,20.2265625,0.3359375,972.2513999999999
Ord_2766,Prod_5,SHP_3795,2374.35,0.05,37,878.21,14.48,0.46,64.17162162162163,23.735405405405405,0.39135135135135135,1362.9424999999997
Ord_2649,Prod_11,SHP_3623,4713.25,0.1,31,-372.49,69.0,0.68,152.04032258064515,-12.015806451612903,2.225806451612903,4545.415
Ord_4797,Prod_6,SHP_6688,102.99,0.1,16,-102.17,9.68,0.36,6.436875,-6.385625,0.605,185.18099999999998
Ord_4707,Prod_3,SHP_6568,11.25,0.08,5,-4.96,1.49,0.38,2.25,-0.992,0.298,13.82
Ord_4797,Prod_4,SHP_6689,1429.088,0.06,20,500.05,1.25,0.39,71.45439999999999,25.0025,0.0625,842.0427199999999
Ord_2028,Prod_5,SHP_2774,2398.9,0.09,27,656.95,18.13,0.56,88.84814814814816,24.331481481481482,0.6714814814814815,1507.919
Ord_2014,Prod_5,SHP_2756,1934.6,0.09,33,614.03,14.48,0.46,58.624242424242425,18.606969696969696,0.4387878787878788,1131.9759999999999
Ord_2023,Prod_8,SHP_2767,856.34,0.06,30,248.91,1.99,0.51,28.544666666666668,8.297,0.06633333333333333,554.0596
Ord_2023,Prod_13,SHP_2767,238.35,0.0,19,-64.51,7.95,0.58,12.544736842105262,-3.395263157894737,0.41842105263157897,294.91
Ord_2275,Prod_6,SHP_3105,194.02,0.03,40,80.35,0.8,0.36,4.8505,2.00875,0.02,107.04939999999999
Ord_4351,Prod_6,SHP_6066,229.51,0.04,34,-189.33,9.54,0.37,6.750294117647059,-5.568529411764707,0.28058823529411764,400.1196
Ord_4351,Prod_1,SHP_6067,473.0,0.09,32,-185.8,10.68,0.58,14.78125,-5.80625,0.33375,605.55
Ord_2014,Prod_10,SHP_6312,6803.0,0.03,46,-1061.68,66.27,0.65,147.8913043478261,-23.080000000000002,1.4406521739130433,7594.32
Ord_2028,Prod_3,SHP_6399,32.77,0.07,5,-17.19,5.01,0.39,6.554,-3.438,1.002,42.65610000000001
Ord_2028,Prod_8,SHP_6400,1701.53,0.01,37,735.99,1.99,0.44,45.987297297297296,19.89162162162162,0.05378378378378378,946.5346999999999
Ord_1539,Prod_5,SHP_2129,631.73,0.03,8,122.43,19.99,0.43,78.96625,15.30375,2.49875,470.3581
Ord_1486,Prod_16,SHP_2052,487.5,0.05,46,-25.88,4.68,0.59,10.597826086956522,-0.5626086956521739,0.1017391304347826,484.325
Ord_1486,Prod_3,SHP_2052,25.52,0.07,4,-1.99,1.49,0.39,6.38,-0.4975,0.3725,24.2336
Ord_1342,Prod_3,SHP_1845,457.68,0.07,16,107.38,6.27,0.37,28.605,6.71125,0.391875,311.99240000000003
Ord_1486,Prod_2,SHP_2052,97.93,0.07,14,-616.81,49.0,0.59,6.995,-44.05785714285714,3.5,658.8848999999999
Ord_2013,Prod_6,SHP_2755,200.08,0.05,36,-62.97,5.06,0.37,5.557777777777778,-1.7491666666666665,0.14055555555555554,247.98600000000002
Ord_1989,Prod_1,SHP_3048,763.12,0.03,21,140.33,5.49,0.6,36.33904761904762,6.682380952380953,0.26142857142857145,594.4064
Ord_2013,Prod_8,SHP_2755,790.24,0.09,24,-213.18,9.02,0.75,32.92666666666667,-8.8825,0.3758333333333333,923.2784000000001
Ord_4354,Prod_1,SHP_6071,4253.65,0.05,25,943.0,19.99,0.55,170.146,37.72,0.7996,3077.9775
Ord_2309,Prod_6,SHP_6537,57.15,0.03,8,-33.95,7.5,0.4,7.14375,-4.24375,0.9375,81.88550000000001
Ord_4691,Prod_6,SHP_6547,1305.85,0.0,40,65.01,17.08,0.4,32.646249999999995,1.62525,0.42699999999999994,1223.76
Ord_1968,Prod_16,SHP_2692,576.58,0.04,41,-81.55,7.59,0.56,14.062926829268294,-1.9890243902439024,0.1851219512195122,627.4767999999999
Ord_1968,Prod_13,SHP_2692,85.71,0.08,26,9.32,0.98,0.52,3.296538461538461,0.3584615384615385,0.03769230769230769,68.55319999999998
Ord_2236,Prod_4,SHP_4166,6335.8575,0.08,49,1620.23,8.99,0.58,129.3032142857143,33.06591836734694,0.18346938775510205,4199.768900000001
Ord_2309,Prod_13,SHP_3165,6.34,0.08,2,-4.44,0.97,0.59,3.17,-2.22,0.485,9.302800000000001
Ord_2236,Prod_1,SHP_3037,3093.76,0.07,33,-850.71,35.0,,93.75030303030303,-25.77909090909091,1.0606060606060606,3692.9068
Ord_2309,Prod_2,SHP_3165,2996.93,0.04,48,1060.87,3.5,0.57,62.43604166666666,22.10145833333333,0.07291666666666667,1812.6828
Ord_4392,Prod_13,SHP_6122,127.84,0.02,41,12.69,0.96,0.58,3.118048780487805,0.3095121951219512,0.023414634146341463,111.63320000000002
Ord_4366,Prod_1,SHP_6086,370.72,0.1,24,-156.76,11.25,0.6,15.446666666666667,-6.531666666666666,0.46875,479.158
Ord_4392,Prod_7,SHP_6123,11.15,0.07,6,-2.62,0.75,0.52,1.8583333333333334,-0.4366666666666667,0.125,12.2395
Ord_4349,Prod_3,SHP_6064,22.56,0.04,5,-25.56,6.27,0.4,4.512,-5.112,1.254,40.947599999999994
Ord_4379,Prod_12,SHP_6103,88.82,0.01,20,38.35,0.5,0.39,4.441,1.9175,0.025,49.081799999999994
Ord_5078,Prod_6,SHP_7091,692.15,0.09,37,150.38,5.97,0.38,18.706756756756757,4.064324324324324,0.16135135135135134,473.50649999999996
Ord_5081,Prod_9,SHP_7094,541.47,0.05,49,90.62,4.8,0.36,11.050408163265306,1.849387755102041,0.09795918367346938,418.97650000000004
Ord_5070,Prod_8,SHP_7079,772.42,0.02,49,299.33,1.99,0.42,15.763673469387754,6.108775510204081,0.040612244897959185,455.6516
Ord_1161,Prod_3,SHP_1603,251.11,0.03,30,10.04,4.71,0.35,8.370333333333333,0.3346666666666666,0.157,228.82670000000002
Ord_1166,Prod_1,SHP_1608,2954.14,0.04,21,-522.94,35.0,,140.67333333333332,-24.901904761904763,1.6666666666666667,3323.9144
Ord_1155,Prod_8,SHP_1591,33.64,0.07,4,-35.17,2.83,0.77,8.41,-8.7925,0.7075,63.6252
Ord_1149,Prod_6,SHP_1583,109.37,0.07,11,25.96,1.79,0.38,9.942727272727273,2.36,0.16272727272727272,73.9641
Ord_1148,Prod_5,SHP_1582,316.35,0.06,21,117.91,3.73,0.46,15.064285714285715,5.614761904761904,0.17761904761904762,175.729
Ord_1155,Prod_17,SHP_1592,701.94,0.01,29,158.91,6.3,0.38,24.2048275862069,5.479655172413793,0.21724137931034482,529.7106000000001
Ord_1166,Prod_4,SHP_1609,3375.3075,0.1,34,562.13,8.08,0.57,99.27374999999999,16.533235294117645,0.2376470588235294,2467.56675
Ord_4808,Prod_4,SHP_6701,1947.4265,0.03,34,473.27,5.92,0.55,57.27725,13.919705882352941,0.17411764705882352,1409.813705
Ord_4672,Prod_2,SHP_6513,3702.92,0.03,49,541.92,19.95,0.54,75.56979591836735,11.059591836734693,0.40714285714285714,3029.9624000000003
Ord_4672,Prod_3,SHP_6514,53.99,0.1,29,-15.12,1.49,0.37,1.8617241379310345,-0.5213793103448275,0.05137931034482759,62.221
Ord_4804,Prod_8,SHP_6696,1121.84,0.0,15,-173.66,12.14,0.67,74.78933333333333,-11.577333333333334,0.8093333333333333,1283.36
Ord_4804,Prod_3,SHP_6696,176.58,0.1,6,28.34,2.99,0.35,29.430000000000003,4.723333333333334,0.49833333333333335,127.59200000000001
Ord_4641,Prod_3,SHP_6464,532.89,0.09,43,210.53,1.49,0.35,12.392790697674418,4.896046511627907,0.03465116279069767,272.9099
Ord_4641,Prod_8,SHP_6465,60.69,0.06,24,-25.65,1.99,0.55,2.52875,-1.0687499999999999,0.08291666666666667,80.70859999999999
Ord_4751,Prod_15,SHP_6624,4480.89,0.02,48,195.04,30.0,0.61,93.351875,4.0633333333333335,0.625,4166.2322
Ord_4650,Prod_3,SHP_6481,229.26,0.0,31,-37.2,5.48,0.37,7.395483870967742,-1.2000000000000002,0.1767741935483871,260.98
Ord_1809,Prod_11,SHP_2502,8532.152,0.04,50,-513.79,52.2,0.64,170.64304,-10.275799999999998,1.044,8652.45592
Ord_1816,Prod_13,SHP_2509,191.13,0.07,47,38.11,1.2,0.44,4.066595744680851,0.8108510638297872,0.02553191489361702,138.4409
Ord_1910,Prod_5,SHP_2617,2011.46,0.01,48,171.07,8.66,0.76,41.90541666666667,3.5639583333333333,0.18041666666666667,1811.6154
Ord_2025,Prod_4,SHP_2769,2526.54,0.04,46,772.11,2.5,0.55,54.92478260869565,16.785,0.05434782608695652,1650.8683999999998
Ord_1809,Prod_2,SHP_2736,2269.41,0.05,33,630.18,3.5,0.59,68.77,19.096363636363634,0.10606060606060606,1522.2595000000001
Ord_1816,Prod_13,SHP_2754,48.24,0.09,17,-1.62,1.01,0.55,2.8376470588235296,-0.09529411764705883,0.05941176470588235,44.5084
Ord_1895,Prod_4,SHP_2601,2433.55,0.05,23,355.93,8.08,0.57,105.80652173913045,15.475217391304348,0.35130434782608694,1947.8625000000004
Ord_1910,Prod_8,SHP_3095,587.2,0.08,29,134.25,1.99,0.48,20.24827586206897,4.629310344827586,0.06862068965517241,403.98400000000004
Ord_1910,Prod_12,SHP_3096,110.79,0.05,39,42.68,0.5,0.38,2.8407692307692307,1.0943589743589743,0.01282051282051282,62.0705
Ord_2025,Prod_6,SHP_2769,162.39,0.1,33,-101.68,5.57,0.4,4.920909090909091,-3.0812121212121215,0.1687878787878788,242.261
Ord_97,Prod_5,SHP_132,426.34,0.0,31,73.53,5.16,0.43,13.75290322580645,2.371935483870968,0.1664516129032258,347.65
Ord_187,Prod_12,SHP_252,35.17,0.03,11,5.58,0.99,0.37,3.1972727272727273,0.5072727272727273,0.09,27.5449
Ord_319,Prod_1,SHP_426,178.45,0.09,31,-104.96,4.69,0.68,5.756451612903225,-3.385806451612903,0.15129032258064518,262.6595
Ord_319,Prod_5,SHP_425,413.86,0.0,50,39.29,4.0,0.42,8.2772,0.7857999999999999,0.08,370.57
Ord_28,Prod_3,SHP_38,42.66,0.06,5,-11.83,4.71,0.35,8.532,-2.366,0.942,47.22039999999999
Ord_1173,Prod_6,SHP_1619,355.97,0.03,7,-4.46,19.99,0.37,50.85285714285715,-0.6371428571428571,2.8557142857142854,329.7609
Ord_1182,Prod_13,SHP_1631,79.14,0.09,30,-4.73,0.97,0.59,2.638,-0.15766666666666668,0.03233333333333333,75.7774
Ord_1172,Prod_6,SHP_1617,240.18,0.06,40,-160.21,7.64,0.36,6.0045,-4.00525,0.191,378.3392
Ord_1173,Prod_3,SHP_1619,887.45,0.1,47,365.79,1.49,0.35,18.881914893617022,7.782765957446809,0.03170212765957447,431.425
Ord_1182,Prod_10,SHP_1630,4514.86,0.09,23,-641.09,55.96,0.75,196.2982608695652,-27.873478260869568,2.4330434782608696,4693.652599999999
Ord_1172,Prod_1,SHP_1618,529.28,0.1,45,-30.27,4.81,0.58,11.761777777777777,-0.6726666666666666,0.10688888888888888,501.81199999999995
Ord_1003,Prod_9,SHP_1387,49.04,0.02,8,9.29,1.39,0.38,6.13,1.16125,0.17375,37.3792
Ord_1025,Prod_9,SHP_1416,364.8,0.01,42,149.45,1.39,0.38,8.685714285714287,3.558333333333333,0.033095238095238094,210.312
Ord_907,Prod_4,SHP_1250,5015.051,0.05,30,1090.43,4.2,0.59,167.16836666666669,36.34766666666667,0.14,3669.66845
Ord_918,Prod_6,SHP_1266,676.26,0.06,34,181.98,5.77,0.38,19.89,5.35235294117647,0.16970588235294115,447.9344
Ord_918,Prod_8,SHP_1265,397.55,0.08,5,-152.47,6.13,0.45,79.51,-30.494,1.226,512.086
Ord_4794,Prod_5,SHP_6683,633.91,0.0,49,141.17,5.16,0.43,12.936938775510203,2.881020408163265,0.10530612244897959,487.58000000000004
Ord_4628,Prod_4,SHP_6445,849.337,0.07,8,-258.85,2.5,0.58,106.167125,-32.35625,0.3125,1046.23341
Ord_4735,Prod_2,SHP_6604,1756.27,0.09,38,649.05,5.1,0.46,46.21763157894737,17.080263157894734,0.13421052631578947,944.0557000000001
Ord_4835,Prod_6,SHP_6741,514.86,0.08,45,-10.84,6.47,0.38,11.441333333333334,-0.24088888888888887,0.14377777777777778,478.04119999999995
Ord_4835,Prod_8,SHP_6740,437.77,0.01,26,-125.8,8.99,0.64,16.837307692307693,-4.838461538461538,0.3457692307692308,550.2022999999999
Ord_4835,Prod_6,SHP_6740,356.27,0.1,12,84.53,5.09,0.4,29.689166666666665,7.0441666666666665,0.42416666666666664,231.023
Ord_4735,Prod_5,SHP_6605,345.58,0.05,50,-38.04,4.95,0.37,6.9116,-0.7608,0.099,361.391
Ord_4738,Prod_1,SHP_6610,5290.57,0.08,30,1389.18,19.99,0.55,176.35233333333332,46.306000000000004,0.6663333333333333,3458.1543999999994
Ord_1835,Prod_7,SHP_2529,130.25,0.05,45,0.89,1.58,0.39,2.8944444444444444,0.01977777777777778,0.035111111111111114,121.2675
Ord_1835,Prod_5,SHP_2652,122.41,0.09,18,2.37,4.95,0.37,6.8005555555555555,0.13166666666666668,0.275,104.0731
Ord_1934,Prod_6,SHP_2650,45.73,0.0,8,-23.29,5.49,0.38,5.71625,-2.91125,0.68625,63.529999999999994
Ord_1835,Prod_4,SHP_2652,2052.2655,0.04,22,371.4,2.5,0.57,93.28479545454546,16.88181818181818,0.11363636363636363,1596.27488
Ord_2294,Prod_1,SHP_3140,572.4,0.07,36,-39.5,6.25,0.58,15.899999999999999,-1.0972222222222223,0.1736111111111111,565.582
Ord_2219,Prod_8,SHP_3018,211.44,0.03,18,-75.81,6.5,0.64,11.746666666666666,-4.211666666666667,0.3611111111111111,274.4068
Ord_4337,Prod_4,SHP_6045,1162.4005,0.09,22,-284.63,19.99,0.59,52.836386363636365,-12.937727272727273,0.9086363636363636,1322.4244549999999
Ord_4602,Prod_5,SHP_6401,64.79,0.03,2,-41.32,7.87,0.54,32.395,-20.66,3.935,96.2963
Ord_4482,Prod_8,SHP_6241,512.87,0.0,31,170.69,1.99,0.42,16.544193548387096,5.506129032258064,0.06419354838709677,340.19
Ord_4585,Prod_11,SHP_6379,6126.93,0.01,41,-1704.89,80.2,0.71,149.43731707317073,-41.58268292682927,1.9560975609756097,7690.350700000001
Ord_4605,Prod_4,SHP_6404,4357.117,0.07,44,1192.98,5.92,0.58,99.02538636363637,27.11318181818182,0.13454545454545455,2853.21881
Ord_4600,Prod_13,SHP_6397,45.21,0.02,22,4.61,0.7,0.56,2.055,0.20954545454545456,0.031818181818181815,38.995799999999996
Ord_4531,Prod_3,SHP_6306,1194.34,0.04,33,497.11,2.99,0.35,36.19212121212121,15.063939393939394,0.0906060606060606,646.4663999999999
Ord_4606,Prod_6,SHP_6406,19.34,0.06,3,-11.36,5.02,0.38,6.446666666666666,-3.7866666666666666,1.6733333333333331,24.5196
Ord_4606,Prod_11,SHP_6407,4245.93,0.0,19,-626.45,69.0,0.79,223.47000000000003,-32.97105263157895,3.6315789473684212,4803.38
Ord_4364,Prod_12,SHP_6084,75.6,0.06,26,17.14,0.99,0.36,2.9076923076923076,0.6592307692307693,0.03807692307692308,52.934
Ord_4364,Prod_3,SHP_6083,79.42,0.01,8,-15.46,6.28,0.35,9.9275,-1.9325,0.785,87.8058
Ord_4433,Prod_8,SHP_6178,102.18,0.09,5,-65.67,4.0,0.68,20.436,-13.134,0.8,154.6538
Ord_4487,Prod_3,SHP_6247,80.45,0.09,21,-60.96,4.69,0.35,3.830952380952381,-2.902857142857143,0.22333333333333336,129.4795
Ord_4593,Prod_4,SHP_6388,1721.641,0.04,17,242.44,4.23,0.56,101.27300000000001,14.261176470588236,0.24882352941176472,1406.10536
Ord_4606,Prod_8,SHP_6405,1298.29,0.06,41,542.33,1.99,0.42,31.66560975609756,13.227560975609757,0.04853658536585366,676.0725999999999
Ord_4332,Prod_13,SHP_6039,1315.74,0.03,34,260.87,13.89,0.41,38.698235294117644,7.67264705882353,0.4085294117647059,1001.5078
Ord_4606,Prod_13,SHP_6405,590.32,0.06,35,-91.31,8.99,0.56,16.866285714285716,-2.608857142857143,0.25685714285714284,637.2208
Ord_4593,Prod_16,SHP_6388,413.37,0.04,50,-224.41,7.77,0.55,8.2674,-4.4882,0.15539999999999998,613.4752
Ord_4514,Prod_17,SHP_6284,124.19,0.03,7,-53.3,11.28,0.38,17.74142857142857,-7.614285714285714,1.6114285714285714,162.4843
Ord_4660,Prod_13,SHP_6494,169.46,0.02,28,34.24,1.2,0.55,6.052142857142857,1.2228571428571429,0.04285714285714286,130.63080000000002
Ord_4785,Prod_2,SHP_6670,74.83,0.08,17,-83.71,6.89,0.6,4.401764705882353,-4.924117647058823,0.4052941176470588,145.66359999999997
Ord_4785,Prod_5,SHP_6669,146.72,0.06,30,18.26,2.03,0.51,4.890666666666666,0.6086666666666667,0.06766666666666667,117.62679999999999
Ord_4660,Prod_5,SHP_6494,1283.68,0.08,33,202.47,9.2,0.65,38.89939393939394,6.135454545454546,0.27878787878787875,969.3155999999999
Ord_4789,Prod_6,SHP_6675,1427.14,0.02,29,605.92,7.23,0.37,49.211724137931036,20.893793103448274,0.2493103448275862,785.4472000000002
Ord_4785,Prod_9,SHP_6669,436.67,0.06,37,51.91,5.72,0.35,11.801891891891893,1.402972972972973,0.1545945945945946,352.83979999999997
Ord_1931,Prod_17,SHP_2646,4531.34,0.08,20,653.68,14.7,0.57,226.567,32.684,0.735,3500.4528000000005
Ord_1931,Prod_5,SHP_2647,574.5,0.02,44,-449.04,14.37,0.73,13.056818181818182,-10.205454545454545,0.3265909090909091,997.6800000000001
Ord_1931,Prod_2,SHP_2647,262.94,0.06,18,-22.37,6.75,0.52,14.607777777777777,-1.2427777777777778,0.375,262.7836
Ord_1931,Prod_6,SHP_3136,216.87,0.03,18,30.53,5.01,0.36,12.048333333333334,1.6961111111111111,0.2783333333333333,174.8239
Ord_1931,Prod_5,SHP_3135,138.17,0.05,29,-103.78,6.6,0.49,4.764482758620689,-3.5786206896551724,0.2275862068965517,228.4415
Ord_4545,Prod_17,SHP_6326,2976.19,0.05,25,-44.52,56.14,0.4,119.0476,-1.7808000000000002,2.2456,2815.7605000000003
Ord_4371,Prod_3,SHP_6093,2116.7,0.02,30,488.82,19.99,0.4,70.55666666666666,16.294,0.6663333333333333,1565.5560000000003
Ord_4378,Prod_6,SHP_6101,192.8,0.05,24,31.0,2.87,0.4,8.033333333333333,1.2916666666666667,0.11958333333333333,149.29000000000002
Ord_4358,Prod_1,SHP_6077,3553.62,0.07,23,521.69,19.99,0.59,154.50521739130434,22.68217391304348,0.8691304347826087,2763.1866
Ord_2154,Prod_2,SHP_2936,421.36,0.07,50,-75.17,4.5,0.59,8.427200000000001,-1.5034,0.09,462.5348
Ord_2102,Prod_9,SHP_2877,151.38,0.04,27,-55.61,5.3,0.35,5.6066666666666665,-2.0596296296296295,0.1962962962962963,195.63479999999998
Ord_2111,Prod_6,SHP_2887,237.89,0.0,39,-165.26,7.96,0.36,6.099743589743589,-4.237435897435897,0.2041025641025641,395.18999999999994
Ord_2102,Prod_8,SHP_2876,1824.13,0.05,46,104.51,7.12,0.67,39.655,2.2719565217391304,0.15478260869565216,1621.2935000000002
Ord_2104,Prod_11,SHP_2879,3617.64,0.07,26,-354.13,43.75,0.64,139.14,-13.620384615384616,1.6826923076923077,3674.7852
Ord_1975,Prod_7,SHP_2700,54.32,0.09,16,16.11,0.7,0.37,3.395,1.006875,0.04375,32.6212
Ord_2016,Prod_8,SHP_2758,24.96,0.01,13,-20.68,1.99,0.51,1.9200000000000002,-1.5907692307692307,0.15307692307692308,43.400400000000005
Ord_2057,Prod_13,SHP_2813,390.35,0.05,34,71.03,2.36,0.55,11.480882352941178,2.0891176470588237,0.06941176470588235,297.4425
Ord_2374,Prod_11,SHP_3261,2009.05,0.04,43,33.99,46.59,0.67,46.722093023255816,0.7904651162790698,1.0834883720930233,1848.108
Ord_2355,Prod_15,SHP_3234,12296.49,0.01,44,-416.7,57.0,0.78,279.4656818181818,-9.470454545454546,1.2954545454545454,12533.2251
Ord_2505,Prod_13,SHP_3433,7.75,0.03,2,-5.27,2.4,0.58,3.875,-2.635,1.2,10.3875
Ord_2355,Prod_6,SHP_3235,128.13,0.03,18,-34.91,5.94,0.37,7.118333333333333,-1.9394444444444443,0.33,153.2561
Ord_2546,Prod_8,SHP_3485,667.64,0.08,25,-57.53,4.0,0.75,26.7056,-2.3012,0.16,667.7588
Ord_2528,Prod_1,SHP_3461,274.32,0.01,18,-58.24,4.53,0.81,15.24,-3.2355555555555555,0.2516666666666667,325.2868
Ord_3754,Prod_8,SHP_5210,827.47,0.0,25,45.37,6.5,0.64,33.098800000000004,1.8148,0.26,775.6
Ord_3753,Prod_13,SHP_5209,208.05,0.01,33,46.01,0.96,0.6,6.304545454545455,1.3942424242424243,0.02909090909090909,158.9995
Ord_3753,Prod_12,SHP_5209,31.77,0.04,12,8.34,0.5,0.39,2.6475,0.695,0.041666666666666664,21.6592
Ord_119,Prod_2,SHP_162,256.12,0.03,21,-18.19,4.98,0.58,12.196190476190477,-0.8661904761904763,0.23714285714285716,261.6464
Ord_230,Prod_1,SHP_319,368.18,0.07,32,-36.78,4.81,0.58,11.505625,-1.149375,0.1503125,374.37739999999997
Ord_218,Prod_3,SHP_303,22.06,0.06,5,-22.28,6.27,0.4,4.412,-4.456,1.254,36.7464
Ord_341,Prod_3,SHP_456,283.21,0.08,36,-196.06,8.94,0.4,7.866944444444444,-5.446111111111112,0.24833333333333332,447.6732
Ord_341,Prod_5,SHP_456,45.8,0.04,18,-52.92,4.57,0.41,2.5444444444444443,-2.94,0.2538888888888889,92.318
Ord_4663,Prod_9,SHP_6498,2026.42,0.03,50,655.36,9.83,0.4,40.528400000000005,13.1072,0.1966,1300.4374000000003
Ord_4739,Prod_1,SHP_6611,7685.62,0.02,46,1952.15,19.99,0.59,167.0786956521739,42.43804347826087,0.4345652173913043,5559.767599999999
Ord_4663,Prod_4,SHP_6499,3413.4555,0.03,31,868.47,2.5,0.6,110.11146774193548,28.01516129032258,0.08064516129032258,2440.081835
Ord_4677,Prod_13,SHP_6523,283.82,0.01,23,-38.94,5.81,0.6,12.34,-1.6930434782608694,0.2526086956521739,314.1118
Ord_4787,Prod_4,SHP_6672,1553.868,0.04,27,322.51,5.92,0.55,57.550666666666665,11.944814814814814,0.21925925925925926,1163.2832799999999
Ord_1940,Prod_6,SHP_2787,64.25,0.07,5,-7.94,4.86,0.38,12.85,-1.588,0.9720000000000001,62.832499999999996
Ord_1940,Prod_4,SHP_2657,623.1265,0.09,38,122.29,0.99,0.57,16.398065789473684,3.218157894736842,0.02605263157894737,443.765115
Ord_1940,Prod_3,SHP_2786,62.62,0.1,15,-67.06,6.27,0.4,4.174666666666666,-4.470666666666667,0.418,117.148
Ord_2277,Prod_11,SHP_3109,2567.64,0.0,15,-505.98,69.0,0.79,171.176,-33.732,4.6,3004.62
Ord_4503,Prod_12,SHP_6270,29.23,0.05,10,8.1,0.5,0.36,2.923,0.8099999999999999,0.05,19.1685
Ord_4535,Prod_17,SHP_6311,3259.25,0.04,37,580.33,28.0,0.38,88.08783783783784,15.684594594594596,0.7567567567567568,2520.55
Ord_2277,Prod_10,SHP_6361,7725.66,0.05,39,-737.41,55.96,0.75,198.09384615384616,-18.907948717948717,1.4348717948717948,8020.826999999999
Ord_5466,Prod_6,SHP_7637,129.9,0.02,13,-63.51,9.86,0.4,9.992307692307692,-4.885384615384615,0.7584615384615384,180.952
Ord_5366,Prod_13,SHP_7495,46.4,0.08,16,-2.12,0.96,0.58,2.9,-0.1325,0.06,43.848
Ord_5379,Prod_6,SHP_7512,121.73,0.01,23,-69.07,6.07,0.36,5.2926086956521745,-3.0030434782608695,0.2639130434782609,183.5127
Ord_5358,Prod_6,SHP_7484,226.83,0.02,34,-92.05,6.6,0.37,6.6714705882352945,-2.7073529411764703,0.1941176470588235,307.7434
Ord_5358,Prod_1,SHP_7485,278.92,0.04,16,6.11,4.96,0.58,17.4325,0.381875,0.31,256.69320000000005
Ord_5366,Prod_8,SHP_7495,286.9,0.06,34,-36.63,2.38,0.74,8.438235294117646,-1.0773529411764706,0.06999999999999999,303.936
Ord_4198,Prod_5,SHP_7638,1587.59,0.08,42,651.74,3.04,0.53,37.7997619047619,15.517619047619048,0.07238095238095238,805.8027999999999
Ord_4213,Prod_6,SHP_5874,1863.02,0.03,34,823.26,6.79,0.37,54.79470588235294,24.213529411764707,0.19970588235294118,977.0794000000001
Ord_4198,Prod_5,SHP_5851,1318.34,0.02,12,464.05,24.49,0.61,109.86166666666666,38.670833333333334,2.040833333333333,803.4331999999999
Ord_4100,Prod_3,SHP_5712,128.14,0.1,32,-163.58,7.01,0.37,4.004375,-5.111875,0.2190625,271.896
Ord_4108,Prod_8,SHP_5723,5930.34,0.07,41,427.68,6.5,0.74,144.64243902439026,10.431219512195122,0.15853658536585366,5081.0362
Ord_4029,Prod_13,SHP_5609,454.09,0.1,17,29.7,6.17,0.55,26.711176470588235,1.7470588235294118,0.3629411764705882,372.811
Ord_4042,Prod_5,SHP_5632,476.49,0.1,46,-18.57,5.16,0.57,10.358478260869566,-0.40369565217391307,0.11217391304347826,442.251
Ord_4100,Prod_6,SHP_5713,67.46,0.08,9,-57.53,10.05,0.37,7.495555555555555,-6.392222222222222,1.1166666666666667,109.5432
Ord_4042,Prod_15,SHP_5631,1932.97,0.08,32,-514.94,30.0,0.7,60.4053125,-16.091875,0.9375,2263.2724
Ord_3875,Prod_12,SHP_5370,130.28,0.08,28,56.97,0.5,0.36,4.652857142857143,2.034642857142857,0.017857142857142856,62.387600000000006
Ord_5302,Prod_8,SHP_7404,293.27,0.07,21,44.56,1.99,0.49,13.965238095238094,2.121904761904762,0.09476190476190476,226.19109999999995
Ord_5307,Prod_8,SHP_7411,616.39,0.09,32,148.28,1.99,0.48,19.2621875,4.63375,0.0621875,410.6449
Ord_3875,Prod_8,SHP_7393,1556.42,0.0,48,-60.98,8.65,0.74,32.42541666666667,-1.2704166666666665,0.18020833333333333,1608.75
Ord_5324,Prod_6,SHP_7436,277.08,0.08,43,-179.11,7.91,0.37,6.4437209302325575,-4.165348837209303,0.18395348837209302,426.1136
Ord_5330,Prod_3,SHP_7442,131.12,0.03,11,-24.81,7.19,0.4,11.92,-2.2554545454545454,0.6536363636363637,144.8064
Ord_5270,Prod_1,SHP_7358,570.51,0.0,33,-142.75,7.04,0.81,17.28818181818182,-4.325757575757576,0.21333333333333335,706.22
Ord_1006,Prod_2,SHP_1393,1758.41,0.06,18,238.52,15.66,0.57,97.68944444444445,13.251111111111111,0.87,1398.7254
Ord_920,Prod_10,SHP_1272,6039.1,0.01,37,-345.92,66.27,0.65,163.21891891891892,-9.34918918918919,1.7910810810810809,6258.359
Ord_920,Prod_7,SHP_1273,80.54,0.01,41,-18.72,0.76,0.83,1.9643902439024392,-0.4565853658536585,0.018536585365853658,97.6946
Ord_920,Prod_6,SHP_1273,206.49,0.05,31,80.07,1.34,0.36,6.660967741935484,2.5829032258064513,0.043225806451612905,114.75550000000001
Ord_920,Prod_2,SHP_1271,4891.86,0.02,27,253.14,55.24,0.57,181.17999999999998,9.375555555555556,2.045925925925926,4485.6428
Ord_598,Prod_15,SHP_817,1874.37,0.08,7,67.84,24.49,,267.76714285714286,9.691428571428572,3.498571428571428,1632.0904
Ord_475,Prod_3,SHP_640,197.11,0.03,39,-89.42,4.95,0.37,5.054102564102564,-2.292820512820513,0.12692307692307692,275.66670000000005
Ord_482,Prod_4,SHP_648,1494.232,0.04,48,479.95,1.25,0.57,31.129833333333334,9.998958333333333,0.026041666666666668,953.26272
Ord_475,Prod_2,SHP_640,114.17,0.01,24,-80.05,5.15,0.59,4.757083333333333,-3.3354166666666667,0.21458333333333335,187.92829999999998
Ord_3647,Prod_2,SHP_5054,77.19,0.03,17,-81.35,6.89,0.6,4.540588235294117,-4.785294117647059,0.4052941176470588,149.33429999999998
Ord_3645,Prod_4,SHP_5050,2115.242,0.04,38,371.41,8.99,0.56,55.664263157894744,9.773947368421053,0.23657894736842106,1650.23232
Ord_3645,Prod_6,SHP_5049,1411.58,0.01,24,699.31,4.86,0.36,58.81583333333333,29.137916666666666,0.2025,693.2942
Ord_3645,Prod_15,SHP_5051,1246.68,0.01,9,218.48,12.65,,138.52,24.275555555555556,1.4055555555555557,1003.0832
Ord_598,Prod_8,SHP_5048,909.82,0.02,40,292.49,1.99,0.46,22.7455,7.312250000000001,0.04975,597.1436
Ord_3685,Prod_1,SHP_5110,546.4,0.1,39,-138.82,4.53,0.81,14.01025641025641,-3.559487179487179,0.11615384615384616,626.05
Ord_2059,Prod_11,SHP_2815,1875.18,0.01,10,-433.29,29.21,0.74,187.518,-43.329,2.9210000000000003,2260.5082
Ord_1977,Prod_13,SHP_2702,184.1,0.04,48,43.2,0.7,0.52,3.8354166666666667,0.9,0.014583333333333332,132.836
Ord_1466,Prod_17,SHP_2027,4475.03,0.08,41,-167.83,56.14,0.4,109.1470731707317,-4.093414634146342,1.369268292682927,4228.7176
Ord_1466,Prod_9,SHP_2026,693.06,0.06,18,148.3,9.83,0.4,38.50333333333333,8.238888888888889,0.5461111111111111,493.34639999999985
Ord_2059,Prod_6,SHP_4163,646.55,0.05,13,244.13,5.79,0.37,49.73461538461538,18.779230769230768,0.4453846153846154,364.3025
Ord_1534,Prod_1,SHP_2122,6245.76,0.1,32,1462.42,9.99,0.6,195.18,45.700625,0.3121875,4148.774
Ord_1616,Prod_8,SHP_2233,846.85,0.03,31,-25.98,4.0,0.75,27.317741935483873,-0.8380645161290323,0.12903225806451613,843.4245000000001
Ord_1566,Prod_2,SHP_2162,1223.11,0.0,21,161.72,13.22,0.56,58.243333333333325,7.700952380952381,0.6295238095238096,1048.1699999999998
Ord_1977,Prod_13,SHP_4170,38.2,0.07,16,4.34,1.0,0.38,2.3875,0.27125,0.0625,30.186000000000003
Ord_2059,Prod_11,SHP_2815,3587.72,0.0,47,54.23,89.3,0.69,76.33446808510638,1.1538297872340424,1.9,3444.1899999999996
Ord_4418,Prod_3,SHP_6158,64.37,0.07,6,-6.96,5.6,0.36,10.728333333333333,-1.16,0.9333333333333332,61.22410000000001
Ord_4556,Prod_6,SHP_6339,122.74,0.08,17,-28.13,5.47,0.35,7.22,-1.654705882352941,0.32176470588235295,135.5808
Ord_4454,Prod_6,SHP_6206,660.99,0.02,13,267.67,5.09,0.37,50.84538461538462,20.59,0.3915384615384615,375.0102
Ord_4459,Prod_3,SHP_6213,192.41,0.03,30,-55.95,5.19,0.38,6.413666666666667,-1.865,0.17300000000000001,237.3977
Ord_1057,Prod_5,SHP_1460,436.98,0.07,35,75.61,4.98,0.48,12.485142857142858,2.160285714285714,0.1422857142857143,325.8014
Ord_1079,Prod_3,SHP_1492,619.77,0.02,42,50.24,7.17,0.38,14.756428571428572,1.1961904761904762,0.1707142857142857,549.9646
Ord_1117,Prod_9,SHP_1543,249.59,0.06,32,101.82,1.39,0.36,7.7996875,3.181875,0.0434375,131.40460000000002
Ord_2552,Prod_12,SHP_3493,24.3,0.02,5,3.14,0.5,0.36,4.86,0.628,0.1,20.174
Ord_2552,Prod_13,SHP_3494,322.61,0.02,14,19.37,5.53,0.59,23.04357142857143,1.3835714285714287,0.395,291.25780000000003
Ord_5184,Prod_6,SHP_7243,299.11,0.05,26,40.03,5.01,0.36,11.50423076923077,1.5396153846153846,0.1926923076923077,239.1145
Ord_5204,Prod_17,SHP_7270,1120.86,0.02,7,17.4,13.99,0.38,160.12285714285713,2.4857142857142853,1.9985714285714287,1067.0527999999997
Ord_5196,Prod_6,SHP_7262,271.34,0.05,40,-151.92,7.86,0.37,6.783499999999999,-3.7979999999999996,0.1965,401.83299999999997
Ord_5204,Prod_11,SHP_7272,6668.856,0.01,45,871.97,29.21,0.74,148.1968,19.377111111111113,0.6491111111111111,5700.98744
Ord_5204,Prod_6,SHP_7271,11.51,0.1,2,-5.16,0.95,0.36,5.755,-2.58,0.475,14.569
Ord_5194,Prod_4,SHP_7259,159.256,0.03,4,-171.17,2.5,0.56,39.814,-42.7925,0.625,323.14832
Ord_5149,Prod_1,SHP_7196,869.78,0.1,27,43.36,8.22,0.57,32.21407407407407,1.605925925925926,0.30444444444444446,731.2219999999999
Ord_4040,Prod_2,SHP_5627,1054.7,0.07,43,213.26,5.37,0.5,24.527906976744188,4.95953488372093,0.12488372093023256,762.2410000000001
Ord_4075,Prod_15,SHP_5681,3201.16,0.06,24,405.5,24.49,0.57,133.38166666666666,16.895833333333332,1.0204166666666665,2579.1004000000003
Ord_4040,Prod_15,SHP_5628,5349.21,0.01,38,61.9,28.63,0.76,140.76868421052632,1.6289473684210527,0.7534210526315789,5205.1879
Ord_2853,Prod_5,SHP_3928,675.71,0.06,49,-17.49,8.78,0.43,13.790000000000001,-0.35693877551020403,0.17918367346938774,643.8774000000001
Ord_2853,Prod_9,SHP_3927,2366.18,0.1,16,703.8,19.99,0.39,147.88625,43.9875,1.249375,1405.7720000000002
Ord_2853,Prod_4,SHP_3927,292.978,0.05,16,-93.61,3.3,0.81,18.311125,-5.850625,0.20625,368.6391
Ord_4312,Prod_1,SHP_6017,229.03,0.05,15,-28.58,5.8,0.6,15.268666666666666,-1.9053333333333333,0.38666666666666666,240.3585
Ord_4315,Prod_11,SHP_6020,10261.25,0.02,49,611.11,52.2,0.64,209.41326530612244,12.471632653061224,1.0653061224489797,9392.714999999998
Ord_2853,Prod_4,SHP_3927,3615.8405,0.03,50,1861.35,3.3,0.37,72.31680999999999,37.227,0.066,1642.7152849999998
Ord_4312,Prod_1,SHP_6016,3063.1,0.06,39,-1022.02,35.0,0.81,78.54102564102564,-26.205641025641025,0.8974358974358975,3866.334
Ord_4282,Prod_17,SHP_5976,598.19,0.09,34,-6.61,8.51,0.4,17.593823529411765,-0.19441176470588237,0.25029411764705883,542.4529000000001
Ord_4255,Prod_3,SHP_5942,82.03,0.0,42,-15.56,1.49,0.37,1.9530952380952382,-0.3704761904761905,0.035476190476190474,96.10000000000001
Ord_4255,Prod_6,SHP_5942,290.91,0.06,50,-108.19,5.67,0.36,5.818200000000001,-2.1638,0.1134,375.97540000000004
Ord_5295,Prod_6,SHP_7391,60.17,0.0,8,-18.24,5.66,0.37,7.52125,-2.28,0.7075,72.75
Ord_5253,Prod_5,SHP_7334,639.71,0.01,43,102.53,5.3,0.46,14.876976744186047,2.3844186046511626,0.12325581395348836,525.4829000000001
Ord_1039,Prod_6,SHP_1434,188.07,0.0,27,-101.85,7.86,0.37,6.9655555555555555,-3.772222222222222,0.2911111111111111,282.05999999999995
Ord_1068,Prod_12,SHP_1476,76.94,0.0,15,29.67,0.99,0.39,5.129333333333333,1.9780000000000002,0.066,46.28
Ord_1068,Prod_8,SHP_1475,503.08,0.01,12,-102.74,6.5,0.74,41.92333333333333,-8.561666666666666,0.5416666666666666,594.2891999999999
Ord_1068,Prod_8,SHP_1475,4256.51,0.03,41,1653.96,7.18,0.46,103.81731707317074,40.34048780487805,0.17512195121951218,2467.6746999999996
Ord_1052,Prod_3,SHP_1451,438.47,0.02,14,157.89,2.99,0.35,31.319285714285716,11.277857142857142,0.21357142857142858,268.8206
Ord_4232,Prod_3,SHP_5905,876.64,0.0,50,-126.68,13.18,0.37,17.532799999999998,-2.5336000000000003,0.2636,990.1400000000001
Ord_1092,Prod_5,SHP_5831,927.82,0.02,43,255.03,6.67,0.49,21.57720930232558,5.93093023255814,0.15511627906976744,647.5636000000001
Ord_1092,Prod_7,SHP_5832,123.37,0.09,27,-6.69,0.7,0.8,4.569259259259259,-0.2477777777777778,0.025925925925925925,118.2567
Ord_1092,Prod_5,SHP_1508,90.75,0.02,6,-26.39,14.37,0.73,15.125,-4.398333333333333,2.395,100.955
Ord_1078,Prod_3,SHP_1491,257.97,0.03,19,33.18,4.98,0.4,13.577368421052633,1.7463157894736843,0.2621052631578948,212.07090000000002
Ord_305,Prod_12,SHP_410,186.93,0.07,47,56.44,0.99,0.39,3.977234042553192,1.2008510638297871,0.02106382978723404,116.41489999999999
Ord_102,Prod_6,SHP_140,128.21,0.05,19,-55.13,6.57,0.37,6.747894736842106,-2.9015789473684213,0.34578947368421054,170.3595
Ord_190,Prod_4,SHP_256,1955.0765,0.06,36,470.83,3.9,0.55,54.30768055555555,13.07861111111111,0.10833333333333334,1363.04191
Ord_145,Prod_5,SHP_194,1003.31,0.01,23,51.9,14.45,0.57,43.622173913043476,2.256521739130435,0.6282608695652173,926.9268999999999
Ord_126,Prod_4,SHP_171,553.5625,0.08,33,-76.86,1.25,0.83,16.77462121212121,-2.329090909090909,0.03787878787878788,584.8874999999999
Ord_126,Prod_3,SHP_170,473.7,0.05,8,72.51,10.29,0.39,59.2125,9.06375,1.28625,367.215
Ord_4733,Prod_13,SHP_6602,74.99,0.08,43,-8.95,0.83,0.57,1.7439534883720929,-0.20813953488372092,0.019302325581395347,77.1108
Ord_4733,Prod_12,SHP_6601,20.19,0.03,4,1.3,0.5,0.36,5.0475,0.325,0.125,17.7843
Ord_4638,Prod_4,SHP_6458,2218.891,0.0,12,79.54,8.99,0.56,184.90758333333335,6.628333333333334,0.7491666666666666,2130.3610000000003
Ord_4645,Prod_17,SHP_6473,384.41,0.05,42,-44.3,5.76,0.39,9.152619047619048,-1.0547619047619048,0.13714285714285715,403.72950000000003
Ord_4689,Prod_6,SHP_6543,233.2,0.0,40,74.83,1.46,0.39,5.83,1.87075,0.0365,156.90999999999997
Ord_4689,Prod_6,SHP_6544,245.53,0.02,24,83.16,2.27,0.36,10.230416666666667,3.465,0.09458333333333334,155.1894
Ord_4359,Prod_8,SHP_6078,92.02,0.1,6,-47.36,4.0,0.37,15.336666666666666,-7.8933333333333335,0.6666666666666666,126.178
Ord_4532,Prod_4,SHP_6307,797.98,0.05,44,237.47,0.99,0.57,18.13590909090909,5.397045454545455,0.0225,519.621
Ord_4361,Prod_13,SHP_6080,115.43,0.0,38,11.41,1.34,0.45,3.0376315789473685,0.30026315789473684,0.035263157894736843,102.68
Ord_4474,Prod_11,SHP_6233,1209.168,0.03,33,-1052.79,46.59,0.67,36.64145454545454,-31.902727272727272,1.4118181818181819,2179.09296
Ord_1471,Prod_3,SHP_2032,709.91,0.09,37,-93.43,12.79,0.39,19.186756756756758,-2.525135135135135,0.34567567567567564,726.6581000000001
Ord_3018,Prod_6,SHP_4184,1096.17,0.01,26,110.78,19.99,0.36,42.160384615384615,4.260769230769231,0.7688461538461537,954.4383
Ord_1307,Prod_5,SHP_1802,356.7,0.02,45,-48.97,5.21,0.56,7.926666666666667,-1.0882222222222222,0.11577777777777777,393.326
Ord_3033,Prod_2,SHP_4210,438.8,0.09,39,-84.19,6.96,0.5,11.251282051282052,-2.158717948717949,0.17846153846153845,476.538
Ord_3018,Prod_12,SHP_4183,121.92,0.09,40,51.23,0.5,0.39,3.048,1.2807499999999998,0.0125,59.21720000000001
Ord_1476,Prod_3,SHP_2039,141.7,0.02,33,-103.21,5.26,0.38,4.293939393939394,-3.1275757575757575,0.1593939393939394,236.81599999999997
Ord_3022,Prod_5,SHP_4192,114.73,0.03,8,28.08,6.85,0.54,14.34125,3.51,0.85625,76.35810000000001
Ord_1441,Prod_5,SHP_1992,216.79,0.07,32,57.55,2.83,0.37,6.7746875,1.7984375,0.0884375,141.23469999999998
Ord_1444,Prod_9,SHP_1995,233.03,0.05,26,-86.34,8.29,0.38,8.962692307692308,-3.3207692307692307,0.31884615384615383,299.4285
Ord_5133,Prod_3,SHP_7172,128.12,0.08,35,-135.6,5.44,0.36,3.6605714285714286,-3.874285714285714,0.15542857142857144,248.0304
Ord_5130,Prod_3,SHP_7168,221.05,0.02,30,-66.38,6.05,0.39,7.368333333333334,-2.2126666666666663,0.20166666666666666,276.959
Ord_5133,Prod_5,SHP_7172,214.23,0.01,41,-165.42,7.1,0.42,5.225121951219512,-4.034634146341463,0.17317073170731706,370.4077
Ord_5133,Prod_5,SHP_7173,165.62,0.03,25,-64.72,5.22,0.6,6.6248000000000005,-2.5888,0.20879999999999999,220.1514
Ord_5133,Prod_6,SHP_7174,214.19,0.05,41,-66.06,4.7,0.38,5.224146341463414,-1.611219512195122,0.11463414634146342,264.8405
Ord_1527,Prod_6,SHP_2111,161.67,0.08,45,-7.71,2.2,0.39,3.5926666666666662,-0.17133333333333334,0.04888888888888889,154.24640000000002
Ord_1580,Prod_13,SHP_2180,59.66,0.05,35,-33.34,1.57,0.59,1.7045714285714284,-0.9525714285714286,0.04485714285714286,88.447
Ord_1648,Prod_4,SHP_2276,83.3,0.09,5,-114.91,2.5,0.81,16.66,-22.982,0.5,188.213
Ord_1634,Prod_4,SHP_2255,1236.954,0.06,23,119.89,4.2,0.59,53.78060869565217,5.2126086956521736,0.1826086956521739,1038.6467599999999
Ord_1580,Prod_6,SHP_2182,124.7,0.0,8,31.94,1.97,0.39,15.5875,3.9925,0.24625,90.79
Ord_1530,Prod_4,SHP_2116,2380.5695,0.01,41,740.48,3.9,0.55,58.06267073170732,18.06048780487805,0.0951219512195122,1612.383805
Ord_1527,Prod_6,SHP_4190,485.46,0.03,11,48.88,17.48,0.36,44.13272727272727,4.443636363636364,1.589090909090909,404.53619999999995
Ord_5305,Prod_17,SHP_7409,910.98,0.07,10,18.77,13.99,0.38,91.098,1.877,1.399,814.4514
Ord_5247,Prod_11,SHP_7328,3659.66,0.08,30,-500.38,51.94,0.63,121.98866666666666,-16.679333333333332,1.7313333333333332,3815.3271999999997
Ord_5263,Prod_6,SHP_7347,183.45,0.01,35,-149.66,7.44,0.36,5.241428571428571,-4.276,0.21257142857142858,323.8355
Ord_5304,Prod_3,SHP_7406,151.86,0.1,21,-54.67,6.05,0.39,7.231428571428572,-2.6033333333333335,0.28809523809523807,185.29399999999998
Ord_5304,Prod_5,SHP_7408,4951.36,0.03,45,1759.72,5.81,0.65,110.03022222222222,39.10488888888889,0.1291111111111111,3037.2891999999993
Ord_5259,Prod_12,SHP_7342,132.86,0.06,36,57.0,0.5,0.38,3.690555555555556,1.5833333333333333,0.013888888888888888,67.38840000000002
Ord_5274,Prod_4,SHP_7363,1685.941,0.07,16,21.02,8.8,0.59,105.3713125,1.31375,0.55,1538.1051300000001
Ord_5275,Prod_6,SHP_7364,229.88,0.05,42,-75.25,5.06,0.37,5.473333333333334,-1.7916666666666667,0.12047619047619047,288.576
Ord_5294,Prod_4,SHP_7390,1894.1655,0.1,37,134.73,8.99,0.58,51.19366216216216,3.641351351351351,0.242972972972973,1561.0289500000001
Ord_5279,Prod_6,SHP_7368,267.53,0.0,36,85.17,2.0,0.39,7.431388888888888,2.3658333333333332,0.05555555555555555,180.35999999999996
Ord_5294,Prod_10,SHP_7389,2976.21,0.07,31,-277.63,35.84,0.62,96.0067741935484,-8.955806451612903,1.1561290322580646,3009.6653
Ord_5279,Prod_1,SHP_7369,1065.26,0.03,31,-900.27,35.0,0.81,34.36322580645161,-29.040967741935482,1.1290322580645162,1898.5722
Ord_1186,Prod_11,SHP_1638,2236.15,0.05,15,-310.95,51.92,0.69,149.07666666666668,-20.73,3.4613333333333336,2383.3725
Ord_1186,Prod_5,SHP_1637,2667.92,0.01,33,1049.02,19.99,0.43,80.8460606060606,31.78848484848485,0.6057575757575757,1572.2308000000003
Ord_216,Prod_3,SHP_300,35.65,0.02,6,-5.92,2.99,0.38,5.941666666666666,-0.9866666666666667,0.49833333333333335,37.867
Ord_197,Prod_8,SHP_269,1763.6,0.08,42,455.37,1.99,0.55,41.99047619047619,10.842142857142857,0.04738095238095238,1165.152
Ord_124,Prod_15,SHP_168,789.94,0.1,31,-190.41,14.36,0.6,25.48193548387097,-6.142258064516129,0.4632258064516129,886.996
Ord_279,Prod_16,SHP_378,399.58,0.04,46,-188.53,7.77,0.55,8.686521739130434,-4.098478260869565,0.16891304347826086,564.3568
Ord_338,Prod_6,SHP_453,963.3,0.06,20,367.12,7.23,0.37,48.165,18.356,0.36150000000000004,531.1519999999999
Ord_245,Prod_4,SHP_340,1911.4035,0.06,26,822.89,1.25,0.39,73.51551923076923,31.649615384615384,0.04807692307692308,972.57929
Ord_93,Prod_10,SHP_126,1584.1,0.07,27,-478.22,36.61,0.61,58.670370370370364,-17.711851851851854,1.355925925925926,1914.823
Ord_245,Prod_13,SHP_339,483.96,0.01,22,-34.09,8.99,0.59,21.998181818181816,-1.5495454545454548,0.40863636363636363,504.2203999999999
Ord_72,Prod_12,SHP_96,102.24,0.09,30,37.79,0.5,0.38,3.408,1.2596666666666667,0.016666666666666666,54.7484
Ord_245,Prod_4,SHP_340,308.363,0.04,10,42.27,0.99,0.35,30.8363,4.227,0.099,252.76847999999998
Ord_5,Prod_1,SHP_7,905.08,0.09,22,127.7,6.22,,41.14,5.804545454545455,0.2827272727272727,689.7028
Ord_5,Prod_3,SHP_6,93.54,0.03,12,-54.04,7.72,0.38,7.795000000000001,-4.503333333333333,0.6433333333333333,137.0538
Ord_210,Prod_1,SHP_288,63.52,0.08,4,-8.47,4.81,0.58,15.88,-2.1175,1.2025,62.0984
Ord_177,Prod_6,SHP_240,166.76,0.01,31,-46.03,4.75,0.36,5.379354838709677,-1.4848387096774194,0.1532258064516129,206.3724
Ord_210,Prod_8,SHP_287,242.36,0.08,4,-131.48,1.99,0.5,60.59,-32.87,0.4975,352.46119999999996
Ord_210,Prod_1,SHP_287,802.19,0.0,25,56.26,6.64,0.7,32.0876,2.2504,0.2656,739.2900000000001
Ord_148,Prod_5,SHP_199,143.78,0.04,6,75.3,8.99,0.44,23.963333333333335,12.549999999999999,1.4983333333333333,53.73879999999998
Ord_16,Prod_3,SHP_22,511.83,0.1,33,-172.88,13.18,0.37,15.51,-5.238787878787878,0.3993939393939394,620.347
Ord_16,Prod_8,SHP_23,184.99,0.05,38,-144.55,4.93,0.66,4.868157894736842,-3.8039473684210527,0.12973684210526315,315.3605
Ord_5083,Prod_5,SHP_7097,132.23,0.07,26,22.25,2.03,0.51,5.08576923076923,0.8557692307692307,0.07807692307692307,98.69389999999999
Ord_3755,Prod_2,SHP_7062,434.73,0.03,39,-12.2,6.12,0.42,11.146923076923077,-0.3128205128205128,0.15692307692307692,427.7681
Ord_5083,Prod_2,SHP_7096,597.44,0.09,16,108.3,4.5,0.56,37.34,6.76875,0.28125,430.8704000000001
Ord_5083,Prod_4,SHP_7097,5138.335,0.02,48,1422.2,8.08,0.57,107.04864583333334,29.629166666666666,0.16833333333333333,3605.2883
Ord_5083,Prod_4,SHP_7098,2403.137,0.0,22,377.62,8.99,0.57,109.2335,17.164545454545454,0.40863636363636363,2016.5270000000005
Ord_5079,Prod_13,SHP_7092,143.85,0.1,31,34.14,0.71,0.52,4.640322580645161,1.1012903225806452,0.022903225806451613,94.615
Ord_5084,Prod_4,SHP_7099,223.499,0.06,34,-122.13,5.03,0.6,6.5735,-3.5920588235294115,0.14794117647058824,327.18906
Ord_3787,Prod_13,SHP_5255,670.65,0.08,42,41.66,5.45,0.55,15.967857142857142,0.9919047619047618,0.12976190476190477,569.8879999999999
Ord_3755,Prod_1,SHP_5211,7017.42,0.08,50,595.2,19.99,0.73,140.3484,11.904000000000002,0.3998,5840.8364
Ord_3776,Prod_2,SHP_5241,3291.13,0.09,49,925.95,3.5,0.59,67.16591836734695,18.896938775510204,0.07142857142857142,2065.4782999999998
Ord_3770,Prod_15,SHP_5233,3950.6,0.02,14,-477.66,57.0,0.78,282.18571428571425,-34.11857142857143,4.071428571428571,4292.248
Ord_3761,Prod_6,SHP_5219,410.35,0.1,48,114.02,2.15,0.4,8.548958333333333,2.3754166666666667,0.04479166666666667,253.14500000000004
Ord_3776,Prod_5,SHP_5242,736.96,0.1,40,-34.29,10.49,0.49,18.424,-0.85725,0.26225,687.064
Ord_3777,Prod_3,SHP_5243,2333.06,0.08,35,473.39,19.99,0.4,66.65885714285714,13.525428571428572,0.5711428571428571,1653.0352000000003
Ord_308,Prod_4,SHP_414,4263.9315,0.04,44,1411.03,2.5,0.57,96.90753409090908,32.06886363636364,0.056818181818181816,2679.8442399999994
Ord_202,Prod_13,SHP_277,28.68,0.0,15,-0.12,0.7,0.56,1.912,-0.008,0.04666666666666666,28.1
Ord_202,Prod_17,SHP_276,1219.19,0.02,8,44.37,13.99,0.38,152.39875,5.54625,1.74875,1136.4462
Ord_284,Prod_12,SHP_384,97.13,0.05,1,-37.06,0.49,0.36,97.13,-37.06,0.49,128.8435
Ord_158,Prod_15,SHP_212,905.94,0.04,6,-4.19,24.49,0.57,150.99,-0.6983333333333334,4.081666666666666,849.4024000000001
Ord_242,Prod_3,SHP_336,17.52,0.05,3,-12.16,5.04,0.38,5.84,-4.053333333333334,1.68,23.764
Ord_120,Prod_1,SHP_163,387.0,0.01,30,-31.45,6.13,0.57,12.9,-1.0483333333333333,0.20433333333333334,408.45
Ord_9,Prod_2,SHP_11,716.84,0.0,32,134.72,5.94,0.5,22.40125,4.21,0.185625,576.18
Ord_9,Prod_8,SHP_12,1474.33,0.04,31,114.46,3.61,0.71,47.55903225806451,3.6922580645161287,0.1164516129032258,1297.2868
Ord_1793,Prod_9,SHP_2485,75.19,0.01,6,-6.61,5.72,0.35,12.531666666666666,-1.1016666666666668,0.9533333333333333,75.32809999999999
Ord_1796,Prod_13,SHP_2488,334.66,0.05,34,132.56,1.09,0.43,9.842941176470589,3.898823529411765,0.032058823529411765,184.27700000000004
Ord_1793,Prod_9,SHP_2484,1203.73,0.03,7,293.14,19.99,0.39,171.96142857142857,41.87714285714286,2.8557142857142854,854.4880999999999
Ord_1927,Prod_2,SHP_2640,3186.77,0.09,42,455.42,19.95,0.54,75.87547619047619,10.843333333333334,0.475,2424.5907
Ord_1948,Prod_1,SHP_2669,384.21,0.04,23,-266.22,17.78,0.59,16.704782608695652,-11.574782608695653,0.7730434782608696,617.2816
Ord_2060,Prod_5,SHP_2816,375.76,0.0,42,-241.63,10.16,0.59,8.946666666666667,-5.753095238095238,0.2419047619047619,607.23
Ord_1793,Prod_4,SHP_2484,1590.163,0.01,33,-57.54,5.0,0.8,48.186757575757575,-1.7436363636363637,0.15151515151515152,1626.80137
Ord_2060,Prod_13,SHP_4164,392.81,0.1,39,13.91,2.89,0.6,10.072051282051282,0.3566666666666667,0.0741025641025641,336.729
Ord_1793,Prod_16,SHP_2484,482.93,0.06,34,-67.59,7.59,0.56,14.203823529411764,-1.9879411764705883,0.22323529411764706,513.9542
Ord_1796,Prod_6,SHP_3059,139.19,0.04,23,-86.73,7.15,0.36,6.0517391304347825,-3.7708695652173914,0.31086956521739134,213.2024
Ord_2284,Prod_4,SHP_3124,1453.704,0.0,44,549.84,1.1,0.55,33.03872727272727,12.496363636363638,0.025,902.764
Ord_2284,Prod_11,SHP_3125,7656.304,0.1,34,-715.78,54.12,0.76,225.1854117647059,-21.05235294117647,1.591764705882353,7552.3336
Ord_4452,Prod_3,SHP_6202,47.45,0.05,16,1.07,1.49,0.36,2.965625,0.066875,0.093125,42.5175
Ord_1796,Prod_15,SHP_6132,2026.05,0.1,16,-357.65,28.63,0.76,126.628125,-22.353125,1.789375,2152.4649999999997
Ord_4438,Prod_4,SHP_6184,2048.568,0.1,13,-259.99,8.99,0.56,157.58215384615386,-19.99923076923077,0.6915384615384615,2094.7112
Ord_4469,Prod_8,SHP_6225,386.71,0.01,12,-84.12,6.5,0.64,32.225833333333334,-7.010000000000001,0.5416666666666666,460.4629
Ord_4557,Prod_2,SHP_6340,105.94,0.06,13,-566.0,49.0,0.6,8.149230769230769,-43.53846153846154,3.769230769230769,616.5836
Ord_4469,Prod_13,SHP_6226,134.06,0.09,34,5.98,1.17,0.57,3.942941176470588,0.1758823529411765,0.03441176470588235,114.8446
Ord_4452,Prod_2,SHP_6201,563.18,0.02,13,67.98,7.2,0.6,43.32153846153846,5.229230769230769,0.5538461538461539,476.7363999999999
Ord_469,Prod_3,SHP_630,63.33,0.0,13,-39.96,5.34,0.38,4.871538461538462,-3.073846153846154,0.4107692307692308,97.94999999999999
Ord_469,Prod_5,SHP_630,1436.55,0.1,36,-4.01,18.98,0.57,39.90416666666667,-0.11138888888888888,0.5272222222222223,1277.925
Ord_480,Prod_15,SHP_646,1648.33,0.07,16,-210.14,42.0,0.61,103.020625,-13.13375,2.625,1701.0868999999998
Ord_484,Prod_6,SHP_651,258.19,0.1,42,-103.27,5.9,0.37,6.147380952380952,-2.458809523809524,0.14047619047619048,329.741
Ord_466,Prod_4,SHP_626,1290.2065,0.06,43,-160.68,5.0,0.82,30.004802325581394,-3.736744186046512,0.11627906976744186,1368.47411
Ord_108,Prod_13,SHP_149,127.16,0.09,20,12.88,1.56,0.52,6.358,0.644,0.078,101.2756
Ord_136,Prod_3,SHP_183,121.66,0.03,13,-11.8,5.6,0.36,9.358461538461539,-0.9076923076923078,0.43076923076923074,124.2102
Ord_108,Prod_6,SHP_148,144.84,0.09,25,-120.99,8.09,0.36,5.7936000000000005,-4.8396,0.3236,244.70440000000002
Ord_156,Prod_6,SHP_210,697.41,0.04,36,81.71,9.03,0.37,19.3725,2.269722222222222,0.2508333333333333,578.7736
Ord_83,Prod_12,SHP_110,1143.49,0.08,40,-193.44,19.99,0.39,28.58725,-4.836,0.49974999999999997,1225.4608
Ord_104,Prod_16,SHP_142,4.99,0.04,1,-3.06,1.32,0.83,4.99,-3.06,1.32,6.5304
Ord_104,Prod_13,SHP_142,50.97,0.09,10,4.45,0.73,0.56,5.0969999999999995,0.445,0.073,41.2027
Ord_83,Prod_13,SHP_111,78.08,0.01,46,-43.1,1.57,0.59,1.6973913043478261,-0.9369565217391305,0.034130434782608694,118.82920000000001
Ord_4,Prod_2,SHP_5,394.27,0.08,19,30.94,5.94,0.5,20.751052631578947,1.628421052631579,0.3126315789473684,325.84839999999997
Ord_15,Prod_7,SHP_21,97.48,0.05,21,-5.77,0.7,0.8,4.641904761904762,-0.27476190476190476,0.03333333333333333,97.676
Ord_15,Prod_12,SHP_20,59.03,0.1,13,26.92,0.5,0.38,4.5407692307692304,2.0707692307692307,0.038461538461538464,25.707
Ord_4,Prod_5,SHP_5,146.69,0.05,21,4.43,4.95,0.37,6.9852380952380955,0.21095238095238095,0.2357142857142857,129.9755
Ord_20,Prod_1,SHP_27,370.48,0.04,28,-5.45,4.51,0.59,13.231428571428571,-0.19464285714285715,0.16107142857142856,356.6008
Ord_429,Prod_5,SHP_574,34.88,0.09,2,-22.12,8.78,0.43,17.44,-11.06,4.39,45.08080000000001
Ord_452,Prod_3,SHP_605,93.05,0.03,23,15.27,1.49,0.38,4.0456521739130435,0.6639130434782609,0.06478260869565218,73.4985
Ord_403,Prod_8,SHP_542,1483.44,0.04,38,439.77,1.99,0.54,39.037894736842105,11.572894736842105,0.05236842105263158,982.3424
Ord_447,Prod_5,SHP_598,835.55,0.07,39,326.43,5.08,0.41,21.424358974358974,8.370000000000001,0.13025641025641027,445.55149999999986
Ord_403,Prod_5,SHP_543,145.68,0.04,39,12.0,1.61,0.44,3.7353846153846155,0.3076923076923077,0.041282051282051285,126.24279999999999
Ord_426,Prod_3,SHP_570,165.51,0.08,49,-269.91,6.83,0.38,3.3777551020408163,-5.508367346938776,0.13938775510204082,415.3492
Ord_415,Prod_9,SHP_558,92.06,0.1,16,5.66,2.5,0.36,5.75375,0.35375,0.15625,74.694
Ord_415,Prod_13,SHP_558,199.62,0.01,33,42.34,1.2,0.55,6.049090909090909,1.2830303030303032,0.03636363636363636,154.08380000000002
Ord_447,Prod_4,SHP_598,1799.6115,0.07,38,557.6,1.25,0.55,47.35819736842105,14.673684210526316,0.03289473684210526,1114.7886949999997
Ord_452,Prod_6,SHP_605,154.13,0.07,20,57.31,1.25,0.35,7.7065,2.8655,0.0625,84.7809
Ord_430,Prod_8,SHP_575,1272.83,0.04,13,250.47,7.18,0.4,97.91,19.266923076923078,0.5523076923076923,964.2667999999999
Ord_430,Prod_6,SHP_576,165.36,0.09,25,-94.79,7.49,0.37,6.614400000000001,-3.7916000000000003,0.29960000000000003,237.7776
Ord_2185,Prod_6,SHP_2980,262.9,0.06,38,-41.98,5.2,0.37,6.918421052631579,-1.104736842105263,0.1368421052631579,283.906
Ord_2121,Prod_6,SHP_2897,123.1,0.06,19,-75.44,7.37,0.37,6.478947368421053,-3.9705263157894737,0.3878947368421053,183.784
Ord_2184,Prod_8,SHP_2978,4968.5,0.0,49,1041.28,19.99,0.52,101.39795918367346,21.250612244897958,0.40795918367346934,3907.2300000000005
Ord_2072,Prod_3,SHP_2836,182.33,0.1,32,40.85,1.49,0.39,5.6978125,1.2765625,0.0465625,121.757
Ord_4873,Prod_6,SHP_6800,861.41,0.01,42,128.0,9.54,0.37,20.509761904761906,3.0476190476190474,0.22714285714285712,715.2559
Ord_4881,Prod_5,SHP_6810,181.39,0.1,36,-32.4,3.63,0.51,5.038611111111111,-0.8999999999999999,0.10083333333333333,192.021
Ord_4881,Prod_4,SHP_6810,846.0815,0.02,26,-120.93,5.0,0.85,32.54159615384616,-4.651153846153846,0.19230769230769232,945.08987
Ord_4933,Prod_8,SHP_6883,316.35,0.01,37,-52.18,2.83,0.77,8.55,-1.4102702702702703,0.07648648648648648,362.53650000000005
Ord_4902,Prod_9,SHP_6837,1234.36,0.04,41,-84.77,19.51,0.36,30.106341463414633,-2.067560975609756,0.4758536585365854,1250.2456
Ord_4933,Prod_15,SHP_6882,1635.29,0.1,6,7.92,24.49,,272.54833333333335,1.32,4.081666666666666,1439.3509999999999
Ord_4878,Prod_6,SHP_6806,246.24,0.08,36,-118.9,7.3,0.37,6.84,-3.302777777777778,0.20277777777777778,338.1408
Ord_4878,Prod_6,SHP_6807,78.67,0.0,8,14.1,2.15,0.4,9.83375,1.7625,0.26875,62.419999999999995
Ord_4838,Prod_11,SHP_6744,4530.96,0.07,44,-993.35,41.64,0.75,102.97636363636364,-22.576136363636365,0.9463636363636364,5165.5028
Ord_2427,Prod_6,SHP_3332,10.23,0.1,1,-4.22,2.01,0.39,10.23,-4.22,2.01,11.417000000000002
Ord_2464,Prod_3,SHP_3376,84.61,0.03,43,-15.1,1.49,0.37,1.967674418604651,-0.3511627906976744,0.03465116279069767,95.68169999999999
Ord_2494,Prod_13,SHP_3419,49.49,0.01,28,-1.23,0.7,0.56,1.7675,-0.04392857142857143,0.024999999999999998,49.525099999999995
Ord_2398,Prod_3,SHP_3290,53.18,0.09,9,-46.13,6.98,0.39,5.908888888888889,-5.125555555555556,0.7755555555555556,87.5438
Ord_2476,Prod_6,SHP_3393,132.02,0.04,24,-123.28,8.33,0.38,5.5008333333333335,-5.136666666666667,0.34708333333333335,241.68920000000003
Ord_2557,Prod_13,SHP_3499,73.62,0.05,40,0.86,1.0,0.4,1.8405,0.0215,0.025,68.07900000000001
Ord_2494,Prod_4,SHP_3420,404.1495,0.07,11,-107.5,4.99,0.57,36.740863636363635,-9.772727272727273,0.45363636363636367,478.369035
Ord_2431,Prod_6,SHP_3337,176.35,0.04,36,73.05,0.8,0.36,4.898611111111111,2.029166666666667,0.022222222222222223,95.44599999999998
Ord_2523,Prod_3,SHP_3456,360.7,0.0,27,146.17,1.49,0.35,13.35925925925926,5.413703703703703,0.055185185185185184,213.04
Ord_2332,Prod_6,SHP_3201,189.95,0.08,31,-56.68,5.14,0.37,6.127419354838709,-1.8283870967741935,0.16580645161290322,226.294
Ord_2430,Prod_13,SHP_3336,67.85,0.05,33,1.05,0.7,0.57,2.0560606060606057,0.03181818181818182,0.02121212121212121,62.707499999999996
Ord_2441,Prod_1,SHP_3349,545.71,0.1,19,-35.47,6.64,0.7,28.721578947368425,-1.8668421052631579,0.3494736842105263,519.969
Ord_2336,Prod_17,SHP_3205,4147.47,0.09,30,586.61,17.85,0.56,138.249,19.55366666666667,0.5950000000000001,3169.7377
Ord_2438,Prod_1,SHP_3345,5155.07,0.06,28,368.79,19.99,0.71,184.10964285714286,13.171071428571429,0.7139285714285714,4456.9858
Ord_2441,Prod_8,SHP_3349,872.97,0.1,23,-22.63,4.0,0.7,37.95521739130435,-0.9839130434782608,0.17391304347826086,804.303
Ord_2450,Prod_4,SHP_3361,2569.6265,0.0,19,398.01,8.99,0.55,135.24349999999998,20.947894736842105,0.4731578947368421,2162.6265000000003
Ord_2520,Prod_13,SHP_3453,693.17,0.07,32,-59.83,8.99,0.57,21.6615625,-1.8696875,0.2809375,695.4881
Ord_2332,Prod_2,SHP_3200,560.51,0.04,7,32.6,4.5,0.59,80.07285714285715,4.6571428571428575,0.6428571428571429,500.9896
Ord_2520,Prod_6,SHP_3453,174.1,0.1,28,-162.75,9.17,0.37,6.2178571428571425,-5.8125,0.3275,310.27
Ord_2463,Prod_3,SHP_3375,187.37,0.01,37,-85.01,4.95,0.37,5.064054054054054,-2.2975675675675675,0.13378378378378378,265.5563
Ord_5228,Prod_5,SHP_7302,2387.61,0.01,43,527.13,11.1,0.64,55.525813953488374,12.258837209302326,0.25813953488372093,1825.5039000000002
Ord_5238,Prod_6,SHP_7317,170.02,0.07,7,-56.1,16.87,0.39,24.28857142857143,-8.014285714285714,2.41,197.3486
Ord_5217,Prod_2,SHP_7290,217.69,0.09,19,-11.66,6.12,0.42,11.457368421052632,-0.6136842105263158,0.32210526315789473,203.6379
Ord_5169,Prod_16,SHP_7226,210.24,0.0,34,-31.67,3.6,0.56,6.183529411764706,-0.9314705882352942,0.10588235294117647,238.31
Ord_5219,Prod_3,SHP_7292,125.27,0.07,33,-105.83,4.83,0.4,3.796060606060606,-3.206969696969697,0.14636363636363636,217.5011
Ord_5235,Prod_4,SHP_7313,1158.601,0.1,25,-155.3,2.5,0.83,46.34404000000001,-6.212000000000001,0.1,1195.5409
Ord_5201,Prod_2,SHP_7267,1057.06,0.08,15,-403.74,60.0,0.41,70.47066666666666,-26.916,4.0,1316.2352
Ord_5189,Prod_13,SHP_7253,243.06,0.02,42,-1.57,2.27,0.56,5.787142857142857,-0.03738095238095238,0.054047619047619046,237.4988
Ord_5197,Prod_6,SHP_7263,1488.86,0.03,47,-95.05,19.99,0.4,31.67787234042553,-2.022340425531915,0.4253191489361702,1519.2541999999999
Ord_5235,Prod_13,SHP_7312,30.17,0.04,8,-22.84,3.97,0.56,3.77125,-2.855,0.49625,47.833200000000005
Ord_5176,Prod_13,SHP_7233,192.78,0.06,44,4.59,1.6,0.58,4.381363636363637,0.10431818181818181,0.03636363636363637,175.0232
Ord_5173,Prod_3,SHP_7230,116.22,0.01,19,26.89,1.49,0.39,6.116842105263157,1.4152631578947368,0.07842105263157895,86.6778
Ord_4868,Prod_6,SHP_6793,135.99,0.09,21,-129.24,9.68,0.36,6.475714285714286,-6.154285714285715,0.46095238095238095,243.3109
Ord_4843,Prod_9,SHP_6759,107.88,0.02,7,25.59,1.39,0.38,15.411428571428571,3.6557142857142857,0.19857142857142857,78.74239999999999
Ord_4843,Prod_3,SHP_6757,181.17,0.06,31,-59.88,5.24,0.36,5.844193548387096,-1.9316129032258065,0.16903225806451613,224.93979999999996
Ord_4868,Prod_10,SHP_6792,8581.25,0.0,34,1464.23,60.2,0.56,252.38970588235293,43.065588235294115,1.7705882352941178,7056.82
Ord_789,Prod_5,SHP_1083,740.14,0.06,37,29.73,10.49,0.49,20.003783783783785,0.8035135135135135,0.2835135135135135,655.5115999999999
Ord_4843,Prod_1,SHP_6759,623.02,0.02,29,-255.66,11.52,0.83,21.483448275862067,-8.815862068965517,0.3972413793103448,854.6995999999999
Ord_828,Prod_6,SHP_1136,206.54,0.02,31,-178.82,9.68,0.36,6.66258064516129,-5.768387096774194,0.31225806451612903,371.5492
Ord_4886,Prod_1,SHP_6817,3749.0,0.08,42,-1032.13,35.0,0.83,89.26190476190476,-24.57452380952381,0.8333333333333334,4446.21
Ord_4894,Prod_8,SHP_6827,157.63,0.06,9,-78.13,4.0,0.79,17.514444444444443,-8.681111111111111,0.4444444444444444,222.3022
Ord_857,Prod_5,SHP_1180,691.52,0.03,47,107.02,5.3,0.46,14.713191489361702,2.2770212765957445,0.1127659574468085,558.4544000000001
Ord_857,Prod_4,SHP_1181,5159.3725,0.02,29,1252.48,8.08,0.59,177.90939655172414,43.18896551724138,0.2786206896551724,3795.62505
Ord_857,Prod_11,SHP_1180,2756.17,0.04,37,-1561.72,69.0,0.68,74.49108108108108,-42.20864864864865,1.864864864864865,4138.6432
Ord_1826,Prod_6,SHP_2520,125.84,0.1,20,18.42,2.0,0.39,6.292,0.921,0.1,92.836
Ord_1826,Prod_4,SHP_2773,3637.728,0.06,23,349.47,8.99,0.6,158.16208695652173,15.194347826086958,0.3908695652173913,3061.00432
Ord_2230,Prod_6,SHP_3031,300.07,0.05,46,-209.58,8.4,0.37,6.523260869565218,-4.55608695652174,0.1826086956521739,486.2465000000001
Ord_5091,Prod_6,SHP_7108,137.84,0.06,19,34.31,1.71,0.4,7.254736842105263,1.8057894736842106,0.09,93.54960000000001
Ord_2794,Prod_7,SHP_3842,24.95,0.09,11,-5.14,1.38,0.44,2.268181818181818,-0.46727272727272723,0.12545454545454546,26.4645
Ord_2714,Prod_10,SHP_3719,1727.79,0.1,32,-694.9,36.61,0.61,53.9934375,-21.715625,1.1440625,2213.301
Ord_201,Prod_6,SHP_274,40.72,0.1,4,-10.25,6.93,0.37,10.18,-2.5625,1.7325,39.967999999999996
Ord_125,Prod_6,SHP_169,435.24,0.08,42,174.89,1.79,0.38,10.362857142857143,4.1640476190476186,0.04261904761904762,223.74079999999998
Ord_201,Prod_7,SHP_275,113.3,0.02,27,37.33,0.99,0.39,4.196296296296296,1.3825925925925926,0.03666666666666667,72.714
Ord_311,Prod_6,SHP_417,756.6,0.0,21,299.59,4.92,0.38,36.02857142857143,14.266190476190475,0.2342857142857143,452.0900000000001
Ord_333,Prod_3,SHP_445,140.24,0.05,30,32.87,1.49,0.35,4.674666666666667,1.0956666666666666,0.049666666666666665,98.868
Ord_2149,Prod_3,SHP_2930,29.19,0.03,6,0.65,1.49,0.39,4.865,0.10833333333333334,0.24833333333333332,26.174300000000006
Ord_2129,Prod_5,SHP_2905,809.77,0.1,44,83.48,6.68,0.53,18.403863636363635,1.8972727272727274,0.15181818181818182,638.633
Ord_2187,Prod_5,SHP_2982,51.39,0.06,22,-64.37,4.86,0.41,2.335909090909091,-2.9259090909090912,0.22090909090909092,107.81660000000001
Ord_2187,Prod_1,SHP_2983,293.52,0.08,31,-116.66,7.28,0.57,9.468387096774192,-3.763225806451613,0.23483870967741935,379.4184
Ord_2138,Prod_5,SHP_2916,494.84,0.07,22,205.13,3.63,0.52,22.492727272727272,9.32409090909091,0.165,251.44119999999998
Ord_966,Prod_9,SHP_1336,72.82,0.02,12,5.03,2.5,0.36,6.0683333333333325,0.4191666666666667,0.20833333333333334,63.83359999999999
Ord_966,Prod_8,SHP_1335,2752.0,0.06,28,336.47,19.99,0.52,98.28571428571429,12.016785714285716,0.7139285714285714,2230.42
Ord_1005,Prod_13,SHP_1392,35.48,0.09,14,-9.19,1.3,0.59,2.5342857142857143,-0.6564285714285714,0.09285714285714286,40.1768
Ord_903,Prod_5,SHP_1241,63.71,0.01,27,-96.03,5.33,0.43,2.3596296296296297,-3.5566666666666666,0.19740740740740742,153.7729
Ord_904,Prod_13,SHP_1244,684.5,0.02,31,-27.99,8.99,0.59,22.080645161290324,-0.9029032258064515,0.29,689.81
Ord_904,Prod_3,SHP_1244,86.47,0.07,17,-9.35,2.99,0.37,5.086470588235294,-0.5499999999999999,0.1758823529411765,86.7771
Ord_901,Prod_13,SHP_1239,706.68,0.1,47,6.6,5.45,0.55,15.035744680851062,0.1404255319148936,0.11595744680851064,623.9619999999999
Ord_904,Prod_3,SHP_1243,1751.68,0.1,43,771.83,2.99,0.35,40.736744186046515,17.949534883720933,0.06953488372093024,801.6920000000001
Ord_4676,Prod_13,SHP_6521,41.85,0.04,24,-8.44,1.29,0.42,1.7437500000000001,-0.3516666666666666,0.05375,47.326
Ord_4802,Prod_11,SHP_6694,6686.344,0.0,34,1192.04,59.24,0.61,196.65717647058824,35.06,1.7423529411764707,5435.064
Ord_4719,Prod_5,SHP_6586,126.68,0.05,13,7.0,6.02,0.48,9.744615384615384,0.5384615384615384,0.46307692307692305,107.32600000000001
Ord_4676,Prod_4,SHP_6522,2303.7125,0.04,41,398.22,8.99,0.58,56.18810975609756,9.712682926829268,0.21926829268292683,1804.3540000000005
Ord_4714,Prod_4,SHP_6577,1912.9845,0.06,34,288.09,8.8,0.58,56.264250000000004,8.473235294117647,0.25882352941176473,1501.31543
Ord_4714,Prod_4,SHP_6578,4170.865,0.0,24,1030.51,4.2,0.57,173.78604166666665,42.937916666666666,0.17500000000000002,3136.1549999999997
Ord_4507,Prod_6,SHP_6275,1131.93,0.09,22,469.69,4.86,0.36,51.45136363636364,21.349545454545453,0.22090909090909092,555.5063
Ord_4507,Prod_15,SHP_6274,5785.59,0.07,45,-423.77,30.0,0.78,128.56866666666667,-9.41711111111111,0.6666666666666666,5774.368700000001
Ord_4430,Prod_10,SHP_6174,4620.05,0.06,30,-229.68,35.02,0.72,154.00166666666667,-7.656000000000001,1.1673333333333333,4537.507
Ord_4481,Prod_12,SHP_6240,105.99,0.01,37,43.37,0.5,0.36,2.8645945945945943,1.172162162162162,0.013513513513513514,61.0601
Ord_4507,Prod_4,SHP_6276,3238.143,0.08,35,727.36,4.23,0.56,92.51837142857143,20.781714285714287,0.12085714285714287,2247.5015599999997
Ord_4400,Prod_6,SHP_6133,37.7,0.1,15,-81.08,7.09,0.38,2.5133333333333336,-5.405333333333333,0.4726666666666667,107.92
Ord_4400,Prod_1,SHP_6133,1059.72,0.01,47,112.22,5.42,0.66,22.547234042553193,2.3876595744680853,0.11531914893617021,931.4828
Ord_173,Prod_6,SHP_235,157.79,0.09,31,-95.92,6.07,0.36,5.09,-3.094193548387097,0.19580645161290325,233.4389
Ord_189,Prod_12,SHP_255,345.2,0.01,45,183.53,0.49,0.38,7.671111111111111,4.078444444444444,0.010888888888888889,157.72799999999998
Ord_189,Prod_3,SHP_255,691.59,0.03,17,261.24,2.99,0.35,40.68176470588236,15.367058823529412,0.1758823529411765,406.6123
Ord_188,Prod_1,SHP_254,6040.22,0.05,44,-942.5,35.0,,137.27772727272728,-21.420454545454547,0.7954545454545454,6645.709
Ord_278,Prod_16,SHP_377,302.2,0.04,27,20.27,3.37,0.57,11.192592592592591,0.7507407407407407,0.12481481481481482,266.472
Ord_154,Prod_7,SHP_207,120.77,0.03,49,19.86,1.02,0.38,2.4646938775510203,0.40530612244897957,0.020816326530612245,96.2669
Ord_998,Prod_5,SHP_1382,2149.37,0.03,42,217.87,19.99,0.55,51.17547619047619,5.187380952380953,0.4759523809523809,1847.0289000000002
Ord_998,Prod_8,SHP_1380,750.66,0.0,33,120.05,4.0,0.6,22.747272727272726,3.6378787878787877,0.12121212121212122,626.61
Ord_998,Prod_8,SHP_1381,254.32,0.01,8,-117.39,6.5,0.79,31.79,-14.67375,0.8125,362.66679999999997
Ord_927,Prod_15,SHP_1282,5428.49,0.05,35,-1046.78,60.2,0.77,155.09971428571427,-29.907999999999998,1.72,6143.6455
Ord_914,Prod_4,SHP_1260,2329.646,0.1,35,-310.24,0.99,0.85,66.56131428571429,-8.864,0.028285714285714286,2405.9314000000004
Ord_219,Prod_7,SHP_305,148.17,0.0,31,-7.06,0.7,0.85,4.779677419354838,-0.22774193548387095,0.02258064516129032,154.53
Ord_227,Prod_7,SHP_315,181.78,0.02,47,71.56,0.71,0.39,3.8676595744680853,1.5225531914893617,0.015106382978723404,105.87439999999998
Ord_271,Prod_5,SHP_369,2522.21,0.0,37,1026.07,14.48,0.46,68.16783783783784,27.73162162162162,0.39135135135135135,1481.66
Ord_247,Prod_1,SHP_342,120.03,0.02,7,-56.06,11.25,0.6,17.147142857142857,-8.008571428571429,1.6071428571428572,162.4394
Ord_5074,Prod_5,SHP_7086,324.97,0.07,24,113.98,4.95,0.37,13.540416666666667,4.7491666666666665,0.20625000000000002,183.2921
Ord_5074,Prod_17,SHP_7087,451.52,0.01,27,-70.52,11.28,0.38,16.722962962962963,-2.611851851851852,0.41777777777777775,506.2448
Ord_5077,Prod_3,SHP_7090,737.25,0.08,46,-199.13,13.18,0.37,16.027173913043477,-4.328913043478261,0.28652173913043477,864.22
Ord_4756,Prod_3,SHP_6629,122.99,0.0,37,21.48,1.49,0.36,3.324054054054054,0.5805405405405406,0.04027027027027027,100.02
Ord_1850,Prod_4,SHP_2544,714.391,0.0,12,-62.33,8.99,0.58,59.53258333333333,-5.194166666666667,0.7491666666666666,767.731
Ord_1946,Prod_5,SHP_2664,1554.21,0.08,38,114.45,8.66,0.76,40.900263157894734,3.011842105263158,0.22789473684210526,1306.7631999999999
Ord_1946,Prod_4,SHP_2793,1295.502,0.01,22,224.86,3.99,0.59,58.88645454545454,10.22090909090909,0.18136363636363637,1053.6969799999997
Ord_1907,Prod_6,SHP_2614,98.66,0.1,5,-19.52,9.03,0.37,19.732,-3.904,1.8059999999999998,99.28399999999999
Ord_1907,Prod_17,SHP_4129,2215.96,0.0,18,-101.66,56.14,0.39,123.10888888888888,-5.647777777777778,3.118888888888889,2261.48
Ord_3005,Prod_17,SHP_4159,1341.31,0.05,13,5.55,19.99,0.52,103.1776923076923,0.4269230769230769,1.5376923076923075,1248.7045
Ord_4632,Prod_13,SHP_6451,28.55,0.01,6,-4.5,1.6,0.58,4.758333333333334,-0.75,0.26666666666666666,31.1645
Ord_4568,Prod_5,SHP_6356,321.63,0.04,23,73.7,5.0,0.49,13.98391304347826,3.2043478260869565,0.21739130434782608,230.0648
Ord_1584,Prod_3,SHP_2189,129.06,0.1,27,-75.13,4.97,0.38,4.78,-2.7825925925925925,0.18407407407407406,186.314
Ord_2635,Prod_3,SHP_3605,94.39,0.04,12,-29.49,6.05,0.39,7.865833333333334,-2.4575,0.5041666666666667,114.0544
Ord_2735,Prod_5,SHP_3751,307.46,0.02,20,4.91,7.4,0.48,15.373,0.2455,0.37,289.00079999999997
Ord_1584,Prod_8,SHP_2189,1236.64,0.01,43,518.81,1.99,0.4,28.75906976744186,12.065348837209301,0.04627906976744186,703.4736
Ord_4044,Prod_5,SHP_5634,832.14,0.04,37,175.07,8.99,0.44,22.49027027027027,4.731621621621621,0.242972972972973,614.7944
Ord_4059,Prod_5,SHP_5661,401.39,0.03,49,161.95,0.96,0.43,8.191632653061225,3.305102040816326,0.019591836734693877,226.43830000000003
Ord_4008,Prod_15,SHP_5579,3041.33,0.02,23,-260.41,30.0,0.78,132.2317391304348,-11.32217391304348,1.3043478260869565,3210.9134
Ord_4088,Prod_3,SHP_5699,221.06,0.02,45,-124.28,5.42,0.37,4.912444444444445,-2.7617777777777777,0.12044444444444444,335.4988
Ord_4063,Prod_3,SHP_5666,71.45,0.03,20,-92.95,6.27,0.4,3.5725000000000002,-4.6475,0.3135,155.9865
Ord_4059,Prod_14,SHP_5659,14981.74,0.02,49,-1791.5,11.64,0.5,305.74979591836734,-36.56122448979592,0.23755102040816328,16461.9652
Ord_587,Prod_1,SHP_798,7807.45,0.02,46,1660.15,19.99,0.66,169.7271739130435,36.09021739130435,0.4345652173913043,5971.161
Ord_573,Prod_12,SHP_778,128.0,0.09,48,45.51,0.5,0.38,2.6666666666666665,0.948125,0.010416666666666666,70.47
Ord_573,Prod_6,SHP_779,252.66,0.02,5,32.86,5.81,0.38,50.532,6.572,1.162,208.9368
Ord_592,Prod_4,SHP_808,1529.014,0.07,17,14.01,8.99,0.57,89.942,0.8241176470588235,0.5288235294117647,1398.98302
Ord_4126,Prod_11,SHP_5748,6005.21,0.08,21,-450.7,54.12,0.76,285.96238095238095,-21.461904761904762,2.577142857142857,5921.3732
Ord_4123,Prod_8,SHP_5744,1032.97,0.07,39,397.15,1.99,0.4,26.486410256410256,10.183333333333334,0.05102564102564103,561.5221
Ord_4123,Prod_1,SHP_5745,324.83,0.05,13,-426.54,45.0,0.61,24.986923076923077,-32.81076923076923,3.4615384615384617,690.1285
Ord_506,Prod_1,SHP_683,760.85,0.03,50,-109.1,4.53,0.81,15.217,-2.182,0.0906,842.5945
Ord_544,Prod_6,SHP_739,1150.3,0.1,26,418.19,5.81,0.38,44.24230769230769,16.084230769230768,0.22346153846153843,611.27
Ord_523,Prod_7,SHP_708,57.24,0.04,40,-14.1,0.7,0.81,1.431,-0.3525,0.017499999999999998,68.3504
Ord_544,Prod_8,SHP_738,271.14,0.05,33,29.21,1.99,0.52,8.216363636363637,0.8851515151515151,0.0603030303030303,226.38299999999995
Ord_515,Prod_8,SHP_694,162.25,0.05,32,-43.21,2.39,0.72,5.0703125,-1.3503125,0.0746875,194.9575
Ord_506,Prod_8,SHP_682,1699.52,0.04,40,734.75,1.99,0.44,42.488,18.36875,0.04975,894.7991999999999
Ord_519,Prod_13,SHP_698,139.86,0.07,48,9.59,1.01,0.55,2.9137500000000003,0.19979166666666667,0.021041666666666667,119.46980000000002
Ord_1089,Prod_9,SHP_1504,159.05,0.04,27,21.46,2.5,0.36,5.890740740740741,0.7948148148148149,0.09259259259259259,128.728
Ord_1135,Prod_5,SHP_1565,1370.49,0.08,40,-244.63,19.99,0.55,34.26225,-6.11575,0.49974999999999997,1485.4908
Ord_1141,Prod_1,SHP_1574,411.56,0.09,46,-188.02,7.28,0.57,8.94695652173913,-4.087391304347826,0.1582608695652174,555.2596000000001
Ord_1089,Prod_2,SHP_1503,367.96,0.06,43,-16.11,3.5,0.58,8.557209302325582,-0.37465116279069766,0.08139534883720931,358.4924
Ord_1081,Prod_4,SHP_1494,2853.8835,0.06,27,492.24,7.69,0.58,105.69938888888889,18.23111111111111,0.28481481481481485,2182.7204899999997
Ord_1137,Prod_3,SHP_1567,195.51,0.03,26,-105.72,7.72,0.38,7.519615384615384,-4.0661538461538465,0.2969230769230769,287.6447
Ord_1089,Prod_2,SHP_1502,9046.33,0.0,46,1398.03,55.24,0.57,196.65934782608696,30.39195652173913,1.2008695652173913,7593.06
Ord_1137,Prod_5,SHP_1568,377.13,0.02,38,-10.29,6.02,0.48,9.924473684210525,-0.2707894736842105,0.15842105263157893,373.85740000000004
Ord_1120,Prod_1,SHP_1546,1455.04,0.06,9,-7.58,19.99,0.66,161.67111111111112,-0.8422222222222222,2.221111111111111,1355.3275999999998
Ord_1089,Prod_12,SHP_1505,116.14,0.01,39,50.44,0.5,0.36,2.977948717948718,1.2933333333333332,0.01282051282051282,64.0386
Ord_5451,Prod_6,SHP_7620,56.5,0.02,8,-17.16,5.19,0.37,7.0625,-2.145,0.64875,67.34
Ord_5382,Prod_3,SHP_7516,398.86,0.08,46,-26.45,5.6,0.36,8.67086956521739,-0.575,0.1217391304347826,387.8012
Ord_5451,Prod_5,SHP_7618,481.23,0.07,50,-409.24,12.52,0.57,9.624600000000001,-8.184800000000001,0.2504,844.2639
Ord_5447,Prod_6,SHP_7612,816.65,0.09,37,-182.8,16.87,0.39,22.07162162162162,-4.940540540540541,0.45594594594594595,909.0815
Ord_5416,Prod_2,SHP_7562,25.27,0.01,5,-19.93,5.13,0.59,5.054,-3.9859999999999998,1.026,39.8173
Ord_5382,Prod_12,SHP_7517,109.18,0.09,44,37.17,0.5,0.39,2.4813636363636364,0.8447727272727273,0.011363636363636364,61.683800000000005
Ord_5451,Prod_6,SHP_7619,265.39,0.1,41,-237.01,9.54,0.37,6.472926829268292,-5.780731707317073,0.23268292682926828,466.321
Ord_5382,Prod_6,SHP_7516,28.59,0.05,5,-14.33,4.7,0.38,5.718,-2.866,0.9400000000000001,36.7905
Ord_5416,Prod_4,SHP_7564,507.5605,0.04,6,-258.23,4.9,0.56,84.59341666666667,-43.038333333333334,0.8166666666666668,740.58808
Ord_5409,Prod_6,SHP_7553,816.11,0.04,43,66.14,9.54,0.37,18.979302325581397,1.538139534883721,0.22186046511627905,707.7856
Ord_5464,Prod_5,SHP_7634,1333.19,0.01,22,331.48,12.23,0.64,60.599545454545456,15.067272727272728,0.5559090909090909,976.1481000000001
Ord_5460,Prod_10,SHP_7629,10318.72,0.01,43,1445.36,60.2,0.56,239.97023255813951,33.61302325581395,1.4000000000000001,8709.972799999998
Ord_5447,Prod_6,SHP_7611,109.87,0.05,21,-98.17,7.54,0.38,5.2319047619047625,-4.674761904761905,0.35904761904761906,195.00650000000002
Ord_4125,Prod_5,SHP_5747,54.28,0.01,6,-11.98,5.22,0.6,9.046666666666667,-1.9966666666666668,0.87,60.49720000000001
Ord_4133,Prod_1,SHP_5755,292.11,0.04,18,-91.95,10.68,0.58,16.228333333333335,-5.108333333333333,0.5933333333333333,361.6956
Ord_1147,Prod_5,SHP_1581,244.85,0.06,14,38.06,8.99,0.47,17.489285714285714,2.718571428571429,0.6421428571428571,183.10899999999998
Ord_1145,Prod_12,SHP_1579,48.37,0.02,16,18.02,0.5,0.36,3.023125,1.12625,0.03125,28.8826
Ord_1347,Prod_8,SHP_1851,4335.34,0.07,46,524.09,19.99,0.52,94.24652173913044,11.393260869565218,0.4345652173913043,3487.7862
Ord_1467,Prod_3,SHP_2028,299.68,0.06,35,-29.36,5.6,0.36,8.562285714285714,-0.8388571428571429,0.16,305.4592
Ord_1571,Prod_9,SHP_2168,32.49,0.08,3,-5.05,1.39,0.35,10.83,-1.6833333333333333,0.4633333333333333,33.5508
Ord_1347,Prod_4,SHP_1852,1150.5345,0.01,15,361.65,1.25,0.39,76.7023,24.11,0.08333333333333333,776.129155
Ord_1344,Prod_3,SHP_1847,218.77,0.03,38,-188.13,7.78,0.37,5.757105263157895,-4.95078947368421,0.20473684210526316,392.55690000000004
Ord_1571,Prod_3,SHP_2167,188.34,0.04,36,-110.16,5.74,0.36,5.2316666666666665,-3.06,0.15944444444444444,285.2264
Ord_1571,Prod_4,SHP_2167,1493.858,0.02,26,183.24,8.8,0.58,57.45607692307692,7.047692307692308,0.3384615384615385,1271.94084
Ord_1038,Prod_11,SHP_1433,5723.24,0.0,37,-194.97,51.92,0.69,154.68216216216214,-5.269459459459459,1.4032432432432433,5866.29
Ord_1049,Prod_3,SHP_1448,42.67,0.06,10,-12.72,2.99,0.37,4.267,-1.272,0.29900000000000004,49.8398
Ord_1062,Prod_3,SHP_1468,85.77,0.03,27,-102.02,5.44,0.36,3.1766666666666663,-3.7785185185185184,0.20148148148148148,179.7769
Ord_1038,Prod_5,SHP_1432,3367.24,0.07,44,-1183.69,48.2,0.74,76.5281818181818,-26.902045454545455,1.0954545454545455,4267.0232
Ord_1062,Prod_3,SHP_1468,149.31,0.0,13,7.77,5.14,0.36,11.485384615384616,0.5976923076923076,0.39538461538461533,136.4
Ord_1067,Prod_1,SHP_1474,7333.45,0.07,27,-207.28,35.0,0.8,271.60925925925926,-7.677037037037037,1.2962962962962963,6992.3885
Ord_1061,Prod_8,SHP_1467,333.3,0.03,15,71.04,1.99,0.43,22.220000000000002,4.736000000000001,0.13266666666666665,250.27099999999996
Ord_1139,Prod_8,SHP_1571,69.66,0.07,40,-51.42,1.99,0.51,1.7414999999999998,-1.2855,0.04975,114.21379999999999
Ord_1105,Prod_5,SHP_1526,108.73,0.04,16,-22.21,5.22,0.6,6.795625,-1.388125,0.32625,121.3708
Ord_1116,Prod_13,SHP_1542,94.39,0.07,33,12.31,0.7,0.56,2.8603030303030303,0.37303030303030305,0.02121212121212121,74.7727
Ord_1093,Prod_13,SHP_1509,113.09,0.04,39,29.76,0.81,0.4,2.89974358974359,0.7630769230769231,0.02076923076923077,77.9964
Ord_5370,Prod_9,SHP_7500,1527.42,0.04,25,326.4,19.99,0.38,61.0968,13.056,0.7996,1119.9332
Ord_5491,Prod_3,SHP_7673,22.89,0.08,6,-2.66,1.49,0.38,3.815,-0.44333333333333336,0.24833333333333332,22.228800000000003
Ord_5412,Prod_6,SHP_7557,121.26,0.0,3,-12.52,7.5,0.38,40.42,-4.173333333333333,2.5,126.28
Ord_5386,Prod_3,SHP_7521,49.23,0.01,21,-77.71,4.77,0.4,2.3442857142857143,-3.70047619047619,0.22714285714285712,121.67769999999999
Ord_5393,Prod_6,SHP_7531,186.79,0.09,30,-88.6,6.35,0.37,6.226333333333333,-2.953333333333333,0.21166666666666664,252.22889999999998
Ord_5478,Prod_5,SHP_7653,255.65,0.0,47,-148.8,5.71,0.54,5.43936170212766,-3.1659574468085108,0.12148936170212767,398.74
Ord_5412,Prod_8,SHP_7557,955.46,0.03,19,-79.05,6.5,0.73,50.28736842105263,-4.160526315789474,0.34210526315789475,999.3462
Ord_5491,Prod_9,SHP_7674,271.85,0.03,18,109.19,1.39,0.38,15.10277777777778,6.066111111111111,0.07722222222222222,153.11450000000002
Ord_4945,Prod_6,SHP_6899,92.07,0.09,14,-64.5,7.86,0.37,6.576428571428571,-4.607142857142857,0.5614285714285715,140.4237
Ord_4945,Prod_2,SHP_6898,1058.82,0.02,8,211.73,0.99,0.55,132.3525,26.46625,0.12375,824.9235999999999
Ord_4931,Prod_16,SHP_6880,200.41,0.05,19,-23.65,4.68,0.59,10.547894736842105,-1.2447368421052631,0.24631578947368418,209.3595
Ord_4897,Prod_5,SHP_6830,215.52,0.02,14,75.83,5.0,0.49,15.394285714285715,5.416428571428571,0.35714285714285715,130.37960000000004
Ord_4938,Prod_13,SHP_6889,52.62,0.01,22,-4.64,1.12,0.58,2.3918181818181816,-0.2109090909090909,0.05090909090909091,55.6138
Ord_4929,Prod_6,SHP_6876,318.28,0.08,39,114.95,1.69,0.38,8.16102564102564,2.9474358974358976,0.043333333333333335,176.17759999999998
Ord_691,Prod_3,SHP_6760,729.83,0.07,34,-135.1,15.1,0.38,21.46558823529412,-3.9735294117647055,0.4441176470588235,798.7419
Ord_4929,Prod_3,SHP_6877,289.53,0.08,34,46.97,2.99,0.39,8.515588235294118,1.381470588235294,0.08794117647058824,216.40759999999997
Ord_691,Prod_8,SHP_6761,1083.19,0.03,36,214.61,5.5,0.51,30.088611111111113,5.961388888888889,0.1527777777777778,830.5843000000001
Ord_4897,Prod_7,SHP_6831,10.46,0.0,8,-0.89,0.7,0.38,1.3075,-0.11125,0.0875,10.650000000000002
Ord_4929,Prod_13,SHP_6878,322.8,0.06,45,53.15,2.35,0.47,7.173333333333334,1.181111111111111,0.052222222222222225,247.932
Ord_4851,Prod_4,SHP_6771,4279.24,0.06,25,890.18,5.26,0.56,171.1696,35.6072,0.2104,3127.0456
Ord_4938,Prod_8,SHP_6889,20.25,0.1,4,-22.13,2.39,0.72,5.0625,-5.5325,0.5975,37.965
Ord_688,Prod_4,SHP_943,2051.016,0.02,36,483.97,3.99,0.59,56.97266666666667,13.443611111111112,0.11083333333333334,1522.03568
Ord_4851,Prod_3,SHP_6769,212.57,0.09,38,9.49,2.99,0.38,5.593947368421053,0.24973684210526317,0.0786842105263158,180.95869999999996
Ord_478,Prod_4,SHP_644,4711.244,0.06,36,1380.32,3.9,0.55,130.86788888888887,38.34222222222222,0.10833333333333334,3044.34936
Ord_471,Prod_2,SHP_633,642.8,0.08,44,-253.11,13.32,0.43,14.609090909090908,-5.7525,0.30272727272727273,831.1659999999999
Ord_491,Prod_8,SHP_660,983.78,0.04,31,43.72,6.5,0.64,31.73483870967742,1.4103225806451614,0.20967741935483872,894.2088
Ord_414,Prod_5,SHP_557,14.4,0.1,1,-7.39,2.85,0.55,14.4,-7.39,2.85,17.5
Ord_420,Prod_5,SHP_564,2470.84,0.05,49,25.04,18.45,0.65,50.42530612244898,0.5110204081632653,0.3765306122448979,2303.8080000000004
Ord_364,Prod_13,SHP_485,109.49,0.04,31,26.09,0.85,0.48,3.5319354838709676,0.8416129032258064,0.027419354838709678,78.1704
Ord_422,Prod_5,SHP_566,26.68,0.04,1,-10.74,3.63,0.52,26.68,-10.74,3.63,32.7228
Ord_420,Prod_8,SHP_564,322.03,0.06,41,-82.83,2.83,0.77,7.854390243902438,-2.020243902439024,0.06902439024390244,382.7082
Ord_354,Prod_8,SHP_469,1423.35,0.1,36,-580.32,19.99,0.77,39.537499999999994,-16.12,0.5552777777777778,1841.3449999999998
Ord_420,Prod_13,SHP_564,15.26,0.01,2,-7.51,1.5,0.48,7.63,-3.755,0.75,21.1174
Ord_420,Prod_4,SHP_564,5250.6625,0.1,39,930.99,8.99,0.57,134.6323717948718,23.87153846153846,0.23051282051282052,3785.616250000001
Ord_4834,Prod_6,SHP_6739,51.56,0.09,14,-1.06,1.93,0.35,3.682857142857143,-0.07571428571428572,0.13785714285714284,46.049600000000005
Ord_4640,Prod_16,SHP_6462,55.44,0.09,16,-21.91,1.32,0.83,3.465,-1.369375,0.0825,71.0404
Ord_4640,Prod_1,SHP_6463,174.62,0.1,18,-119.77,9.45,0.6,9.70111111111111,-6.653888888888889,0.5249999999999999,267.478
Ord_4706,Prod_6,SHP_6567,32.5,0.03,5,-16.67,5.61,0.4,6.5,-3.3340000000000005,1.122,42.585
Ord_4640,Prod_7,SHP_6462,179.98,0.01,21,38.7,2.82,0.4,8.57047619047619,1.842857142857143,0.13428571428571429,136.66019999999997
Ord_1831,Prod_8,SHP_6459,39.01,0.07,7,-38.44,4.32,0.64,5.572857142857143,-5.491428571428571,0.6171428571428572,70.3993
Ord_4639,Prod_12,SHP_6461,117.77,0.08,33,47.98,0.5,0.37,3.568787878787879,1.4539393939393939,0.015151515151515152,59.8684
Ord_4639,Prod_15,SHP_6460,4768.59,0.01,45,-593.8,45.0,0.69,105.96866666666666,-13.195555555555554,1.0,5269.7041
Ord_1831,Prod_5,SHP_2525,62.03,0.09,6,17.31,6.02,0.48,10.338333333333333,2.885,1.0033333333333332,33.1173
Ord_1862,Prod_6,SHP_2556,570.43,0.07,49,78.89,5.43,0.36,11.64142857142857,1.61,0.11081632653061224,446.1799
Ord_1862,Prod_16,SHP_2556,100.08,0.08,49,-85.58,2.56,0.55,2.042448979591837,-1.746530612244898,0.052244897959183675,175.09359999999998
Ord_1969,Prod_13,SHP_2693,104.97,0.07,39,3.21,0.93,0.54,2.6915384615384617,0.0823076923076923,0.023846153846153847,93.4821
Ord_1929,Prod_15,SHP_2779,5369.46,0.07,19,-439.62,57.0,0.78,282.60315789473685,-23.137894736842107,3.0,5376.217799999999
Ord_1929,Prod_8,SHP_2643,175.08,0.07,35,-168.72,5.14,0.79,5.002285714285715,-4.820571428571428,0.14685714285714285,326.4044
Ord_1862,Prod_11,SHP_2822,5740.624,0.09,35,-526.48,29.1,0.68,164.01782857142857,-15.042285714285715,0.8314285714285715,5721.3478399999985
Ord_1969,Prod_13,SHP_4116,129.3,0.02,20,40.2,1.22,0.4,6.465000000000001,2.0100000000000002,0.061,85.29400000000001
Ord_2279,Prod_15,SHP_3111,1466.95,0.02,12,-64.14,30.0,0.64,122.24583333333334,-5.345,2.5,1471.7510000000002
Ord_2279,Prod_17,SHP_3112,440.23,0.09,33,-37.94,7.51,0.39,13.340303030303032,-1.1496969696969697,0.22757575757575757,431.0393
Ord_4357,Prod_13,SHP_6075,103.87,0.1,26,15.42,1.2,0.44,3.995,0.5930769230769231,0.04615384615384615,76.863
Ord_4414,Prod_1,SHP_6151,1733.1,0.09,18,-505.69,35.0,,96.28333333333333,-28.093888888888888,1.9444444444444444,2047.811
Ord_4524,Prod_11,SHP_6296,2339.84,0.05,39,-1730.3,69.0,0.68,59.99589743589744,-44.36666666666667,1.7692307692307692,3884.148
Ord_4414,Prod_4,SHP_6152,3448.6455,0.02,31,900.41,8.99,0.55,111.24662903225807,29.04548387096774,0.29,2470.2725900000005
Ord_4524,Prod_6,SHP_6295,388.13,0.04,18,40.11,8.32,0.39,21.56277777777778,2.2283333333333335,0.46222222222222226,324.1748
Ord_4553,Prod_3,SHP_6336,247.34,0.04,6,63.61,2.99,0.35,41.223333333333336,10.601666666666667,0.49833333333333335,170.84640000000002
Ord_5066,Prod_8,SHP_7072,744.0,0.04,37,215.8,1.99,0.48,20.10810810810811,5.832432432432433,0.05378378378378378,496.45
Ord_5062,Prod_13,SHP_7068,1406.49,0.02,47,332.52,6.17,0.55,29.925319148936172,7.074893617021276,0.13127659574468084,1039.6702
Ord_5073,Prod_9,SHP_7083,741.57,0.1,49,352.41,1.39,0.38,15.134081632653062,7.192040816326531,0.028367346938775507,313.613
Ord_5062,Prod_16,SHP_7068,587.71,0.09,49,26.28,3.14,0.6,11.994081632653062,0.5363265306122449,0.06408163265306123,505.39610000000005
Ord_5067,Prod_8,SHP_7075,279.43,0.0,32,48.47,1.99,0.49,8.7321875,1.5146875,0.0621875,228.97
Ord_5066,Prod_4,SHP_7073,388.8665,0.01,12,103.05,0.99,0.35,32.405541666666664,8.5875,0.0825,280.93783499999995
Ord_5067,Prod_1,SHP_7075,515.22,0.03,5,-152.54,19.99,0.79,103.04400000000001,-30.508,3.9979999999999998,632.3134
Ord_5072,Prod_6,SHP_7082,260.13,0.0,36,-133.98,8.19,0.37,7.225833333333333,-3.7216666666666662,0.22749999999999998,385.91999999999996
Ord_5060,Prod_17,SHP_7064,2088.5,0.08,41,675.07,10.17,0.37,50.9390243902439,16.465121951219512,0.24804878048780488,1236.1799999999998
Ord_5060,Prod_8,SHP_7063,81.56,0.08,8,-7.23,1.99,0.41,10.195,-0.90375,0.24875,80.27520000000001
Ord_5060,Prod_11,SHP_7066,3753.72,0.05,26,-556.25,52.42,0.74,144.37384615384616,-21.39423076923077,2.016153846153846,4069.8639999999996
Ord_5060,Prod_1,SHP_7065,2126.72,0.05,34,150.04,6.88,0.73,62.550588235294114,4.412941176470588,0.2023529411764706,1863.4639999999997
Ord_5061,Prod_13,SHP_7067,26.09,0.08,9,-1.76,0.93,0.54,2.898888888888889,-0.19555555555555557,0.10333333333333333,24.832800000000002
Ord_5073,Prod_13,SHP_7084,10.39,0.1,6,-3.24,0.7,0.56,1.7316666666666667,-0.54,0.11666666666666665,11.891000000000002
Ord_817,Prod_5,SHP_1123,184.07,0.04,8,75.63,7.58,0.51,23.00875,9.45375,0.9475,93.49719999999999
Ord_873,Prod_12,SHP_1200,87.68,0.03,29,23.14,0.99,0.36,3.0234482758620693,0.7979310344827586,0.03413793103448276,60.91960000000002
Ord_873,Prod_11,SHP_1201,3732.25,0.1,46,-1255.86,60.0,0.56,81.13586956521739,-27.301304347826086,1.3043478260869565,4554.885
Ord_847,Prod_1,SHP_1168,238.25,0.05,24,-83.55,7.28,0.57,9.927083333333334,-3.4812499999999997,0.30333333333333334,302.6075
Ord_464,Prod_8,SHP_623,638.72,0.04,20,-130.88,5.5,0.75,31.936,-6.544,0.275,738.5512
Ord_453,Prod_6,SHP_607,33.64,0.01,3,-22.45,11.15,0.37,11.213333333333333,-7.483333333333333,3.716666666666667,44.6036
Ord_385,Prod_5,SHP_514,178.4,0.04,16,20.08,5.16,0.57,11.15,1.255,0.3225,146.024
Ord_385,Prod_13,SHP_515,115.01,0.03,40,5.81,1.34,0.45,2.8752500000000003,0.14525,0.0335,104.4097
Ord_3689,Prod_1,SHP_5114,3500.49,0.09,32,230.64,8.64,0.78,109.3903125,7.2075,0.27,2946.1659
Ord_1906,Prod_17,SHP_2613,183.32,0.04,11,-61.1,9.4,0.49,16.665454545454544,-5.554545454545455,0.8545454545454546,227.6872
Ord_1941,Prod_1,SHP_2658,2651.23,0.09,27,-741.81,35.0,0.82,98.1937037037037,-27.474444444444444,1.2962962962962963,3119.4293
Ord_1909,Prod_5,SHP_2616,1060.34,0.04,42,-174.94,15.68,0.62,25.246190476190474,-4.165238095238095,0.37333333333333335,1177.1864
Ord_1906,Prod_5,SHP_2751,194.11,0.03,8,87.66,8.99,0.44,24.26375,10.9575,1.12375,91.63670000000002
Ord_1805,Prod_8,SHP_2498,281.84,0.1,17,-99.55,4.0,0.79,16.578823529411764,-5.855882352941176,0.23529411764705882,349.20599999999996
Ord_1909,Prod_1,SHP_2752,167.53,0.03,11,-40.94,7.69,0.57,15.23,-3.7218181818181817,0.6990909090909091,195.7541
Ord_2042,Prod_5,SHP_2792,2208.31,0.04,48,569.08,4.8,0.68,46.006458333333335,11.855833333333335,0.09999999999999999,1546.0976
Ord_2048,Prod_5,SHP_2799,63.93,0.03,4,40.63,6.02,0.48,15.9825,10.1575,1.505,15.362099999999991
Ord_1952,Prod_11,SHP_2673,4211.0,0.07,39,-270.57,69.0,0.63,107.97435897435898,-6.937692307692307,1.7692307692307692,4117.8
Ord_1952,Prod_3,SHP_4158,19.34,0.1,2,-14.38,6.05,0.39,9.67,-7.19,3.025,25.735999999999997
Ord_2042,Prod_6,SHP_3159,1683.69,0.02,33,809.97,5.79,0.37,51.02090909090909,24.544545454545457,0.17545454545454545,834.2562
Ord_2212,Prod_8,SHP_3116,1085.61,0.04,41,-33.32,4.0,0.75,26.478292682926828,-0.8126829268292683,0.0975609756097561,1071.5055999999997
Ord_1952,Prod_4,SHP_3174,3064.658,0.01,17,447.34,2.79,0.58,180.274,26.314117647058822,0.16411764705882353,2583.8814199999997
Ord_1952,Prod_3,SHP_3027,84.47,0.06,23,7.98,1.49,0.38,3.672608695652174,0.34695652173913044,0.06478260869565218,69.9318
Ord_4240,Prod_8,SHP_5915,64.82,0.02,28,-32.03,1.99,0.55,2.315,-1.1439285714285714,0.07107142857142858,93.5636
Ord_4280,Prod_3,SHP_5972,423.24,0.1,21,128.83,2.99,0.37,20.154285714285713,6.1347619047619055,0.14238095238095239,249.09599999999998
Ord_4254,Prod_11,SHP_5941,12837.11,0.05,42,1881.76,43.57,0.63,305.6454761904762,44.80380952380953,1.0373809523809523,10269.924500000001
Ord_4240,Prod_6,SHP_5916,77.6,0.08,6,-37.07,11.25,0.36,12.933333333333332,-6.178333333333334,1.875,97.21199999999999
Ord_4246,Prod_4,SHP_5928,2525.9875,0.09,24,416.67,8.99,0.55,105.24947916666667,17.361250000000002,0.3745833333333333,1872.9886250000004
Ord_4247,Prod_17,SHP_5929,4993.42,0.03,42,190.14,56.14,0.39,118.89095238095238,4.527142857142857,1.3366666666666667,4597.337399999999
Ord_4247,Prod_8,SHP_5930,1059.3,0.05,9,67.6,1.99,0.49,117.69999999999999,7.51111111111111,0.22111111111111112,936.7449999999999
Ord_4288,Prod_3,SHP_5982,259.43,0.0,42,-52.52,4.97,0.35,6.176904761904762,-1.2504761904761905,0.11833333333333333,306.98
Ord_4240,Prod_6,SHP_5917,821.18,0.04,17,308.63,5.81,0.38,48.30470588235294,18.154705882352943,0.3417647058823529,473.89279999999997
Ord_4259,Prod_7,SHP_5947,15.53,0.0,11,-5.92,0.7,0.81,1.4118181818181819,-0.5381818181818182,0.06363636363636363,20.75
Ord_4272,Prod_3,SHP_5962,442.76,0.09,30,-17.11,8.4,0.39,14.758666666666667,-0.5703333333333334,0.28,411.62160000000006
Ord_4244,Prod_3,SHP_5926,179.99,0.03,34,-102.27,5.74,0.36,5.293823529411765,-3.007941176470588,0.1688235294117647,271.1203
Ord_4331,Prod_16,SHP_6038,77.43,0.01,36,-60.07,2.56,0.55,2.1508333333333334,-1.668611111111111,0.07111111111111111,134.16570000000002
Ord_4299,Prod_13,SHP_6000,169.27,0.1,5,-41.66,8.99,0.56,33.854,-8.331999999999999,1.798,185.013
Ord_4317,Prod_6,SHP_6022,22.75,0.09,5,-0.45,0.88,0.39,4.55,-0.09,0.176,20.2725
Ord_4290,Prod_7,SHP_5984,46.37,0.03,37,-19.81,0.7,0.81,1.2532432432432432,-0.5354054054054054,0.018918918918918916,64.0889
Ord_4244,Prod_2,SHP_5925,190.45,0.02,3,-44.05,3.99,0.57,63.48333333333333,-14.683333333333332,1.33,226.70099999999996
Ord_4283,Prod_13,SHP_5977,304.26,0.1,46,28.93,2.35,0.47,6.614347826086957,0.6289130434782608,0.051086956521739134,242.55399999999997
Ord_4259,Prod_12,SHP_5946,66.02,0.1,23,10.88,0.99,0.37,2.8704347826086956,0.4730434782608696,0.043043478260869565,47.54799999999999
Ord_180,Prod_4,SHP_243,3310.9455,0.05,35,822.4,2.5,0.57,94.59844285714286,23.497142857142858,0.07142857142857142,2320.498225
Ord_195,Prod_16,SHP_264,110.32,0.09,31,-32.65,1.32,0.83,3.5587096774193547,-1.053225806451613,0.04258064516129032,131.7212
Ord_206,Prod_4,SHP_281,56.695,0.01,3,-70.97,0.99,0.37,18.898333333333333,-23.656666666666666,0.33,126.10804999999999
Ord_195,Prod_5,SHP_263,97.57,0.04,4,-27.31,14.87,0.57,24.3925,-6.8275,3.7175,106.10719999999999
Ord_237,Prod_8,SHP_330,71.47,0.06,14,-62.73,4.62,0.64,5.1049999999999995,-4.480714285714286,0.33,125.2918
Ord_3657,Prod_1,SHP_5069,1030.09,0.09,40,-568.71,19.99,0.67,25.752249999999997,-14.21775,0.49974999999999997,1486.1019000000001
Ord_180,Prod_8,SHP_5084,1154.89,0.03,27,66.36,6.5,0.64,42.77370370370371,2.457777777777778,0.24074074074074073,1047.3833000000002
Ord_3661,Prod_13,SHP_5075,78.36,0.06,12,8.52,1.5,0.48,6.53,0.71,0.125,63.638400000000004
Ord_3692,Prod_12,SHP_5117,67.84,0.07,24,13.44,0.99,0.36,2.8266666666666667,0.5599999999999999,0.04125,48.6612
Ord_3661,Prod_2,SHP_5074,1596.86,0.05,37,418.6,3.5,0.59,43.15837837837837,11.313513513513515,0.0945945945945946,1094.917
Ord_3667,Prod_6,SHP_5083,7.64,0.1,1,-6.6,3.01,0.36,7.64,-6.6,3.01,10.466
Ord_4325,Prod_5,SHP_6030,455.59,0.02,11,98.02,13.99,0.67,41.417272727272724,8.91090909090909,1.2718181818181817,334.46819999999997
Ord_4274,Prod_13,SHP_5965,376.53,0.03,24,3.44,5.45,0.55,15.688749999999999,0.14333333333333334,0.22708333333333333,356.34409999999997
Ord_4311,Prod_1,SHP_6015,816.09,0.05,4,-150.29,9.99,0.6,204.0225,-37.5725,2.4975,915.5855
Ord_4248,Prod_6,SHP_5932,308.81,0.01,48,128.28,1.02,0.39,6.433541666666667,2.6725,0.02125,176.42190000000002
Ord_4251,Prod_6,SHP_5937,1428.64,0.09,27,494.26,10.75,0.36,52.912592592592596,18.305925925925926,0.39814814814814814,795.0524
Ord_4248,Prod_12,SHP_5931,17.59,0.06,1,10.85,0.5,0.39,17.59,10.85,0.5,5.184600000000001
Ord_5192,Prod_13,SHP_7257,457.51,0.1,42,-183.75,7.95,0.58,10.893095238095238,-4.375,0.18928571428571428,587.559
Ord_5192,Prod_13,SHP_7256,21.32,0.08,5,2.2,0.85,0.48,4.264,0.44000000000000006,0.16999999999999998,16.5644
Ord_5229,Prod_4,SHP_7303,1921.1275,0.08,36,248.58,8.99,0.56,53.36465277777778,6.905,0.24972222222222223,1509.8673000000001
Ord_5242,Prod_6,SHP_7321,119.9,0.03,3,-14.47,5.08,0.38,39.96666666666667,-4.823333333333333,1.6933333333333334,125.69300000000001
Ord_5158,Prod_4,SHP_7209,3630.146,0.04,33,951.68,8.99,0.55,110.00442424242425,28.838787878787876,0.27242424242424246,2524.2701600000005
Ord_5183,Prod_5,SHP_7242,2438.7,0.0,43,-1413.18,52.2,0.72,56.71395348837209,-32.8646511627907,1.213953488372093,3799.6800000000003
Ord_5243,Prod_8,SHP_7322,205.88,0.08,22,20.68,1.99,0.43,9.358181818181817,0.94,0.09045454545454545,166.73959999999997
Ord_5158,Prod_7,SHP_7209,73.36,0.09,41,-94.95,2.58,0.82,1.7892682926829269,-2.3158536585365854,0.06292682926829268,159.1276
Ord_263,Prod_9,SHP_359,497.14,0.05,45,240.41,1.39,0.35,11.047555555555554,5.342444444444444,0.030888888888888886,230.48300000000003
Ord_229,Prod_1,SHP_317,1373.11,0.1,18,-599.54,35.0,0.81,76.28388888888888,-33.30777777777777,1.9444444444444444,1800.339
Ord_181,Prod_8,SHP_244,55.02,0.08,10,-56.12,5.14,0.79,5.502000000000001,-5.612,0.514,101.5984
Ord_229,Prod_6,SHP_318,550.61,0.08,10,98.32,13.88,0.36,55.061,9.831999999999999,1.3880000000000001,394.3612
Ord_229,Prod_8,SHP_317,71.94,0.01,3,-70.68,5.99,0.65,23.98,-23.560000000000002,1.9966666666666668,135.91060000000002
Ord_263,Prod_3,SHP_360,917.39,0.02,21,393.41,2.99,0.36,43.68523809523809,18.733809523809526,0.14238095238095239,502.64219999999995
Ord_133,Prod_4,SHP_180,241.706,0.0,13,-92.96,3.3,0.81,18.59276923076923,-7.15076923076923,0.25384615384615383,331.366
Ord_10,Prod_3,SHP_13,80.61,0.02,15,-4.72,2.99,0.37,5.374,-0.31466666666666665,0.19933333333333333,80.7278
Ord_5429,Prod_5,SHP_7587,43.29,0.03,4,-0.36,10.16,0.59,10.8225,-0.09,2.54,32.191300000000005
Ord_5397,Prod_3,SHP_7537,519.96,0.07,26,169.44,2.99,0.36,19.99846153846154,6.516923076923077,0.115,311.13280000000003
Ord_5398,Prod_4,SHP_7538,2951.438,0.0,26,667.28,8.99,0.57,113.51684615384616,25.664615384615384,0.3457692307692308,2275.1680000000006
Ord_2381,Prod_6,SHP_3269,157.85,0.06,32,22.54,2.04,0.36,4.9328125,0.704375,0.06375,123.799
Ord_2562,Prod_13,SHP_3507,1132.32,0.1,34,77.45,13.89,0.41,33.30352941176471,2.277941176470588,0.4085294117647059,927.7479999999999
Ord_2562,Prod_4,SHP_3509,2438.3695,0.1,45,317.2,8.99,0.6,54.185988888888886,7.0488888888888885,0.19977777777777778,1868.34255
Ord_2469,Prod_13,SHP_3382,19.36,0.0,10,-1.02,0.7,0.56,1.936,-0.10200000000000001,0.06999999999999999,19.68
Ord_2534,Prod_12,SHP_3469,86.53,0.05,23,35.62,0.5,0.37,3.7621739130434784,1.548695652173913,0.021739130434782608,46.08350000000001
Ord_137,Prod_12,SHP_184,78.47,0.06,27,17.99,0.99,0.36,2.906296296296296,0.6662962962962963,0.03666666666666667,54.781800000000004
Ord_117,Prod_4,SHP_160,173.417,0.0,9,18.23,0.99,0.37,19.268555555555555,2.0255555555555556,0.11,154.197
Ord_137,Prod_6,SHP_184,108.42,0.02,16,-50.82,6.81,0.36,6.77625,-3.17625,0.425625,150.2616
Ord_3,Prod_4,SHP_4,4965.7595,0.08,30,1198.97,3.99,0.58,165.52531666666667,39.96566666666667,0.133,3365.53874
Ord_35,Prod_8,SHP_47,1285.37,0.1,42,514.07,1.99,0.42,30.604047619047616,12.239761904761906,0.04738095238095238,640.7729999999998
Ord_5148,Prod_5,SHP_7195,778.62,0.0,39,247.24,6.15,0.44,19.964615384615385,6.33948717948718,0.15769230769230771,525.23
Ord_5145,Prod_8,SHP_7190,920.0,0.08,30,-45.07,4.0,0.75,30.666666666666668,-1.5023333333333333,0.13333333333333333,887.47
Ord_5145,Prod_2,SHP_7191,104.2,0.05,7,-8.53,3.5,0.58,14.885714285714286,-1.2185714285714284,0.5,104.02000000000001
Ord_2875,Prod_5,SHP_3960,857.32,0.05,39,195.71,8.99,0.41,21.982564102564105,5.018205128205128,0.23051282051282052,609.754
Ord_2909,Prod_2,SHP_4012,217.68,0.08,27,-168.75,9.23,0.58,8.062222222222223,-6.25,0.34185185185185185,359.78560000000004
Ord_2893,Prod_6,SHP_3991,1984.61,0.05,37,585.03,14.3,0.37,53.638108108108106,15.81162162162162,0.3864864864864865,1286.0495
Ord_2878,Prod_2,SHP_3966,75.15,0.02,14,-63.53,6.89,0.6,5.367857142857143,-4.537857142857143,0.4921428571428571,130.287
Ord_2940,Prod_8,SHP_4059,1587.16,0.09,32,-22.33,19.99,0.45,49.59875,-0.6978125,0.6246875,1446.6556
Ord_2878,Prod_17,SHP_3967,400.45,0.07,43,-38.58,5.76,0.39,9.312790697674417,-0.8972093023255814,0.133953488372093,405.2385
Ord_2875,Prod_13,SHP_3961,8.87,0.03,2,-6.79,3.5,0.58,4.435,-3.395,1.75,11.893899999999999
Ord_2930,Prod_15,SHP_4048,3896.39,0.1,19,755.28,18.06,0.57,205.07315789473682,39.75157894736842,0.9505263157894737,2733.411
Ord_2909,Prod_6,SHP_4014,245.82,0.1,13,-7.39,9.54,0.37,18.909230769230767,-0.5684615384615385,0.7338461538461538,219.088
Ord_2872,Prod_5,SHP_3955,220.97,0.02,23,-25.86,7.29,0.45,9.607391304347827,-1.1243478260869566,0.3169565217391304,235.12060000000002
Ord_2954,Prod_6,SHP_4075,345.37,0.01,7,84.34,5.79,0.37,49.33857142857143,12.04857142857143,0.8271428571428572,251.78629999999995
Ord_4696,Prod_1,SHP_6552,3577.81,0.03,45,-1097.97,35.0,0.83,79.50688888888888,-24.399333333333335,0.7777777777777778,4533.4457
Ord_4769,Prod_15,SHP_6652,2379.15,0.06,18,-261.77,30.0,0.78,132.175,-14.542777777777777,1.6666666666666667,2468.1710000000003
Ord_4696,Prod_6,SHP_6552,1251.4,0.01,22,539.45,6.79,0.37,56.88181818181818,24.520454545454548,0.30863636363636365,692.6460000000002
Ord_3201,Prod_3,SHP_4440,250.29,0.1,8,-9.31,12.62,0.37,31.28625,-1.16375,1.5775,221.951
Ord_4696,Prod_3,SHP_6552,635.59,0.07,40,202.83,2.99,0.37,15.889750000000001,5.07075,0.07475000000000001,385.27869999999996
Ord_3201,Prod_6,SHP_4440,251.59,0.09,7,39.23,5.08,0.38,35.941428571428574,5.604285714285714,0.7257142857142858,184.6369
Ord_3201,Prod_3,SHP_4440,151.75,0.04,25,-66.24,5.59,0.4,6.07,-2.6496,0.2236,206.32999999999998
Ord_1789,Prod_3,SHP_2479,158.46,0.06,39,-130.66,5.26,0.38,4.063076923076923,-3.35025641025641,0.13487179487179488,274.3524
Ord_1789,Prod_10,SHP_2480,7180.83,0.02,31,487.17,64.66,0.62,231.63967741935483,15.71516129032258,2.085806451612903,6485.3834
Ord_1789,Prod_4,SHP_2478,89.335,0.06,5,-107.1,2.5,0.81,17.866999999999997,-21.419999999999998,0.5,188.57489999999999
Ord_2001,Prod_12,SHP_2734,106.03,0.09,26,42.89,0.5,0.39,4.078076923076923,1.6496153846153847,0.019230769230769232,53.097300000000004
Ord_4630,Prod_6,SHP_6449,313.4,0.0,37,-5.05,4.82,0.4,8.47027027027027,-0.13648648648648648,0.13027027027027027,313.63
Ord_4775,Prod_17,SHP_6659,25.07,0.04,2,-27.67,5.76,0.39,12.535,-13.835,2.88,45.9772
Ord_4821,Prod_4,SHP_6717,934.9405,0.08,17,47.1,5.92,0.55,54.996500000000005,2.7705882352941176,0.34823529411764703,807.12526
Ord_2287,Prod_16,SHP_6422,64.1,0.03,8,-48.28,8.37,0.58,8.0125,-6.035,1.04625,102.08699999999999
Ord_4630,Prod_6,SHP_6448,746.93,0.09,40,67.03,9.03,0.37,18.67325,1.67575,0.22574999999999998,603.6463
Ord_4762,Prod_10,SHP_6641,4394.78,0.08,46,-335.77,35.84,0.62,95.53869565217391,-7.299347826086956,0.7791304347826088,4343.1276
Ord_2287,Prod_2,SHP_6421,1638.67,0.05,23,-527.83,60.0,0.41,71.24652173913044,-22.94913043478261,2.608695652173913,2024.5665
Ord_2287,Prod_13,SHP_3130,145.48,0.03,34,32.43,1.2,0.44,4.278823529411764,0.9538235294117647,0.03529411764705882,107.4856
Ord_1853,Prod_10,SHP_2547,2357.45,0.02,23,-108.8,35.84,0.62,102.49782608695651,-4.730434782608696,1.5582608695652176,2383.261
Ord_1843,Prod_4,SHP_2537,596.156,0.1,26,-97.92,8.59,0.56,22.92907692307692,-3.766153846153846,0.3303846153846154,625.8703999999999
Ord_4485,Prod_1,SHP_6245,1116.03,0.04,32,203.44,5.49,0.6,34.8759375,6.3575,0.1715625,862.4587999999999
Ord_1794,Prod_15,SHP_2486,8363.65,0.09,30,763.33,64.73,0.56,278.7883333333333,25.444333333333336,2.1576666666666666,6782.8615
Ord_1267,Prod_6,SHP_1752,262.3,0.09,42,-255.2,9.68,0.36,6.245238095238095,-6.076190476190476,0.23047619047619047,484.21299999999997
Ord_1263,Prod_6,SHP_1745,27.9,0.02,5,-22.82,6.72,0.4,5.58,-4.564,1.3439999999999999,43.442
Ord_1263,Prod_8,SHP_1744,3323.44,0.03,21,99.88,4.0,0.79,158.25904761904764,4.756190476190476,0.19047619047619047,3119.8568
Ord_1267,Prod_17,SHP_1751,2920.83,0.02,24,1068.16,14.0,0.36,121.70125,44.50666666666667,0.5833333333333334,1780.2533999999998
Ord_1794,Prod_6,SHP_3052,40.87,0.04,4,-16.38,8.74,0.36,10.2175,-4.095,2.185,46.87519999999999
Ord_5333,Prod_13,SHP_7446,37.9,0.08,14,-22.01,2.4,0.58,2.707142857142857,-1.5721428571428573,0.17142857142857143,54.477999999999994
Ord_5328,Prod_6,SHP_7440,108.11,0.09,17,-62.23,6.86,0.37,6.359411764705882,-3.6605882352941173,0.4035294117647059,153.7501
Ord_5333,Prod_6,SHP_7445,1749.07,0.04,36,804.66,5.79,0.37,48.585277777777776,22.351666666666667,0.16083333333333333,868.6572
Ord_5260,Prod_13,SHP_7343,55.77,0.04,6,-4.37,2.25,0.52,9.295,-0.7283333333333334,0.375,55.6592
Ord_5260,Prod_1,SHP_7344,2181.44,0.07,34,-896.34,35.0,0.8,64.16,-26.36294117647059,1.0294117647058822,2890.0792
Ord_5262,Prod_3,SHP_7346,790.63,0.1,24,52.32,14.72,0.37,32.94291666666667,2.18,0.6133333333333334,644.5269999999999
Ord_1142,Prod_2,SHP_1575,46.46,0.1,3,-25.13,6.75,0.52,15.486666666666666,-8.376666666666667,2.25,60.194
Ord_1144,Prod_3,SHP_1578,317.59,0.06,36,-46.12,6.19,0.38,8.821944444444444,-1.281111111111111,0.17194444444444446,338.46459999999996
Ord_1150,Prod_1,SHP_1584,6206.16,0.03,50,1416.27,19.99,0.59,124.1232,28.3254,0.3998,4583.715200000001
Ord_5266,Prod_8,SHP_7351,1239.81,0.04,24,-13.28,6.5,0.73,51.65875,-0.5533333333333333,0.2708333333333333,1196.9976
Ord_5266,Prod_6,SHP_7352,273.32,0.02,41,-48.68,5.14,0.37,6.666341463414634,-1.1873170731707317,0.12536585365853659,311.3936
Ord_5315,Prod_4,SHP_7424,76.8655,0.04,4,-54.51,0.99,0.37,19.216375,-13.6275,0.2475,127.31088
Ord_5312,Prod_1,SHP_7418,1201.51,0.1,9,-185.48,19.99,0.73,133.5011111111111,-20.608888888888888,2.221111111111111,1246.849
Ord_3953,Prod_15,SHP_5492,3674.08,0.01,23,112.44,30.0,0.74,159.74260869565217,4.888695652173913,1.3043478260869565,3494.8992
Ord_3953,Prod_1,SHP_5493,1413.89,0.01,46,-40.72,13.99,0.58,30.736739130434785,-0.8852173913043478,0.3041304347826087,1426.4811000000002
Ord_3952,Prod_6,SHP_5491,283.57,0.02,7,71.21,5.08,0.38,40.51,10.172857142857142,0.7257142857142858,201.60860000000002
Ord_3945,Prod_12,SHP_5483,131.65,0.01,24,67.41,0.5,0.36,5.485416666666667,2.80875,0.020833333333333332,62.42350000000002
Ord_3374,Prod_4,SHP_4676,187.6375,0.03,6,-190.03,5.0,0.85,31.272916666666664,-31.671666666666667,0.8333333333333334,367.038375
Ord_3356,Prod_6,SHP_4652,70.13,0.02,13,21.51,0.95,0.36,5.394615384615384,1.6546153846153848,0.07307692307692307,46.26739999999998
Ord_3356,Prod_16,SHP_4652,59.76,0.04,5,-10.34,3.37,0.57,11.952,-2.068,0.674,64.3396
Ord_4092,Prod_9,SHP_5704,248.92,0.01,42,-66.87,5.3,0.35,5.926666666666667,-1.5921428571428573,0.1261904761904762,308.00079999999997
Ord_4061,Prod_12,SHP_5664,220.45,0.1,36,101.4,0.5,0.39,6.123611111111111,2.816666666666667,0.013888888888888888,96.50499999999997
Ord_4079,Prod_1,SHP_5686,52.59,0.05,4,-30.39,8.6,0.57,13.1475,-7.5975,2.15,71.7505
Ord_4020,Prod_11,SHP_5595,6815.23,0.0,44,-196.07,39.25,0.75,154.8915909090909,-4.456136363636364,0.8920454545454546,6972.049999999999
Ord_4020,Prod_8,SHP_5594,162.58,0.0,31,-109.86,4.93,0.66,5.244516129032259,-3.5438709677419356,0.15903225806451612,267.51
Ord_3651,Prod_6,SHP_5060,1558.18,0.0,50,417.62,9.18,0.4,31.163600000000002,8.3524,0.18359999999999999,1131.38
Ord_3678,Prod_4,SHP_5098,6944.092,0.06,45,1820.95,13.99,0.57,154.31315555555554,40.465555555555554,0.3108888888888889,4692.50648
Ord_1803,Prod_5,SHP_2496,618.84,0.05,14,-200.84,34.2,0.73,44.20285714285715,-14.345714285714285,2.442857142857143,754.538
Ord_2015,Prod_7,SHP_2757,144.84,0.0,18,21.49,2.82,0.4,8.046666666666667,1.1938888888888888,0.15666666666666665,120.53000000000002
Ord_1983,Prod_4,SHP_2710,884.1275,0.06,9,-178.71,4.23,0.56,98.2363888888889,-19.85666666666667,0.47000000000000003,1005.5598500000001
Ord_2019,Prod_11,SHP_2762,3467.28,0.06,20,-433.29,29.21,0.76,173.364,-21.6645,1.4605000000000001,3663.3232000000003
Ord_2015,Prod_8,SHP_4131,209.12,0.05,34,-116.21,4.38,0.75,6.1505882352941175,-3.4179411764705883,0.1288235294117647,310.494
Ord_2281,Prod_1,SHP_3117,6863.95,0.1,41,1662.92,19.99,0.55,167.41341463414633,40.559024390243906,0.4875609756097561,4494.645
Ord_4237,Prod_12,SHP_5912,75.57,0.03,26,28.24,0.5,0.38,2.906538461538461,1.086153846153846,0.019230769230769232,44.5629
Ord_4287,Prod_4,SHP_5981,4097.1445,0.1,26,501.54,8.99,0.56,157.58248076923078,19.29,0.3457692307692308,3176.9000500000006
Ord_5380,Prod_7,SHP_7514,151.19,0.06,33,-13.45,0.7,0.85,4.581515151515151,-0.40757575757575754,0.02121212121212121,154.8686
Ord_5380,Prod_13,SHP_7513,2072.12,0.04,49,365.23,8.99,0.59,42.28816326530612,7.4536734693877555,0.18346938775510205,1615.0151999999998
Ord_5420,Prod_6,SHP_7569,10.17,0.02,1,-4.09,2.04,0.36,10.17,-4.09,2.04,12.0166
Ord_5394,Prod_12,SHP_7533,21.99,0.02,8,4.63,0.5,0.39,2.74875,0.57875,0.0625,16.420199999999998
Ord_5394,Prod_5,SHP_7532,31.18,0.0,4,-17.16,5.22,0.6,7.795,-4.29,1.305,43.120000000000005
Ord_5420,Prod_13,SHP_7570,23.58,0.09,4,-2.87,0.83,0.49,5.895,-0.7175,0.2075,23.4978
Ord_1615,Prod_6,SHP_2232,29.24,0.01,4,-1.73,1.6,0.38,7.31,-0.4325,0.4,29.077599999999997
Ord_1608,Prod_13,SHP_2221,154.0,0.08,35,-7.08,1.93,0.52,4.4,-0.2022857142857143,0.05514285714285714,146.83
Ord_1455,Prod_2,SHP_2010,66.63,0.0,5,-16.92,4.98,0.58,13.325999999999999,-3.3840000000000003,0.9960000000000001,78.57
Ord_1464,Prod_6,SHP_2024,125.8,0.03,18,-35.98,5.87,0.37,6.988888888888889,-1.9988888888888887,0.32611111111111113,152.136
Ord_1552,Prod_8,SHP_2146,931.08,0.1,32,269.6,1.99,0.5,29.09625,8.425,0.0621875,566.382
Ord_1545,Prod_11,SHP_2137,4201.47,0.04,19,199.25,52.2,0.64,221.13000000000002,10.486842105263158,2.7473684210526317,3781.9612000000006
Ord_1464,Prod_8,SHP_2022,1760.35,0.01,48,-17.08,7.53,0.76,36.67395833333333,-0.3558333333333333,0.15687500000000001,1752.2965
Ord_1545,Prod_13,SHP_2138,55.66,0.08,17,-21.4,2.31,0.56,3.2741176470588234,-1.2588235294117647,0.13588235294117648,70.2972
Ord_1464,Prod_6,SHP_2023,1436.94,0.0,37,639.66,5.08,0.38,38.836216216216215,17.28810810810811,0.1372972972972973,792.2000000000002
Ord_1464,Prod_4,SHP_2023,5797.68,0.04,35,1366.57,4.2,0.59,165.648,39.04485714285714,0.12000000000000001,4195.002800000001
Ord_1582,Prod_10,SHP_2187,3970.33,0.02,27,-229.79,53.48,0.65,147.04925925925926,-8.51074074074074,1.9807407407407407,4067.2334
Ord_1498,Prod_13,SHP_2069,48.01,0.1,21,-6.85,1.12,0.58,2.286190476190476,-0.3261904761904762,0.05333333333333334,48.939
Ord_4049,Prod_17,SHP_5643,173.44,0.02,9,-34.63,8.51,0.4,19.27111111111111,-3.847777777777778,0.9455555555555555,196.09120000000001
Ord_4049,Prod_3,SHP_5642,425.67,0.03,14,166.57,1.49,0.38,30.405,11.897857142857143,0.10642857142857143,244.8399
Ord_4037,Prod_13,SHP_5622,33.41,0.09,5,-3.48,1.5,0.48,6.6819999999999995,-0.696,0.3,32.3831
Ord_4032,Prod_6,SHP_5614,195.61,0.0,23,-17.02,5.83,0.36,8.504782608695653,-0.74,0.2534782608695652,206.8
Ord_4036,Prod_4,SHP_5620,1950.036,0.03,34,361.89,8.99,0.56,57.354,10.643823529411764,0.26441176470588235,1520.65492
Ord_4024,Prod_6,SHP_5600,131.71,0.1,20,-44.0,5.74,0.37,6.585500000000001,-2.2,0.28700000000000003,156.799
Ord_4037,Prod_5,SHP_5621,265.38,0.04,43,-107.59,5.22,0.6,6.171627906976744,-2.502093023255814,0.1213953488372093,357.13480000000004
Ord_4037,Prod_10,SHP_5623,7157.16,0.09,28,1150.33,41.91,0.59,255.61285714285714,41.083214285714284,1.4967857142857142,5320.7756
Ord_4016,Prod_7,SHP_5590,89.71,0.04,35,20.71,0.8,0.39,2.563142857142857,0.5917142857142857,0.022857142857142857,64.61160000000001
Ord_4027,Prod_6,SHP_5606,106.1,0.09,15,-65.67,8.19,0.37,7.073333333333333,-4.378,0.5459999999999999,154.031
Ord_4045,Prod_3,SHP_5635,55.97,0.09,4,-19.34,7.17,0.38,13.9925,-4.835,1.7925,63.1027
Ord_4045,Prod_8,SHP_5636,174.72,0.06,9,-63.48,4.0,0.68,19.413333333333334,-7.053333333333333,0.4444444444444444,223.71679999999998
Ord_4045,Prod_5,SHP_5637,2271.37,0.09,48,528.11,10.25,0.57,47.32020833333333,11.002291666666666,0.21354166666666666,1528.5866999999998
Ord_4884,Prod_4,SHP_6814,7928.562,0.08,46,2229.48,5.0,0.59,172.36004347826088,48.46695652173913,0.10869565217391304,5059.7970399999995
Ord_4864,Prod_4,SHP_6787,7164.7435,0.07,44,1609.29,5.99,0.59,162.83507954545453,36.57477272727272,0.13613636363636364,5047.931455
Ord_4877,Prod_2,SHP_6805,359.65,0.01,24,-11.15,6.75,0.52,14.985416666666666,-0.46458333333333335,0.28125,360.45349999999996
Ord_4887,Prod_6,SHP_6818,878.75,0.07,48,70.46,9.03,0.37,18.307291666666668,1.4679166666666665,0.188125,737.7475
Ord_4864,Prod_16,SHP_6786,114.53,0.07,21,-39.23,3.6,0.56,5.453809523809523,-1.868095238095238,0.17142857142857143,142.1429
Ord_4905,Prod_16,SHP_6842,348.92,0.06,31,28.47,3.37,0.57,11.255483870967742,0.9183870967741935,0.10870967741935485,296.14480000000003
Ord_3192,Prod_17,SHP_4428,5369.46,0.0,50,1370.26,19.99,0.52,107.3892,27.4052,0.3998,3979.21
Ord_2167,Prod_6,SHP_4411,56.91,0.01,10,7.5,2.04,0.36,5.691,0.75,0.20400000000000001,46.8009
Ord_3192,Prod_1,SHP_4428,1439.96,0.02,41,182.46,8.74,0.61,35.1209756097561,4.450243902439024,0.21317073170731707,1219.9608
Ord_2156,Prod_13,SHP_2940,1243.88,0.1,43,22.71,8.99,0.58,28.92744186046512,0.5281395348837209,0.20906976744186048,1087.7920000000001
Ord_2167,Prod_4,SHP_2954,653.786,0.09,12,-83.47,5.31,0.57,54.482166666666664,-6.9558333333333335,0.44249999999999995,673.10526
Ord_2168,Prod_11,SHP_2955,5288.89,0.0,22,547.04,32.48,0.68,240.4040909090909,24.865454545454543,1.4763636363636363,4709.370000000001
Ord_1836,Prod_8,SHP_2530,453.87,0.08,30,76.59,4.0,0.37,15.129,2.553,0.13333333333333333,336.97040000000004
Ord_1859,Prod_5,SHP_2553,2860.19,0.04,28,458.4,10.12,0.79,102.14964285714287,16.37142857142857,0.3614285714285714,2277.2624
Ord_2316,Prod_13,SHP_3173,166.13,0.0,48,-119.16,3.97,0.56,3.4610416666666666,-2.4825,0.08270833333333334,281.32
Ord_4457,Prod_8,SHP_6209,170.7,0.0,24,-37.88,2.74,0.71,7.1125,-1.5783333333333334,0.11416666666666668,205.83999999999997
Ord_4404,Prod_13,SHP_6140,541.45,0.0,43,-164.25,8.99,0.59,12.59186046511628,-3.8197674418604652,0.20906976744186048,696.71
Ord_4457,Prod_11,SHP_6210,1839.448,0.07,21,-742.88,69.0,0.63,87.59276190476191,-35.375238095238096,3.2857142857142856,2384.56664
Ord_4818,Prod_2,SHP_6714,1803.12,0.0,41,544.93,5.33,0.57,43.97853658536585,13.290975609756096,0.13,1252.8600000000001
Ord_4747,Prod_13,SHP_6620,148.26,0.04,47,49.04,0.81,0.4,3.154468085106383,1.043404255319149,0.01723404255319149,92.4796
Ord_4747,Prod_6,SHP_6619,238.79,0.04,48,-83.78,4.72,0.36,4.9747916666666665,-1.7454166666666666,0.09833333333333333,308.2984
Ord_4566,Prod_8,SHP_6353,676.69,0.09,21,138.1,1.99,0.43,32.223333333333336,6.576190476190476,0.09476190476190476,475.6979
Ord_4412,Prod_8,SHP_6149,268.55,0.1,36,-99.02,2.83,0.77,7.459722222222222,-2.7505555555555556,0.07861111111111112,337.885
Ord_4692,Prod_15,SHP_6548,2130.31,0.08,35,-319.26,32.41,0.56,60.866,-9.121714285714285,0.9259999999999999,2246.7352
Ord_4715,Prod_13,SHP_6580,36.26,0.08,10,-28.37,3.97,0.56,3.626,-2.837,0.397,57.75920000000001
Ord_4811,Prod_3,SHP_6705,167.5,0.04,34,-84.42,4.95,0.37,4.926470588235294,-2.482941176470588,0.14558823529411766,240.27000000000004
Ord_4715,Prod_4,SHP_6581,893.1375,0.0,50,11.0,1.25,0.83,17.862750000000002,0.22,0.025,880.8875
Ord_1827,Prod_6,SHP_2521,114.55,0.05,11,28.61,2.06,0.39,10.413636363636364,2.600909090909091,0.18727272727272729,78.15249999999999
Ord_1848,Prod_13,SHP_2542,8.87,0.09,4,-5.14,1.63,0.46,2.2175,-1.285,0.4075,11.5817
Ord_1848,Prod_4,SHP_2542,720.613,0.07,43,329.68,0.99,0.37,16.75844186046512,7.666976744186047,0.023023255813953487,339.50009000000006
Ord_1886,Prod_17,SHP_2725,879.54,0.09,40,166.93,6.3,0.38,21.9885,4.17325,0.1575,627.1514
Ord_1827,Prod_2,SHP_2641,3645.12,0.04,36,807.29,15.66,0.57,101.25333333333333,22.424722222222222,0.435,2676.3652
Ord_1851,Prod_5,SHP_6556,332.38,0.05,19,89.95,5.03,0.54,17.493684210526315,4.734210526315789,0.26473684210526316,220.781
Ord_1851,Prod_3,SHP_2545,119.51,0.06,17,-51.3,6.05,0.39,7.03,-3.0176470588235293,0.3558823529411765,157.5894
Ord_4819,Prod_9,SHP_6715,453.89,0.1,27,-75.06,12.39,0.35,16.81074074074074,-2.7800000000000002,0.4588888888888889,471.171
Ord_4819,Prod_3,SHP_6715,110.14,0.05,26,-89.22,5.41,0.35,4.236153846153846,-3.4315384615384614,0.20807692307692308,188.44299999999998
Ord_4778,Prod_3,SHP_6662,238.06,0.05,21,56.43,2.99,0.38,11.336190476190476,2.6871428571428573,0.14238095238095239,166.737
Ord_1819,Prod_13,SHP_2512,87.44,0.06,49,1.33,0.7,0.56,1.7844897959183672,0.027142857142857146,0.014285714285714285,80.1636
Ord_1819,Prod_1,SHP_2513,1318.49,0.02,50,4.69,8.79,0.66,26.3698,0.09380000000000001,0.17579999999999998,1278.6402
Ord_1851,Prod_9,SHP_2545,502.8,0.0,15,-19.1,19.51,0.36,33.52,-1.2733333333333334,1.3006666666666669,502.39000000000004
Ord_1819,Prod_4,SHP_2760,129.7865,0.05,4,-116.51,5.99,0.38,32.446625,-29.1275,1.4975,233.81717500000002
Ord_2041,Prod_9,SHP_2791,64.09,0.02,4,3.72,1.39,0.38,16.0225,0.93,0.3475,57.69820000000001
Ord_1851,Prod_6,SHP_2545,85.03,0.05,18,-75.31,6.72,0.4,4.723888888888889,-4.183888888888889,0.3733333333333333,149.3685
Ord_2041,Prod_2,SHP_3023,981.26,0.09,16,-500.35,49.0,0.59,61.32875,-31.271875,3.0625,1344.2966000000001
Ord_2041,Prod_12,SHP_3023,36.41,0.09,14,9.94,0.5,0.39,2.6007142857142855,0.71,0.03571428571428571,22.6931
Ord_4428,Prod_3,SHP_6172,193.11,0.08,50,-263.76,7.01,0.37,3.8622,-5.2752,0.1402,434.4112
Ord_4416,Prod_13,SHP_6155,95.9,0.07,16,19.57,0.91,0.51,5.99375,1.223125,0.056875,68.70700000000002
Ord_4495,Prod_5,SHP_6258,1102.3,0.1,22,98.12,22.24,0.55,50.10454545454545,4.46,1.0109090909090908,871.7099999999999
Ord_4416,Prod_3,SHP_6156,162.28,0.02,46,-216.15,6.27,0.4,3.5278260869565217,-4.698913043478261,0.13630434782608694,368.9144
Ord_4416,Prod_2,SHP_6156,517.91,0.08,28,107.11,5.29,0.4,18.496785714285714,3.825357142857143,0.18892857142857142,364.07719999999995
Ord_1819,Prod_7,SHP_6345,11.89,0.06,9,-6.12,0.7,0.81,1.3211111111111111,-0.68,0.07777777777777778,16.596600000000002
Ord_4369,Prod_13,SHP_6091,1165.33,0.04,28,154.85,8.99,0.59,41.61892857142857,5.5303571428571425,0.32107142857142856,954.8767999999999
Ord_1484,Prod_8,SHP_2050,127.56,0.01,18,-57.11,4.07,0.66,7.086666666666667,-3.1727777777777777,0.22611111111111112,179.32440000000003
Ord_1364,Prod_2,SHP_1881,515.65,0.0,12,123.5,3.99,0.56,42.97083333333333,10.291666666666666,0.3325,388.15999999999997
Ord_1516,Prod_3,SHP_2093,38.56,0.07,20,-10.25,1.49,0.37,1.9280000000000002,-0.5125,0.0745,44.6208
Ord_1624,Prod_16,SHP_2243,452.15,0.06,42,25.79,3.37,0.57,10.765476190476189,0.6140476190476191,0.08023809523809525,395.86099999999993
Ord_1484,Prod_15,SHP_2049,2826.9,0.07,16,337.29,26.2,0.59,176.68125,21.080625,1.6375,2265.527
Ord_1622,Prod_2,SHP_2239,389.28,0.1,48,-37.43,3.5,0.58,8.11,-0.7797916666666667,0.07291666666666667,384.282
Ord_1624,Prod_3,SHP_2241,137.5,0.07,27,-64.24,4.95,0.37,5.092592592592593,-2.379259259259259,0.18333333333333335,187.165
Ord_1516,Prod_13,SHP_2094,764.32,0.02,35,-34.59,8.99,0.59,21.837714285714288,-0.9882857142857144,0.25685714285714284,774.6336000000001
Ord_1516,Prod_1,SHP_2093,2536.18,0.1,19,350.62,19.99,0.56,133.48315789473682,18.453684210526315,1.0521052631578947,1911.9520000000002
Ord_1484,Prod_15,SHP_2049,7834.77,0.04,37,297.79,64.2,0.59,211.75054054054056,8.048378378378379,1.7351351351351352,7159.3892000000005
Ord_1398,Prod_5,SHP_1929,1737.06,0.02,42,339.17,9.2,0.65,41.35857142857143,8.075476190476191,0.21904761904761902,1353.9488
Ord_428,Prod_6,SHP_572,119.03,0.06,13,29.62,2.01,0.39,9.156153846153845,2.2784615384615385,0.1546153846153846,80.25819999999999
Ord_394,Prod_5,SHP_528,742.21,0.03,50,122.21,5.3,0.46,14.8442,2.4442,0.106,592.4337
Ord_370,Prod_6,SHP_496,188.05,0.04,26,-21.41,5.16,0.37,7.232692307692308,-0.8234615384615385,0.19846153846153847,196.77800000000002
Ord_450,Prod_6,SHP_602,945.03,0.0,47,267.64,5.97,0.38,20.107021276595745,5.694468085106383,0.12702127659574466,671.42
Ord_428,Prod_5,SHP_573,1445.6,0.08,35,126.03,8.66,0.76,41.30285714285714,3.600857142857143,0.24742857142857144,1195.262
Ord_428,Prod_12,SHP_572,28.81,0.02,10,7.15,0.49,0.38,2.881,0.7150000000000001,0.049,20.5938
Ord_964,Prod_6,SHP_1333,201.09,0.08,30,-56.22,5.66,0.37,6.703,-1.8739999999999999,0.18866666666666668,235.5628
Ord_993,Prod_1,SHP_1374,2645.8,0.0,31,-684.78,35.0,0.83,85.3483870967742,-22.08967741935484,1.1290322580645162,3295.58
Ord_993,Prod_5,SHP_1373,1140.26,0.04,39,387.2,8.55,0.42,29.237435897435898,9.928205128205128,0.21923076923076926,698.8996
Ord_992,Prod_6,SHP_1371,282.98,0.06,45,-237.47,8.88,0.37,6.288444444444445,-5.277111111111111,0.19733333333333336,494.5912000000001
Ord_1014,Prod_5,SHP_1404,131.09,0.01,10,10.94,2.85,0.55,13.109,1.0939999999999999,0.28500000000000003,115.98910000000001
Ord_1014,Prod_6,SHP_1404,1817.9,0.06,33,700.31,10.75,0.36,55.08787878787879,21.22151515151515,0.32575757575757575,997.7660000000001
Ord_925,Prod_4,SHP_1280,381.1995,0.08,7,-233.56,8.99,0.58,54.45707142857143,-33.36571428571428,1.2842857142857143,575.2735399999999
Ord_5075,Prod_3,SHP_7088,2753.07,0.07,42,551.34,19.99,0.4,65.54928571428572,13.127142857142857,0.4759523809523809,1989.0251000000003
Ord_5082,Prod_5,SHP_7095,93.73,0.03,6,51.14,5.3,0.46,15.621666666666668,8.523333333333333,0.8833333333333333,34.47810000000001
Ord_5069,Prod_3,SHP_7078,390.46,0.02,50,-171.17,7.72,0.38,7.8092,-3.4233999999999996,0.15439999999999998,546.1007999999999
Ord_5071,Prod_3,SHP_7080,211.86,0.01,34,-239.32,9.92,0.38,6.2311764705882355,-7.038823529411765,0.2917647058823529,439.14140000000003
Ord_5069,Prod_7,SHP_7078,113.43,0.02,43,24.27,1.02,0.38,2.637906976744186,0.5644186046511628,0.02372093023255814,85.87140000000001
Ord_727,Prod_10,SHP_7074,3645.45,0.04,30,-765.5,56.7,0.68,121.515,-25.516666666666666,1.8900000000000001,4208.432
Ord_5071,Prod_6,SHP_7081,355.03,0.0,50,-33.31,5.11,0.37,7.100599999999999,-0.6662,0.10220000000000001,383.22999999999996
Ord_727,Prod_8,SHP_992,302.05,0.0,9,-58.81,6.5,0.64,33.56111111111111,-6.5344444444444445,0.7222222222222222,354.36
Ord_5265,Prod_2,SHP_7349,174.64,0.04,40,-143.23,5.15,0.59,4.366,-3.5807499999999997,0.12875,305.73439999999994
Ord_5255,Prod_3,SHP_7338,193.79,0.02,23,-117.16,8.94,0.4,8.425652173913043,-5.093913043478261,0.388695652173913,298.13419999999996
Ord_682,Prod_6,SHP_932,48.77,0.0,6,5.95,1.71,0.4,8.128333333333334,0.9916666666666667,0.285,41.11
Ord_682,Prod_13,SHP_933,26.5,0.01,5,2.61,1.2,0.44,5.3,0.522,0.24,22.425
Ord_682,Prod_8,SHP_932,159.24,0.09,19,8.3,1.99,0.49,8.381052631578948,0.4368421052631579,0.10473684210526316,134.61839999999998
Ord_2448,Prod_1,SHP_3358,454.58,0.07,31,-118.75,8.78,0.57,14.663870967741936,-3.8306451612903225,0.2832258064516129,532.7293999999999
Ord_2455,Prod_15,SHP_3366,1794.03,0.05,35,196.21,14.19,0.56,51.258,5.606,0.4054285714285714,1493.9285
Ord_2362,Prod_5,SHP_3244,1644.22,0.05,36,563.09,6.77,0.44,45.67277777777778,15.64138888888889,0.18805555555555553,992.149
Ord_1249,Prod_3,SHP_1725,611.71,0.02,18,93.23,12.62,0.37,33.98388888888889,5.179444444444445,0.701111111111111,493.6258
Ord_1281,Prod_10,SHP_1767,1823.04,0.09,27,-190.78,26.74,0.6,67.52,-7.065925925925926,0.9903703703703703,1823.0064
Ord_1260,Prod_9,SHP_1741,211.88,0.1,14,78.45,1.39,0.38,15.134285714285713,5.603571428571429,0.09928571428571428,110.85200000000002
Ord_1281,Prod_6,SHP_4169,675.23,0.1,15,204.08,7.23,0.37,45.01533333333334,13.605333333333334,0.48200000000000004,396.39699999999993
Ord_4238,Prod_9,SHP_5913,108.09,0.07,20,25.76,1.39,0.38,5.4045000000000005,1.288,0.06949999999999999,73.3737
Ord_4301,Prod_8,SHP_6003,137.54,0.08,4,-138.84,7.53,0.76,34.385,-34.71,1.8825,257.84680000000003
Ord_4309,Prod_9,SHP_6013,116.55,0.09,20,-39.67,5.3,0.35,5.8275,-1.9835,0.265,140.4305
Ord_4305,Prod_6,SHP_6009,115.34,0.02,16,13.83,3.1,0.36,7.20875,0.864375,0.19375,96.10320000000002
Ord_4306,Prod_1,SHP_6010,279.4,0.1,27,-92.25,6.91,0.58,10.348148148148148,-3.4166666666666665,0.25592592592592595,336.79999999999995
Ord_4321,Prod_17,SHP_6026,525.77,0.08,43,34.63,5.99,0.36,12.227209302325582,0.8053488372093024,0.13930232558139535,443.0884
Ord_1522,Prod_11,SHP_2103,2062.75,0.01,32,559.59,19.99,0.63,64.4609375,17.4871875,0.6246875,1462.5425
Ord_1664,Prod_5,SHP_2300,12635.75,0.07,48,-335.24,35.0,0.6,263.2447916666667,-6.984166666666667,0.7291666666666666,12051.4875
Ord_1522,Prod_10,SHP_2102,71.57,0.02,13,-30.69,4.95,0.65,5.505384615384615,-2.3607692307692307,0.3807692307692308,95.87859999999999
Ord_1396,Prod_5,SHP_1927,75.19,0.06,22,-59.12,3.97,0.58,3.4177272727272725,-2.687272727272727,0.18045454545454545,125.8286
Ord_1664,Prod_11,SHP_2298,240.3,0.08,49,-139.16,5.68,0.7,4.904081632653061,-2.84,0.11591836734693876,354.55600000000004
Ord_1664,Prod_4,SHP_2300,2750.107,0.04,25,667.45,5.26,0.55,110.00428,26.698,0.2104,1967.3927199999996
Ord_1664,Prod_15,SHP_2298,78.08,0.08,43,1.74,0.75,0.58,1.8158139534883722,0.04046511627906977,0.01744186046511628,69.34360000000001
Ord_1610,Prod_5,SHP_2224,88.06,0.04,12,-69.05,9.68,0.44,7.338333333333334,-5.754166666666666,0.8066666666666666,143.9076
Ord_1560,Prod_5,SHP_2155,43.37,0.02,13,9.53,0.99,0.48,3.336153846153846,0.7330769230769231,0.07615384615384616,31.982599999999998
Ord_1341,Prod_5,SHP_1844,1002.77,0.07,21,295.6,10.25,0.57,47.75095238095238,14.076190476190478,0.4880952380952381,626.7261
Ord_1667,Prod_8,SHP_2304,294.48,0.08,37,-64.24,3.62,0.61,7.958918918918919,-1.736216216216216,0.09783783783783784,331.5416
Ord_1618,Prod_5,SHP_2235,730.51,0.08,29,217.57,5.58,0.62,25.19,7.5024137931034485,0.19241379310344828,448.9192
Ord_1610,Prod_8,SHP_2224,183.33,0.05,30,-106.54,4.38,0.75,6.111000000000001,-3.5513333333333335,0.146,276.3235
Ord_1341,Prod_5,SHP_1844,178.14,0.01,17,56.3,2.06,0.46,10.478823529411764,3.3117647058823527,0.1211764705882353,117.9986
Ord_1560,Prod_15,SHP_2155,870.75,0.09,35,100.5,5.3,,24.87857142857143,2.8714285714285714,0.1514285714285714,686.5825000000001
Ord_1524,Prod_10,SHP_2106,4581.54,0.05,34,-614.37,54.74,0.69,134.75117647058823,-18.06970588235294,1.61,4912.093
Ord_1630,Prod_15,SHP_2250,812.06,0.0,19,220.07,10.55,0.61,42.739999999999995,11.582631578947368,0.5552631578947369,581.44
Ord_1511,Prod_8,SHP_2087,1507.16,0.02,50,724.14,1.99,0.4,30.1432,14.4828,0.0398,750.8868000000001
Ord_1482,Prod_8,SHP_2045,845.7,0.02,20,221.6,1.99,0.54,42.285000000000004,11.08,0.0995,605.196
Ord_1362,Prod_15,SHP_1874,10341.47,0.03,48,865.02,68.02,0.57,215.44729166666664,18.02125,1.4170833333333333,9098.185899999999
Ord_1482,Prod_11,SHP_2046,64.43,0.07,36,-18.64,1.49,0.66,1.7897222222222224,-0.5177777777777778,0.04138888888888889,77.0699
Ord_1362,Prod_15,SHP_1875,55.21,0.08,2,-45.3,8.79,0.56,27.605,-22.65,4.395,87.3032
Ord_1349,Prod_10,SHP_1855,1735.94,0.1,13,-432.54,53.48,0.65,133.53384615384616,-33.27230769230769,4.113846153846153,1941.406
Ord_1482,Prod_5,SHP_2046,467.0,0.04,25,69.97,8.99,0.47,18.68,2.7988,0.35960000000000003,369.36
Ord_1362,Prod_5,SHP_1876,38.3,0.01,9,-42.49,6.27,0.55,4.2555555555555555,-4.721111111111111,0.6966666666666667,74.137
Ord_1605,Prod_5,SHP_2218,53.34,0.04,32,-4.68,0.7,0.68,1.666875,-0.14625,0.021875,55.1864
Ord_1352,Prod_15,SHP_1860,1210.02,0.06,48,-279.44,14.36,0.6,25.20875,-5.821666666666666,0.29916666666666664,1402.4988
Ord_1358,Prod_8,SHP_1868,165.37,0.06,26,-80.11,4.07,0.66,6.360384615384616,-3.081153846153846,0.15653846153846154,231.4878
Ord_1633,Prod_10,SHP_2253,261.16,0.07,39,-220.3,9.68,0.56,6.696410256410257,-5.648717948717949,0.2482051282051282,453.4988
Ord_1358,Prod_5,SHP_1869,1785.74,0.03,38,739.48,7.23,0.41,46.99315789473684,19.46,0.19026315789473686,985.4577999999999
Ord_1633,Prod_15,SHP_2254,155.22,0.07,47,23.34,1.35,0.55,3.3025531914893618,0.49659574468085105,0.028723404255319152,119.66460000000001
Ord_1561,Prod_5,SHP_2156,61.22,0.06,29,-76.88,4.08,0.53,2.1110344827586207,-2.6510344827586207,0.1406896551724138,130.3468
Ord_2191,Prod_5,SHP_2987,203.49,0.0,33,46.21,1.2,0.74,6.166363636363637,1.4003030303030304,0.03636363636363636,156.08
Ord_4488,Prod_5,SHP_6248,149.51,0.02,8,-31.11,12.39,0.61,18.68875,-3.88875,1.54875,165.2398
Ord_4544,Prod_11,SHP_6325,17.43,0.02,6,2.45,0.5,0.71,2.905,0.4083333333333334,0.08333333333333333,14.1314
Ord_4486,Prod_5,SHP_6246,2305.75,0.03,20,-530.68,35.0,0.6,115.2875,-26.534,1.75,2732.2574999999997
Ord_926,Prod_1,SHP_7076,1078.98,0.02,47,-1637.52,45.0,0.61,22.957021276595746,-34.84085106382979,0.9574468085106383,2649.9204
Ord_5063,Prod_4,SHP_7069,650.1395,0.0,34,22.57,1.25,0.83,19.12175,0.6638235294117647,0.03676470588235294,626.3195
Ord_5064,Prod_3,SHP_7070,572.74,0.0,38,53.31,7.17,0.38,15.072105263157894,1.4028947368421054,0.1886842105263158,512.26
Ord_926,Prod_12,SHP_1281,135.2,0.02,32,59.4,0.5,0.39,4.225,1.85625,0.015625,72.59599999999998
Ord_5023,Prod_17,SHP_7009,1900.47,0.0,22,202.73,30.06,0.4,86.385,9.215,1.3663636363636362,1667.68
Ord_5023,Prod_6,SHP_7010,205.52,0.09,33,-118.55,7.03,0.37,6.2278787878787885,-3.5924242424242423,0.21303030303030304,298.5432
Ord_5010,Prod_6,SHP_6990,102.04,0.05,14,-47.67,7.37,0.37,7.288571428571429,-3.4050000000000002,0.5264285714285715,137.238
Ord_4992,Prod_7,SHP_6968,44.85,0.02,38,-0.49,0.7,0.38,1.180263157894737,-0.012894736842105263,0.018421052631578946,43.743
Ord_4983,Prod_5,SHP_6955,1103.73,0.0,45,189.28,7.58,0.51,24.527333333333335,4.206222222222222,0.16844444444444445,906.8700000000001
Ord_5022,Prod_5,SHP_7007,2650.77,0.08,39,-824.43,37.58,0.78,67.96846153846154,-21.139230769230767,0.9635897435897436,3225.5584
Ord_1385,Prod_1,SHP_1912,847.82,0.05,38,-1348.5,45.0,0.61,22.31105263157895,-35.48684210526316,1.1842105263157894,2108.929
Ord_1384,Prod_13,SHP_1910,63.14,0.06,19,-53.75,3.97,0.56,3.323157894736842,-2.8289473684210527,0.20894736842105263,109.13159999999999
Ord_1423,Prod_4,SHP_1967,279.327,0.05,16,75.21,0.99,0.37,17.4579375,4.700625,0.061875,189.16065000000003
Ord_1384,Prod_5,SHP_1909,199.12,0.01,24,73.33,0.96,0.43,8.296666666666667,3.0554166666666664,0.04,122.8388
Ord_1356,Prod_8,SHP_1865,1082.43,0.06,23,23.97,3.61,0.71,47.06217391304348,1.0421739130434782,0.15695652173913044,989.9042000000001
Ord_1385,Prod_6,SHP_1911,268.94,0.02,39,-87.52,6.41,0.37,6.895897435897436,-2.244102564102564,0.16435897435897437,344.67119999999994
Ord_3393,Prod_1,SHP_4704,565.01,0.1,44,-10.33,4.51,0.59,12.841136363636364,-0.23477272727272727,0.1025,514.3290000000001
Ord_2852,Prod_12,SHP_3925,493.26,0.02,39,263.4,0.49,0.38,12.647692307692308,6.753846153846153,0.012564102564102564,219.5048
Ord_2833,Prod_7,SHP_3895,234.2,0.09,42,56.22,1.82,0.35,5.576190476190476,1.3385714285714285,0.043333333333333335,155.082
Ord_2852,Prod_6,SHP_3926,192.15,0.07,37,37.31,2.04,0.36,5.193243243243243,1.0083783783783784,0.055135135135135134,139.3495
Ord_1960,Prod_12,SHP_2812,88.4,0.08,19,35.5,0.5,0.36,4.652631578947369,1.868421052631579,0.02631578947368421,45.328
Ord_1960,Prod_3,SHP_2683,259.83,0.0,40,80.73,1.49,0.39,6.495749999999999,2.01825,0.03725,177.60999999999996
Ord_2308,Prod_13,SHP_3164,44.89,0.09,23,-17.13,1.63,0.46,1.9517391304347826,-0.7447826086956522,0.0708695652173913,56.34989999999999
Ord_4467,Prod_5,SHP_6223,1340.93,0.09,36,154.16,9.2,0.65,37.24805555555556,4.282222222222222,0.25555555555555554,1056.8863
Ord_4583,Prod_3,SHP_6377,94.52,0.06,12,-36.23,6.28,0.4,7.876666666666666,-3.0191666666666666,0.5233333333333333,118.7988
Ord_4478,Prod_7,SHP_6237,48.41,0.06,42,-1.46,0.7,0.38,1.1526190476190474,-0.03476190476190476,0.016666666666666666,46.26539999999999
Ord_3680,Prod_4,SHP_5102,3100.1115,0.02,22,567.37,8.08,0.6,140.9141590909091,25.789545454545454,0.36727272727272725,2462.65927
Ord_3644,Prod_6,SHP_5047,88.84,0.08,18,-38.35,4.72,0.36,4.935555555555556,-2.1305555555555555,0.2622222222222222,115.3628
Ord_3669,Prod_4,SHP_5086,606.3985,0.09,20,126.13,5.99,0.38,30.319925,6.3065,0.2995,419.702635
Ord_3679,Prod_6,SHP_5099,66.83,0.02,12,-24.31,5.17,0.4,5.569166666666667,-2.0258333333333334,0.43083333333333335,84.6334
Ord_3660,Prod_13,SHP_5073,71.39,0.09,27,-39.33,2.4,0.58,2.6440740740740742,-1.4566666666666666,0.08888888888888889,101.8949
Ord_3680,Prod_8,SHP_5101,273.14,0.02,40,-96.9,4.07,0.66,6.8285,-2.4225000000000003,0.10175000000000001,360.5072
Ord_3681,Prod_8,SHP_5103,57.35,0.06,7,-28.55,1.99,0.52,8.192857142857143,-4.078571428571428,0.2842857142857143,80.469
Ord_3681,Prod_13,SHP_5104,371.45,0.01,10,17.73,7.73,0.59,37.144999999999996,1.7730000000000001,0.773,342.27549999999997
Ord_3679,Prod_4,SHP_5100,1407.515,0.0,43,657.45,3.3,0.39,32.73290697674419,15.28953488372093,0.07674418604651162,746.7650000000001
Ord_3019,Prod_15,SHP_4379,2555.37,0.08,28,-824.91,58.2,0.58,91.26321428571428,-29.461071428571426,2.0785714285714287,3117.6504
Ord_3130,Prod_6,SHP_4343,227.37,0.0,40,-92.07,5.61,0.4,5.6842500000000005,-2.3017499999999997,0.14025,313.83
Ord_3019,Prod_6,SHP_4185,1447.62,0.07,31,576.39,7.23,0.37,46.69741935483871,18.593225806451613,0.23322580645161292,762.6665999999999
Ord_3032,Prod_11,SHP_4209,9141.64,0.04,40,-528.65,69.64,0.72,228.541,-13.216249999999999,1.741,9234.9844
Ord_3026,Prod_1,SHP_4198,2118.26,0.01,33,554.22,9.71,0.57,64.18969696969698,16.794545454545457,0.29424242424242425,1533.1474
Ord_3032,Prod_6,SHP_4208,49.81,0.05,6,-16.95,5.83,0.36,8.301666666666668,-2.8249999999999997,0.9716666666666667,58.43950000000001
Ord_1660,Prod_6,SHP_2292,748.84,0.09,14,286.7,4.86,0.36,53.48857142857143,20.478571428571428,0.34714285714285714,389.8844000000001
Ord_1660,Prod_9,SHP_2291,514.53,0.04,21,149.31,6.71,0.35,24.50142857142857,7.11,0.31952380952380954,337.92879999999997
Ord_1497,Prod_3,SHP_2068,121.19,0.09,30,-152.13,7.01,0.37,4.039666666666666,-5.071,0.23366666666666666,255.4029
Ord_1660,Prod_1,SHP_2293,1497.93,0.05,9,35.31,19.99,0.66,166.43666666666667,3.923333333333334,2.221111111111111,1367.7335
Ord_1483,Prod_6,SHP_2047,37.8,0.06,7,-18.31,4.7,0.38,5.3999999999999995,-2.6157142857142857,0.6714285714285715,49.141999999999996
Ord_1650,Prod_3,SHP_2279,670.02,0.07,34,278.58,1.49,0.35,19.706470588235295,8.193529411764706,0.043823529411764706,343.0486
Ord_1402,Prod_1,SHP_1934,236.45,0.06,32,-259.02,9.69,0.83,7.3890625,-8.094375,0.3028125,471.59299999999996
Ord_1439,Prod_5,SHP_1990,3351.55,0.04,37,-1036.92,56.2,0.74,90.58243243243244,-28.024864864864867,1.518918918918919,4198.2080000000005
Ord_1368,Prod_12,SHP_1885,66.19,0.02,22,15.84,0.99,0.36,3.0086363636363633,0.72,0.045,48.036199999999994
Ord_1547,Prod_3,SHP_2141,1980.37,0.03,47,904.83,2.99,0.36,42.13553191489361,19.251702127659577,0.06361702127659576,1013.1388999999998
Ord_1483,Prod_13,SHP_2048,183.28,0.04,30,33.88,1.17,0.56,6.109333333333334,1.1293333333333335,0.039,140.89880000000002
Ord_1547,Prod_2,SHP_2141,642.66,0.05,13,-82.35,19.99,0.57,49.43538461538461,-6.334615384615384,1.5376923076923075,672.887
Ord_2066,Prod_5,SHP_2827,628.22,0.0,41,163.81,5.0,0.49,15.322439024390244,3.995365853658537,0.12195121951219512,459.41
Ord_2084,Prod_3,SHP_2848,2926.33,0.09,47,499.27,19.99,0.4,62.26234042553191,10.622765957446807,0.4253191489361702,2143.7003
Ord_2084,Prod_8,SHP_2849,552.87,0.01,20,-64.82,5.89,0.75,27.6435,-3.2409999999999997,0.2945,606.2713000000001
Ord_2084,Prod_5,SHP_2850,26.33,0.05,12,-33.61,4.86,0.41,2.1941666666666664,-2.8008333333333333,0.405,53.76349999999999
Ord_2084,Prod_3,SHP_2848,40.05,0.1,20,-10.22,1.49,0.36,2.0025,-0.511,0.0745,44.77499999999999
Ord_2066,Prod_11,SHP_2828,3366.1,0.07,24,-335.32,52.42,0.74,140.25416666666666,-13.971666666666666,2.1841666666666666,3413.373
Ord_1368,Prod_8,SHP_2873,1100.21,0.03,50,433.59,1.99,0.43,22.0042,8.6718,0.0398,631.6237000000001
Ord_4792,Prod_16,SHP_6680,191.79,0.1,24,-6.34,2.64,0.59,7.99125,-0.26416666666666666,0.11,176.311
Ord_4792,Prod_3,SHP_6679,290.01,0.03,34,-160.28,8.94,0.4,8.52970588235294,-4.714117647058823,0.26294117647058823,432.64970000000005
Ord_4792,Prod_1,SHP_6679,292.38,0.05,8,6.11,6.31,0.58,36.5475,0.76375,0.78875,265.34099999999995
Ord_4612,Prod_6,SHP_6417,129.27,0.07,20,-105.15,8.74,0.36,6.463500000000001,-5.2575,0.437,216.6311
Ord_4805,Prod_6,SHP_6697,206.47,0.08,39,-107.2,5.66,0.4,5.294102564102564,-2.7487179487179487,0.14512820512820512,291.49240000000003
Ord_4517,Prod_4,SHP_6287,1756.593,0.09,33,298.21,5.63,0.56,53.23009090909091,9.036666666666665,0.1706060606060606,1294.6596299999999
Ord_4595,Prod_3,SHP_6391,98.64,0.03,45,-9.36,1.49,0.38,2.192,-0.208,0.03311111111111111,103.55080000000001
Ord_4595,Prod_9,SHP_6390,1500.84,0.1,46,91.56,14.72,0.4,32.62695652173913,1.9904347826086957,0.32,1244.4759999999999
Ord_4441,Prod_10,SHP_6187,3081.33,0.08,31,-1341.11,57.38,0.78,99.39774193548386,-43.2616129032258,1.850967741935484,4118.553599999999
Ord_4589,Prod_8,SHP_6384,507.66,0.1,34,106.71,4.0,0.37,14.931176470588236,3.1385294117647056,0.11764705882352941,346.184
Ord_4441,Prod_2,SHP_6188,1692.56,0.04,42,275.5,7.2,0.6,40.29904761904762,6.559523809523809,0.17142857142857143,1342.1576
Ord_4443,Prod_10,SHP_6191,2494.69,0.09,46,-937.06,36.61,0.61,54.23239130434783,-20.37086956521739,0.7958695652173913,3170.6178999999997
Ord_4810,Prod_8,SHP_6704,620.45,0.09,36,171.94,1.99,0.46,17.234722222222224,4.776111111111111,0.05527777777777778,390.6795
Ord_4810,Prod_17,SHP_6703,2052.83,0.02,48,395.85,8.97,0.54,42.767291666666665,8.246875000000001,0.186875,1606.9533999999999
Ord_4637,Prod_1,SHP_6457,6176.29,0.04,37,1499.94,19.99,0.59,166.92675675675676,40.538918918918924,0.5402702702702702,4409.3084
Ord_1928,Prod_8,SHP_2642,934.07,0.07,23,-7.5,10.25,0.55,40.611739130434785,-0.32608695652173914,0.44565217391304346,865.9351
Ord_2002,Prod_7,SHP_2735,65.16,0.03,29,-7.04,1.38,0.44,2.246896551724138,-0.24275862068965517,0.04758620689655172,68.8652
Ord_1928,Prod_11,SHP_4145,121.624,0.0,8,11.65,27.75,0.76,15.203,1.45625,3.46875,82.22399999999999
Ord_2214,Prod_8,SHP_4140,362.75,0.08,44,-54.47,2.38,0.74,8.244318181818182,-1.2379545454545455,0.054090909090909085,385.82000000000005
Ord_2214,Prod_6,SHP_3013,155.86,0.09,29,-152.59,8.16,0.4,5.37448275862069,-5.261724137931035,0.2813793103448276,286.2626
Ord_2002,Prod_10,SHP_3080,6532.48,0.01,38,538.52,35.89,0.66,171.9073684210526,14.17157894736842,0.9444736842105264,5892.745199999999
Ord_2257,Prod_13,SHP_3072,140.72,0.04,43,-115.53,3.97,0.56,3.2725581395348837,-2.6867441860465116,0.09232558139534884,246.6512
Ord_2292,Prod_6,SHP_3138,488.65,0.07,12,19.83,17.48,0.36,40.72083333333333,1.6524999999999999,1.4566666666666668,417.13449999999995
Ord_2002,Prod_5,SHP_2735,241.9,0.05,41,-136.7,5.92,0.55,5.9,-3.3341463414634145,0.144390243902439,360.58500000000004
Ord_4341,Prod_6,SHP_6053,133.65,0.05,26,56.28,0.8,0.36,5.140384615384615,2.164615384615385,0.03076923076923077,69.8875
Ord_4352,Prod_4,SHP_6068,2178.431,0.01,39,396.97,8.99,0.56,55.85720512820513,10.17871794871795,0.23051282051282052,1750.6866900000002
Ord_4341,Prod_4,SHP_6053,525.674,0.08,10,-147.02,5.26,0.56,52.5674,-14.702000000000002,0.526,625.38008
Ord_4798,Prod_13,SHP_6690,41.87,0.05,25,-25.52,1.57,0.59,1.6747999999999998,-1.0208,0.06280000000000001,63.7265
Ord_4669,Prod_6,SHP_6508,222.25,0.05,36,-63.77,5.46,0.36,6.173611111111111,-1.771388888888889,0.15166666666666667,269.4475
Ord_4798,Prod_5,SHP_6690,246.06,0.08,13,52.33,8.99,0.47,18.927692307692308,4.025384615384615,0.6915384615384615,165.0552
Ord_4669,Prod_4,SHP_6509,388.7135,0.01,7,-190.42,3.99,0.59,55.5305,-27.20285714285714,0.5700000000000001,571.256365
Ord_4530,Prod_6,SHP_6305,16.81,0.05,2,-4.14,2.14,0.38,8.405,-2.07,1.07,17.969499999999996
Ord_4447,Prod_6,SHP_6195,150.2,0.02,15,12.97,4.39,0.38,10.013333333333332,0.8646666666666667,0.29266666666666663,129.836
Ord_1828,Prod_10,SHP_2522,1386.65,0.09,14,-193.58,35.84,0.62,99.04642857142858,-13.827142857142858,2.56,1419.5915
Ord_1810,Prod_8,SHP_2503,824.51,0.01,29,0.9,4.0,0.75,28.431379310344827,0.03103448275862069,0.13793103448275862,811.3649
Ord_1957,Prod_6,SHP_2679,81.87,0.07,12,-31.14,5.94,0.37,6.822500000000001,-2.595,0.49500000000000005,101.3391
Ord_1901,Prod_13,SHP_2607,134.42,0.05,46,9.34,1.01,0.55,2.922173913043478,0.20304347826086958,0.021956521739130434,117.34899999999998
Ord_2216,Prod_11,SHP_3015,4108.17,0.09,20,-505.98,69.0,0.79,205.4085,-25.299,3.45,4175.4147
Ord_4655,Prod_3,SHP_6486,230.29,0.03,7,-4.3,12.62,0.37,32.89857142857143,-0.6142857142857142,1.8028571428571427,215.0613
Ord_2053,Prod_5,SHP_2806,3832.24,0.09,43,-1570.32,56.2,0.74,89.12186046511627,-36.519069767441856,1.3069767441860465,5001.4583999999995
Ord_2982,Prod_5,SHP_4117,1775.33,0.05,30,365.25,12.23,0.64,59.17766666666667,12.175,0.4076666666666667,1309.0835
Ord_2318,Prod_5,SHP_3176,230.74,0.08,16,27.23,5.3,0.46,14.42125,1.701875,0.33125,179.7508
Ord_4372,Prod_7,SHP_6094,10.39,0.02,2,-7.97,0.7,0.8,5.195,-3.985,0.35,17.4522
Ord_4405,Prod_5,SHP_6141,1556.55,0.04,15,436.02,24.49,0.61,103.77,29.067999999999998,1.6326666666666665,1033.778
Ord_4338,Prod_5,SHP_6046,104.94,0.06,17,-34.97,5.22,0.6,6.172941176470588,-2.057058823529412,0.3070588235294118,128.3936
Ord_897,Prod_6,SHP_1234,881.32,0.02,18,373.67,5.09,0.37,48.96222222222222,20.759444444444444,0.2827777777777778,484.9336
Ord_892,Prod_4,SHP_1227,813.535,0.0,42,435.95,0.99,0.37,19.369880952380953,10.379761904761905,0.02357142857142857,376.59499999999997
Ord_897,Prod_13,SHP_1235,22.77,0.03,5,-6.2,1.6,0.58,4.554,-1.24,0.32,26.686899999999998
Ord_900,Prod_3,SHP_1238,124.81,0.06,3,-11.94,2.99,0.36,41.60333333333333,-3.98,0.9966666666666667,126.2714
Ord_1600,Prod_3,SHP_2212,800.39,0.06,34,270.29,2.99,0.39,23.540882352941175,7.949705882352942,0.08794117647058824,479.0865999999999
Ord_1669,Prod_5,SHP_2306,61.4,0.04,26,-92.11,5.33,0.43,2.3615384615384616,-3.542692307692308,0.20500000000000002,145.724
Ord_1663,Prod_4,SHP_2297,2820.6995,0.03,29,601.34,8.99,0.57,97.2655,20.735862068965517,0.31,2125.748515
Ord_1509,Prod_5,SHP_2085,1753.75,0.07,46,215.11,9.2,0.65,38.125,4.676304347826087,0.19999999999999998,1406.6774999999998
Ord_1627,Prod_13,SHP_2247,823.98,0.09,34,129.81,4.08,0.57,24.23470588235294,3.817941176470588,0.12,615.9318000000001
Ord_1577,Prod_6,SHP_2175,387.79,0.01,50,-56.51,5.83,0.36,7.755800000000001,-1.1301999999999999,0.1166,434.5921
Ord_1676,Prod_8,SHP_2824,21.84,0.02,4,-25.31,2.39,0.72,5.46,-6.3275,0.5975,44.3232
Ord_1387,Prod_12,SHP_1914,103.62,0.1,15,39.98,0.49,0.38,6.908,2.6653333333333333,0.03266666666666666,52.78800000000002
Ord_1506,Prod_7,SHP_2082,126.62,0.03,34,44.8,0.71,0.39,3.7241176470588235,1.3176470588235294,0.02088235294117647,77.31140000000002
Ord_1458,Prod_8,SHP_2014,2354.4,0.0,41,246.54,6.55,0.68,57.424390243902444,6.013170731707317,0.1597560975609756,2101.31
Ord_1676,Prod_6,SHP_2318,425.91,0.02,38,55.06,5.03,0.37,11.208157894736843,1.4489473684210528,0.13236842105263158,357.30180000000007
Ord_1387,Prod_13,SHP_1915,124.84,0.08,20,10.56,1.56,0.52,6.242,0.528,0.078,102.7328
Ord_1865,Prod_13,SHP_2560,380.38,0.06,24,7.29,5.45,0.55,15.849166666666667,0.30375,0.22708333333333333,344.8172
Ord_1870,Prod_5,SHP_2567,128.62,0.07,7,-27.78,8.99,0.47,18.374285714285715,-3.968571428571429,1.2842857142857143,138.40660000000003
Ord_1868,Prod_6,SHP_2565,142.96,0.09,31,33.59,1.52,0.36,4.611612903225807,1.0835483870967744,0.04903225806451613,94.9836
Ord_1868,Prod_3,SHP_2564,796.14,0.03,19,320.07,2.99,0.35,41.90210526315789,16.84578947368421,0.1573684210526316,449.1958
Ord_1870,Prod_2,SHP_2567,424.0,0.03,50,-19.77,3.5,0.58,8.48,-0.3954,0.07,427.54999999999995
Ord_1865,Prod_6,SHP_2559,336.06,0.01,50,-240.78,8.88,0.37,6.7212,-4.8156,0.1776,564.5994000000001
Ord_1586,Prod_4,SHP_2191,428.723,0.06,6,-147.72,1.25,0.39,71.45383333333334,-24.62,0.20833333333333334,549.46962
Ord_1658,Prod_17,SHP_2288,4856.1,0.01,32,1096.64,17.85,0.56,151.753125,34.27,0.5578125,3693.049
Ord_4827,Prod_15,SHP_6726,2020.58,0.01,11,-45.02,30.0,0.69,183.6890909090909,-4.092727272727273,2.727272727272727,2015.3942
Ord_4827,Prod_11,SHP_6728,5989.048,0.09,20,541.01,42.52,0.71,299.4524,27.0505,2.1260000000000003,4866.503679999999
Ord_4827,Prod_6,SHP_6727,1533.46,0.0,30,730.44,5.79,0.37,51.11533333333333,24.348000000000003,0.193,797.23
Ord_4484,Prod_13,SHP_6244,7.01,0.03,2,-4.2,0.96,0.58,3.505,-2.1,0.48,10.0397
Ord_4216,Prod_10,SHP_5880,3267.41,0.0,18,248.19,35.89,0.66,181.52277777777778,13.788333333333334,1.9938888888888888,2983.33
Ord_4207,Prod_4,SHP_5866,843.03,0.08,48,419.9,0.99,0.37,17.563125,8.747916666666667,0.020625,354.69759999999997
Ord_4207,Prod_16,SHP_5865,220.26,0.07,22,-35.95,4.68,0.59,10.011818181818182,-1.6340909090909093,0.2127272727272727,236.11179999999996
Ord_4207,Prod_6,SHP_5864,185.19,0.07,38,-175.62,7.44,0.36,4.873421052631579,-4.6215789473684215,0.19578947368421054,340.4067
Ord_1837,Prod_6,SHP_2531,310.99,0.07,33,106.45,2.03,0.37,9.423939393939394,3.225757575757576,0.06151515151515151,180.74070000000006
Ord_2036,Prod_4,SHP_2783,1083.4015,0.02,19,64.53,8.99,0.56,57.02113157894737,3.396315789473684,0.4731578947368421,988.2134699999999
Ord_1837,Prod_5,SHP_3151,1053.84,0.0,46,-632.16,21.2,0.78,22.909565217391304,-13.742608695652173,0.4608695652173913,1664.7999999999997
Ord_2201,Prod_6,SHP_3000,188.93,0.04,26,58.32,1.77,0.37,7.266538461538461,2.243076923076923,0.06807692307692308,121.28280000000001
Ord_4335,Prod_13,SHP_6042,46.94,0.02,21,3.88,1.0,0.38,2.235238095238095,0.18476190476190477,0.047619047619047616,41.121199999999995
Ord_4115,Prod_2,SHP_5732,548.36,0.1,9,78.63,4.5,0.56,60.92888888888889,8.736666666666666,0.5,410.394
Ord_4114,Prod_3,SHP_5730,183.41,0.07,43,-125.41,5.04,0.38,4.265348837209302,-2.9165116279069765,0.1172093023255814,290.9413
Ord_1958,Prod_5,SHP_2811,1882.18,0.09,19,336.26,5.81,0.65,99.0621052631579,17.697894736842105,0.3057894736842105,1370.7138000000002
Ord_1950,Prod_2,SHP_2671,17.59,0.1,6,-19.74,5.0,0.55,2.9316666666666666,-3.2899999999999996,0.8333333333333334,30.570999999999998
Ord_1904,Prod_2,SHP_2610,751.71,0.09,6,50.83,0.99,0.55,125.28500000000001,8.471666666666666,0.165,632.2361
Ord_1958,Prod_6,SHP_2680,164.41,0.0,30,-128.52,7.54,0.38,5.480333333333333,-4.284000000000001,0.25133333333333335,285.39
Ord_2996,Prod_1,SHP_4146,1033.93,0.0,26,63.41,12.9,0.57,39.76653846153847,2.438846153846154,0.49615384615384617,957.6200000000001
Ord_1950,Prod_5,SHP_3170,315.07,0.02,21,95.0,5.3,0.46,15.003333333333334,4.523809523809524,0.2523809523809524,208.46859999999998
Ord_2300,Prod_13,SHP_3146,37.4,0.09,20,-17.18,1.57,0.59,1.8699999999999999,-0.859,0.0785,49.644
Ord_1904,Prod_9,SHP_2610,471.87,0.05,43,52.27,5.25,0.36,10.973720930232558,1.2155813953488372,0.12209302325581395,390.7565
Ord_4560,Prod_5,SHP_6346,269.3,0.04,32,22.38,4.95,0.41,8.415625,0.699375,0.1546875,231.19800000000004
Ord_4492,Prod_9,SHP_6253,270.16,0.09,25,16.92,5.25,0.36,10.806400000000002,0.6768000000000001,0.21,223.67560000000003
Ord_4492,Prod_17,SHP_6254,2694.01,0.08,24,994.31,7.11,0.36,112.25041666666668,41.42958333333333,0.29625,1477.0692
Ord_4527,Prod_2,SHP_6301,1351.78,0.06,25,109.92,13.22,0.56,54.0712,4.3968,0.5288,1147.5331999999999
Ord_4527,Prod_8,SHP_6302,1560.96,0.07,21,-120.27,4.0,0.79,74.33142857142857,-5.727142857142857,0.19047619047619047,1567.9628
Ord_1904,Prod_5,SHP_6259,539.6,0.06,39,-6.5,8.78,0.43,13.835897435897436,-0.16666666666666666,0.2251282051282051,504.9440000000001
Ord_4616,Prod_15,SHP_6426,5979.84,0.01,46,1779.01,12.65,,129.99652173913043,38.67413043478261,0.275,4128.381600000001
Ord_4697,Prod_4,SHP_6553,1009.868,0.02,25,170.57,4.99,0.56,40.39472,6.8228,0.1996,814.1106400000001
Ord_4616,Prod_12,SHP_6427,175.76,0.06,28,80.36,0.5,0.39,6.277142857142857,2.87,0.017857142857142856,84.35439999999998
Ord_3151,Prod_1,SHP_4374,4152.12,0.0,34,817.98,19.99,0.59,122.12117647058824,24.058235294117647,0.5879411764705882,3314.15
Ord_3131,Prod_4,SHP_4344,6330.086,0.1,39,1421.89,2.5,0.59,162.30989743589745,36.458717948717954,0.0641025641025641,4272.6874
Ord_3152,Prod_5,SHP_4375,323.26,0.06,16,98.34,6.67,0.49,20.20375,6.14625,0.416875,198.85439999999997
Ord_1978,Prod_8,SHP_2825,1597.02,0.01,47,749.03,1.99,0.42,33.97914893617021,15.936808510638297,0.042340425531914895,830.0298
Ord_1953,Prod_3,SHP_2674,89.99,0.0,18,18.96,1.49,0.36,4.999444444444444,1.0533333333333335,0.08277777777777778,69.53999999999999
Ord_1978,Prod_1,SHP_2704,2138.63,0.01,14,453.03,19.99,0.56,152.7592857142857,32.35928571428571,1.4278571428571427,1644.2237000000002
Ord_2231,Prod_4,SHP_3032,2422.721,0.1,46,366.18,8.99,0.56,52.667847826086955,7.960434782608695,0.19543478260869565,1805.2789
Ord_4586,Prod_16,SHP_6381,257.34,0.04,20,12.82,3.14,0.6,12.866999999999999,0.641,0.157,231.0864
Ord_4586,Prod_13,SHP_6381,238.77,0.02,20,-78.81,7.95,0.58,11.938500000000001,-3.9405,0.3975,304.8546
Ord_4708,Prod_5,SHP_6570,2004.22,0.08,35,338.91,12.23,0.64,57.26342857142857,9.683142857142858,0.3494285714285714,1492.7423999999999
Ord_4803,Prod_6,SHP_6695,158.62,0.05,37,-104.57,5.17,0.4,4.287027027027027,-2.826216216216216,0.13972972972972972,250.089
Ord_4708,Prod_3,SHP_6569,127.51,0.07,22,26.74,1.49,0.39,5.795909090909091,1.2154545454545453,0.06772727272727273,90.35430000000001
Ord_4726,Prod_5,SHP_6594,1676.25,0.04,47,-458.33,22.6,0.58,35.66489361702128,-9.751702127659573,0.48085106382978726,2044.93
Ord_2046,Prod_6,SHP_2797,80.92,0.09,10,-20.16,5.83,0.36,8.092,-2.016,0.583,87.9672
Ord_1996,Prod_5,SHP_3058,936.95,0.03,26,-0.74,19.99,0.55,36.03653846153846,-0.02846153846153846,0.7688461538461537,889.5915
Ord_1996,Prod_8,SHP_3058,296.84,0.08,7,-71.83,1.99,0.55,42.40571428571428,-10.26142857142857,0.2842857142857143,342.93279999999993
Ord_2288,Prod_2,SHP_3131,318.31,0.08,5,-19.06,0.99,0.58,63.662,-3.812,0.198,310.91519999999997
Ord_2223,Prod_3,SHP_3022,75.6,0.09,46,-225.25,5.28,0.37,1.643478260869565,-4.896739130434782,0.11478260869565218,288.76599999999996
Ord_2249,Prod_5,SHP_3060,1125.76,0.0,17,379.28,12.23,0.64,66.22117647058823,22.310588235294116,0.7194117647058824,734.25
Ord_2344,Prod_8,SHP_3217,557.03,0.04,12,8.95,1.99,0.55,46.41916666666666,0.7458333333333332,0.16583333333333333,523.8087999999999
Ord_2344,Prod_4,SHP_3217,5133.9235,0.02,34,1313.95,4.99,0.59,150.99775,38.64558823529412,0.14676470588235294,3712.3050300000004
Ord_2344,Prod_6,SHP_3217,26.53,0.05,3,-15.0,6.92,0.37,8.843333333333334,-5.0,2.3066666666666666,33.283500000000004
Ord_2344,Prod_8,SHP_3216,268.09,0.07,34,-63.76,2.38,0.74,7.884999999999999,-1.8752941176470588,0.06999999999999999,310.70369999999997
Ord_2497,Prod_17,SHP_3423,5361.08,0.0,42,1841.92,26.3,0.38,127.6447619047619,43.8552380952381,0.6261904761904762,3492.8599999999997
Ord_62,Prod_6,SHP_85,12.18,0.06,1,-3.88,2.27,0.36,12.18,-3.88,2.27,13.0592
Ord_95,Prod_6,SHP_129,2066.16,0.02,50,372.36,17.48,0.36,41.3232,7.4472000000000005,0.3496,1634.9968
Ord_253,Prod_4,SHP_349,710.328,0.02,12,-10.3,5.31,0.57,59.193999999999996,-0.8583333333333334,0.44249999999999995,701.11144
Ord_170,Prod_6,SHP_230,137.02,0.01,19,-46.89,6.6,0.37,7.211578947368421,-2.4678947368421054,0.34736842105263155,175.9398
Ord_170,Prod_2,SHP_230,324.4,0.1,32,-46.98,4.5,0.59,10.1375,-1.468125,0.140625,334.44
Ord_183,Prod_3,SHP_246,291.67,0.01,40,54.46,2.99,0.35,7.29175,1.3615,0.07475000000000001,231.3033
Ord_1992,Prod_6,SHP_2721,116.38,0.08,12,29.68,2.03,0.37,9.698333333333332,2.473333333333333,0.16916666666666666,75.3596
Ord_1987,Prod_12,SHP_2716,72.93,0.01,23,28.55,0.49,0.37,3.1708695652173917,1.241304347826087,0.021304347826086957,43.16070000000002
Ord_1994,Prod_2,SHP_2723,62.77,0.01,1,-36.84,4.5,0.56,62.77,-36.84,4.5,94.48230000000001
Ord_3006,Prod_3,SHP_4160,197.21,0.06,10,56.88,1.49,0.35,19.721,5.688000000000001,0.149,127.00740000000002
Ord_2243,Prod_13,SHP_3049,42.5,0.07,3,-28.43,8.99,0.59,14.166666666666666,-9.476666666666667,2.9966666666666666,58.964999999999996
Ord_3157,Prod_3,SHP_4381,213.49,0.05,26,-136.45,8.94,0.4,8.211153846153847,-5.248076923076923,0.3438461538461538,330.32550000000003
Ord_3147,Prod_5,SHP_4369,32.37,0.0,13,-48.55,5.33,0.43,2.4899999999999998,-3.7346153846153842,0.41000000000000003,75.59
Ord_3142,Prod_3,SHP_4361,479.96,0.08,44,122.54,2.99,0.38,10.908181818181818,2.785,0.06795454545454546,316.03319999999997
Ord_3180,Prod_13,SHP_4413,94.46,0.02,27,-75.09,4.2,0.56,3.498518518518518,-2.781111111111111,0.15555555555555556,163.4608
Ord_3147,Prod_8,SHP_4368,667.36,0.09,25,218.89,1.99,0.4,26.6944,8.7556,0.0796,386.4176
Ord_3154,Prod_8,SHP_4377,208.77,0.07,10,-76.58,4.0,0.77,20.877000000000002,-7.6579999999999995,0.4,266.7361
Ord_3147,Prod_4,SHP_4370,1409.0875,0.06,38,233.56,4.99,0.56,37.081250000000004,6.146315789473684,0.13131578947368422,1085.9922500000002
Ord_3911,Prod_4,SHP_5428,3559.613,0.0,19,747.74,3.0,0.58,187.34805263157895,39.35473684210526,0.15789473684210525,2808.8729999999996
Ord_3844,Prod_3,SHP_5330,988.42,0.09,37,253.94,6.27,0.37,26.714054054054053,6.863243243243243,0.16945945945945945,639.2521999999999
Ord_3916,Prod_5,SHP_5435,44.84,0.09,3,37.74,5.3,0.46,14.946666666666667,12.58,1.7666666666666666,-2.235599999999998
Ord_3911,Prod_6,SHP_5427,382.65,0.03,40,47.61,4.39,0.38,9.56625,1.19025,0.10974999999999999,319.1705
Ord_3917,Prod_9,SHP_5439,1504.01,0.05,42,211.04,14.72,0.4,35.809761904761906,5.024761904761904,0.3504761904761905,1203.0495
Ord_3938,Prod_3,SHP_5472,138.67,0.08,12,-9.72,5.63,0.4,11.555833333333332,-0.81,0.4691666666666667,131.6664
Ord_3914,Prod_6,SHP_5431,34.23,0.02,3,-9.5,7.86,0.37,11.409999999999998,-3.1666666666666665,2.62,35.185399999999994
Ord_3916,Prod_4,SHP_5436,1281.1795,0.02,13,-26.62,5.92,0.58,98.55226923076923,-2.0476923076923077,0.4553846153846154,1276.2559099999999
Ord_3911,Prod_6,SHP_5428,61.0,0.08,9,-34.25,6.81,0.36,6.777777777777778,-3.8055555555555554,0.7566666666666666,83.56
Ord_3816,Prod_3,SHP_5291,139.95,0.04,36,-128.59,5.47,0.37,3.8874999999999997,-3.5719444444444446,0.15194444444444444,257.472
Ord_3934,Prod_6,SHP_5464,47.11,0.0,18,-95.42,7.09,0.38,2.6172222222222223,-5.301111111111111,0.3938888888888889,135.44
Ord_3852,Prod_13,SHP_5340,1394.36,0.0,30,271.45,8.99,0.58,46.47866666666666,9.048333333333334,0.2996666666666667,1113.9199999999998
Ord_3916,Prod_6,SHP_5437,710.33,0.09,38,62.53,9.03,0.37,18.692894736842106,1.6455263157894737,0.23763157894736842,574.8403000000001
Ord_3938,Prod_8,SHP_5473,506.84,0.02,16,-38.32,6.5,0.64,31.6775,-2.395,0.40625,528.5232
Ord_3840,Prod_13,SHP_5325,65.21,0.08,26,-41.6,2.4,0.58,2.508076923076923,-1.6,0.0923076923076923,99.19319999999999
Ord_3914,Prod_9,SHP_5432,383.33,0.03,22,27.62,8.13,0.38,17.424090909090907,1.2554545454545456,0.36954545454545457,336.08009999999996
Ord_3917,Prod_6,SHP_5440,163.62,0.0,13,16.34,5.43,0.36,12.586153846153847,1.2569230769230768,0.4176923076923077,141.85
Ord_3840,Prod_8,SHP_5324,2779.2,0.02,34,889.57,7.18,0.48,81.74117647058823,26.163823529411765,0.2111764705882353,1826.866
Ord_3816,Prod_15,SHP_5292,5207.5,0.03,24,166.44,64.2,0.59,216.97916666666666,6.935,2.6750000000000003,4820.635
Ord_3934,Prod_3,SHP_5463,15.61,0.03,7,-5.19,1.49,0.38,2.23,-0.7414285714285714,0.21285714285714286,18.8417
Ord_619,Prod_12,SHP_846,47.93,0.04,13,15.82,0.5,0.38,3.686923076923077,1.216923076923077,0.038461538461538464,29.6928
Ord_617,Prod_5,SHP_844,194.29,0.1,10,68.89,6.67,0.49,19.429,6.889,0.667,99.301
Ord_670,Prod_3,SHP_917,152.28,0.06,41,-154.81,5.44,0.36,3.714146341463415,-3.7758536585365854,0.1326829268292683,292.5132
Ord_660,Prod_6,SHP_902,199.94,0.01,28,-147.27,9.54,0.37,7.140714285714286,-5.2596428571428575,0.3407142857142857,335.67060000000004
Ord_676,Prod_13,SHP_925,985.29,0.04,22,138.37,8.99,0.58,44.78590909090909,6.289545454545455,0.40863636363636363,798.5183999999999
Ord_651,Prod_3,SHP_889,177.88,0.07,45,-146.97,5.04,0.38,3.952888888888889,-3.266,0.112,307.35839999999996
Ord_651,Prod_9,SHP_890,139.59,0.0,30,5.9,2.5,0.37,4.6530000000000005,0.19666666666666668,0.08333333333333333,131.19
Ord_1029,Prod_2,SHP_1422,199.93,0.1,14,-105.33,13.32,0.43,14.280714285714286,-7.523571428571429,0.9514285714285714,271.947
Ord_887,Prod_3,SHP_1220,1765.05,0.05,40,749.22,2.99,0.39,44.12625,18.7305,0.07475000000000001,924.5874999999999
Ord_2846,Prod_3,SHP_3917,1832.22,0.1,50,805.43,2.99,0.35,36.6444,16.1086,0.059800000000000006,840.5780000000001
Ord_2869,Prod_9,SHP_3952,73.5,0.03,12,5.71,2.5,0.36,6.125,0.47583333333333333,0.20833333333333334,63.085
Ord_2855,Prod_13,SHP_3931,111.9,0.01,16,38.03,1.22,0.4,6.99375,2.376875,0.07625,71.531
Ord_2846,Prod_3,SHP_3916,1802.0,0.02,45,508.96,10.55,0.37,40.044444444444444,11.310222222222222,0.23444444444444446,1246.45
Ord_2402,Prod_12,SHP_3296,67.4,0.07,26,22.71,0.5,0.39,2.5923076923076924,0.8734615384615385,0.019230769230769232,39.472
Ord_2402,Prod_8,SHP_3295,180.7,0.1,31,-94.61,3.85,0.68,5.829032258064516,-3.0519354838709676,0.12419354838709677,253.39
Ord_2373,Prod_15,SHP_3258,3731.59,0.0,41,-605.52,42.0,0.66,91.01439024390244,-14.768780487804877,1.024390243902439,4295.110000000001
Ord_2467,Prod_6,SHP_3379,188.44,0.09,6,17.57,5.76,0.4,31.406666666666666,2.9283333333333332,0.96,148.15040000000002
Ord_2386,Prod_3,SHP_3274,79.02,0.08,36,-192.68,6.05,0.37,2.195,-5.352222222222222,0.16805555555555554,259.3284
Ord_2515,Prod_13,SHP_3445,209.3,0.07,29,30.49,2.35,0.47,7.217241379310345,1.0513793103448275,0.0810344827586207,161.809
Ord_2451,Prod_8,SHP_3362,1388.91,0.1,20,-229.87,4.0,0.79,69.44550000000001,-11.493500000000001,0.2,1475.8890000000001
Ord_2467,Prod_4,SHP_3380,1265.497,0.1,13,-228.18,7.69,0.59,97.34592307692309,-17.552307692307693,0.5915384615384616,1359.4373
Ord_2366,Prod_3,SHP_3248,240.27,0.07,33,-269.8,11.51,0.36,7.280909090909091,-8.175757575757576,0.34878787878787876,481.7411
Ord_2366,Prod_15,SHP_3249,6802.37,0.08,24,459.5,69.55,0.6,283.4320833333333,19.145833333333332,2.8979166666666667,5729.1304
Ord_2416,Prod_4,SHP_3314,2482.034,0.08,48,421.89,5.92,0.58,51.70904166666667,8.789375,0.12333333333333334,1855.6612800000003
Ord_2484,Prod_8,SHP_3402,2004.4,0.05,24,544.3,6.13,0.45,83.51666666666667,22.679166666666664,0.2554166666666667,1353.75
Ord_2539,Prod_4,SHP_3477,1470.0495,0.1,28,185.94,4.99,0.57,52.50176785714286,6.640714285714286,0.17821428571428571,1132.11455
Ord_2539,Prod_3,SHP_3476,1134.05,0.08,7,149.5,19.99,0.39,162.00714285714284,21.357142857142858,2.8557142857142854,873.836
Ord_2373,Prod_6,SHP_3260,1299.91,0.06,44,439.26,5.76,0.4,29.543409090909094,9.983181818181817,0.1309090909090909,776.8954000000001
Ord_2351,Prod_13,SHP_3228,138.17,0.0,23,-1.09,2.27,0.56,6.007391304347825,-0.04739130434782609,0.09869565217391305,136.98999999999998
Ord_2451,Prod_17,SHP_3362,1806.65,0.05,34,599.04,10.17,0.37,53.13676470588236,17.618823529411763,0.29911764705882354,1107.1075
Ord_3899,Prod_8,SHP_5407,205.32,0.08,21,37.3,1.99,0.41,9.777142857142858,1.776190476190476,0.09476190476190476,149.6044
Ord_3899,Prod_3,SHP_5408,807.6,0.0,47,214.3,5.08,0.36,17.182978723404254,4.559574468085106,0.10808510638297872,588.22
Ord_3827,Prod_2,SHP_5305,354.45,0.01,31,11.38,3.99,0.58,11.433870967741935,0.3670967741935484,0.12870967741935485,335.53549999999996
Ord_3899,Prod_3,SHP_5409,694.17,0.0,11,174.22,10.29,0.39,63.10636363636363,15.838181818181818,0.9354545454545454,509.65999999999997
Ord_3928,Prod_6,SHP_5457,299.85,0.03,44,-260.8,10.05,0.37,6.814772727272728,-5.927272727272728,0.22840909090909092,541.6045
Ord_3850,Prod_6,SHP_5337,441.99,0.08,23,32.36,8.68,0.37,19.21695652173913,1.4069565217391304,0.3773913043478261,365.5908
Ord_3827,Prod_13,SHP_5306,238.43,0.02,13,-36.11,8.99,0.56,18.340769230769233,-2.7776923076923077,0.6915384615384615,260.7814
Ord_3926,Prod_12,SHP_5454,170.82,0.0,41,85.45,0.5,0.38,4.166341463414634,2.0841463414634145,0.012195121951219513,84.86999999999999
Ord_3827,Prod_11,SHP_5307,1606.4,0.08,36,-1231.35,46.59,0.67,44.62222222222223,-34.204166666666666,1.2941666666666667,2662.648
Ord_3850,Prod_13,SHP_5338,245.19,0.03,34,37.99,2.35,0.47,7.211470588235294,1.1173529411764707,0.06911764705882353,197.49429999999998
Ord_3838,Prod_8,SHP_5322,1078.58,0.03,35,9.0,4.0,0.75,30.816571428571425,0.2571428571428571,0.11428571428571428,1033.2225999999998
Ord_3885,Prod_3,SHP_5385,402.49,0.0,32,41.79,5.63,0.4,12.5778125,1.3059375,0.1759375,355.07
Ord_3887,Prod_4,SHP_5389,315.792,0.1,13,-105.77,8.59,0.56,24.291692307692305,-8.136153846153846,0.6607692307692308,381.39279999999997
Ord_3890,Prod_4,SHP_5393,756.7295,0.07,42,64.78,4.81,0.58,18.01736904761905,1.5423809523809524,0.11452380952380951,634.168435
Ord_3905,Prod_7,SHP_5420,7.56,0.1,4,-5.53,0.76,0.83,1.89,-1.3825,0.19,11.574
Ord_3905,Prod_5,SHP_5419,1152.63,0.03,36,389.4,7.09,0.49,32.017500000000005,10.816666666666666,0.19694444444444445,721.5611000000002
Ord_3831,Prod_4,SHP_5312,5554.036,0.09,40,1153.84,8.99,0.57,138.8509,28.845999999999997,0.22475,3891.3427600000005
Ord_3890,Prod_6,SHP_5394,3676.96,0.09,38,1233.45,19.99,0.37,96.76210526315789,32.45921052631579,0.5260526315789473,2092.5936
Ord_2693,Prod_16,SHP_3687,174.22,0.03,21,-1.23,2.64,0.59,8.296190476190477,-0.05857142857142857,0.12571428571428572,167.5834
Ord_2644,Prod_8,SHP_3616,64.5,0.05,3,-55.11,1.99,0.48,21.5,-18.37,0.6633333333333333,114.395
Ord_2693,Prod_6,SHP_3687,76.81,0.0,13,-55.77,7.54,0.38,5.908461538461538,-4.29,0.58,125.03999999999999
Ord_2630,Prod_7,SHP_3597,14.75,0.03,4,-2.49,1.35,0.4,3.6875,-0.6225,0.3375,15.4475
Ord_2682,Prod_8,SHP_3673,2493.24,0.03,25,293.66,19.99,0.52,99.72959999999999,11.746400000000001,0.7996,2104.7928
Ord_3270,Prod_3,SHP_4539,55.0,0.05,8,-23.62,5.36,0.4,6.875,-2.9525,0.67,70.51
Ord_3270,Prod_12,SHP_4540,107.73,0.08,37,39.81,0.5,0.37,2.9116216216216215,1.075945945945946,0.013513513513513514,58.80160000000001
Ord_3427,Prod_13,SHP_4750,313.85,0.03,14,-31.37,8.99,0.59,22.417857142857144,-2.2407142857142857,0.6421428571428571,326.8145
Ord_3270,Prod_9,SHP_4540,51.66,0.06,7,7.4,1.39,0.36,7.38,1.0571428571428572,0.19857142857142857,39.770399999999995
Ord_3298,Prod_6,SHP_4574,78.72,0.1,10,-22.36,5.83,0.36,7.872,-2.2359999999999998,0.583,87.378
Ord_2937,Prod_8,SHP_4056,2018.68,0.1,50,731.72,1.99,0.44,40.3736,14.634400000000001,0.0398,1083.102
Ord_4781,Prod_17,SHP_6665,5062.18,0.06,23,842.83,28.06,0.56,220.09478260869565,36.64478260869566,1.22,3887.5591999999997
Ord_4783,Prod_8,SHP_6667,321.21,0.04,14,53.44,1.99,0.46,22.943571428571428,3.817142857142857,0.14214285714285715,252.93159999999995
Ord_4651,Prod_10,SHP_6482,754.94,0.01,12,-226.24,36.61,0.61,62.91166666666667,-18.853333333333335,3.0508333333333333,937.0206000000001
Ord_4480,Prod_9,SHP_6239,462.12,0.0,28,226.4,1.39,0.38,16.504285714285714,8.085714285714285,0.04964285714285714,234.33
Ord_4439,Prod_4,SHP_6185,4442.049,0.1,27,720.95,8.08,0.59,164.52033333333333,26.701851851851853,0.2992592592592593,3268.8140999999996
Ord_4521,Prod_2,SHP_6291,280.39,0.0,17,9.33,6.75,0.52,16.493529411764705,0.5488235294117647,0.39705882352941174,264.31
Ord_4353,Prod_8,SHP_6069,1344.88,0.06,25,-13.77,4.0,0.74,53.7952,-0.5508,0.16,1273.9572
Ord_4353,Prod_12,SHP_6070,248.54,0.07,42,111.75,0.5,0.39,5.917619047619048,2.6607142857142856,0.011904761904761904,118.8922
Ord_1829,Prod_13,SHP_2523,136.72,0.09,35,5.91,1.23,0.55,3.906285714285714,0.16885714285714287,0.03514285714285714,117.2752
Ord_2030,Prod_3,SHP_2776,306.13,0.09,50,87.6,1.49,0.39,6.1226,1.7519999999999998,0.0298,189.4883
Ord_1954,Prod_6,SHP_2675,343.0,0.0,50,-76.94,5.66,0.37,6.86,-1.5388,0.11320000000000001,414.28
Ord_4265,Prod_5,SHP_5954,251.45,0.06,19,90.0,4.95,0.37,13.234210526315788,4.7368421052631575,0.2605263157894737,141.413
Ord_4308,Prod_11,SHP_6012,337.38,0.0,19,-409.79,27.75,0.76,17.756842105263157,-21.567894736842106,1.4605263157894737,719.4200000000001
Ord_4329,Prod_6,SHP_6035,576.89,0.08,22,175.03,5.58,0.39,26.222272727272728,7.955909090909091,0.25363636363636366,350.12879999999996
Ord_4262,Prod_8,SHP_5950,41.03,0.1,9,-30.47,2.39,0.72,4.558888888888889,-3.3855555555555554,0.26555555555555554,65.007
Ord_4300,Prod_3,SHP_6001,557.35,0.0,46,-9.19,7.19,0.4,12.116304347826087,-0.19978260869565218,0.15630434782608696,559.35
Ord_4329,Prod_3,SHP_6034,78.94,0.03,12,-51.7,7.46,0.36,6.578333333333333,-4.308333333333334,0.6216666666666667,120.8118
Ord_4268,Prod_13,SHP_5957,18.26,0.05,11,-3.89,0.7,0.6,1.6600000000000001,-0.35363636363636364,0.06363636363636363,20.537000000000003
Ord_4329,Prod_4,SHP_6036,4191.5625,0.0,38,1286.53,2.5,0.58,110.30427631578948,33.85605263157895,0.06578947368421052,2902.5325000000003
Ord_4300,Prod_6,SHP_6002,490.87,0.0,50,190.93,2.03,0.37,9.8174,3.8186,0.0406,297.91
Ord_4245,Prod_8,SHP_5927,464.57,0.04,12,-79.18,4.0,0.7,38.714166666666664,-6.598333333333334,0.3333333333333333,521.1672
Ord_2064,Prod_15,SHP_2823,5332.42,0.06,49,-219.2,30.0,0.69,108.82489795918367,-4.4734693877551015,0.6122448979591837,5201.6748
Ord_2254,Prod_3,SHP_3066,95.38,0.03,5,-36.89,13.18,0.37,19.076,-7.378,2.636,116.22859999999999
Ord_2064,Prod_15,SHP_2823,2328.62,0.0,19,45.54,30.0,0.64,122.55894736842104,2.3968421052631577,1.5789473684210527,2253.08
Ord_2565,Prod_3,SHP_3512,470.79,0.04,21,-80.11,15.1,0.38,22.41857142857143,-3.814761904761905,0.719047619047619,516.9684
Ord_2565,Prod_12,SHP_3513,36.56,0.07,6,6.22,0.5,0.39,6.093333333333334,1.0366666666666666,0.08333333333333333,27.2808
Ord_2428,Prod_3,SHP_3333,202.84,0.05,23,-19.48,5.6,0.36,8.81913043478261,-0.8469565217391305,0.2434782608695652,206.578
Ord_2563,Prod_4,SHP_3510,232.4155,0.05,34,-110.59,5.03,0.6,6.83575,-3.2526470588235297,0.14794117647058824,326.35472500000003
Ord_2524,Prod_15,SHP_3457,7323.78,0.04,31,573.55,62.94,0.57,236.25096774193548,18.501612903225805,2.0303225806451612,6394.3387999999995
Ord_2565,Prod_5,SHP_3514,55.17,0.06,3,46.84,5.03,0.54,18.39,15.613333333333335,1.6766666666666667,-0.01020000000000465
Ord_2569,Prod_6,SHP_3519,137.97,0.06,20,-123.94,10.05,0.37,6.8985,-6.197,0.5025000000000001,243.5818
Ord_2570,Prod_11,SHP_3520,2527.792,0.09,23,-335.32,52.42,0.74,109.904,-14.57913043478261,2.279130434782609,2583.19072
Ord_2428,Prod_3,SHP_3333,251.34,0.1,36,-162.2,7.72,0.38,6.9816666666666665,-4.5055555555555555,0.21444444444444444,380.68600000000004
Ord_2428,Prod_2,SHP_3334,78.39,0.01,5,-5.16,4.98,0.58,15.678,-1.032,0.9960000000000001,77.78609999999999
Ord_2470,Prod_9,SHP_3383,538.3,0.03,31,-63.98,12.39,0.35,17.364516129032257,-2.0638709677419356,0.39967741935483875,573.741
Ord_63,Prod_3,SHP_86,820.52,0.01,50,-191.22,13.18,0.37,16.4104,-3.8244,0.2636,990.3548000000001
Ord_207,Prod_4,SHP_282,1350.531,0.01,24,221.18,5.26,0.56,56.272124999999996,9.215833333333334,0.21916666666666665,1110.5856899999999
Ord_103,Prod_3,SHP_141,252.79,0.09,9,58.23,2.99,0.35,28.087777777777777,6.47,0.33222222222222225,168.81889999999999
Ord_310,Prod_2,SHP_416,1583.06,0.05,20,328.0,13.99,0.52,79.15299999999999,16.4,0.6995,1161.917
Ord_36,Prod_6,SHP_48,48.91,0.01,11,-7.04,2.97,0.35,4.446363636363636,-0.64,0.27,52.490899999999996
Ord_174,Prod_3,SHP_236,376.21,0.03,19,89.56,5.23,0.37,19.800526315789472,4.713684210526316,0.2752631578947369,270.1337
Ord_281,Prod_13,SHP_381,777.76,0.02,48,63.46,5.45,0.55,16.203333333333333,1.3220833333333333,0.11354166666666667,693.2947999999999
Ord_281,Prod_12,SHP_380,61.09,0.04,12,24.06,0.5,0.36,5.090833333333333,2.005,0.041666666666666664,34.0864
Ord_309,Prod_2,SHP_415,2700.41,0.08,10,258.01,23.19,0.59,270.041,25.801,2.319,2203.1772
Ord_112,Prod_6,SHP_153,644.4,0.04,27,-97.28,16.87,0.39,23.866666666666667,-3.602962962962963,0.6248148148148148,699.034
Ord_17,Prod_13,SHP_24,80.9,0.09,30,5.76,0.7,0.56,2.6966666666666668,0.192,0.02333333333333333,67.15899999999999
Ord_22,Prod_8,SHP_29,66.54,0.01,10,-46.03,4.38,0.75,6.654000000000001,-4.603,0.438,107.52459999999999
Ord_22,Prod_6,SHP_30,845.32,0.06,21,33.67,19.99,0.36,40.25333333333334,1.6033333333333335,0.9519047619047618,740.9408000000001
Ord_2879,Prod_12,SHP_3968,96.23,0.05,31,24.05,0.99,0.37,3.104193548387097,0.7758064516129033,0.03193548387096774,66.37850000000002
Ord_2879,Prod_5,SHP_3968,70.08,0.0,7,8.02,3.72,0.4,10.01142857142857,1.1457142857142857,0.5314285714285715,58.34
Ord_2850,Prod_2,SHP_3923,104.38,0.07,7,-24.2,6.75,0.52,14.911428571428571,-3.457142857142857,0.9642857142857143,114.5234
Ord_2890,Prod_7,SHP_3987,4.94,0.1,3,-1.76,0.7,0.37,1.6466666666666667,-0.5866666666666667,0.2333333333333333,5.506
Ord_94,Prod_13,SHP_127,82.15,0.03,35,-6.33,1.12,0.58,2.3471428571428574,-0.18085714285714286,0.032,84.8955
Ord_94,Prod_5,SHP_127,283.58,0.03,42,-14.23,4.95,0.37,6.751904761904761,-0.33880952380952384,0.11785714285714285,284.3526
Ord_298,Prod_11,SHP_400,3881.89,0.06,22,-803.52,69.0,0.72,176.44954545454544,-36.52363636363636,3.1363636363636362,4383.4966
Ord_94,Prod_17,SHP_128,5403.37,0.06,39,948.79,17.85,0.56,138.5479487179487,24.32794871794872,0.45769230769230773,4112.5278
Ord_298,Prod_1,SHP_400,1326.04,0.02,39,-1129.96,35.0,0.81,34.00102564102564,-28.973333333333333,0.8974358974358975,2394.4791999999998
Ord_7,Prod_6,SHP_9,228.41,0.07,44,-226.36,8.33,0.38,5.191136363636364,-5.1445454545454545,0.18931818181818183,430.4513
Ord_330,Prod_5,SHP_440,843.53,0.04,42,268.32,6.15,0.44,20.084047619047617,6.388571428571429,0.14642857142857144,535.3188
Ord_1099,Prod_13,SHP_1516,198.08,0.02,47,32.69,0.94,0.56,4.214468085106383,0.695531914893617,0.02,160.4884
Ord_255,Prod_8,SHP_351,509.52,0.05,25,-145.78,6.5,0.78,20.3808,-5.8312,0.26,623.324
Ord_265,Prod_3,SHP_362,224.58,0.03,48,-144.76,5.42,0.37,4.67875,-3.015833333333333,0.11291666666666667,357.1826
Ord_225,Prod_8,SHP_313,2298.32,0.06,24,218.72,19.99,0.5,95.76333333333334,9.113333333333333,0.8329166666666666,1921.7108000000005
Ord_231,Prod_16,SHP_320,224.47,0.08,16,-49.31,7.59,0.56,14.029375,-3.081875,0.474375,248.2324
Ord_265,Prod_9,SHP_362,365.77,0.07,34,155.69,1.39,0.39,10.757941176470588,4.5791176470588235,0.04088235294117647,183.0861
Ord_255,Prod_8,SHP_351,97.02,0.06,10,-3.96,1.99,0.41,9.702,-0.396,0.199,93.16879999999999
Ord_115,Prod_6,SHP_156,207.08,0.09,48,-131.82,5.17,0.4,4.314166666666667,-2.74625,0.10770833333333334,315.0928
Ord_115,Prod_1,SHP_156,234.28,0.09,8,-65.42,13.99,0.58,29.285,-8.1775,1.74875,264.6248
Ord_115,Prod_4,SHP_156,1779.8915,0.09,41,-250.17,5.0,0.8,43.411987804878045,-6.101707317073171,0.12195121951219512,1864.871265
Ord_255,Prod_3,SHP_351,281.84,0.06,19,-21.85,8.4,0.39,14.833684210526314,-1.1500000000000001,0.4421052631578948,278.37960000000004
Ord_49,Prod_5,SHP_65,844.09,0.04,41,52.56,10.49,0.49,20.587560975609758,1.2819512195121952,0.25585365853658537,747.2764
Ord_49,Prod_8,SHP_63,1311.25,0.0,32,407.44,1.99,0.54,40.9765625,12.7325,0.0621875,901.8199999999999
Ord_30,Prod_4,SHP_40,820.284,0.0,8,-180.2,2.5,0.57,102.5355,-22.525,0.3125,997.9839999999999
Ord_2472,Prod_6,SHP_3388,823.07,0.02,22,318.25,5.08,0.38,37.41227272727273,14.465909090909092,0.23090909090909092,483.2786
Ord_2547,Prod_16,SHP_3486,98.24,0.04,9,-10.38,3.37,0.57,10.915555555555555,-1.1533333333333333,0.37444444444444447,101.32039999999999
Ord_2508,Prod_1,SHP_3437,580.04,0.09,36,-31.86,6.25,0.58,16.112222222222222,-0.885,0.1736111111111111,553.4463999999999
Ord_2472,Prod_8,SHP_3387,865.35,0.06,28,-159.25,8.65,0.74,30.905357142857145,-5.6875,0.30892857142857144,964.029
Ord_2462,Prod_3,SHP_3374,159.71,0.1,20,-114.41,8.94,0.4,7.9855,-5.7204999999999995,0.44699999999999995,249.209
Ord_2382,Prod_1,SHP_3270,158.19,0.09,17,-75.22,7.28,0.57,9.305294117647058,-4.424705882352941,0.42823529411764705,211.8929
Ord_2330,Prod_6,SHP_3198,188.73,0.05,24,-32.48,5.83,0.36,7.86375,-1.3533333333333333,0.24291666666666667,205.94349999999997
Ord_2537,Prod_6,SHP_3473,113.19,0.04,11,-53.25,9.86,0.4,10.29,-4.840909090909091,0.8963636363636364,152.05239999999998
Ord_2537,Prod_3,SHP_3473,196.04,0.04,13,2.13,7.27,0.38,15.08,0.16384615384615384,0.5592307692307692,178.7984
Ord_2537,Prod_12,SHP_3474,140.02,0.03,28,66.71,0.5,0.36,5.000714285714286,2.3825,0.017857142857142856,68.60940000000001
Ord_2363,Prod_6,SHP_3245,40.26,0.01,8,-27.44,5.68,0.4,5.0325,-3.43,0.71,61.6174
Ord_2543,Prod_1,SHP_3482,621.21,0.07,22,-42.35,6.64,0.7,28.236818181818183,-1.925,0.3018181818181818,613.4353000000001
Ord_213,Prod_8,SHP_295,226.5,0.09,48,-173.15,4.62,0.64,4.71875,-3.607291666666667,0.09625,374.645
Ord_213,Prod_16,SHP_294,42.89,0.02,5,-32.48,8.37,0.58,8.578,-6.4959999999999996,1.674,66.1422
Ord_280,Prod_5,SHP_379,52.39,0.08,8,-17.38,5.57,0.41,6.54875,-2.1725,0.69625,60.008799999999994
Ord_157,Prod_10,SHP_211,4684.9,0.01,30,-549.27,66.27,0.65,156.16333333333333,-18.309,2.209,5121.0509999999995
Ord_259,Prod_2,SHP_355,2475.83,0.09,42,752.37,3.99,0.57,58.94833333333333,17.91357142857143,0.095,1496.6453000000001
Ord_213,Prod_8,SHP_296,438.93,0.04,13,-119.02,5.5,0.75,33.76384615384615,-9.155384615384616,0.4230769230769231,534.8928
Ord_213,Prod_6,SHP_293,140.66,0.0,14,11.34,4.39,0.38,10.047142857142857,0.8099999999999999,0.31357142857142856,124.93
Ord_64,Prod_11,SHP_87,6250.936,0.01,29,31.21,62.74,0.75,215.5495172413793,1.0762068965517242,2.163448275862069,6094.47664
Ord_87,Prod_6,SHP_116,268.34,0.09,44,-240.83,8.88,0.37,6.098636363636363,-5.473409090909091,0.20181818181818184,476.1394
Ord_71,Prod_5,SHP_95,1519.9,0.09,15,399.37,24.49,0.61,101.32666666666667,26.624666666666666,1.6326666666666665,959.2490000000001
Ord_65,Prod_13,SHP_89,80.27,0.09,46,-0.79,0.7,0.56,1.7449999999999999,-0.01717391304347826,0.015217391304347825,73.1357
Ord_65,Prod_5,SHP_88,854.88,0.09,25,-44.14,19.99,0.55,34.1952,-1.7656,0.7996,802.0908
Ord_317,Prod_8,SHP_423,387.17,0.1,7,-204.65,6.55,0.68,55.31,-29.235714285714288,0.9357142857142857,546.553
Ord_300,Prod_1,SHP_403,617.26,0.04,48,-37.52,6.13,0.57,12.859583333333333,-0.7816666666666667,0.12770833333333334,623.9596
Ord_90,Prod_3,SHP_122,1414.05,0.09,42,161.48,14.72,0.37,33.667857142857144,3.8447619047619046,0.3504761904761905,1110.5855
Ord_307,Prod_10,SHP_413,623.71,0.01,10,-213.32,36.61,0.61,62.371,-21.332,3.661,794.1829
Ord_329,Prod_6,SHP_438,272.07,0.02,39,-206.46,9.54,0.37,6.976153846153846,-5.293846153846154,0.2446153846153846,463.54859999999996
Ord_329,Prod_5,SHP_437,14.23,0.0,4,-4.43,5.33,0.43,3.5575,-1.1075,1.3325,13.33
Ord_329,Prod_1,SHP_439,325.43,0.09,5,-76.11,6.88,0.73,65.086,-15.222,1.376,365.3713
Ord_2055,Prod_4,SHP_2809,803.267,0.06,15,-19.97,5.26,0.56,53.55113333333334,-1.3313333333333333,0.3506666666666666,769.7809800000001
Ord_2265,Prod_6,SHP_3087,1201.68,0.01,28,146.8,19.99,0.36,42.917142857142856,5.242857142857143,0.7139285714285714,1022.8732
Ord_2258,Prod_1,SHP_3074,653.92,0.02,11,52.89,9.71,0.57,59.447272727272725,4.808181818181819,0.8827272727272728,578.2416
Ord_2265,Prod_5,SHP_3087,2784.57,0.05,21,847.06,24.49,0.59,132.59857142857143,40.336190476190474,1.1661904761904762,1773.7915000000003
Ord_4613,Prod_5,SHP_6419,183.22,0.01,13,-100.89,14.37,0.73,14.093846153846155,-7.760769230769231,1.1053846153846154,267.9078
Ord_4613,Prod_1,SHP_6420,68.03,0.02,4,-29.42,4.53,0.81,17.0075,-7.355,1.1325,91.5594
Ord_4790,Prod_5,SHP_6676,419.95,0.02,39,-39.1,5.16,0.57,10.767948717948718,-1.0025641025641026,0.13230769230769232,445.491
Ord_1136,Prod_5,SHP_1566,11.01,0.09,3,-1.42,5.33,0.43,3.67,-0.47333333333333333,1.7766666666666666,6.1091
Ord_1136,Prod_3,SHP_1566,39.44,0.0,5,-0.94,2.99,0.35,7.888,-0.188,0.5980000000000001,37.38999999999999
Ord_1176,Prod_4,SHP_1622,728.025,0.04,13,20.0,2.5,0.55,56.00192307692308,1.5384615384615385,0.19230769230769232,676.404
Ord_2931,Prod_4,SHP_4050,302.1325,0.02,16,38.91,0.99,0.57,18.88328125,2.431875,0.061875,256.18985
Ord_2931,Prod_1,SHP_4049,773.74,0.02,11,-309.48,35.0,0.8,70.34,-28.134545454545457,3.1818181818181817,1032.7452
Ord_1158,Prod_4,SHP_1600,849.031,0.07,50,-133.31,3.3,0.81,16.98062,-2.6662,0.066,919.6088299999999
Ord_2958,Prod_17,SHP_4079,2608.79,0.03,12,67.36,14.7,0.59,217.39916666666667,5.613333333333333,1.2249999999999999,2448.4663
Ord_1180,Prod_16,SHP_1627,59.76,0.1,19,-33.11,1.92,0.84,3.1452631578947368,-1.7426315789473683,0.10105263157894737,84.97399999999999
Ord_2944,Prod_5,SHP_4063,113.43,0.09,24,-53.06,5.32,0.41,4.72625,-2.2108333333333334,0.22166666666666668,150.96130000000002
Ord_2965,Prod_4,SHP_4088,4257.276,0.04,41,1059.08,2.5,0.6,103.836,25.83121951219512,0.06097560975609756,3025.40496
Ord_1514,Prod_15,SHP_2091,7341.96,0.0,32,764.95,64.2,0.59,229.43625,23.9046875,2.00625,6512.81
Ord_1459,Prod_3,SHP_2016,127.56,0.03,22,-60.72,5.63,0.39,5.798181818181818,-2.76,0.2559090909090909,178.82319999999999
Ord_1372,Prod_1,SHP_1890,750.03,0.07,35,-1072.97,35.0,0.84,21.42942857142857,-30.656285714285715,1.0,1735.4978999999998
Ord_1518,Prod_8,SHP_2097,125.7,0.04,4,-62.77,1.99,0.42,31.425,-15.6925,0.4975,181.452
Ord_1518,Prod_8,SHP_2096,205.3,0.0,25,-89.56,5.53,0.69,8.212,-3.5824000000000003,0.2212,289.33000000000004
Ord_1494,Prod_13,SHP_2065,1511.7,0.02,43,221.63,7.73,0.59,35.15581395348838,5.154186046511628,0.17976744186046512,1252.1060000000002
Ord_1597,Prod_15,SHP_2207,6123.48,0.08,44,1232.79,24.49,0.57,139.17,28.017954545454543,0.556590909090909,4376.3216
Ord_1504,Prod_5,SHP_2079,285.06,0.08,34,-211.54,10.16,0.59,8.384117647058824,-6.221764705882353,0.2988235294117647,463.6352
Ord_1500,Prod_12,SHP_2072,109.78,0.06,31,43.77,0.5,0.37,3.5412903225806454,1.411935483870968,0.016129032258064516,58.9232
Ord_1430,Prod_6,SHP_1978,220.48,0.04,36,81.91,1.02,0.39,6.124444444444444,2.2752777777777777,0.028333333333333335,128.7308
Ord_1310,Prod_6,SHP_1806,125.16,0.02,18,-23.48,5.14,0.37,6.953333333333333,-1.3044444444444445,0.28555555555555556,140.99679999999998
Ord_1515,Prod_12,SHP_2092,269.28,0.08,28,113.63,0.99,0.37,9.617142857142856,4.0582142857142856,0.03535714285714286,133.11759999999998
Ord_1309,Prod_16,SHP_1805,173.2,0.01,18,-10.9,3.98,0.56,9.622222222222222,-0.6055555555555556,0.22111111111111112,178.388
Ord_1654,Prod_1,SHP_2284,90.58,0.06,7,-27.83,6.27,0.57,12.94,-3.9757142857142855,0.8957142857142857,106.7052
Ord_1430,Prod_3,SHP_1977,751.52,0.09,25,67.11,12.62,0.37,30.0608,2.6844,0.5047999999999999,604.1532
Ord_1654,Prod_6,SHP_2283,197.93,0.06,32,-57.64,5.46,0.36,6.1853125,-1.80125,0.170625,238.2342
Ord_1430,Prod_4,SHP_1979,1259.4535,0.02,21,168.24,8.99,0.56,59.97397619047619,8.011428571428572,0.4280952380952381,1057.0344300000002
Ord_4885,Prod_5,SHP_6815,715.8,0.06,12,-279.12,52.2,0.72,59.65,-23.26,4.3500000000000005,899.7719999999999
Ord_4942,Prod_12,SHP_6894,98.46,0.01,32,41.54,0.5,0.38,3.076875,1.298125,0.015625,55.435399999999994
Ord_4911,Prod_6,SHP_6850,326.1,0.04,48,-118.74,6.6,0.37,6.79375,-2.47375,0.13749999999999998,425.196
Ord_4942,Prod_4,SHP_6895,569.636,0.0,11,-173.25,5.0,0.8,51.785090909090904,-15.75,0.45454545454545453,737.886
Ord_4939,Prod_6,SHP_6890,214.19,0.0,29,-40.56,5.94,0.37,7.385862068965517,-1.3986206896551725,0.20482758620689656,248.81
Ord_4885,Prod_11,SHP_6816,10941.23,0.0,47,1687.07,32.48,0.68,232.79212765957445,35.895106382978724,0.691063829787234,9221.68
Ord_4911,Prod_4,SHP_6851,170.374,0.09,6,-67.13,0.99,0.35,28.395666666666667,-11.188333333333333,0.165,221.18033999999997
Ord_3191,Prod_6,SHP_4427,272.39,0.03,39,-91.48,6.6,0.37,6.984358974358974,-2.345641025641026,0.1692307692307692,349.0983
Ord_3196,Prod_4,SHP_4433,837.386,0.03,45,104.33,4.81,0.58,18.60857777777778,2.3184444444444443,0.10688888888888888,703.12442
Ord_3198,Prod_8,SHP_4436,1504.22,0.02,38,118.97,10.25,0.55,39.584736842105265,3.1307894736842106,0.26973684210526316,1344.9156
Ord_3202,Prod_9,SHP_4441,437.73,0.01,42,205.7,1.39,0.37,10.422142857142857,4.897619047619047,0.033095238095238094,226.26270000000005
Ord_3183,Prod_11,SHP_4417,1069.85,0.07,34,-1179.39,45.51,0.65,31.466176470588234,-34.68794117647059,1.3385294117647057,2128.8405000000002
Ord_3202,Prod_1,SHP_4442,275.01,0.0,16,-87.11,11.25,0.6,17.188125,-5.444375,0.703125,350.87
Ord_3188,Prod_13,SHP_4423,103.32,0.0,33,-25.68,2.03,0.57,3.130909090909091,-0.7781818181818182,0.06151515151515151,126.97
Ord_3199,Prod_2,SHP_4437,745.48,0.02,50,119.12,3.5,0.58,14.909600000000001,2.3824,0.07,607.9504000000001
Ord_3199,Prod_4,SHP_4438,3086.5115,0.08,45,1560.96,2.5,0.35,68.58914444444444,34.688,0.05555555555555555,1276.13058
Ord_4239,Prod_6,SHP_5914,142.18,0.07,28,-50.14,4.72,0.36,5.077857142857143,-1.7907142857142857,0.16857142857142857,177.6474
Ord_4241,Prod_1,SHP_5918,1691.51,0.08,42,285.16,6.22,,40.27404761904762,6.78952380952381,0.14809523809523809,1264.8092
Ord_4241,Prod_5,SHP_5918,47.86,0.0,4,-17.32,7.29,0.45,11.965,-4.33,1.8225,57.89
Ord_4241,Prod_4,SHP_5920,3607.8505,0.05,39,784.49,8.99,0.57,92.50898717948718,20.115128205128205,0.23051282051282052,2633.977975
Ord_4558,Prod_4,SHP_6342,2813.8485,0.08,28,377.15,7.69,0.58,100.49458928571428,13.469642857142857,0.27464285714285713,2203.90062
Ord_4241,Prod_9,SHP_5919,122.93,0.04,12,-6.83,5.76,0.35,10.244166666666667,-0.5691666666666667,0.48,119.0828
Ord_4558,Prod_6,SHP_6341,630.14,0.04,30,108.0,8.68,0.37,21.004666666666665,3.6,0.28933333333333333,488.25440000000003
Ord_4302,Prod_8,SHP_6004,673.92,0.01,21,224.71,1.99,0.42,32.09142857142857,10.700476190476191,0.09476190476190476,440.48079999999993
Ord_4513,Prod_11,SHP_6283,6878.55,0.03,26,506.71,66.67,0.61,264.55961538461537,19.488846153846154,2.564230769230769,6098.8135
Ord_4295,Prod_13,SHP_5992,241.85,0.01,6,-4.5,13.89,0.41,40.30833333333333,-0.75,2.315,230.04149999999998
Ord_4302,Prod_1,SHP_6005,540.56,0.02,19,-93.46,13.99,0.58,28.45052631578947,-4.918947368421052,0.7363157894736843,609.2188
Ord_4464,Prod_11,SHP_6220,154.21,0.03,8,-160.39,27.75,0.76,19.27625,-20.04875,3.46875,282.2237
Ord_4278,Prod_4,SHP_5969,2864.1005,0.03,50,697.82,8.99,0.55,57.28201,13.9564,0.17980000000000002,2071.367485
Ord_4250,Prod_6,SHP_5935,1220.23,0.0,49,172.62,11.54,0.39,24.90265306122449,3.522857142857143,0.23551020408163265,1036.0700000000002
Ord_4281,Prod_10,SHP_5973,5677.87,0.04,43,-824.09,54.74,0.69,132.043488372093,-19.164883720930234,1.2730232558139536,6220.1052
Ord_4276,Prod_1,SHP_5967,555.2,0.06,8,-267.86,35.0,0.8,69.4,-33.4825,4.375,754.748
Ord_4281,Prod_8,SHP_5974,732.72,0.03,9,8.6,6.13,0.45,81.41333333333334,0.9555555555555555,0.6811111111111111,696.0084
Ord_4297,Prod_10,SHP_5996,3000.88,0.01,50,-719.17,36.61,0.61,60.0176,-14.3834,0.7322,3653.4312
Ord_4464,Prod_1,SHP_6219,279.77,0.07,8,-14.02,8.22,0.57,34.97125,-1.7525,1.0275,265.9861
Ord_4249,Prod_1,SHP_5933,299.01,0.09,38,-142.86,6.5,0.59,7.8686842105263155,-3.7594736842105267,0.17105263157894737,408.45910000000003
Ord_4250,Prod_1,SHP_5936,6152.8,0.04,27,554.55,28.66,0.72,227.8814814814815,20.538888888888888,1.0614814814814815,5323.478
Ord_4823,Prod_9,SHP_6720,39.49,0.1,3,-12.99,5.72,0.35,13.163333333333334,-4.33,1.9066666666666665,42.81100000000001
Ord_1790,Prod_10,SHP_2481,5748.2,0.09,39,-459.86,35.02,0.72,147.38974358974357,-11.791282051282051,0.897948717948718,5655.701999999999
Ord_1790,Prod_4,SHP_6052,6717.9325,0.09,47,1717.89,4.99,0.59,142.9347340425532,36.55085106382979,0.10617021276595745,4390.438575
Ord_4496,Prod_3,SHP_6260,229.43,0.03,31,-127.05,7.72,0.38,7.400967741935484,-4.098387096774194,0.24903225806451612,341.8771
Ord_4608,Prod_15,SHP_6409,1025.88,0.08,10,-211.33,42.0,0.61,102.58800000000001,-21.133000000000003,4.2,1113.1396
Ord_4477,Prod_2,SHP_6236,126.74,0.08,15,-18.53,3.5,0.58,8.449333333333334,-1.2353333333333334,0.23333333333333334,131.6308
Ord_1399,Prod_6,SHP_1931,218.6,0.05,36,-46.43,4.96,0.36,6.072222222222222,-1.2897222222222222,0.13777777777777778,249.14
Ord_1680,Prod_6,SHP_2325,120.54,0.06,28,6.52,2.26,0.36,4.305000000000001,0.23285714285714285,0.08071428571428571,104.5276
Ord_1555,Prod_13,SHP_2149,110.64,0.06,43,-62.6,2.4,0.58,2.5730232558139536,-1.455813953488372,0.05581395348837209,164.20159999999998
Ord_1680,Prod_7,SHP_2324,200.1,0.04,42,3.02,0.7,0.8,4.764285714285714,0.0719047619047619,0.016666666666666666,188.376
Ord_1315,Prod_8,SHP_1811,2047.58,0.01,49,902.62,1.99,0.44,41.78734693877551,18.420816326530613,0.040612244897959185,1122.4942
Ord_1456,Prod_3,SHP_2011,345.19,0.1,12,111.59,1.49,0.37,28.765833333333333,9.299166666666666,0.12416666666666666,197.59099999999998
Ord_1487,Prod_9,SHP_2053,877.47,0.07,14,151.24,19.99,0.38,62.67642857142857,10.802857142857144,1.4278571428571427,644.8171
Ord_1409,Prod_3,SHP_1944,311.65,0.03,45,-71.25,5.48,0.37,6.9255555555555555,-1.5833333333333333,0.12177777777777779,368.0705
Ord_1409,Prod_7,SHP_1944,101.19,0.06,28,32.47,0.71,0.39,3.613928571428571,1.1596428571428572,0.025357142857142856,61.93860000000001
Ord_1399,Prod_6,SHP_1930,2430.34,0.08,46,752.87,13.88,0.36,52.83347826086957,16.366739130434784,0.3017391304347826,1469.1628
Ord_1487,Prod_2,SHP_2053,146.15,0.02,35,-180.26,6.89,0.6,4.175714285714286,-5.150285714285714,0.19685714285714284,316.597
Ord_1555,Prod_5,SHP_2149,125.31,0.0,14,26.24,4.95,0.41,8.950714285714286,1.874285714285714,0.3535714285714286,94.12
Ord_1617,Prod_6,SHP_2234,177.41,0.05,29,-116.05,7.64,0.36,6.117586206896552,-4.001724137931034,0.263448275862069,276.9495
Ord_1369,Prod_12,SHP_1886,141.49,0.03,39,59.92,0.5,0.38,3.627948717948718,1.5364102564102564,0.01282051282051282,76.82530000000001
Ord_1379,Prod_6,SHP_1900,498.16,0.03,48,40.61,5.12,0.4,10.378333333333334,0.8460416666666667,0.10666666666666667,437.4852
Ord_1369,Prod_6,SHP_1887,211.55,0.05,31,-120.95,7.91,0.37,6.824193548387097,-3.9016129032258067,0.25516129032258067,314.01250000000005
Ord_1677,Prod_13,SHP_2319,68.53,0.09,21,-59.97,3.97,0.56,3.263333333333333,-2.855714285714286,0.18904761904761905,118.3623
Ord_1677,Prod_4,SHP_2320,4215.83,0.02,39,972.19,8.99,0.59,108.09820512820512,24.92794871794872,0.23051282051282052,3150.3334
Ord_1553,Prod_8,SHP_2147,877.97,0.03,29,-144.2,6.5,0.79,30.274827586206897,-4.972413793103448,0.22413793103448276,989.3308999999999
Ord_1568,Prod_3,SHP_2164,138.24,0.06,22,-48.22,5.19,0.38,6.283636363636364,-2.191818181818182,0.23590909090909093,172.97560000000001
Ord_1323,Prod_3,SHP_1822,17.12,0.03,4,-2.55,1.49,0.38,4.28,-0.6375,0.3725,17.6664
Ord_1379,Prod_3,SHP_1899,711.1,0.08,36,241.08,2.99,0.36,19.75277777777778,6.696666666666667,0.08305555555555556,410.14199999999994
Ord_1588,Prod_3,SHP_2194,36.37,0.07,19,-10.26,1.49,0.37,1.9142105263157894,-0.54,0.07842105263157895,42.59409999999999
Ord_1475,Prod_3,SHP_2038,167.46,0.09,40,-134.3,5.41,0.35,4.1865000000000006,-3.3575000000000004,0.13525,281.2786
Ord_1353,Prod_6,SHP_1861,111.66,0.06,21,-53.33,5.49,0.38,5.317142857142857,-2.5395238095238093,0.26142857142857145,152.8004
Ord_1505,Prod_3,SHP_2080,311.66,0.04,37,-63.81,6.19,0.38,8.423243243243244,-1.7245945945945946,0.1672972972972973,356.8136
Ord_1668,Prod_6,SHP_2305,88.84,0.02,16,-46.92,6.07,0.36,5.5525,-2.9325,0.379375,127.9132
Ord_1353,Prod_8,SHP_1862,231.95,0.03,24,44.14,1.99,0.43,9.664583333333333,1.8391666666666666,0.08291666666666667,178.86149999999998
Ord_1376,Prod_9,SHP_1896,281.71,0.02,36,117.38,1.39,0.36,7.825277777777777,3.2605555555555554,0.03861111111111111,157.30579999999998
Ord_233,Prod_11,SHP_323,6067.76,0.06,20,-98.05,54.12,0.76,303.38800000000003,-4.9025,2.706,5747.624400000001
Ord_233,Prod_6,SHP_322,256.0,0.03,47,-119.84,5.66,0.4,5.446808510638298,-2.549787234042553,0.12042553191489362,362.5
Ord_74,Prod_3,SHP_98,397.84,0.0,25,-14.75,9.73,0.36,15.913599999999999,-0.59,0.3892,402.85999999999996
Ord_184,Prod_3,SHP_247,281.39,0.1,50,-106.4,5.01,0.39,5.6278,-2.128,0.1002,354.64099999999996
Ord_340,Prod_17,SHP_455,712.04,0.07,45,-110.93,9.4,0.49,15.82311111111111,-2.4651111111111113,0.2088888888888889,763.7272
Ord_1311,Prod_3,SHP_1807,1246.52,0.01,50,52.48,12.98,0.39,24.9304,1.0495999999999999,0.2596,1168.5947999999999
Ord_1602,Prod_6,SHP_2215,476.04,0.01,23,57.25,9.54,0.37,20.69739130434783,2.489130434782609,0.41478260869565214,404.4896
Ord_1460,Prod_16,SHP_2017,81.58,0.04,7,-7.78,3.37,0.57,11.654285714285715,-1.1114285714285714,0.48142857142857143,82.7268
Ord_1620,Prod_3,SHP_2237,204.15,0.07,48,-155.53,5.41,0.35,4.253125,-3.2402083333333334,0.11270833333333334,339.97950000000003
Ord_1424,Prod_3,SHP_1969,125.46,0.07,34,-129.63,5.47,0.37,3.69,-3.8126470588235293,0.16088235294117648,240.8378
Ord_1672,Prod_15,SHP_2311,13608.83,0.1,50,1342.93,64.73,0.56,272.1766,26.858600000000003,1.2946,10840.287
Ord_1333,Prod_5,SHP_1834,4888.14,0.07,47,1545.09,5.81,0.65,104.00297872340427,32.874255319148936,0.12361702127659574,2995.0702
Ord_1472,Prod_9,SHP_2033,365.24,0.09,44,-163.13,8.29,0.38,8.30090909090909,-3.7075,0.1884090909090909,487.2084
Ord_1602,Prod_5,SHP_2214,2980.15,0.05,43,-865.98,37.58,0.78,69.30581395348837,-20.13906976744186,0.873953488372093,3659.5425
Ord_1443,Prod_8,SHP_1994,5382.24,0.1,37,14.85,4.0,0.79,145.46594594594595,0.40135135135135136,0.10810810810810811,4825.165999999999
Ord_1443,Prod_8,SHP_1994,1035.95,0.08,30,342.41,1.99,0.43,34.531666666666666,11.413666666666668,0.06633333333333333,608.674
Ord_1333,Prod_6,SHP_1834,63.87,0.09,27,-149.93,7.09,0.38,2.3655555555555554,-5.5529629629629635,0.2625925925925926,200.9617
Ord_1620,Prod_5,SHP_2237,33.11,0.08,13,-35.96,4.57,0.41,2.546923076923077,-2.766153846153846,0.3515384615384616,61.8512
Ord_1672,Prod_7,SHP_2312,89.32,0.01,25,33.46,0.7,0.37,3.5727999999999995,1.3384,0.027999999999999997,54.266799999999996
Ord_1474,Prod_4,SHP_2037,211.7435,0.04,7,-33.31,1.25,0.36,30.24907142857143,-4.758571428571429,0.17857142857142858,235.33376
Ord_1644,Prod_13,SHP_2271,105.45,0.06,30,-173.36,7.49,0.54,3.515,-5.778666666666667,0.24966666666666668,264.99300000000005
Ord_1461,Prod_2,SHP_2019,467.5,0.08,40,-33.34,4.98,0.58,11.6875,-0.8335000000000001,0.12450000000000001,458.46000000000004
Ord_1485,Prod_2,SHP_2051,385.99,0.09,48,-40.72,3.5,0.58,8.041458333333333,-0.8483333333333333,0.07291666666666667,388.47090000000003
Ord_1562,Prod_13,SHP_2157,52.93,0.0,9,5.34,0.7,0.6,5.881111111111111,0.5933333333333333,0.07777777777777778,46.89
Ord_1562,Prod_6,SHP_2158,145.13,0.03,25,-42.45,4.96,0.36,5.8052,-1.6980000000000002,0.1984,178.2661
Ord_1575,Prod_6,SHP_2173,945.54,0.03,48,254.58,5.97,0.38,19.69875,5.30375,0.124375,656.6237999999998
Ord_1612,Prod_17,SHP_2227,2365.43,0.04,16,619.71,13.99,0.38,147.839375,38.731875,0.874375,1637.1127999999999
Ord_1564,Prod_3,SHP_2160,916.05,0.08,39,-21.9,12.98,0.39,23.488461538461536,-0.5615384615384615,0.33282051282051284,851.6859999999999
Ord_1319,Prod_16,SHP_1816,34.59,0.04,14,-60.13,5.0,0.81,2.470714285714286,-4.295,0.35714285714285715,88.3364
Ord_1319,Prod_11,SHP_1817,5029.216,0.02,29,-752.83,69.64,0.77,173.42124137931035,-25.959655172413793,2.4013793103448275,5611.82168
Ord_1822,Prod_13,SHP_2516,71.32,0.08,42,-4.9,1.0,0.4,1.6980952380952379,-0.11666666666666667,0.023809523809523808,69.5144
Ord_1964,Prod_5,SHP_2688,26.5,0.05,3,20.12,4.0,0.42,8.833333333333334,6.706666666666667,1.3333333333333333,1.0549999999999997
Ord_1938,Prod_9,SHP_2655,257.9,0.0,28,-84.69,8.29,0.38,9.210714285714285,-3.024642857142857,0.29607142857142854,334.29999999999995
Ord_1937,Prod_12,SHP_2654,183.08,0.01,49,82.49,0.5,0.38,3.7363265306122453,1.683469387755102,0.01020408163265306,98.2592
Ord_2995,Prod_8,SHP_4143,677.9,0.05,20,196.36,1.99,0.45,33.894999999999996,9.818000000000001,0.0995,445.655
Ord_1937,Prod_13,SHP_3149,36.74,0.09,14,-5.36,0.97,0.59,2.6242857142857146,-0.3828571428571429,0.06928571428571428,37.8234
Ord_4653,Prod_8,SHP_6484,1279.25,0.01,38,569.3,1.99,0.42,33.66447368421053,14.981578947368419,0.05236842105263158,695.1675
Ord_4701,Prod_6,SHP_6559,614.8,0.08,43,247.79,1.97,0.39,14.29767441860465,5.7625581395348835,0.04581395348837209,315.856
Ord_4701,Prod_6,SHP_6558,137.63,0.09,16,26.71,2.15,0.4,8.601875,1.669375,0.134375,96.38329999999999
Ord_1899,Prod_4,SHP_2605,2172.515,0.06,15,32.75,8.99,0.57,144.83433333333332,2.183333333333333,0.5993333333333334,2000.4241
Ord_2217,Prod_8,SHP_3016,1504.97,0.02,19,-0.31,4.0,0.76,79.20894736842105,-0.01631578947368421,0.21052631578947367,1471.1806
Ord_2295,Prod_5,SHP_3141,55.49,0.04,11,-37.32,7.24,0.54,5.044545454545455,-3.3927272727272726,0.6581818181818182,83.35040000000001
Ord_2285,Prod_2,SHP_3126,1412.98,0.1,25,324.96,4.5,0.56,56.5192,12.998399999999998,0.18,942.222
Ord_2268,Prod_7,SHP_3090,7.98,0.04,2,-3.93,1.35,0.4,3.99,-1.965,0.675,10.2408
Ord_2250,Prod_9,SHP_3061,299.87,0.02,18,130.04,1.39,0.4,16.659444444444446,7.224444444444444,0.07722222222222222,162.4426
Ord_2208,Prod_4,SHP_3007,1978.3665,0.0,50,483.6,4.99,0.57,39.56733,9.672,0.0998,1489.7765
Ord_2321,Prod_5,SHP_3180,65.7,0.02,28,-83.54,4.86,0.41,2.3464285714285715,-2.983571428571429,0.17357142857142857,143.066
Ord_2321,Prod_5,SHP_3181,1685.07,0.03,38,-681.97,34.2,0.73,44.34394736842105,-17.946578947368423,0.9,2282.2879
Ord_4384,Prod_13,SHP_6113,56.77,0.06,21,-3.2,1.34,0.45,2.7033333333333336,-0.1523809523809524,0.06380952380952382,55.223800000000004
Ord_4384,Prod_2,SHP_6112,155.48,0.1,6,-6.64,5.37,0.5,25.91333333333333,-1.1066666666666667,0.895,141.20199999999997
Ord_3493,Prod_6,SHP_4835,1779.87,0.01,43,311.72,17.48,0.36,41.39232558139535,7.249302325581396,0.40651162790697676,1432.8712999999998
Ord_1864,Prod_3,SHP_2558,88.61,0.01,19,21.47,1.49,0.38,4.663684210526315,1.13,0.07842105263157895,64.7639
Ord_1869,Prod_15,SHP_2566,2389.3,0.01,18,589.38,12.65,,132.7388888888889,32.74333333333333,0.7027777777777778,1763.377
Ord_1866,Prod_4,SHP_2562,2690.7515,0.0,15,234.61,8.08,0.59,179.38343333333333,15.640666666666668,0.5386666666666666,2448.0615
Ord_1871,Prod_4,SHP_2570,1288.7785,0.07,23,-185.89,19.99,0.59,56.033847826086955,-8.082173913043478,0.8691304347826087,1364.4640049999998
Ord_1866,Prod_9,SHP_2561,477.53,0.09,50,197.76,1.39,0.39,9.5506,3.9551999999999996,0.0278,235.40229999999997
Ord_1869,Prod_4,SHP_2566,222.258,0.03,7,-77.9,1.25,0.57,31.75114285714286,-11.12857142857143,0.17857142857142858,292.24026000000003
Ord_1871,Prod_9,SHP_2569,740.2,0.05,9,239.94,5.01,0.38,82.24444444444445,26.66,0.5566666666666666,458.24000000000007
Ord_4611,Prod_6,SHP_6416,506.73,0.08,41,25.58,6.47,0.38,12.359268292682927,0.6239024390243902,0.1578048780487805,434.1416
Ord_1944,Prod_2,SHP_2662,44.51,0.01,9,-43.48,6.89,0.6,4.945555555555555,-4.8311111111111105,0.7655555555555555,80.6549
Ord_3248,Prod_8,SHP_4504,994.27,0.09,26,-127.11,6.5,0.74,38.24115384615384,-4.888846153846154,0.25,1025.3957
Ord_3520,Prod_17,SHP_4873,1193.1,0.09,6,-139.5,13.99,0.37,198.85,-23.25,2.3316666666666666,1211.231
Ord_603,Prod_6,SHP_7353,146.25,0.01,21,60.12,1.02,0.39,6.964285714285714,2.8628571428571425,0.04857142857142857,83.64749999999998
Ord_5317,Prod_2,SHP_7426,240.49,0.05,4,-53.9,13.22,0.56,60.1225,-13.475,3.305,269.1455
Ord_5281,Prod_12,SHP_7372,40.34,0.09,15,10.59,0.5,0.38,2.6893333333333334,0.706,0.03333333333333333,25.619400000000002
Ord_5313,Prod_6,SHP_7420,121.09,0.05,17,-30.51,5.66,0.37,7.122941176470588,-1.7947058823529414,0.33294117647058824,139.8855
Ord_5281,Prod_4,SHP_7373,3951.6755,0.1,41,812.24,4.2,0.57,96.38232926829268,19.810731707317075,0.10243902439024391,2740.0679499999997
Ord_5268,Prod_12,SHP_7355,104.39,0.07,40,38.45,0.5,0.39,2.60975,0.96125,0.0125,58.1327
Ord_5287,Prod_8,SHP_7381,408.23,0.06,10,52.38,1.99,0.42,40.823,5.238,0.199,329.3662
Ord_5313,Prod_8,SHP_7419,621.93,0.08,16,-49.77,4.0,0.7,38.870625,-3.110625,0.25,617.9455999999999
Ord_5297,Prod_3,SHP_7394,305.01,0.05,41,-160.82,7.72,0.38,7.439268292682927,-3.922439024390244,0.18829268292682927,442.85949999999997
Ord_5297,Prod_1,SHP_7395,3583.52,0.09,24,221.71,19.99,0.66,149.31333333333333,9.237916666666667,0.8329166666666666,3019.3032000000003
Ord_5290,Prod_4,SHP_7385,711.875,0.04,24,217.33,3.3,0.39,29.661458333333332,9.055416666666668,0.13749999999999998,462.77
Ord_599,Prod_4,SHP_819,863.583,0.04,8,-264.28,8.99,0.55,107.947875,-33.035,1.12375,1084.3296799999998
Ord_596,Prod_8,SHP_814,892.38,0.0,26,366.48,1.99,0.42,34.32230769230769,14.095384615384615,0.07653846153846154,523.91
Ord_596,Prod_13,SHP_814,29.41,0.01,10,-2.06,1.34,0.45,2.941,-0.20600000000000002,0.134,29.8359
Ord_599,Prod_5,SHP_818,1476.39,0.06,35,-303.62,15.9,0.75,42.18257142857143,-8.674857142857142,0.4542857142857143,1675.5266000000001
Ord_603,Prod_16,SHP_825,133.23,0.0,41,-59.91,1.92,0.84,3.2495121951219508,-1.461219512195122,0.04682926829268293,191.22
Ord_601,Prod_8,SHP_822,715.4,0.08,24,-99.34,4.0,0.8,29.808333333333334,-4.139166666666667,0.16666666666666666,753.508
Ord_3927,Prod_13,SHP_5456,82.09,0.02,36,11.44,1.0,0.38,2.280277777777778,0.31777777777777777,0.027777777777777776,68.0082
Ord_4824,Prod_3,SHP_6721,1317.34,0.03,44,555.93,2.99,0.35,29.939545454545453,12.634772727272725,0.06795454545454546,718.8998
Ord_3076,Prod_1,SHP_4270,487.7,0.06,16,-67.54,6.72,0.75,30.48125,-4.22125,0.42,519.2579999999999
Ord_3084,Prod_4,SHP_4280,6636.664,0.08,40,1623.7,8.99,0.56,165.9166,40.5925,0.22475,4473.0408800000005
Ord_3087,Prod_13,SHP_4283,336.29,0.08,16,-52.14,8.99,0.59,21.018125,-3.25875,0.561875,352.53679999999997
Ord_3064,Prod_2,SHP_4255,362.17,0.08,33,-83.96,6.96,0.5,10.974848484848485,-2.544242424242424,0.2109090909090909,410.19640000000004
Ord_3100,Prod_3,SHP_4300,127.32,0.1,11,22.96,2.99,0.38,11.574545454545454,2.0872727272727274,0.27181818181818185,88.638
Ord_1981,Prod_10,SHP_2707,4011.65,0.05,30,-603.8,54.74,0.69,133.72166666666666,-20.126666666666665,1.8246666666666667,4360.1275000000005
Ord_1981,Prod_4,SHP_3040,192.814,0.03,27,-86.2,5.03,0.6,7.141259259259259,-3.1925925925925926,0.1862962962962963,268.19957999999997
Ord_4774,Prod_8,SHP_6658,739.07,0.1,36,-71.55,5.99,0.65,20.529722222222222,-1.9874999999999998,0.1663888888888889,730.723
Ord_4774,Prod_6,SHP_6658,38.58,0.02,4,-2.82,2.15,0.4,9.645,-0.705,0.5375,38.4784
Ord_4812,Prod_12,SHP_6706,158.79,0.02,33,74.14,0.5,0.36,4.8118181818181816,2.2466666666666666,0.015151515151515152,80.97419999999998
Ord_4812,Prod_6,SHP_6706,79.06,0.1,12,-47.0,6.92,0.37,6.588333333333334,-3.9166666666666665,0.5766666666666667,111.234
Ord_3416,Prod_3,SHP_4736,152.31,0.03,25,38.08,1.49,0.39,6.0924000000000005,1.5231999999999999,0.0596,108.1707
Ord_3441,Prod_3,SHP_4769,85.74,0.03,18,-73.57,6.21,0.37,4.763333333333333,-4.087222222222222,0.345,150.5278
Ord_3441,Prod_3,SHP_4769,2031.98,0.05,17,778.6,9.07,0.35,119.52823529411765,45.800000000000004,0.5335294117647059,1142.7110000000002
Ord_3443,Prod_9,SHP_4773,3849.17,0.06,46,1982.78,5.01,0.38,83.67760869565218,43.10391304347826,0.10891304347826086,1630.4297999999997
Ord_3441,Prod_3,SHP_4770,131.94,0.04,24,2.32,2.99,0.37,5.4975,0.09666666666666666,0.12458333333333334,121.3524
Ord_1804,Prod_3,SHP_2497,177.67,0.03,6,39.63,1.49,0.38,29.611666666666665,6.605,0.24833333333333332,131.2199
Ord_1799,Prod_7,SHP_2730,119.2,0.06,32,30.61,0.99,0.39,3.725,0.9565625,0.0309375,80.44800000000001
Ord_1912,Prod_8,SHP_2619,77.55,0.0,33,-37.2,1.99,0.55,2.35,-1.1272727272727274,0.0603030303030303,112.76
Ord_1804,Prod_8,SHP_4104,1285.55,0.09,26,-17.03,19.99,0.41,49.44423076923077,-0.655,0.7688461538461537,1166.8905
Ord_2213,Prod_1,SHP_3012,150.33,0.1,10,-47.88,4.53,0.81,15.033000000000001,-4.788,0.453,178.64700000000002
Ord_2215,Prod_12,SHP_3014,30.35,0.01,9,5.02,0.99,0.37,3.3722222222222222,0.5577777777777777,0.11,24.036500000000004
Ord_2213,Prod_3,SHP_3118,2519.55,0.05,47,592.53,16.11,0.39,53.607446808510645,12.607021276595743,0.3427659574468085,1784.9325000000001
Ord_2213,Prod_13,SHP_3119,1634.17,0.05,46,232.8,13.89,0.41,35.5254347826087,5.060869565217391,0.30195652173913046,1305.7715
Ord_4346,Prod_3,SHP_6061,27.01,0.05,7,-1.3,1.49,0.38,3.858571428571429,-0.18571428571428572,0.21285714285714286,25.469500000000004
Ord_4383,Prod_5,SHP_6111,96.68,0.03,11,22.25,4.95,0.41,8.789090909090909,2.022727272727273,0.45,66.5796
Ord_4383,Prod_5,SHP_6110,464.64,0.03,42,14.48,5.16,0.57,11.062857142857142,0.34476190476190477,0.12285714285714286,431.0607999999999
Ord_4383,Prod_2,SHP_6110,394.62,0.06,37,-31.39,4.5,0.59,10.665405405405405,-0.8483783783783784,0.12162162162162163,397.8328
Ord_4363,Prod_9,SHP_6082,83.87,0.06,14,-28.83,5.3,0.35,5.990714285714286,-2.059285714285714,0.37857142857142856,102.3678
Ord_3239,Prod_9,SHP_4491,2300.45,0.02,36,624.64,19.99,0.38,63.90138888888888,17.35111111111111,0.5552777777777778,1609.8110000000001
Ord_3378,Prod_5,SHP_4684,480.13,0.04,29,53.67,7.74,0.5,16.556206896551725,1.850689655172414,0.26689655172413795,399.5148
Ord_3491,Prod_5,SHP_4833,2544.73,0.02,45,375.87,11.1,0.64,56.54955555555556,8.352666666666666,0.24666666666666665,2106.8654
Ord_3239,Prod_13,SHP_4492,548.11,0.04,46,124.24,2.36,0.55,11.915434782608695,2.700869565217391,0.051304347826086956,399.5856
Ord_3378,Prod_3,SHP_4683,113.8,0.07,25,-84.08,5.42,0.37,4.552,-3.3632,0.2168,184.494
Ord_3262,Prod_6,SHP_4524,39.68,0.09,5,-6.71,2.87,0.4,7.936,-1.342,0.5740000000000001,39.948800000000006
Ord_4627,Prod_7,SHP_6444,142.59,0.02,29,-3.23,0.7,0.85,4.916896551724138,-0.11137931034482759,0.02413793103448276,142.2682
Ord_4502,Prod_13,SHP_6269,75.73,0.04,43,-37.76,1.57,0.59,1.7611627906976746,-0.8781395348837209,0.03651162790697675,108.89080000000001
Ord_4385,Prod_6,SHP_6114,63.91,0.06,9,-27.78,6.35,0.37,7.101111111111111,-3.086666666666667,0.7055555555555555,81.5054
Ord_488,Prod_16,SHP_656,134.86,0.04,42,-62.84,1.92,0.84,3.2109523809523814,-1.4961904761904763,0.045714285714285714,190.3856
Ord_416,Prod_13,SHP_560,46.97,0.03,8,-0.01,1.2,0.55,5.87125,-0.00125,0.15,44.37089999999999
Ord_405,Prod_3,SHP_546,1158.26,0.06,7,170.08,19.99,0.39,165.46571428571428,24.29714285714286,2.8557142857142854,898.6944
Ord_369,Prod_8,SHP_494,3152.75,0.04,38,1166.4,6.13,0.45,82.96710526315789,30.694736842105264,0.16131578947368422,1854.1099999999997
Ord_436,Prod_6,SHP_582,152.96,0.09,36,-123.87,5.74,0.4,4.248888888888889,-3.4408333333333334,0.15944444444444444,257.3236
Ord_448,Prod_6,SHP_600,173.09,0.03,20,-6.71,4.82,0.4,8.6545,-0.3355,0.24100000000000002,169.78730000000002
Ord_371,Prod_8,SHP_497,1681.6,0.07,42,167.37,10.25,0.55,40.03809523809524,3.9850000000000003,0.24404761904761904,1386.268
Ord_405,Prod_4,SHP_545,8221.2935,0.06,50,2342.21,4.2,0.6,164.42587,46.8442,0.084,5381.60589
Ord_436,Prod_9,SHP_582,152.55,0.06,42,-20.27,2.5,0.39,3.6321428571428576,-0.4826190476190476,0.05952380952380952,161.16700000000003
Ord_350,Prod_12,SHP_465,55.45,0.01,17,21.42,0.5,0.37,3.261764705882353,1.26,0.029411764705882353,32.975500000000004
Ord_458,Prod_9,SHP_614,672.46,0.1,47,279.74,1.39,0.4,14.307659574468087,5.951914893617022,0.02957446808510638,324.08400000000006
Ord_416,Prod_3,SHP_559,196.5,0.08,40,-99.76,4.97,0.38,4.9125,-2.494,0.12425,275.57
Ord_448,Prod_8,SHP_599,1441.57,0.07,50,475.26,1.99,0.5,28.8314,9.5052,0.0398,863.4100999999998
Ord_369,Prod_5,SHP_495,3609.88,0.07,42,-1396.22,56.2,0.74,85.94952380952381,-33.24333333333333,1.3380952380952382,4697.2084
Ord_2916,Prod_3,SHP_7275,341.39,0.03,45,-82.95,6.16,0.35,7.586444444444444,-1.8433333333333335,0.1368888888888889,407.93829999999997
Ord_2849,Prod_6,SHP_3922,729.57,0.08,22,250.43,5.09,0.38,33.16227272727273,11.383181818181818,0.23136363636363635,415.68440000000004
Ord_2849,Prod_5,SHP_3921,1871.13,0.01,41,346.43,4.8,0.68,45.637317073170735,8.449512195121951,0.11707317073170731,1501.1887000000002
Ord_2865,Prod_8,SHP_3943,3753.42,0.0,45,1276.25,7.18,0.48,83.40933333333334,28.36111111111111,0.15955555555555556,2469.9900000000002
Ord_2916,Prod_5,SHP_4025,782.05,0.08,41,-253.74,14.87,0.57,19.07439024390244,-6.188780487804879,0.3626829268292683,958.356
Ord_2865,Prod_6,SHP_3944,1130.79,0.01,23,468.19,5.97,0.38,49.16478260869565,20.35608695652174,0.25956521739130434,645.3220999999999
Ord_1897,Prod_9,SHP_2603,229.43,0.08,28,61.09,2.5,0.38,8.193928571428572,2.181785714285714,0.08928571428571429,147.4856
Ord_1956,Prod_6,SHP_2677,132.78,0.09,18,-130.96,11.15,0.37,7.376666666666667,-7.275555555555556,0.6194444444444445,240.6398
Ord_2981,Prod_15,SHP_4165,5258.94,0.09,41,-421.76,30.0,0.78,128.26682926829267,-10.286829268292683,0.7317073170731707,5177.395399999999
Ord_2981,Prod_16,SHP_4115,250.29,0.02,30,6.79,2.64,0.59,8.343,0.22633333333333333,0.08800000000000001,235.85420000000002
Ord_2320,Prod_4,SHP_3179,1900.226,0.01,33,440.2,5.31,0.57,57.58260606060606,13.33939393939394,0.1609090909090909,1435.7137400000001
Ord_1897,Prod_13,SHP_3081,1200.13,0.09,46,-7.8,8.99,0.57,26.089782608695653,-0.16956521739130434,0.19543478260869565,1090.9283
Ord_2235,Prod_10,SHP_3036,1971.56,0.05,28,-15.29,26.85,,70.41285714285713,-0.5460714285714285,0.9589285714285715,1861.422
Ord_1956,Prod_7,SHP_3177,31.2,0.09,28,-2.81,0.7,0.38,1.1142857142857143,-0.10035714285714285,0.024999999999999998,30.502
Ord_2235,Prod_5,SHP_3183,154.43,0.03,34,-133.77,6.92,0.49,4.542058823529412,-3.9344117647058825,0.20352941176470588,276.6471
Ord_5432,Prod_11,SHP_7591,6552.9,0.1,23,-461.45,54.12,0.76,284.9086956521739,-20.06304347826087,2.3530434782608696,6304.94
Ord_5449,Prod_2,SHP_7615,14588.28,0.06,47,861.78,91.05,0.57,310.3889361702128,18.335744680851064,1.9372340425531915,12760.1532
Ord_5449,Prod_5,SHP_7616,2675.08,0.07,27,489.58,24.49,0.61,99.07703703703703,18.13259259259259,0.907037037037037,1973.7544000000003
Ord_5432,Prod_13,SHP_7590,111.83,0.07,34,-92.16,3.97,0.56,3.2891176470588235,-2.7105882352941175,0.11676470588235295,192.19189999999998
Ord_1659,Prod_9,SHP_7667,129.53,0.06,24,33.01,1.39,0.38,5.397083333333334,1.3754166666666665,0.057916666666666665,87.35820000000001
Ord_5465,Prod_4,SHP_7635,3232.1335,0.05,40,696.95,8.99,0.57,80.8033375,17.423750000000002,0.22475,2364.5868250000003
Ord_5383,Prod_13,SHP_7518,65.85,0.07,19,3.9,0.98,0.59,3.46578947368421,0.20526315789473684,0.05157894736842105,56.3605
Ord_5432,Prod_6,SHP_7590,77.01,0.02,12,-19.04,4.96,0.36,6.4175,-1.5866666666666667,0.41333333333333333,89.5498
Ord_5465,Prod_4,SHP_7635,685.7205,0.08,7,-278.87,2.5,0.57,97.96007142857142,-39.83857142857143,0.35714285714285715,907.23286
Ord_5449,Prod_6,SHP_7614,55.68,0.1,7,-7.4,5.15,0.36,7.954285714285715,-1.0571428571428572,0.7357142857142858,52.362
Ord_5465,Prod_5,SHP_7636,247.45,0.0,22,-133.18,12.52,0.57,11.247727272727273,-6.053636363636364,0.5690909090909091,368.11
Ord_1659,Prod_8,SHP_2290,228.3,0.01,41,-111.72,4.62,0.64,5.568292682926829,-2.7248780487804876,0.1126829268292683,333.117
Ord_1661,Prod_6,SHP_2294,156.66,0.07,23,-33.15,5.2,0.37,6.811304347826087,-1.441304347826087,0.22608695652173913,173.64380000000003
Ord_1659,Prod_3,SHP_2289,208.83,0.0,28,-60.15,6.05,0.39,7.458214285714286,-2.148214285714286,0.21607142857142855,262.93
Ord_1645,Prod_9,SHP_2272,451.09,0.1,12,61.27,9.83,0.4,37.59083333333333,5.105833333333334,0.8191666666666667,334.88100000000003
Ord_1451,Prod_8,SHP_2004,1009.8,0.07,45,352.64,1.99,0.46,22.439999999999998,7.836444444444444,0.044222222222222225,584.4839999999999
Ord_1374,Prod_4,SHP_1893,2206.991,0.04,13,-1.63,5.26,0.56,169.76853846153847,-0.12538461538461537,0.4046153846153846,2115.0813599999997
Ord_1542,Prod_8,SHP_2133,542.6,0.03,13,118.4,1.99,0.44,41.73846153846154,9.107692307692307,0.15307692307692308,405.932
Ord_1449,Prod_3,SHP_2002,1136.47,0.1,10,323.32,9.07,0.35,113.647,32.332,0.907,690.433
Ord_1451,Prod_16,SHP_2005,29.71,0.09,12,-23.17,1.92,0.82,2.4758333333333336,-1.9308333333333334,0.16,48.286100000000005
Ord_1427,Prod_7,SHP_1973,33.21,0.06,18,-0.85,0.75,0.52,1.845,-0.04722222222222222,0.041666666666666664,31.317400000000003
Ord_1340,Prod_8,SHP_1843,1559.5,0.01,38,515.83,1.99,0.54,41.03947368421053,13.574473684210528,0.05236842105263158,1026.085
Ord_1305,Prod_13,SHP_1800,2029.75,0.06,47,320.37,8.99,0.58,43.18617021276596,6.8163829787234045,0.19127659574468087,1578.605
Ord_1499,Prod_16,SHP_2071,248.42,0.02,35,-58.81,4.42,0.58,7.097714285714285,-1.6802857142857144,0.12628571428571428,297.84159999999997
Ord_1328,Prod_5,SHP_1828,49.04,0.02,6,7.74,5.21,0.56,8.173333333333334,1.29,0.8683333333333333,35.109199999999994
Ord_1421,Prod_15,SHP_1964,5394.4,0.01,33,788.79,30.0,0.62,163.46666666666667,23.902727272727272,0.9090909090909091,4521.665999999999
Ord_1406,Prod_13,SHP_1939,110.38,0.05,39,-4.86,1.2,0.58,2.83025641025641,-0.12461538461538463,0.030769230769230767,108.52099999999999
Ord_1408,Prod_4,SHP_1943,2219.7325,0.04,13,-69.78,5.0,0.59,170.74865384615384,-5.367692307692308,0.38461538461538464,2195.7232000000004
Ord_1305,Prod_4,SHP_1800,1118.396,0.06,11,-212.33,8.08,0.57,101.67236363636363,-19.302727272727275,0.7345454545454545,1255.54224
Ord_1408,Prod_8,SHP_1941,848.92,0.04,49,296.06,1.99,0.45,17.324897959183673,6.042040816326531,0.040612244897959185,516.9132
Ord_1499,Prod_4,SHP_2070,3900.531,0.08,42,1144.63,2.5,0.57,92.86978571428571,27.25309523809524,0.05952380952380952,2441.3585199999998
Ord_1446,Prod_4,SHP_1999,4366.348,0.05,25,940.57,3.0,0.58,174.65392,37.622800000000005,0.12,3204.4606
Ord_1526,Prod_6,SHP_2110,129.71,0.08,30,-100.61,5.68,0.4,4.323666666666667,-3.353666666666667,0.18933333333333333,214.26319999999998
Ord_1421,Prod_15,SHP_1963,3945.95,0.03,31,1031.32,12.65,,127.28870967741935,33.26838709677419,0.4080645161290323,2783.6014999999998
Ord_1446,Prod_1,SHP_1999,198.13,0.01,27,-219.92,9.69,0.83,7.338148148148148,-8.145185185185184,0.35888888888888887,406.3787
Ord_1446,Prod_13,SHP_1998,104.24,0.0,34,10.59,1.34,0.45,3.0658823529411765,0.3114705882352941,0.039411764705882354,92.30999999999999
Ord_1446,Prod_3,SHP_1997,304.98,0.08,27,2.73,5.63,0.4,11.295555555555556,0.10111111111111111,0.20851851851851852,272.2216
Ord_3112,Prod_12,SHP_4317,144.28,0.01,40,52.94,0.99,0.37,3.607,1.3235,0.02475,88.90719999999999
Ord_3112,Prod_6,SHP_4318,126.53,0.03,19,-73.38,7.5,0.4,6.659473684210527,-3.8621052631578947,0.39473684210526316,188.6141
Ord_3077,Prod_3,SHP_4271,199.58,0.05,42,46.31,1.49,0.36,4.751904761904762,1.1026190476190476,0.035476190476190474,141.801
Ord_3092,Prod_6,SHP_4289,70.88,0.01,9,-50.2,9.68,0.36,7.875555555555555,-5.577777777777778,1.0755555555555556,110.69120000000001
Ord_3098,Prod_5,SHP_4297,447.23,0.03,22,122.78,6.67,0.49,20.328636363636363,5.580909090909091,0.30318181818181816,304.36310000000003
Ord_3077,Prod_4,SHP_4271,4158.0725,0.02,32,836.15,8.99,0.58,129.939765625,26.1296875,0.2809375,3229.7710500000003
Ord_3077,Prod_6,SHP_4272,80.59,0.05,10,-20.49,5.83,0.36,8.059000000000001,-2.049,0.583,91.2205
Ord_1593,Prod_4,SHP_2203,4834.8,0.0,32,1193.11,4.99,0.59,151.0875,37.2846875,0.1559375,3636.7000000000007
Ord_1572,Prod_13,SHP_2169,50.15,0.09,18,-2.39,0.97,0.59,2.786111111111111,-0.13277777777777777,0.05388888888888889,47.0565
Ord_1326,Prod_5,SHP_1826,1143.35,0.04,38,411.1,8.55,0.42,30.088157894736838,10.81842105263158,0.225,677.966
Ord_1583,Prod_13,SHP_2188,185.69,0.02,39,50.16,0.71,0.52,4.761282051282051,1.286153846153846,0.018205128205128204,131.1062
Ord_1643,Prod_3,SHP_2269,1042.96,0.04,6,163.8,19.99,0.4,173.82666666666668,27.3,3.3316666666666666,817.4516000000001
Ord_1537,Prod_3,SHP_2127,527.25,0.01,24,74.01,8.83,0.37,21.96875,3.08375,0.36791666666666667,439.13749999999993
Ord_1529,Prod_3,SHP_2114,564.98,0.1,26,-107.51,15.1,0.38,21.73,-4.135,0.5807692307692307,600.892
Ord_1529,Prod_5,SHP_2115,129.48,0.04,18,46.01,2.83,0.37,7.1933333333333325,2.556111111111111,0.15722222222222224,75.4608
Ord_143,Prod_6,SHP_192,270.63,0.1,13,7.07,8.32,0.39,20.817692307692308,0.5438461538461539,0.64,228.17700000000002
Ord_143,Prod_4,SHP_192,6583.913,0.09,43,1459.79,3.99,0.59,153.1142558139535,33.94860465116279,0.09279069767441861,4527.58083
Ord_221,Prod_8,SHP_308,361.65,0.08,23,-144.27,8.99,0.64,15.72391304347826,-6.272608695652174,0.3908695652173913,467.99799999999993
Ord_318,Prod_3,SHP_424,168.57,0.02,28,16.65,2.99,0.37,6.020357142857143,0.5946428571428571,0.10678571428571429,145.55859999999998
Ord_146,Prod_17,SHP_196,3051.27,0.1,41,121.48,33.6,0.37,74.42121951219512,2.9629268292682926,0.8195121951219513,2591.063
Ord_152,Prod_3,SHP_204,557.23,0.09,24,-42.99,12.98,0.39,23.217916666666667,-1.79125,0.5408333333333334,537.0893
Ord_80,Prod_15,SHP_106,5407.31,0.04,24,1068.48,28.16,0.59,225.30458333333334,44.52,1.1733333333333333,4094.3776000000003
Ord_26,Prod_3,SHP_34,191.67,0.0,47,-236.27,7.01,0.37,4.078085106382979,-5.027021276595745,0.14914893617021277,420.93
Ord_26,Prod_6,SHP_36,507.64,0.1,18,118.94,5.76,0.4,28.202222222222222,6.607777777777778,0.32,332.176
Ord_26,Prod_15,SHP_35,5586.33,0.09,49,80.44,30.0,0.64,114.00673469387755,1.6416326530612244,0.6122448979591837,4973.1203000000005
Ord_1674,Prod_15,SHP_2315,5307.5,0.09,27,1116.67,23.76,0.58,196.57407407407408,41.35814814814815,0.88,3689.3949999999995
Ord_1640,Prod_5,SHP_2264,43.61,0.04,5,22.85,4.0,0.42,8.722,4.57,0.8,15.0156
Ord_1640,Prod_6,SHP_2265,343.05,0.05,39,98.86,2.15,0.4,8.796153846153846,2.534871794871795,0.05512820512820513,224.88750000000005
Ord_1640,Prod_6,SHP_2266,44.63,0.1,7,-21.19,5.67,0.36,6.375714285714286,-3.027142857142857,0.8099999999999999,55.687
Ord_1548,Prod_3,SHP_2142,92.86,0.04,44,-11.28,1.49,0.36,2.1104545454545454,-0.25636363636363635,0.03386363636363637,98.93560000000001
Ord_1570,Prod_3,SHP_2166,338.85,0.04,45,-170.18,7.72,0.38,7.53,-3.781777777777778,0.17155555555555554,487.75600000000003
Ord_1570,Prod_7,SHP_2166,43.25,0.06,11,-9.68,2.0,0.53,3.9318181818181817,-0.88,0.18181818181818182,48.335
Ord_1350,Prod_2,SHP_1857,2348.66,0.02,50,921.41,5.1,0.46,46.9732,18.4282,0.102,1375.1768000000002
Ord_1350,Prod_10,SHP_1858,2657.12,0.05,19,-373.09,36.09,0.77,139.84842105263158,-19.636315789473684,1.8994736842105264,2861.264
Ord_4837,Prod_17,SHP_6743,1813.04,0.01,15,-164.4,56.14,0.4,120.86933333333333,-10.96,3.7426666666666666,1903.1696
Ord_4879,Prod_4,SHP_6808,4416.651,0.02,33,1020.41,8.99,0.58,133.83790909090908,30.921515151515152,0.27242424242424246,3298.91798
Ord_4848,Prod_16,SHP_6766,9.4,0.04,3,-7.6,1.92,0.82,3.1333333333333333,-2.533333333333333,0.64,14.704
Ord_4875,Prod_8,SHP_6802,965.82,0.09,29,169.15,5.5,0.49,33.30413793103448,5.832758620689655,0.1896551724137931,704.2462
Ord_4845,Prod_4,SHP_6763,2592.432,0.06,20,428.47,3.9,0.55,129.6216,21.4235,0.195,2004.5160799999996
Ord_4855,Prod_5,SHP_6775,46.36,0.05,22,-56.73,4.08,0.53,2.1072727272727274,-2.5786363636363636,0.18545454545454546,96.69200000000001
Ord_4863,Prod_6,SHP_6785,710.86,0.04,35,196.22,5.97,0.38,20.310285714285715,5.606285714285714,0.17057142857142857,480.2356
Ord_3658,Prod_3,SHP_5070,88.7,0.06,47,-20.45,1.49,0.37,1.8872340425531915,-0.4351063829787234,0.03170212765957447,102.33800000000001
Ord_3688,Prod_9,SHP_5113,150.29,0.03,35,5.04,2.5,0.39,4.294,0.144,0.07142857142857142,138.2413
Ord_3658,Prod_13,SHP_5071,105.89,0.08,39,4.13,0.93,0.54,2.715128205128205,0.1058974358974359,0.023846153846153847,92.3588
Ord_4910,Prod_4,SHP_6848,3821.4045,0.0,38,1256.97,2.5,0.55,100.56327631578948,33.07815789473684,0.06578947368421052,2561.9345000000003
Ord_4893,Prod_2,SHP_6826,4153.06,0.06,48,1499.41,0.99,0.56,86.52208333333334,31.237708333333334,0.020625,2403.4764000000005
Ord_4910,Prod_1,SHP_6848,3533.97,0.07,46,-1329.81,35.0,0.83,76.8254347826087,-28.90891304347826,0.7608695652173914,4581.402099999999
Ord_4925,Prod_3,SHP_6869,12.49,0.08,4,-13.5,4.77,0.4,3.1225,-3.375,1.1925,20.2208
Ord_4910,Prod_12,SHP_6847,123.75,0.09,24,55.42,0.49,0.39,5.15625,2.3091666666666666,0.020416666666666666,56.7025
Ord_4890,Prod_8,SHP_6821,453.87,0.02,6,-217.69,14.52,0.65,75.645,-36.281666666666666,2.42,647.9626000000001
Ord_3650,Prod_13,SHP_6796,69.38,0.08,26,-70.73,4.28,0.44,2.668461538461538,-2.7203846153846154,0.16461538461538464,130.27960000000002
Ord_1280,Prod_7,SHP_6893,228.31,0.03,47,8.89,0.7,0.8,4.8576595744680855,0.18914893617021278,0.014893617021276595,211.8707
Ord_1266,Prod_6,SHP_1750,21.46,0.05,3,-14.22,6.26,0.4,7.153333333333333,-4.74,2.0866666666666664,28.347
Ord_1280,Prod_1,SHP_1766,987.54,0.07,10,-396.84,35.0,0.82,98.75399999999999,-39.684,3.5,1280.2522
Ord_1266,Prod_4,SHP_1750,1388.628,0.03,24,261.52,5.26,0.56,57.8595,10.896666666666667,0.21916666666666665,1080.18916
Ord_3649,Prod_2,SHP_5057,1307.0,0.02,24,428.99,0.99,0.57,54.458333333333336,17.874583333333334,0.04125,850.8799999999999
Ord_3649,Prod_3,SHP_5058,41.39,0.09,22,-12.02,1.49,0.37,1.8813636363636363,-0.5463636363636364,0.06772727272727273,48.194900000000004
Ord_3650,Prod_17,SHP_5059,2354.15,0.03,26,774.79,14.0,0.36,90.54423076923078,29.799615384615382,0.5384615384615384,1494.7355000000002
Ord_3349,Prod_8,SHP_4645,196.58,0.04,31,-102.16,4.38,0.75,6.341290322580646,-3.295483870967742,0.14129032258064517,286.4968
Ord_3468,Prod_2,SHP_4803,409.97,0.07,13,39.36,3.5,0.59,31.536153846153848,3.0276923076923077,0.2692307692307692,338.4121
Ord_3463,Prod_4,SHP_4798,1187.1525,0.03,15,33.19,4.9,0.56,79.14349999999999,2.2126666666666663,0.3266666666666667,1113.4479249999997
Ord_3422,Prod_13,SHP_4744,78.03,0.05,26,0.51,1.05,0.58,3.001153846153846,0.019615384615384614,0.04038461538461539,72.5685
Ord_3369,Prod_17,SHP_4670,104.46,0.01,7,-36.77,7.51,0.39,14.922857142857142,-5.252857142857144,1.0728571428571427,132.6754
Ord_3241,Prod_3,SHP_4494,31.35,0.03,3,-14.62,5.6,0.36,10.450000000000001,-4.873333333333333,1.8666666666666665,39.4295
Ord_3349,Prod_15,SHP_4644,855.03,0.08,7,-1.68,12.65,,122.14714285714285,-0.24,1.8071428571428572,775.6576
Ord_3422,Prod_6,SHP_4743,331.37,0.03,36,-172.17,9.86,0.4,9.204722222222223,-4.7825,0.27388888888888885,483.73889999999994
Ord_1991,Prod_13,SHP_2720,24.72,0.06,8,-21.47,3.5,0.58,3.09,-2.68375,0.4375,41.2068
Ord_1880,Prod_6,SHP_2581,177.95,0.09,27,-61.75,6.0,0.37,6.59074074074074,-2.287037037037037,0.2222222222222222,217.68449999999999
Ord_3007,Prod_6,SHP_4162,28.04,0.09,4,-4.45,2.0,0.39,7.01,-1.1125,0.5,27.9664
Ord_2297,Prod_4,SHP_3143,407.8725,0.02,7,-165.63,3.99,0.59,58.2675,-23.66142857142857,0.5700000000000001,561.35505
Ord_1991,Prod_1,SHP_2720,2066.63,0.03,14,65.58,19.99,0.73,147.61642857142857,4.684285714285714,1.4278571428571427,1919.0611000000001
Ord_1880,Prod_3,SHP_3046,99.53,0.1,24,18.28,1.49,0.38,4.147083333333334,0.7616666666666667,0.06208333333333333,69.807
Ord_4431,Prod_4,SHP_6175,3197.003,0.07,30,603.46,7.69,0.59,106.56676666666667,20.115333333333336,0.25633333333333336,2362.06279
Ord_4577,Prod_2,SHP_6368,296.94,0.08,29,-25.41,3.99,0.58,10.239310344827587,-0.8762068965517241,0.13758620689655174,294.6048
Ord_1991,Prod_8,SHP_6102,900.06,0.05,12,-221.12,14.52,0.65,75.005,-18.426666666666666,1.21,1061.657
Ord_4423,Prod_13,SHP_6164,114.86,0.07,27,16.21,0.94,0.56,4.254074074074074,0.6003703703703704,0.03481481481481481,89.66980000000001
Ord_4419,Prod_5,SHP_6160,596.21,0.1,19,211.59,5.02,0.55,31.379473684210527,11.136315789473684,0.26421052631578945,319.97900000000004
Ord_392,Prod_8,SHP_526,309.3,0.05,10,-77.89,6.5,0.64,30.93,-7.789,0.65,365.225
Ord_384,Prod_3,SHP_513,327.61,0.07,8,54.9,7.47,0.37,40.95125,6.8625,0.93375,242.30729999999997
Ord_359,Prod_13,SHP_476,537.87,0.05,46,-162.24,7.95,0.58,11.692826086956522,-3.5269565217391308,0.17282608695652174,665.2665
Ord_359,Prod_13,SHP_475,871.25,0.06,38,-14.31,8.99,0.57,22.92763157894737,-0.37657894736842107,0.23657894736842106,824.295
Ord_373,Prod_6,SHP_500,293.3,0.04,48,-193.48,7.5,0.4,6.110416666666667,-4.030833333333333,0.15625,467.548
Ord_2842,Prod_15,SHP_3910,1021.55,0.05,20,64.81,14.19,0.56,51.0775,3.2405,0.7095,891.4724999999999
Ord_2842,Prod_2,SHP_3909,5556.18,0.08,48,1638.48,3.99,0.6,115.75375000000001,34.135,0.083125,3469.215600000001
Ord_2842,Prod_8,SHP_3911,205.24,0.03,41,-148.77,4.93,0.66,5.005853658536585,-3.628536585365854,0.12024390243902439,342.92280000000005
Ord_408,Prod_15,SHP_549,6654.39,0.1,30,1151.69,24.49,,221.81300000000002,38.38966666666667,0.8163333333333332,4812.771000000001
Ord_376,Prod_4,SHP_504,1856.9695,0.0,17,176.87,8.08,0.57,109.23349999999999,10.404117647058824,0.4752941176470588,1672.0194999999999
Ord_446,Prod_15,SHP_597,9750.55,0.0,43,1061.61,64.2,0.59,226.75697674418603,24.688604651162787,1.4930232558139536,8624.739999999998
Ord_408,Prod_14,SHP_550,4429.69,0.03,21,983.55,24.49,0.46,210.93761904761902,46.83571428571428,1.1661904761904762,3288.7592999999997
Ord_398,Prod_3,SHP_534,112.03,0.05,20,-57.99,5.74,0.36,5.6015,-2.8995,0.28700000000000003,158.6785
Ord_386,Prod_6,SHP_516,181.83,0.03,29,-43.36,5.2,0.36,6.2700000000000005,-1.4951724137931035,0.1793103448275862,214.5351
Ord_1823,Prod_3,SHP_2517,750.86,0.0,33,302.12,2.99,0.36,22.753333333333334,9.155151515151516,0.0906060606060606,445.75
Ord_1823,Prod_8,SHP_2766,379.78,0.1,48,-71.59,2.38,0.74,7.9120833333333325,-1.4914583333333333,0.04958333333333333,411.01199999999994
Ord_395,Prod_3,SHP_2626,128.25,0.07,30,-95.31,5.26,0.38,4.275,-3.177,0.1753333333333333,209.3225
Ord_1949,Prod_6,SHP_2670,10.48,0.0,1,-3.78,2.04,0.36,10.48,-3.78,2.04,12.22
Ord_395,Prod_6,SHP_530,120.56,0.07,19,-79.35,7.5,0.4,6.345263157894737,-4.1763157894736835,0.39473684210526316,183.9708
Ord_395,Prod_4,SHP_531,2640.6865,0.03,46,751.38,5.92,0.55,57.40622826086956,16.334347826086958,0.12869565217391304,1804.1659049999998
Ord_391,Prod_11,SHP_525,11674.968,0.05,43,715.18,84.84,0.66,271.5108837209302,16.632093023255813,1.9730232558139535,10291.1996
Ord_391,Prod_13,SHP_524,404.3,0.04,18,-27.34,8.99,0.59,22.461111111111112,-1.518888888888889,0.49944444444444447,406.47799999999995
Ord_2232,Prod_13,SHP_3033,45.69,0.01,10,-24.21,4.17,0.59,4.569,-2.4210000000000003,0.417,65.2731
Ord_1480,Prod_17,SHP_2043,1612.93,0.0,11,321.25,13.99,0.37,146.63,29.204545454545453,1.2718181818181817,1277.69
Ord_1469,Prod_6,SHP_2030,311.21,0.09,27,-14.03,6.47,0.38,11.526296296296296,-0.5196296296296296,0.2396296296296296,290.76109999999994
Ord_5338,Prod_11,SHP_7453,3329.27,0.05,22,350.0,16.01,0.7,151.33045454545456,15.909090909090908,0.7277272727272728,2796.7965
Ord_5318,Prod_6,SHP_7427,322.46,0.04,27,54.29,5.01,0.36,11.942962962962962,2.0107407407407405,0.18555555555555556,250.26160000000002
Ord_3894,Prod_15,SHP_5400,5643.49,0.05,45,-1857.06,70.2,0.74,125.41088888888888,-41.268,1.56,7148.175499999999
Ord_3808,Prod_4,SHP_5282,3872.634,0.02,25,667.33,13.99,0.57,154.90536,26.6932,0.5596,3113.8613200000004
Ord_3894,Prod_3,SHP_5399,839.07,0.06,50,212.73,5.08,0.36,16.7814,4.2546,0.1016,570.9158
Ord_5450,Prod_6,SHP_7617,280.45,0.1,47,-143.65,6.35,0.37,5.967021276595744,-3.0563829787234043,0.1351063829787234,389.705
Ord_3034,Prod_5,SHP_7699,823.78,0.03,37,343.05,5.08,0.41,22.264324324324324,9.271621621621621,0.1372972972972973,450.93659999999994
Ord_3034,Prod_4,SHP_7700,469.8375,0.0,8,-159.24,8.99,0.56,58.7296875,-19.905,1.12375,620.0875
Ord_5405,Prod_1,SHP_7548,351.06,0.02,9,-306.32,35.0,0.85,39.00666666666667,-34.035555555555554,3.888888888888889,615.3588
Ord_5502,Prod_15,SHP_7694,2200.64,0.05,25,-514.18,42.0,0.66,88.0256,-20.5672,1.68,2562.7879999999996
Ord_5450,Prod_12,SHP_7617,22.85,0.07,8,0.88,0.99,0.36,2.85625,0.11,0.12375,19.380500000000005
Ord_5437,Prod_11,SHP_7596,10462.54,0.02,48,-1402.68,69.64,0.77,217.96958333333336,-29.2225,1.4508333333333334,11586.329200000002
Ord_1382,Prod_17,SHP_1905,3220.58,0.04,22,1046.69,13.99,0.38,146.39,47.57681818181818,0.6359090909090909,2031.0768000000003
Ord_3034,Prod_6,SHP_4211,647.77,0.09,33,166.85,5.77,0.38,19.62939393939394,5.056060606060606,0.17484848484848484,416.85069999999996
Ord_1378,Prod_8,SHP_1898,1446.97,0.0,47,531.47,1.99,0.5,30.786595744680852,11.307872340425533,0.042340425531914895,913.51
Ord_1382,Prod_1,SHP_1906,2367.99,0.04,14,320.1,11.87,0.62,169.14214285714283,22.864285714285717,0.8478571428571428,1941.3004
Ord_5342,Prod_5,SHP_7460,607.77,0.04,10,232.0,10.84,0.63,60.777,23.2,1.084,340.6192
Ord_5342,Prod_5,SHP_7460,954.57,0.03,22,-380.9,34.2,0.73,43.389545454545456,-17.313636363636363,1.5545454545454547,1272.6329
Ord_5308,Prod_8,SHP_7412,1838.19,0.03,48,561.43,1.99,0.54,38.295625,11.696458333333332,0.04145833333333333,1219.6243
Ord_5283,Prod_4,SHP_7375,1133.4495,0.01,19,169.16,5.31,0.57,59.65523684210526,8.903157894736841,0.2794736842105263,947.645005
Ord_5277,Prod_16,SHP_7366,86.38,0.1,8,-12.61,3.37,0.57,10.7975,-1.57625,0.42125,86.98199999999999
Ord_5331,Prod_12,SHP_7443,29.12,0.08,10,7.13,0.5,0.39,2.912,0.713,0.05,19.160400000000003
Ord_5342,Prod_3,SHP_7459,242.46,0.02,44,9.3,2.99,0.38,5.510454545454546,0.2113636363636364,0.06795454545454546,225.3208
Ord_5286,Prod_13,SHP_7380,1711.02,0.1,43,139.63,8.99,0.58,39.791162790697676,3.2472093023255812,0.20906976744186048,1391.2979999999998
Ord_5325,Prod_5,SHP_7437,174.11,0.06,12,-24.52,6.85,0.54,14.509166666666667,-2.0433333333333334,0.5708333333333333,181.33340000000004
Ord_5327,Prod_6,SHP_7439,271.14,0.07,42,-174.74,7.91,0.37,6.4557142857142855,-4.16047619047619,0.18833333333333332,418.99019999999996
Ord_5326,Prod_13,SHP_7438,18.02,0.01,6,-3.09,1.34,0.45,3.0033333333333334,-0.515,0.22333333333333336,19.5898
Ord_5320,Prod_1,SHP_7430,231.06,0.04,18,-29.83,6.13,0.57,12.836666666666666,-1.6572222222222222,0.34055555555555556,245.51760000000002
Ord_5311,Prod_6,SHP_7417,147.05,0.08,23,-54.91,5.82,0.37,6.393478260869566,-2.387391304347826,0.2530434782608696,184.376
Ord_5311,Prod_2,SHP_7416,1768.13,0.0,29,525.54,4.5,0.56,60.970000000000006,18.12206896551724,0.15517241379310345,1238.0900000000001
Ord_5193,Prod_3,SHP_7258,589.78,0.0,13,225.26,2.99,0.36,45.36769230769231,17.327692307692306,0.23,361.53
Ord_5199,Prod_8,SHP_7265,344.57,0.04,42,37.41,1.99,0.52,8.20404761904762,0.8907142857142857,0.04738095238095238,291.3872
Ord_5195,Prod_1,SHP_7261,385.81,0.01,23,7.35,5.8,0.6,16.774347826086956,0.31956521739130433,0.25217391304347825,368.8019
Ord_264,Prod_4,SHP_361,1163.123,0.0,20,83.84,8.99,0.58,58.156150000000004,4.192,0.4495,1070.2930000000001
Ord_101,Prod_1,SHP_139,300.2,0.0,8,6.41,8.22,0.57,37.525,0.80125,1.0275,285.56999999999994
Ord_264,Prod_3,SHP_361,110.67,0.08,19,-43.75,4.92,0.38,5.824736842105263,-2.3026315789473686,0.25894736842105265,140.6464
Ord_101,Prod_4,SHP_139,1364.8025,0.07,29,-183.68,5.0,0.83,47.062155172413796,-6.333793103448276,0.1724137931034483,1447.9463250000001
Ord_38,Prod_5,SHP_50,118.97,0.09,12,-0.06,6.22,0.55,9.914166666666667,-0.005,0.5183333333333333,102.1027
Ord_2527,Prod_13,SHP_3460,99.13,0.09,35,23.74,0.81,0.4,2.8322857142857143,0.6782857142857143,0.023142857142857146,65.6583
Ord_2350,Prod_6,SHP_3227,65.93,0.04,6,11.06,1.79,0.38,10.988333333333335,1.8433333333333335,0.29833333333333334,50.442800000000005
Ord_2350,Prod_2,SHP_3226,703.54,0.04,15,138.46,3.99,0.56,46.90266666666666,9.230666666666668,0.266,532.9483999999999
Ord_2564,Prod_3,SHP_3511,71.1,0.03,8,2.29,2.99,0.39,8.8875,0.28625,0.37375,63.687000000000005
Ord_2461,Prod_9,SHP_3373,1396.75,0.04,46,-75.7,19.51,0.36,30.36413043478261,-1.6456521739130436,0.42413043478260876,1397.0700000000002
Ord_2365,Prod_4,SHP_3247,1650.411,0.03,28,335.08,5.99,0.58,58.94325,11.967142857142857,0.21392857142857144,1259.82867
Ord_2350,Prod_16,SHP_3226,67.3,0.02,27,-115.38,5.0,0.81,2.4925925925925925,-4.273333333333333,0.18518518518518517,176.334
Ord_4867,Prod_8,SHP_6791,526.45,0.02,18,-108.14,8.99,0.7,29.247222222222224,-6.007777777777778,0.49944444444444447,615.071
Ord_4867,Prod_3,SHP_6790,101.13,0.02,21,-74.41,5.83,0.36,4.815714285714286,-3.543333333333333,0.2776190476190476,167.6874
Ord_4882,Prod_3,SHP_6812,240.6,0.04,45,3.45,2.99,0.38,5.346666666666667,0.07666666666666667,0.06644444444444444,224.536
Ord_4876,Prod_5,SHP_6804,4814.12,0.03,46,855.14,21.26,0.59,104.65478260869565,18.59,0.46217391304347827,3793.2963999999997
Ord_4876,Prod_3,SHP_6803,349.65,0.1,24,28.55,6.46,0.38,14.56875,1.1895833333333334,0.26916666666666667,279.675
Ord_4932,Prod_5,SHP_6881,708.83,0.08,41,35.08,8.99,0.47,17.288536585365854,0.855609756097561,0.21926829268292683,608.0536
Ord_4921,Prod_5,SHP_6865,19.9,0.07,2,15.97,5.21,0.56,9.95,7.985,2.605,-2.6730000000000036
Ord_4908,Prod_15,SHP_6845,737.38,0.08,29,90.04,5.3,,25.426896551724138,3.1048275862068966,0.18275862068965518,583.0496
Ord_4891,Prod_1,SHP_6823,7007.19,0.05,26,-274.95,35.0,0.8,269.5073076923077,-10.575,1.3461538461538463,6896.7805
Ord_4908,Prod_7,SHP_6845,151.19,0.07,42,27.37,1.43,0.38,3.5997619047619045,0.6516666666666667,0.03404761904761905,111.80669999999998
Ord_4921,Prod_2,SHP_6864,1152.16,0.0,23,286.98,4.5,0.59,50.09391304347827,12.477391304347828,0.1956521739130435,860.6800000000001
Ord_4839,Prod_5,SHP_6747,1324.09,0.01,31,94.96,18.98,0.57,42.71258064516129,3.0632258064516127,0.6122580645161291,1196.9090999999999
Ord_4891,Prod_1,SHP_6822,2232.15,0.05,28,-746.44,35.0,0.81,79.71964285714286,-26.65857142857143,1.25,2831.9825
Ord_4899,Prod_3,SHP_6833,167.53,0.05,18,-9.57,5.6,0.36,9.307222222222222,-0.5316666666666667,0.3111111111111111,163.1235
Ord_4908,Prod_6,SHP_6845,507.18,0.0,47,74.73,4.78,0.4,10.791063829787234,1.59,0.10170212765957447,427.67
Ord_4882,Prod_3,SHP_6811,187.84,0.0,35,-95.05,5.68,0.36,5.3668571428571425,-2.7157142857142857,0.16228571428571428,277.21
Ord_1533,Prod_6,SHP_2120,141.4,0.08,26,34.48,1.46,0.39,5.438461538461539,1.326153846153846,0.05615384615384615,94.148
Ord_1651,Prod_5,SHP_2280,523.56,0.01,24,43.87,8.99,0.46,21.814999999999998,1.8279166666666666,0.3745833333333333,465.46439999999996
Ord_1533,Prod_4,SHP_2121,303.909,0.01,6,-254.36,5.0,0.83,50.6515,-42.39333333333334,0.8333333333333334,550.22991
Ord_1905,Prod_3,SHP_2611,214.62,0.05,49,-151.42,5.41,0.35,4.38,-3.0902040816326526,0.11040816326530613,349.899
Ord_2018,Prod_1,SHP_2761,1844.26,0.03,50,47.58,12.9,0.57,36.8852,0.9516,0.258,1728.4522
Ord_1905,Prod_4,SHP_2612,1061.905,0.06,19,152.75,2.5,0.56,55.889736842105265,8.039473684210526,0.13157894736842105,842.9407
Ord_1905,Prod_4,SHP_2611,5311.973,0.02,35,1142.08,13.99,0.57,151.77065714285715,32.63085714285714,0.39971428571428574,4049.6635400000005
Ord_1905,Prod_8,SHP_2611,1631.04,0.0,48,665.63,1.99,0.45,33.98,13.867291666666667,0.04145833333333333,963.42
Ord_2045,Prod_3,SHP_2796,1449.45,0.04,36,620.07,2.99,0.35,40.2625,17.22416666666667,0.08305555555555556,768.4119999999999
Ord_1890,Prod_9,SHP_2596,305.62,0.1,36,-129.86,8.29,0.38,8.489444444444445,-3.6072222222222226,0.23027777777777775,396.628
Ord_1890,Prod_10,SHP_4123,8305.19,0.04,33,1383.32,60.2,0.56,251.67242424242426,41.918787878787874,1.8242424242424242,6529.462400000001
Ord_2251,Prod_17,SHP_4121,163.78,0.05,9,-43.03,8.51,0.4,18.197777777777777,-4.7811111111111115,0.9455555555555555,190.11100000000002
Ord_2259,Prod_6,SHP_3075,290.68,0.03,42,-93.5,6.18,0.39,6.920952380952381,-2.2261904761904763,0.14714285714285713,369.2796
Ord_2045,Prod_15,SHP_3162,2702.3,0.03,38,-1330.78,59.81,0.6,71.11315789473684,-35.020526315789475,1.5739473684210528,3892.201
Ord_2251,Prod_2,SHP_3062,84.64,0.0,8,-9.29,4.5,0.59,10.58,-1.16125,0.5625,89.43
Ord_1890,Prod_12,SHP_2596,251.05,0.1,36,118.79,0.49,0.38,6.973611111111111,3.2997222222222224,0.01361111111111111,106.66499999999998
Ord_2291,Prod_2,SHP_3137,75.77,0.0,16,-56.62,5.15,0.59,4.735625,-3.53875,0.321875,127.23999999999998
Ord_2296,Prod_1,SHP_3142,1885.41,0.08,14,-524.74,35.0,,134.67214285714286,-37.48142857142857,2.5,2224.3172000000004
Ord_258,Prod_2,SHP_354,1368.14,0.05,17,171.26,19.95,0.54,80.47882352941177,10.074117647058824,1.173529411764706,1108.5230000000001
Ord_159,Prod_6,SHP_213,270.23,0.08,12,52.02,5.47,0.39,22.519166666666667,4.335,0.4558333333333333,191.1216
Ord_260,Prod_4,SHP_356,2205.7585,0.03,40,337.04,8.99,0.58,55.1439625,8.426,0.22475,1793.5557450000001
Ord_314,Prod_8,SHP_420,471.24,0.07,21,115.54,1.99,0.46,22.44,5.501904761904762,0.09476190476190476,320.72319999999996
Ord_159,Prod_1,SHP_214,660.27,0.09,20,63.83,5.49,0.6,33.0135,3.1915,0.2745,531.5256999999999
Ord_282,Prod_6,SHP_382,108.87,0.05,4,-39.92,16.87,0.39,27.2175,-9.98,4.2175,126.4765
Ord_130,Prod_4,SHP_176,1665.0395,0.02,35,366.51,3.3,0.59,47.57255714285714,10.471714285714285,0.09428571428571428,1261.9287100000001
Ord_130,Prod_1,SHP_3971,40.06,0.07,6,-24.44,4.69,0.68,6.676666666666667,-4.073333333333333,0.7816666666666667,57.00580000000001
Ord_130,Prod_3,SHP_3970,376.65,0.0,16,-52.65,15.1,0.38,23.540625,-3.290625,0.94375,414.19999999999993
Ord_2889,Prod_13,SHP_3985,152.59,0.07,41,27.38,0.83,0.51,3.7217073170731707,0.6678048780487804,0.02024390243902439,113.6987
Ord_2889,Prod_8,SHP_3984,169.11,0.0,8,-10.59,1.99,0.48,21.13875,-1.32375,0.24875,177.71
Ord_1335,Prod_5,SHP_1836,120.53,0.1,10,49.26,2.85,0.55,12.053,4.926,0.28500000000000003,56.36700000000001
Ord_1394,Prod_5,SHP_1925,894.64,0.01,31,-27.79,19.46,0.44,28.859354838709677,-0.8964516129032257,0.627741935483871,894.0235999999999
Ord_1501,Prod_1,SHP_2074,1234.85,0.03,34,212.2,8.22,0.57,36.31911764705882,6.241176470588235,0.24176470588235296,977.3844999999999
Ord_1501,Prod_3,SHP_2073,191.43,0.06,20,39.5,2.99,0.39,9.5715,1.975,0.14950000000000002,137.4542
Ord_3492,Prod_15,SHP_4834,4281.13,0.05,34,-1446.08,70.2,0.74,125.91558823529412,-42.53176470588235,2.0647058823529414,5442.9535
Ord_3296,Prod_13,SHP_4571,223.88,0.03,33,55.21,1.5,0.48,6.784242424242424,1.673030303030303,0.045454545454545456,160.4536
Ord_3309,Prod_7,SHP_4589,116.06,0.1,47,25.2,0.8,0.39,2.4693617021276597,0.5361702127659574,0.01702127659574468,78.45400000000001
Ord_3318,Prod_1,SHP_4603,485.03,0.07,27,-88.02,9.47,0.59,17.964074074074073,-3.26,0.35074074074074074,529.6279
Ord_3397,Prod_5,SHP_4711,620.23,0.06,48,115.24,4.98,0.48,12.921458333333334,2.4008333333333334,0.10375000000000001,462.7962
Ord_3245,Prod_4,SHP_4498,197.574,0.05,28,-90.84,5.03,0.6,7.056214285714286,-3.244285714285714,0.17964285714285716,273.50530000000003
Ord_3473,Prod_6,SHP_4810,211.94,0.05,31,-56.39,5.84,0.37,6.836774193548387,-1.8190322580645162,0.18838709677419355,251.89299999999997
Ord_3328,Prod_10,SHP_4618,4278.61,0.07,30,-955.56,66.27,0.65,142.62033333333332,-31.851999999999997,2.209,4868.3973
Ord_3318,Prod_6,SHP_4602,265.61,0.1,41,-147.82,7.37,0.37,6.4782926829268295,-3.6053658536585362,0.1797560975609756,379.499
Ord_3301,Prod_16,SHP_4579,70.63,0.1,36,-66.87,2.56,0.55,1.9619444444444443,-1.8575000000000002,0.07111111111111111,127.877
Ord_3292,Prod_6,SHP_4566,72.67,0.04,15,-62.37,6.72,0.4,4.844666666666667,-4.1579999999999995,0.448,125.41319999999999
Ord_3448,Prod_5,SHP_4780,1243.52,0.08,47,360.94,6.93,0.49,26.45787234042553,7.679574468085106,0.1474468085106383,776.1683999999998
Ord_3341,Prod_4,SHP_4635,554.4295,0.03,30,34.01,4.81,0.58,18.48098333333333,1.1336666666666666,0.16033333333333333,498.97661500000004
Ord_3370,Prod_5,SHP_4671,112.47,0.0,8,46.74,6.02,0.43,14.05875,5.8425,0.7525,59.71
Ord_3341,Prod_6,SHP_4634,94.32,0.06,14,-66.87,8.19,0.37,6.737142857142857,-4.776428571428572,0.585,147.3408
Ord_3220,Prod_4,SHP_4465,2152.404,0.1,24,218.87,8.99,0.57,89.6835,9.119583333333333,0.3745833333333333,1709.3035999999997
Ord_3243,Prod_15,SHP_4496,10445.95,0.07,44,1069.61,62.94,0.57,237.40795454545457,24.30931818181818,1.4304545454545454,8582.1835
Ord_2189,Prod_5,SHP_2985,266.3,0.03,49,-135.06,5.71,0.54,5.4346938775510205,-2.756326530612245,0.11653061224489795,387.66100000000006
Ord_2176,Prod_3,SHP_2965,274.04,0.1,50,-243.87,7.57,0.36,5.4808,-4.8774,0.1514,482.93600000000004
Ord_2166,Prod_5,SHP_2953,620.02,0.05,35,50.04,8.99,0.47,17.71485714285714,1.4297142857142857,0.25685714285714284,529.989
Ord_1488,Prod_13,SHP_2055,98.94,0.1,18,-12.59,2.27,0.56,5.496666666666666,-0.6994444444444444,0.12611111111111112,99.366
Ord_1433,Prod_12,SHP_1983,16.6,0.1,4,-2.06,0.99,0.39,4.15,-0.515,0.2475,16.01
Ord_1435,Prod_9,SHP_1986,437.86,0.04,38,-4.17,6.97,0.35,11.522631578947369,-0.10973684210526316,0.18342105263157893,417.5456
Ord_1488,Prod_5,SHP_2054,269.57,0.0,24,33.47,5.4,0.51,11.232083333333334,1.3945833333333333,0.225,230.70000000000002
Ord_1433,Prod_12,SHP_1984,25.1,0.04,5,2.98,0.49,0.39,5.0200000000000005,0.596,0.098,20.626
Ord_1440,Prod_9,SHP_1991,532.11,0.01,30,59.47,8.13,0.38,17.737000000000002,1.9823333333333333,0.271,459.1889
Ord_1550,Prod_4,SHP_2144,464.695,0.06,16,107.51,2.5,0.36,29.0434375,6.719375,0.15625,326.8033
Ord_1330,Prod_3,SHP_1830,352.55,0.09,29,128.99,1.49,0.35,12.156896551724138,4.4479310344827585,0.05137931034482759,190.34050000000002
Ord_1332,Prod_4,SHP_1833,2508.673,0.03,23,417.47,7.69,0.58,109.07273913043477,18.15086956521739,0.3343478260869565,2008.2528099999997
Ord_1329,Prod_17,SHP_1829,3730.54,0.07,32,1369.09,16.8,0.35,116.579375,42.7840625,0.525,2083.5122
Ord_1492,Prod_5,SHP_2062,235.12,0.09,49,-29.62,3.05,0.52,4.798367346938775,-0.6044897959183674,0.06224489795918367,240.5292
Ord_1330,Prod_1,SHP_1831,719.64,0.01,32,-245.62,11.52,0.83,22.48875,-7.675625,0.36,946.5436
Ord_529,Prod_13,SHP_717,35.51,0.02,18,-13.95,1.57,0.59,1.9727777777777777,-0.7749999999999999,0.08722222222222223,47.1798
Ord_536,Prod_5,SHP_727,447.33,0.03,30,115.21,5.0,0.49,14.911,3.840333333333333,0.16666666666666666,313.7001
Ord_527,Prod_1,SHP_715,245.96,0.03,22,-33.82,5.03,0.59,11.18,-1.5372727272727273,0.22863636363636364,267.3712
Ord_514,Prod_15,SHP_693,1449.21,0.06,10,-270.0,30.0,0.74,144.921,-27.0,3.0,1602.2574
Ord_529,Prod_1,SHP_718,1105.66,0.02,39,-136.2,13.99,0.58,28.350256410256414,-3.492307692307692,0.3587179487179487,1205.7568
Ord_536,Prod_12,SHP_1029,15.38,0.01,5,1.61,0.5,0.38,3.076,0.322,0.1,13.116200000000001
Ord_526,Prod_3,SHP_713,42.22,0.04,20,-7.73,1.49,0.36,2.1109999999999998,-0.3865,0.0745,46.77119999999999
Ord_839,Prod_6,SHP_1149,146.63,0.01,19,-30.06,6.22,0.37,7.717368421052631,-1.5821052631578947,0.3273684210526316,169.0037
Ord_839,Prod_4,SHP_1150,2506.2675,0.03,35,1160.58,3.3,0.37,71.60764285714285,33.15942857142857,0.09428571428571428,1267.199475
Ord_3398,Prod_3,SHP_4712,118.66,0.05,9,32.68,1.49,0.35,13.184444444444445,3.631111111111111,0.16555555555555557,78.55700000000002
Ord_3398,Prod_7,SHP_4712,213.74,0.06,36,-32.15,3.37,0.54,5.937222222222222,-0.8930555555555555,0.09361111111111112,229.6956
Ord_2139,Prod_6,SHP_4677,114.94,0.09,17,-102.24,9.68,0.36,6.761176470588235,-6.014117647058823,0.5694117647058823,197.1554
Ord_3402,Prod_5,SHP_4717,461.4,0.03,36,36.39,6.2,0.52,12.816666666666666,1.0108333333333333,0.17222222222222222,404.968
Ord_3418,Prod_3,SHP_4738,149.4,0.06,23,-126.05,8.49,0.39,6.495652173913044,-5.480434782608696,0.3691304347826087,257.996
Ord_2935,Prod_11,SHP_4054,5304.42,0.01,20,-633.44,62.74,0.75,265.221,-31.672000000000004,3.137,5822.0758000000005
Ord_2139,Prod_17,SHP_2918,1100.0,0.07,8,-240.31,17.85,0.56,137.5,-30.03875,2.23125,1245.46
Ord_2091,Prod_6,SHP_2860,223.64,0.1,39,-90.26,5.35,0.4,5.734358974358974,-2.3143589743589743,0.13717948717948716,286.186
Ord_1425,Prod_4,SHP_1971,829.617,0.1,23,25.53,4.99,0.57,36.07030434782609,1.11,0.21695652173913044,716.1352999999999
Ord_1595,Prod_2,SHP_2205,1002.73,0.08,17,-563.86,49.0,0.59,58.984117647058824,-33.16823529411765,2.8823529411764706,1437.3716
Ord_1416,Prod_3,SHP_1955,610.65,0.09,30,60.27,8.83,0.37,20.355,2.009,0.29433333333333334,486.5915
Ord_1598,Prod_12,SHP_2209,196.39,0.07,50,82.6,0.5,0.39,3.9277999999999995,1.652,0.01,99.5427
Ord_1665,Prod_9,SHP_2302,452.93,0.07,45,20.14,5.76,0.35,10.065111111111111,0.4475555555555556,0.128,395.3249
Ord_1462,Prod_3,SHP_2020,38.56,0.03,8,4.08,1.49,0.35,4.82,0.51,0.18625,31.833200000000005
Ord_1425,Prod_7,SHP_1970,47.99,0.06,33,3.86,0.7,0.37,1.4542424242424243,0.11696969696969696,0.02121212121212121,40.5506
Ord_1665,Prod_3,SHP_2301,106.04,0.09,25,16.9,1.49,0.35,4.2416,0.6759999999999999,0.0596,78.10640000000001
Ord_1434,Prod_8,SHP_1985,553.02,0.1,38,-49.38,6.5,0.48,14.553157894736842,-1.2994736842105263,0.17105263157894737,540.598
Ord_1594,Prod_15,SHP_2204,2084.96,0.0,13,135.26,43.71,0.55,160.38153846153847,10.404615384615385,3.3623076923076924,1905.99
Ord_1365,Prod_4,SHP_1882,5023.2535,0.01,46,1665.23,5.26,0.55,109.20116304347826,36.20065217391304,0.11434782608695651,3302.5309649999995
Ord_1412,Prod_3,SHP_1948,87.31,0.05,43,-15.09,1.49,0.36,2.03046511627907,-0.35093023255813954,0.03465116279069767,96.54450000000001
Ord_1470,Prod_4,SHP_2031,340.6885,0.0,18,-10.85,4.81,0.58,18.927138888888887,-0.6027777777777777,0.2672222222222222,346.7285
Ord_1587,Prod_2,SHP_2192,55.35,0.0,18,-56.63,5.0,0.55,3.075,-3.1461111111111113,0.2777777777777778,106.98
Ord_1496,Prod_3,SHP_2067,30.38,0.08,15,-59.18,4.79,0.37,2.025333333333333,-3.945333333333333,0.31933333333333336,82.3396
Ord_1587,Prod_8,SHP_2193,700.35,0.06,27,-123.01,5.89,0.75,25.93888888888889,-4.555925925925926,0.21814814814814815,775.4490000000001
Ord_1473,Prod_3,SHP_2034,99.36,0.0,18,-51.2,5.68,0.36,5.52,-2.8444444444444446,0.31555555555555553,144.88
Ord_1613,Prod_5,SHP_2229,464.66,0.04,8,219.02,14.83,0.54,58.0825,27.3775,1.85375,212.2236
Ord_1613,Prod_12,SHP_2228,16.91,0.08,4,0.21,0.5,0.39,4.2275,0.0525,0.125,14.847199999999999
Ord_1473,Prod_5,SHP_2035,510.15,0.04,49,-362.11,12.52,0.57,10.411224489795918,-7.390000000000001,0.25551020408163266,839.3340000000001
Ord_1473,Prod_5,SHP_2036,735.09,0.1,27,153.5,7.87,0.54,27.225555555555555,5.685185185185185,0.2914814814814815,500.211
Ord_4723,Prod_2,SHP_6591,89.96,0.07,22,-115.21,6.89,0.6,4.089090909090909,-5.236818181818181,0.3131818181818182,191.9828
Ord_4723,Prod_7,SHP_6590,12.95,0.1,10,-6.78,0.7,0.81,1.295,-0.678,0.06999999999999999,17.735
Ord_4723,Prod_2,SHP_6590,46.94,0.06,1,-26.54,3.5,0.59,46.94,-26.54,3.5,67.1636
Ord_1820,Prod_6,SHP_2514,1666.0,0.08,32,742.96,4.85,0.37,52.0625,23.2175,0.1515625,784.9100000000001
Ord_1820,Prod_6,SHP_2514,453.98,0.02,40,67.6,5.01,0.36,11.3495,1.69,0.12525,372.2904
Ord_1878,Prod_3,SHP_2578,269.37,0.05,48,-103.55,5.01,0.39,5.611875,-2.1572916666666666,0.104375,354.4415
Ord_1878,Prod_15,SHP_2715,4933.99,0.1,41,1161.89,12.65,,120.34121951219511,28.33878048780488,0.30853658536585366,3266.0509999999995
Ord_2031,Prod_6,SHP_2777,128.86,0.1,21,-42.81,5.16,0.37,6.136190476190476,-2.0385714285714287,0.24571428571428572,153.62400000000002
Ord_1877,Prod_11,SHP_2577,5418.68,0.07,20,332.3,35.67,0.66,270.934,16.615000000000002,1.7835,4671.4024
Ord_2031,Prod_1,SHP_4144,3249.09,0.1,44,-1326.29,35.0,0.83,73.84295454545455,-30.142954545454543,0.7954545454545454,4215.471
Ord_2205,Prod_12,SHP_3004,55.27,0.05,19,19.12,0.5,0.38,2.9089473684210527,1.0063157894736843,0.02631578947368421,32.8865
Ord_5264,Prod_6,SHP_7348,180.46,0.05,27,-57.62,5.94,0.37,6.683703703703704,-2.134074074074074,0.22,223.11700000000002
Ord_5261,Prod_5,SHP_7345,78.81,0.03,33,-93.25,4.57,0.41,2.388181818181818,-2.8257575757575757,0.1384848484848485,165.1257
Ord_5258,Prod_2,SHP_7341,304.52,0.04,14,25.34,5.94,0.5,21.75142857142857,1.81,0.4242857142857143,261.05920000000003
Ord_4169,Prod_4,SHP_5809,7703.9665,0.0,50,2446.5,8.99,0.57,154.07933,48.93,0.17980000000000002,5248.476500000001
Ord_4226,Prod_1,SHP_5899,324.75,0.07,29,-36.87,5.03,0.59,11.198275862068966,-1.2713793103448274,0.17344827586206898,333.8575
Ord_4182,Prod_2,SHP_5829,3286.27,0.02,45,1102.58,3.5,0.59,73.02822222222223,24.501777777777775,0.07777777777777778,2114.4646000000002
Ord_4141,Prod_1,SHP_5768,2712.07,0.09,31,-435.56,19.99,0.79,87.48612903225806,-14.050322580645162,0.6448387096774193,2883.5537000000004
Ord_495,Prod_6,SHP_667,1714.02,0.04,46,741.27,5.08,0.38,37.26130434782608,16.114565217391306,0.11043478260869566,899.1092000000001
Ord_495,Prod_8,SHP_666,2094.12,0.0,24,717.12,6.13,0.45,87.255,29.88,0.2554166666666667,1370.87
Ord_431,Prod_8,SHP_577,883.37,0.1,9,51.3,7.18,0.4,98.15222222222222,5.699999999999999,0.7977777777777777,736.5530000000001
Ord_347,Prod_13,SHP_462,204.11,0.06,50,28.71,0.94,0.56,4.0822,0.5742,0.018799999999999997,162.2134
Ord_443,Prod_8,SHP_594,429.28,0.06,41,-168.95,6.5,0.64,10.470243902439023,-4.120731707317073,0.15853658536585366,565.9731999999999
Ord_443,Prod_8,SHP_593,865.27,0.03,44,11.55,4.0,0.68,19.66522727272727,0.2625,0.09090909090909091,823.7619000000001
Ord_400,Prod_13,SHP_537,102.5,0.1,16,13.84,1.5,0.48,6.40625,0.865,0.09375,76.91
Ord_4832,Prod_3,SHP_6734,224.34,0.02,23,-11.95,6.19,0.38,9.753913043478262,-0.5195652173913043,0.26913043478260873,225.6132
Ord_1825,Prod_1,SHP_2519,157.33,0.1,14,-76.34,8.6,0.57,11.237857142857143,-5.452857142857143,0.6142857142857142,209.33700000000002
Ord_1825,Prod_13,SHP_2772,840.24,0.0,36,19.73,8.99,0.59,23.34,0.5480555555555555,0.24972222222222223,811.52
Ord_1974,Prod_13,SHP_2699,111.39,0.02,37,20.06,0.7,0.56,3.0105405405405405,0.5421621621621622,0.018918918918918916,88.4022
Ord_2992,Prod_8,SHP_4139,1177.5,0.02,34,420.05,1.99,0.45,34.63235294117647,12.354411764705883,0.058529411764705885,731.9100000000001
Ord_1974,Prod_17,SHP_3187,1207.02,0.03,13,235.4,14.0,0.36,92.84769230769231,18.107692307692307,1.0769230769230769,921.4094000000001
Ord_4591,Prod_13,SHP_6386,49.18,0.07,12,0.58,0.94,0.56,4.098333333333334,0.04833333333333333,0.07833333333333332,44.217400000000005
Ord_4490,Prod_13,SHP_6250,7.96,0.0,1,-0.11,0.7,0.56,7.96,-0.11,0.7,7.37
Ord_4402,Prod_12,SHP_6136,112.72,0.09,45,39.19,0.5,0.39,2.504888888888889,0.8708888888888888,0.011111111111111112,62.8852
Ord_4523,Prod_8,SHP_6293,538.14,0.06,39,111.42,1.99,0.49,13.798461538461538,2.856923076923077,0.05102564102564103,392.44159999999994
Ord_4396,Prod_5,SHP_6127,11.08,0.06,4,-8.93,4.08,0.53,2.77,-2.2325,1.02,15.2652
Ord_4413,Prod_15,SHP_6150,3632.6,0.0,38,-400.33,42.0,0.66,95.59473684210526,-10.535,1.105263157894737,3990.93
Ord_4540,Prod_6,SHP_6319,176.77,0.06,32,-41.6,4.72,0.36,5.5240625,-1.3,0.1475,203.0438
Ord_4376,Prod_6,SHP_6098,168.31,0.1,22,46.49,1.69,0.38,7.650454545454545,2.1131818181818183,0.07681818181818181,103.299
Ord_4376,Prod_4,SHP_6099,4282.725,0.03,45,1371.74,2.5,0.57,95.17166666666668,30.48311111111111,0.05555555555555555,2780.0032500000007
Ord_4540,Prod_4,SHP_6321,1579.028,0.02,50,624.98,5.99,0.38,31.580560000000002,12.499600000000001,0.1198,916.4774399999999
Ord_4476,Prod_6,SHP_6235,24.36,0.07,3,-13.01,5.74,0.37,8.12,-4.336666666666667,1.9133333333333333,29.924799999999998
Ord_4382,Prod_11,SHP_6109,2629.664,0.09,21,27.74,60.0,0.55,125.22209523809525,1.3209523809523809,2.857142857142857,2305.25424
Ord_4406,Prod_5,SHP_6142,647.81,0.1,39,8.65,8.99,0.47,16.61051282051282,0.2217948717948718,0.23051282051282052,565.389
Ord_4463,Prod_13,SHP_6218,525.0,0.03,48,63.5,2.89,0.6,10.9375,1.3229166666666667,0.060208333333333336,442.86
Ord_4450,Prod_7,SHP_6199,89.4,0.08,34,22.22,0.8,0.39,2.6294117647058823,0.6535294117647058,0.023529411764705882,59.22800000000001
Ord_4465,Prod_1,SHP_6221,460.43,0.07,39,-76.18,6.13,0.57,11.805897435897435,-1.9533333333333336,0.15717948717948718,498.2499
Ord_683,Prod_6,SHP_934,281.0,0.1,46,-291.59,10.05,0.37,6.108695652173913,-6.33891304347826,0.21847826086956523,534.4399999999999
Ord_724,Prod_15,SHP_989,4852.05,0.0,36,-1197.58,70.2,0.74,134.77916666666667,-33.26611111111111,1.9500000000000002,5979.43
Ord_810,Prod_3,SHP_1114,447.89,0.0,48,-26.78,6.19,0.38,9.331041666666666,-0.5579166666666667,0.12895833333333334,468.48
Ord_756,Prod_8,SHP_1033,195.96,0.1,19,-104.82,6.5,0.64,10.313684210526317,-5.516842105263158,0.34210526315789475,274.68399999999997
Ord_683,Prod_4,SHP_934,2634.8555,0.08,20,257.76,8.08,0.6,131.742775,12.888,0.404,2158.22706
Ord_775,Prod_6,SHP_1063,253.89,0.09,40,-103.77,6.22,0.37,6.34725,-2.5942499999999997,0.1555,328.5899
Ord_749,Prod_3,SHP_1023,36.75,0.06,19,-9.82,1.49,0.37,1.9342105263157894,-0.5168421052631579,0.07842105263157895,42.875
Ord_749,Prod_8,SHP_1023,1115.2,0.09,41,301.31,1.99,0.5,27.200000000000003,7.349024390243902,0.04853658536585366,711.5320000000002
Ord_775,Prod_6,SHP_1063,127.9,0.07,20,-80.41,7.37,0.37,6.3950000000000005,-4.0205,0.3685,191.987
Ord_775,Prod_8,SHP_1062,767.26,0.07,25,-29.56,4.0,0.74,30.6904,-1.1824,0.16,739.1117999999999
Ord_831,Prod_8,SHP_1139,1184.03,0.04,40,-20.79,4.0,0.75,29.600749999999998,-0.5197499999999999,0.1,1153.4587999999999
Ord_845,Prod_15,SHP_1161,1859.01,0.09,32,-588.9,30.0,0.7,58.0940625,-18.403125,0.9375,2250.5991
Ord_845,Prod_3,SHP_1164,73.41,0.08,15,-44.79,4.97,0.38,4.894,-2.9859999999999998,0.3313333333333333,107.3572
Ord_845,Prod_7,SHP_1164,43.66,0.04,28,5.77,0.7,0.37,1.5592857142857142,0.20607142857142854,0.024999999999999998,35.44359999999999
Ord_845,Prod_8,SHP_1162,1781.11,0.1,19,51.44,19.99,0.5,93.74263157894737,2.7073684210526316,1.0521052631578947,1531.5689999999997
Ord_845,Prod_5,SHP_1163,185.32,0.03,44,-192.56,6.92,0.49,4.211818181818182,-4.376363636363636,0.15727272727272726,365.4004
Ord_5322,Prod_4,SHP_7434,447.0405,0.04,8,-206.15,8.99,0.59,55.8800625,-25.76875,1.12375,626.31888
Ord_5340,Prod_6,SHP_7457,199.24,0.07,42,-84.26,4.72,0.36,4.743809523809524,-2.0061904761904765,0.11238095238095237,264.83320000000003
Ord_5303,Prod_6,SHP_7405,189.22,0.05,42,-92.42,4.79,0.4,4.505238095238095,-2.2004761904761905,0.11404761904761905,267.389
Ord_5322,Prod_1,SHP_7433,305.6,0.09,13,-445.77,45.0,0.61,23.50769230769231,-34.29,3.4615384615384617,678.866
Ord_5322,Prod_6,SHP_7432,107.86,0.09,15,-85.29,9.68,0.36,7.190666666666667,-5.686000000000001,0.6453333333333333,173.76260000000002
Ord_1361,Prod_4,SHP_1873,1274.5155,0.05,42,444.15,5.99,0.38,30.34560714285714,10.575,0.14261904761904762,760.6497250000001
Ord_1361,Prod_5,SHP_1873,686.2,0.04,37,290.2,3.62,0.43,18.54594594594595,7.843243243243243,0.09783783783783784,364.9320000000001
Ord_61,Prod_8,SHP_84,1608.08,0.09,34,-82.16,6.5,0.73,47.296470588235294,-2.416470588235294,0.19117647058823528,1539.0128
Ord_176,Prod_3,SHP_239,24.96,0.05,2,-12.8,2.99,0.38,12.48,-6.4,1.495,33.522000000000006
Ord_61,Prod_10,SHP_82,4655.07,0.0,32,-270.63,53.48,0.65,145.4709375,-8.4571875,1.67125,4872.22
Ord_85,Prod_4,SHP_114,318.7585,0.1,49,-160.95,5.03,0.6,6.505275510204082,-3.28469387755102,0.1026530612244898,442.80265
Ord_88,Prod_6,SHP_117,209.0,0.08,6,12.32,7.5,0.38,34.833333333333336,2.0533333333333332,1.25,172.46
Ord_324,Prod_3,SHP_432,1882.12,0.05,32,584.15,10.29,0.39,58.81625,18.2546875,0.3215625,1193.574
Ord_186,Prod_10,SHP_251,8380.22,0.0,48,813.83,35.02,0.72,174.58791666666664,16.95479166666667,0.7295833333333334,7531.369999999999
Ord_85,Prod_1,SHP_114,460.68,0.01,40,-116.76,7.46,0.59,11.517,-2.919,0.1865,565.3732
Ord_44,Prod_6,SHP_58,130.32,0.04,18,-67.28,7.86,0.37,7.239999999999999,-3.7377777777777776,0.4366666666666667,184.5272
Ord_44,Prod_6,SHP_57,255.48,0.04,40,-116.79,6.65,0.36,6.387,-2.91975,0.16625,355.4008
Ord_21,Prod_13,SHP_28,278.0,0.08,49,41.67,1.17,0.56,5.673469387755102,0.8504081632653061,0.02387755102040816,212.92000000000002
Ord_3035,Prod_8,SHP_4213,258.11,0.06,8,-113.6,6.5,0.79,32.26375,-14.2,0.8125,349.72339999999997
Ord_3035,Prod_8,SHP_4212,315.88,0.09,39,-60.4,3.62,0.61,8.099487179487179,-1.5487179487179488,0.09282051282051282,344.2308
Ord_3030,Prod_6,SHP_4205,75.94,0.01,9,-16.56,5.83,0.36,8.437777777777777,-1.8399999999999999,0.6477777777777778,85.9106
Ord_3023,Prod_13,SHP_4194,43.9,0.02,1,-15.03,4.27,0.46,43.9,-15.03,4.27,53.782
Ord_3023,Prod_8,SHP_4193,3295.15,0.07,30,1070.18,1.99,0.49,109.83833333333334,35.67266666666667,0.06633333333333333,1992.3195000000003
Ord_3029,Prod_4,SHP_4204,1129.9305,0.05,36,574.16,1.25,0.36,31.386958333333332,15.948888888888888,0.034722222222222224,498.02397499999995
Ord_3029,Prod_5,SHP_4203,307.76,0.1,34,-22.88,4.93,0.57,9.051764705882352,-0.6729411764705882,0.145,294.93399999999997
Ord_332,Prod_13,SHP_444,215.93,0.08,18,-41.87,5.81,0.6,11.996111111111112,-2.326111111111111,0.3227777777777778,234.7156
Ord_324,Prod_12,SHP_432,186.94,0.05,44,85.81,0.5,0.39,4.248636363636364,1.9502272727272727,0.011363636363636364,91.28299999999999
Ord_324,Prod_6,SHP_432,407.2,0.01,12,-8.42,17.08,0.4,33.93333333333333,-0.7016666666666667,1.4233333333333331,394.468
Ord_5506,Prod_5,SHP_7701,2026.01,0.1,20,580.43,13.99,0.65,101.3005,29.021499999999996,0.6995,1228.989
Ord_3028,Prod_9,SHP_7692,322.47,0.09,43,72.28,2.5,0.38,7.499302325581396,1.6809302325581397,0.05813953488372093,218.66770000000005
Ord_3014,Prod_13,SHP_4176,35.28,0.0,8,-39.07,7.49,0.54,4.41,-4.88375,0.93625,66.86
Ord_3011,Prod_11,SHP_4172,7680.29,0.08,39,-513.79,52.2,0.64,196.93051282051283,-13.174102564102563,1.3384615384615386,7527.4568
Ord_3014,Prod_9,SHP_4175,1343.6,0.06,39,137.86,14.72,0.4,34.45128205128205,3.5348717948717954,0.37743589743589745,1110.404
Ord_4644,Prod_9,SHP_6469,473.46,0.03,13,128.11,6.66,0.4,36.42,9.854615384615386,0.5123076923076924,324.48619999999994
Ord_4695,Prod_6,SHP_6551,199.48,0.03,47,13.8,2.26,0.36,4.244255319148936,0.2936170212765958,0.04808510638297872,177.4356
Ord_4662,Prod_3,SHP_6497,856.15,0.03,39,330.03,2.99,0.37,21.952564102564104,8.462307692307691,0.07666666666666667,497.44550000000004
Ord_4716,Prod_8,SHP_6582,269.2,0.02,15,69.61,1.99,0.42,17.946666666666665,4.640666666666666,0.13266666666666665,192.21599999999995
Ord_4695,Prod_3,SHP_6551,197.1,0.09,40,-12.88,2.99,0.37,4.9275,-0.322,0.07475000000000001,189.25099999999998
Ord_4716,Prod_13,SHP_6583,87.33,0.08,27,13.82,0.85,0.48,3.2344444444444442,0.5118518518518519,0.03148148148148148,65.6736
Ord_2195,Prod_3,SHP_2992,16.6,0.07,5,-20.3,6.05,0.37,3.3200000000000003,-4.0600000000000005,1.21,29.688000000000002
Ord_4493,Prod_4,SHP_6256,1491.5205,0.0,25,286.36,5.99,0.58,59.66082,11.4544,0.2396,1199.1705000000002
Ord_4420,Prod_4,SHP_6161,2144.924,0.0,36,542.25,5.26,0.59,59.58122222222222,15.0625,0.1461111111111111,1597.4139999999998
Ord_4445,Prod_2,SHP_6193,1147.64,0.06,49,261.87,4.5,0.55,23.42122448979592,5.344285714285714,0.09183673469387756,812.4116
Ord_4498,Prod_2,SHP_6263,1849.8,0.04,43,530.22,4.62,0.56,43.01860465116279,12.330697674418605,0.10744186046511628,1240.968
Ord_4453,Prod_4,SHP_6204,4077.756,0.04,42,1086.96,8.99,0.57,97.08942857142857,25.880000000000003,0.21404761904761904,2818.69576
Ord_4381,Prod_8,SHP_6107,2039.39,0.01,20,199.73,19.99,0.52,101.96950000000001,9.9865,0.9994999999999999,1799.2761
Ord_4417,Prod_8,SHP_6157,637.04,0.0,20,-26.83,4.0,0.75,31.851999999999997,-1.3415,0.2,659.87
Ord_4498,Prod_2,SHP_6262,36.06,0.08,3,-18.5,4.5,0.59,12.020000000000001,-6.166666666666667,1.5,47.175200000000004
Ord_4453,Prod_5,SHP_6203,16.97,0.04,2,-8.8,0.96,0.43,8.485,-4.4,0.48,24.1312
Ord_468,Prod_11,SHP_629,4177.66,0.04,47,85.29,60.0,0.56,88.8863829787234,1.81468085106383,1.2765957446808511,3865.2635999999998
Ord_468,Prod_6,SHP_628,245.4,0.0,34,-87.27,6.92,0.37,7.2176470588235295,-2.5667647058823526,0.20352941176470588,325.75
Ord_467,Prod_5,SHP_627,858.53,0.07,43,-97.54,11.17,0.6,19.96581395348837,-2.268372093023256,0.25976744186046513,884.8029
Ord_470,Prod_5,SHP_632,717.21,0.0,30,217.06,3.63,0.52,23.907,7.235333333333333,0.121,496.52000000000004
Ord_470,Prod_2,SHP_631,848.2,0.06,21,163.78,5.33,0.57,40.39047619047619,7.799047619047619,0.2538095238095238,628.198
Ord_465,Prod_3,SHP_624,1599.54,0.0,37,578.14,7.47,0.37,43.23081081081081,15.625405405405406,0.20189189189189188,1013.93
Ord_366,Prod_5,SHP_488,67.41,0.04,15,-49.6,6.6,0.49,4.494,-3.3066666666666666,0.44,107.7136
Ord_378,Prod_15,SHP_507,3351.08,0.05,26,-1086.43,70.2,0.74,128.8876923076923,-41.78576923076923,2.7,4199.756
Ord_366,Prod_3,SHP_487,17.0,0.07,6,-4.61,1.49,0.39,2.8333333333333335,-0.7683333333333334,0.24833333333333332,18.93
Ord_402,Prod_5,SHP_541,76.61,0.09,12,-31.83,5.29,0.43,6.384166666666666,-2.6525,0.44083333333333335,96.2551
Ord_378,Prod_10,SHP_506,4177.52,0.04,30,-443.78,36.09,0.77,139.2506666666667,-14.792666666666666,1.203,4418.1092
Ord_366,Prod_6,SHP_489,130.67,0.05,19,-77.18,7.86,0.37,6.877368421052631,-4.062105263157895,0.4136842105263158,193.4565
Ord_366,Prod_13,SHP_489,77.62,0.01,21,-50.88,3.97,0.56,3.6961904761904765,-2.422857142857143,0.18904761904761905,123.75380000000001
Ord_409,Prod_9,SHP_551,239.35,0.05,42,78.96,1.39,0.38,5.6988095238095235,1.88,0.033095238095238094,147.03250000000003
Ord_423,Prod_13,SHP_567,123.46,0.07,27,26.66,0.71,0.52,4.572592592592592,0.9874074074074074,0.026296296296296293,87.4478
Ord_449,Prod_11,SHP_601,5016.25,0.01,38,-189.35,51.94,0.63,132.0065789473684,-4.9828947368421055,1.3668421052631579,5103.4975
Ord_409,Prod_5,SHP_552,684.66,0.07,34,35.09,10.49,0.49,20.13705882352941,1.032058823529412,0.3085294117647059,591.1537999999999
Ord_456,Prod_2,SHP_611,365.22,0.04,8,58.08,5.1,0.46,45.6525,7.26,0.6375,287.43120000000005
Ord_381,Prod_13,SHP_510,80.79,0.0,27,12.58,0.7,0.56,2.9922222222222223,0.4659259259259259,0.025925925925925925,67.51
Ord_2830,Prod_5,SHP_3892,397.17,0.1,30,7.69,5.0,0.49,13.239,0.25633333333333336,0.16666666666666666,344.76300000000003
Ord_3879,Prod_8,SHP_5375,68.94,0.0,8,-32.63,2.38,0.74,8.6175,-4.07875,0.2975,99.19
Ord_3929,Prod_7,SHP_5458,63.53,0.1,36,-2.51,0.79,0.5,1.7647222222222223,-0.06972222222222221,0.021944444444444447,58.897
Ord_2828,Prod_5,SHP_5469,562.95,0.06,46,147.12,2.85,0.55,12.23804347826087,3.1982608695652175,0.06195652173913044,379.203
Ord_3895,Prod_9,SHP_5401,405.83,0.06,41,178.86,1.39,0.37,9.89829268292683,4.362439024390245,0.03390243902439024,201.23019999999997
Ord_2828,Prod_3,SHP_5468,57.9,0.03,6,-48.14,11.51,0.36,9.65,-8.023333333333333,1.9183333333333332,92.793
Ord_2828,Prod_3,SHP_5467,32.31,0.09,8,-33.59,5.47,0.37,4.03875,-4.19875,0.68375,57.52210000000001
Ord_3879,Prod_6,SHP_5376,74.04,0.03,10,-37.04,7.3,0.37,7.404000000000001,-3.7039999999999997,0.73,101.55880000000002
Ord_4916,Prod_3,SHP_6856,323.63,0.05,40,-205.49,8.94,0.4,8.09075,-5.13725,0.22349999999999998,503.9985
Ord_4928,Prod_6,SHP_6875,88.19,0.03,16,-25.97,4.72,0.36,5.511875,-1.623125,0.295,106.79429999999999
Ord_4914,Prod_7,SHP_6854,65.78,0.07,11,-17.42,3.37,0.54,5.98,-1.5836363636363637,0.3063636363636364,75.22540000000001
Ord_4924,Prod_4,SHP_6868,625.9485,0.04,35,-87.02,3.3,0.81,17.884242857142855,-2.486285714285714,0.09428571428571428,684.63056
Ord_4859,Prod_9,SHP_6780,260.79,0.0,28,111.4,1.39,0.38,9.313928571428573,3.9785714285714286,0.04964285714285714,148.00000000000003
Ord_4928,Prod_13,SHP_6874,26.64,0.09,2,-13.88,2.36,0.55,13.32,-6.94,1.18,35.7624
Ord_4859,Prod_7,SHP_6780,90.35,0.02,44,-16.72,0.7,0.83,2.0534090909090907,-0.37999999999999995,0.015909090909090907,104.56299999999999
Ord_449,Prod_4,SHP_6870,1653.607,0.02,30,294.97,5.31,0.57,55.12023333333333,9.832333333333334,0.177,1320.25486
Ord_739,Prod_9,SHP_1007,102.73,0.03,16,16.33,2.5,0.36,6.420625,1.020625,0.15625,80.8181
Ord_792,Prod_4,SHP_1088,4054.058,0.09,40,914.19,2.5,0.6,101.35145,22.854750000000003,0.0625,2772.50278
Ord_2142,Prod_4,SHP_2922,1294.023,0.1,47,607.26,1.25,0.36,27.532404255319147,12.920425531914894,0.026595744680851064,556.1107
Ord_2162,Prod_6,SHP_2946,1750.0,0.03,31,559.38,14.3,0.37,56.45161290322581,18.044516129032257,0.4612903225806452,1123.8200000000002
Ord_2182,Prod_3,SHP_2974,612.93,0.1,25,-5.04,12.98,0.39,24.5172,-0.2016,0.5192,543.6969999999999
Ord_2090,Prod_12,SHP_2859,53.91,0.05,17,19.47,0.49,0.37,3.171176470588235,1.1452941176470588,0.028823529411764706,31.254499999999993
Ord_2142,Prod_3,SHP_2921,156.09,0.0,6,-34.85,15.1,0.38,26.015,-5.808333333333334,2.5166666666666666,175.84
Ord_477,Prod_4,SHP_642,2039.082,0.01,36,481.7,4.99,0.57,56.64116666666667,13.380555555555555,0.13861111111111113,1532.00118
Ord_462,Prod_10,SHP_620,538.51,0.0,7,-88.75,26.74,0.6,76.92999999999999,-12.678571428571429,3.82,600.52
Ord_487,Prod_16,SHP_655,343.26,0.04,50,-287.28,8.37,0.58,6.8652,-5.7456,0.1674,608.4395999999999
Ord_477,Prod_1,SHP_643,783.96,0.05,38,-1195.29,35.0,0.84,20.630526315789474,-31.455,0.9210526315789473,1905.0520000000001
Ord_474,Prod_1,SHP_639,1966.26,0.06,14,-34.79,19.99,0.73,140.44714285714286,-2.485,1.4278571428571427,1863.0844
Ord_477,Prod_17,SHP_643,225.46,0.09,16,-33.03,7.51,0.39,14.09125,-2.064375,0.469375,230.6886
Ord_372,Prod_15,SHP_498,5203.9,0.07,17,636.2,64.73,0.56,306.1117647058823,37.42352941176471,3.80764705882353,4138.697
Ord_367,Prod_13,SHP_491,96.99,0.02,27,-66.35,3.97,0.56,3.592222222222222,-2.4574074074074073,0.14703703703703705,157.43019999999999
Ord_372,Prod_1,SHP_499,744.12,0.01,33,-1163.21,45.0,0.61,22.54909090909091,-35.24878787878788,1.3636363636363635,1854.8888000000002
Ord_345,Prod_8,SHP_460,222.91,0.05,14,20.21,4.0,0.37,15.922142857142857,1.4435714285714287,0.2857142857142857,187.5545
Ord_352,Prod_9,SHP_467,433.68,0.07,42,44.1,4.8,0.36,10.325714285714286,1.05,0.11428571428571428,354.4224
Ord_433,Prod_13,SHP_579,23.19,0.02,8,-13.27,2.4,0.58,2.89875,-1.65875,0.3,33.5962
Ord_367,Prod_9,SHP_490,440.39,0.05,45,186.64,1.39,0.39,9.786444444444443,4.147555555555555,0.030888888888888886,230.34050000000002
Ord_2745,Prod_17,SHP_3764,2732.01,0.04,23,-100.47,56.14,0.39,118.78304347826088,-4.368260869565217,2.4408695652173913,2667.0596
Ord_2614,Prod_6,SHP_3578,176.5,0.1,29,-119.72,7.37,0.37,6.086206896551724,-4.128275862068966,0.2541379310344828,271.2
Ord_787,Prod_3,SHP_3684,24.51,0.06,2,-18.26,8.94,0.4,12.255,-9.13,4.47,32.3594
Ord_2732,Prod_6,SHP_3745,78.68,0.05,11,-29.07,6.22,0.37,7.152727272727273,-2.6427272727272726,0.5654545454545454,97.596
Ord_2613,Prod_2,SHP_3575,1757.43,0.02,40,490.77,3.5,0.59,43.93575,12.26925,0.0875,1228.0114
Ord_2643,Prod_6,SHP_3615,1111.23,0.1,29,21.6,19.99,0.36,38.318275862068965,0.7448275862068966,0.6893103448275861,958.5169999999999
Ord_781,Prod_1,SHP_3671,1160.59,0.01,13,-330.14,35.0,0.83,89.27615384615385,-25.395384615384614,2.6923076923076925,1444.1241
Ord_2613,Prod_3,SHP_3576,137.26,0.03,8,-54.61,13.18,0.37,17.1575,-6.82625,1.6475,174.5722
Ord_2613,Prod_4,SHP_3577,2913.1455,0.09,20,333.72,4.99,0.59,145.657275,16.686,0.2495,2312.252405
Ord_1041,Prod_5,SHP_1438,933.21,0.05,40,207.18,7.58,0.51,23.33025,5.1795,0.1895,671.7895000000001
Ord_1085,Prod_10,SHP_1498,1663.83,0.1,13,-484.64,54.74,0.69,127.98692307692308,-37.28,4.210769230769231,1927.3469999999998
Ord_1122,Prod_4,SHP_1549,4804.0385,0.08,46,1077.92,8.8,0.59,104.43561956521738,23.43304347826087,0.19130434782608696,3332.9954199999993
Ord_1122,Prod_7,SHP_1548,73.55,0.09,32,7.95,0.78,0.52,2.2984375,0.2484375,0.024375,58.20049999999999
Ord_1132,Prod_6,SHP_1561,445.17,0.02,23,38.11,9.03,0.37,19.355217391304347,1.6569565217391304,0.3926086956521739,389.12660000000005
Ord_1076,Prod_3,SHP_1487,404.24,0.02,23,-76.99,13.18,0.37,17.575652173913046,-3.347391304347826,0.5730434782608695,459.96520000000004
Ord_1094,Prod_2,SHP_1510,1603.27,0.01,27,452.49,3.99,0.57,59.38037037037037,16.75888888888889,0.14777777777777779,1130.7573
Ord_1076,Prod_5,SHP_1488,1381.88,0.09,32,598.2,6.77,0.44,43.18375,18.69375,0.2115625,652.5408
Ord_5138,Prod_10,SHP_7179,1406.15,0.04,19,-379.1,46.74,0.56,74.0078947368421,-19.95263157894737,2.46,1682.2640000000001
Ord_5141,Prod_6,SHP_7182,59.99,0.1,7,-13.78,4.82,0.4,8.57,-1.9685714285714284,0.6885714285714286,62.951
Ord_1033,Prod_2,SHP_1426,605.1,0.04,15,92.81,5.33,0.57,40.34,6.187333333333333,0.35533333333333333,482.75600000000003
Ord_1058,Prod_5,SHP_1462,1452.48,0.07,24,376.52,10.84,0.63,60.52,15.688333333333333,0.45166666666666666,963.4464
Ord_1058,Prod_1,SHP_1463,3555.29,0.09,19,183.28,19.99,0.71,187.12052631578948,9.646315789473684,1.0521052631578947,3032.0439
Ord_1058,Prod_8,SHP_1461,136.68,0.01,4,-125.16,4.0,0.75,34.17,-31.29,1.0,256.4732
Ord_2963,Prod_11,SHP_4085,657.232,0.1,19,33.99,46.59,0.67,34.59115789473684,1.7889473684210528,2.452105263157895,510.9287999999999
Ord_2963,Prod_13,SHP_4084,902.19,0.08,41,-49.66,8.99,0.57,22.004634146341466,-1.211219512195122,0.21926829268292683,870.6848
Ord_5144,Prod_7,SHP_7189,78.46,0.05,30,18.57,0.8,0.39,2.615333333333333,0.619,0.02666666666666667,55.166999999999994
Ord_5144,Prod_13,SHP_7188,124.94,0.1,47,-2.4,1.34,0.45,2.6582978723404254,-0.05106382978723404,0.028510638297872343,113.506
Ord_5144,Prod_6,SHP_7187,54.43,0.08,8,-31.63,6.74,0.37,6.80375,-3.95375,0.8425,74.9656
Ord_5155,Prod_3,SHP_7205,110.15,0.02,15,13.91,2.99,0.35,7.343333333333334,0.9273333333333333,0.19933333333333333,91.04700000000001
Ord_5155,Prod_15,SHP_7206,3335.27,0.03,13,539.69,43.32,0.55,256.5592307692308,41.51461538461539,3.332307692307692,2652.2018999999996
Ord_5139,Prod_3,SHP_7180,1187.55,0.0,30,532.61,2.99,0.35,39.585,17.753666666666668,0.09966666666666667,651.9499999999999
Ord_5140,Prod_8,SHP_7181,827.27,0.05,40,-170.87,6.5,0.78,20.68175,-4.27175,0.1625,950.2764999999999
Ord_1834,Prod_8,SHP_2528,999.89,0.02,10,-119.92,19.99,0.52,99.989,-11.992,1.9989999999999999,1079.8222
Ord_1834,Prod_13,SHP_2528,35.69,0.04,10,-31.24,4.2,0.56,3.569,-3.1239999999999997,0.42000000000000004,61.3024
Ord_4671,Prod_15,SHP_6512,6310.69,0.1,32,1318.83,18.06,0.57,197.2090625,41.2134375,0.564375,4342.730999999999
Ord_4734,Prod_3,SHP_6603,81.97,0.05,38,-148.8,4.77,0.4,2.1571052631578946,-3.9157894736842107,0.12552631578947368,221.9015
Ord_4724,Prod_6,SHP_6592,930.84,0.05,39,-122.12,16.92,0.39,23.86769230769231,-3.1312820512820516,0.4338461538461539,989.498
Ord_4699,Prod_9,SHP_6555,64.23,0.03,8,15.83,1.39,0.36,8.02875,1.97875,0.17375,45.0831
Ord_1834,Prod_4,SHP_2528,1462.1615,0.03,26,215.43,5.99,0.58,56.23698076923077,8.285769230769231,0.23038461538461538,1196.8766549999998
Ord_1815,Prod_1,SHP_2508,498.28,0.01,37,10.18,4.51,0.59,13.467027027027026,0.2751351351351351,0.12189189189189188,478.6072
Ord_1900,Prod_1,SHP_2606,2160.27,0.09,28,-818.32,35.0,0.81,77.1525,-29.225714285714286,1.25,2749.1657
Ord_1900,Prod_3,SHP_3083,169.22,0.05,28,-165.11,8.49,0.39,6.043571428571428,-5.8967857142857145,0.3032142857142857,317.379
Ord_2289,Prod_4,SHP_3132,368.0245,0.09,7,-218.81,4.2,0.59,52.57492857142857,-31.25857142857143,0.6,549.512295
Ord_1900,Prod_1,SHP_2606,550.93,0.1,33,-141.6,9.47,0.59,16.69484848484848,-4.290909090909091,0.286969696969697,627.9669999999999
Ord_1900,Prod_4,SHP_2606,1319.421,0.07,10,-268.87,8.08,0.6,131.9421,-26.887,0.808,1487.85153
Ord_3994,Prod_4,SHP_5554,1093.6355,0.05,15,119.17,0.99,0.55,72.90903333333334,7.9446666666666665,0.066,918.7937250000001
Ord_4002,Prod_17,SHP_5570,2893.31,0.1,31,937.64,13.99,0.38,93.33258064516129,30.246451612903225,0.45129032258064516,1652.3490000000002
Ord_4002,Prod_11,SHP_5571,3923.27,0.03,25,-85.86,60.0,0.55,156.9308,-3.4344,2.4,3831.4319
Ord_3989,Prod_4,SHP_5549,918.7395,0.06,9,-303.56,7.69,0.58,102.08216666666667,-33.72888888888889,0.8544444444444445,1159.48513
Ord_3989,Prod_6,SHP_5548,22.6,0.04,3,-4.63,3.04,0.36,7.533333333333334,-1.5433333333333332,1.0133333333333334,23.286
Ord_490,Prod_15,SHP_659,5186.31,0.03,23,1009.38,28.16,0.59,225.4917391304348,43.88608695652174,1.2243478260869565,3993.180700000001
Ord_483,Prod_6,SHP_649,1483.49,0.02,46,65.82,17.08,0.4,32.249782608695654,1.430869565217391,0.3713043478260869,1370.9202000000002
Ord_424,Prod_13,SHP_568,588.54,0.04,28,-30.72,8.99,0.58,21.01928571428571,-1.0971428571428572,0.32107142857142856,586.7284
Ord_389,Prod_5,SHP_521,435.29,0.03,8,122.41,18.45,0.65,54.41125,15.30125,2.30625,281.3713
Ord_441,Prod_6,SHP_590,2289.92,0.09,24,1037.55,4.65,0.37,95.41333333333334,43.231249999999996,0.19375,1041.6272000000001
Ord_410,Prod_17,SHP_553,2531.35,0.09,28,415.55,28.0,0.38,90.40535714285714,14.841071428571428,1.0,1859.9785
Ord_342,Prod_3,SHP_457,557.85,0.05,42,89.45,4.98,0.4,13.282142857142858,2.1297619047619047,0.11857142857142858,435.5275
Ord_361,Prod_3,SHP_478,285.84,0.02,17,-27.26,10.91,0.36,16.814117647058822,-1.6035294117647059,0.6417647058823529,296.47319999999996
Ord_365,Prod_9,SHP_486,283.17,0.0,31,119.64,1.39,0.38,9.134516129032258,3.8593548387096774,0.044838709677419354,162.14000000000004
Ord_404,Prod_1,SHP_544,500.48,0.08,45,-48.2,5.03,0.59,11.121777777777778,-1.0711111111111111,0.11177777777777778,503.6116
Ord_437,Prod_5,SHP_584,1270.03,0.1,50,221.81,6.93,0.49,25.4006,4.4362,0.1386,914.287
Ord_362,Prod_4,SHP_480,2083.0525,0.09,39,354.96,5.99,0.58,53.41160256410256,9.10153846153846,0.1535897435897436,1534.6277749999997
Ord_362,Prod_12,SHP_481,233.28,0.04,49,112.35,0.5,0.36,4.7608163265306125,2.2928571428571427,0.01020408163265306,111.09880000000001
Ord_5285,Prod_9,SHP_7378,833.0,0.0,50,436.53,1.39,0.38,16.66,8.730599999999999,0.0278,395.08000000000004
Ord_5285,Prod_5,SHP_7378,1071.77,0.09,25,262.07,4.8,0.68,42.8708,10.4828,0.192,708.4407000000001
Ord_1191,Prod_5,SHP_7455,2612.89,0.04,25,490.99,10.12,0.79,104.51559999999999,19.6396,0.4048,2007.2643999999998
Ord_1191,Prod_11,SHP_7456,1146.992,0.07,47,-1643.74,45.51,0.65,24.40408510638298,-34.9731914893617,0.9682978723404255,2664.93256
Ord_1183,Prod_1,SHP_1633,1562.69,0.0,43,287.74,8.22,0.57,36.34162790697675,6.691627906976745,0.19116279069767445,1266.73
Ord_1191,Prod_10,SHP_1644,4581.41,0.04,36,-904.73,54.74,0.69,127.26138888888889,-25.13138888888889,1.5205555555555557,5248.143599999999
Ord_1188,Prod_6,SHP_1640,117.33,0.07,17,10.31,3.1,0.36,6.901764705882353,0.6064705882352941,0.1823529411764706,95.7069
Ord_1185,Prod_12,SHP_1636,12.11,0.02,3,-0.98,0.5,0.38,4.036666666666666,-0.32666666666666666,0.16666666666666666,12.3478
Ord_1178,Prod_4,SHP_1624,1495.184,0.0,26,211.09,8.99,0.56,57.50707692307692,8.118846153846153,0.3457692307692308,1275.104
Ord_1183,Prod_6,SHP_1632,112.57,0.08,17,-28.53,5.14,0.37,6.621764705882352,-1.678235294117647,0.30235294117647055,126.95439999999999
Ord_2749,Prod_8,SHP_3772,1264.17,0.05,42,433.34,1.99,0.5,30.099285714285717,10.317619047619047,0.04738095238095238,765.6315000000002
Ord_2583,Prod_8,SHP_3538,4345.86,0.09,29,126.62,4.0,0.79,149.85724137931032,4.3662068965517244,0.13793103448275862,3824.1126
Ord_2778,Prod_3,SHP_3814,97.74,0.04,12,-8.5,4.71,0.35,8.145,-0.7083333333333334,0.3925,97.6204
Ord_2721,Prod_6,SHP_3728,184.32,0.0,25,-73.33,7.3,0.37,7.3728,-2.9332,0.292,250.34999999999997
Ord_2694,Prod_2,SHP_3688,725.15,0.05,35,140.57,3.99,0.57,20.718571428571426,4.016285714285714,0.114,544.3325
Ord_2778,Prod_8,SHP_3815,335.59,0.04,34,85.83,1.99,0.43,9.870294117647058,2.5244117647058824,0.058529411764705885,234.34639999999996
Ord_2761,Prod_15,SHP_3787,3118.6,0.06,24,804.2,12.65,,129.94166666666666,33.50833333333333,0.5270833333333333,2114.634
Ord_2589,Prod_6,SHP_3545,114.14,0.07,23,-65.62,5.49,0.38,4.9626086956521736,-2.8530434782608696,0.23869565217391306,166.2802
Ord_2756,Prod_8,SHP_3782,1431.0,0.02,44,-55.78,6.5,0.79,32.52272727272727,-1.2677272727272728,0.14772727272727273,1451.66
Ord_2749,Prod_15,SHP_3771,5454.51,0.03,30,446.26,30.0,0.69,181.817,14.875333333333334,1.0,4814.6147
Ord_2589,Prod_8,SHP_3544,731.22,0.0,32,-84.07,6.5,0.78,22.850625,-2.6271875,0.203125,808.79
Ord_5500,Prod_3,SHP_7689,82.12,0.07,23,-121.59,6.83,0.38,3.5704347826086957,-5.286521739130435,0.29695652173913045,191.1316
Ord_5504,Prod_17,SHP_7696,10071.09,0.1,41,1977.69,17.86,0.58,245.63634146341462,48.23634146341463,0.435609756097561,7068.430999999999
Ord_5503,Prod_3,SHP_7695,1041.66,0.02,34,480.53,1.49,0.38,30.637058823529415,14.133235294117647,0.043823529411764706,538.8068000000001
Ord_3478,Prod_17,SHP_4815,839.19,0.0,44,76.38,8.51,0.4,19.0725,1.7359090909090908,0.1934090909090909,754.3000000000001
Ord_1721,Prod_16,SHP_3965,103.6,0.09,43,-72.86,1.92,0.82,2.409302325581395,-1.6944186046511627,0.044651162790697675,165.216
Ord_1721,Prod_1,SHP_2381,3644.6,0.05,46,-1144.67,35.0,0.81,79.2304347826087,-24.88413043478261,0.7608695652173914,4572.04
Ord_2864,Prod_8,SHP_3942,574.99,0.06,28,-148.87,6.5,0.78,20.535357142857144,-5.3167857142857144,0.23214285714285715,682.8606
Ord_2871,Prod_10,SHP_3954,3218.42,0.08,29,-1248.58,58.72,0.76,110.98,-43.054482758620686,2.0248275862068965,4150.8063999999995
Ord_1726,Prod_15,SHP_2387,3549.9,0.06,16,44.8,64.2,0.59,221.86875,2.8,4.0125,3227.906
Ord_1726,Prod_1,SHP_2388,138.24,0.03,8,-60.04,7.04,0.81,17.28,-7.505,0.88,187.0928
Ord_1721,Prod_6,SHP_2381,117.91,0.05,34,29.27,1.09,0.39,3.467941176470588,0.8608823529411764,0.032058823529411765,81.6545
Ord_1721,Prod_4,SHP_2382,3491.613,0.05,33,717.7,5.63,0.6,105.80645454545454,21.74848484848485,0.1706060606060606,2593.7023499999996
Ord_776,Prod_8,SHP_1064,73.64,0.07,44,-58.87,1.99,0.51,1.6736363636363636,-1.3379545454545454,0.04522727272727273,125.36520000000002
Ord_801,Prod_5,SHP_1103,332.95,0.05,33,-28.16,6.22,0.55,10.08939393939394,-0.8533333333333334,0.18848484848484848,338.2425
Ord_858,Prod_6,SHP_1182,307.65,0.07,36,91.73,2.01,0.39,8.545833333333333,2.5480555555555555,0.055833333333333325,192.37449999999995
Ord_165,Prod_8,SHP_222,1064.23,0.06,11,-127.56,19.99,0.52,96.74818181818182,-11.596363636363636,1.8172727272727272,1107.9462
Ord_165,Prod_1,SHP_223,3497.05,0.0,18,282.18,19.99,0.71,194.28055555555557,15.676666666666668,1.1105555555555555,3194.8800000000006
Ord_165,Prod_4,SHP_224,774.0525,0.08,44,-96.34,3.3,0.81,17.592102272727274,-2.1895454545454545,0.075,805.1683
Ord_129,Prod_13,SHP_175,618.9,0.09,17,54.92,13.89,0.41,36.40588235294118,3.2305882352941175,0.8170588235294118,494.38899999999995
Ord_212,Prod_1,SHP_292,10377.22,0.05,47,965.48,28.66,0.72,220.79191489361702,20.54212765957447,0.6097872340425532,8864.219
Ord_212,Prod_1,SHP_291,58.33,0.02,3,-35.08,11.25,0.6,19.44333333333333,-11.693333333333333,3.75,80.9934
Ord_238,Prod_4,SHP_331,568.3355,0.02,10,-147.36,8.99,0.58,56.83355,-14.736,0.899,695.33879
Ord_212,Prod_3,SHP_290,349.43,0.04,31,-44.92,7.19,0.4,11.271935483870967,-1.449032258064516,0.23193548387096777,373.18280000000004
Ord_492,Prod_6,SHP_661,410.15,0.01,48,102.58,2.87,0.4,8.544791666666667,2.1370833333333334,0.05979166666666667,300.5985
Ord_492,Prod_6,SHP_662,135.72,0.09,28,-67.79,5.02,0.38,4.847142857142857,-2.421071428571429,0.17928571428571427,186.2752
Ord_351,Prod_15,SHP_466,4896.93,0.04,37,1467.82,12.65,,132.34945945945947,39.670810810810806,0.3418918918918919,3220.582800000001
Ord_344,Prod_4,SHP_459,2071.3395,0.06,38,324.93,8.99,0.56,54.50893421052632,8.55078947368421,0.23657894736842106,1613.13913
Ord_353,Prod_8,SHP_468,717.29,0.01,24,191.29,1.99,0.5,29.887083333333333,7.970416666666666,0.08291666666666667,516.8371
Ord_412,Prod_2,SHP_555,7765.13,0.06,44,433.63,55.24,0.57,176.48022727272726,9.855227272727273,1.2554545454545456,6810.3522
Ord_4750,Prod_13,SHP_6623,47.12,0.01,17,-47.01,4.28,0.44,2.7717647058823527,-2.7652941176470587,0.25176470588235295,89.37879999999998
Ord_4773,Prod_17,SHP_6657,509.49,0.07,13,-51.18,8.97,0.54,39.191538461538464,-3.936923076923077,0.6900000000000001,516.0356999999999
Ord_3506,Prod_4,SHP_4857,995.724,0.05,11,-117.61,2.5,0.57,90.52036363636364,-10.691818181818181,0.22727272727272727,1061.0478
Ord_4765,Prod_6,SHP_6645,286.26,0.01,31,8.34,5.16,0.38,9.234193548387097,0.26903225806451614,0.1664516129032258,269.8974
Ord_1056,Prod_6,SHP_1458,188.53,0.0,23,-27.49,5.96,0.38,8.19695652173913,-1.1952173913043478,0.2591304347826087,210.06
Ord_1042,Prod_10,SHP_1439,748.25,0.05,10,-86.99,26.74,0.6,74.825,-8.699,2.674,771.0875
Ord_3506,Prod_5,SHP_4856,830.53,0.01,41,120.69,8.99,0.46,20.256829268292684,2.9436585365853656,0.21926829268292683,692.5446999999999
Ord_1036,Prod_17,SHP_1430,1601.32,0.04,13,377.81,14.0,0.36,123.17846153846153,29.06230769230769,1.0769230769230769,1145.4572
Ord_1056,Prod_2,SHP_1457,5198.12,0.01,48,1481.67,15.66,0.57,108.29416666666667,30.868125000000003,0.32625,3648.8088
Ord_1056,Prod_6,SHP_1459,718.41,0.1,19,23.94,17.48,0.36,37.811052631578946,1.26,0.92,605.1489999999999
Ord_4505,Prod_1,SHP_6272,6742.49,0.03,39,-502.05,35.0,0.85,172.88435897435897,-12.873076923076923,0.8974358974358975,7007.2653
Ord_4489,Prod_5,SHP_6249,322.73,0.07,25,101.83,4.95,0.37,12.9092,4.0732,0.198,193.35890000000006
Ord_4579,Prod_3,SHP_6372,109.9,0.01,16,-28.95,5.27,0.36,6.86875,-1.809375,0.329375,132.481
Ord_5054,Prod_8,SHP_7052,139.08,0.1,30,-120.04,4.62,0.64,4.636,-4.001333333333333,0.154,240.592
Ord_5058,Prod_3,SHP_7060,189.49,0.09,38,-13.71,2.99,0.38,4.986578947368422,-0.36078947368421055,0.0786842105263158,183.1559
Ord_5054,Prod_6,SHP_7053,75.28,0.0,9,-17.22,5.83,0.36,8.364444444444445,-1.913333333333333,0.6477777777777778,86.67
Ord_5053,Prod_6,SHP_7051,101.14,0.0,16,-32.62,5.46,0.36,6.32125,-2.03875,0.34125,128.3
Ord_5058,Prod_2,SHP_7060,849.51,0.05,12,163.1,3.5,0.59,70.7925,13.591666666666667,0.2916666666666667,640.4345
Ord_2115,Prod_6,SHP_2891,94.84,0.01,15,-26.66,5.15,0.36,6.322666666666667,-1.7773333333333334,0.3433333333333334,115.40159999999999
Ord_2094,Prod_5,SHP_2864,341.55,0.06,39,-255.65,10.16,0.59,8.757692307692308,-6.555128205128205,0.26051282051282054,566.547
Ord_2514,Prod_1,SHP_3444,558.77,0.03,37,-92.87,4.53,0.81,15.101891891891892,-2.5100000000000002,0.12243243243243244,630.3469
Ord_2094,Prod_6,SHP_2865,98.37,0.09,14,-76.54,9.17,0.37,7.026428571428572,-5.467142857142858,0.655,156.88670000000002
Ord_2514,Prod_5,SHP_3443,28.15,0.09,4,-10.09,5.29,0.43,7.0375,-2.5225,1.3225,30.4165
Ord_2106,Prod_8,SHP_2881,676.79,0.0,19,213.2,1.99,0.41,35.62052631578947,11.221052631578948,0.10473684210526316,461.59999999999997
Ord_2096,Prod_3,SHP_2868,133.9,0.03,3,-14.58,2.99,0.39,44.63333333333333,-4.86,0.9966666666666667,141.473
Ord_2530,Prod_1,SHP_3463,7731.09,0.0,43,-222.17,35.0,0.85,179.79279069767443,-5.166744186046511,0.813953488372093,7918.26
Ord_2399,Prod_3,SHP_3291,607.42,0.03,38,-254.14,15.09,0.39,15.984736842105262,-6.687894736842105,0.39710526315789474,828.2474
Ord_2530,Prod_11,SHP_3464,10162.576,0.08,33,-969.05,42.52,0.71,307.9568484848485,-29.365151515151513,1.2884848484848486,10276.099919999999
Ord_2496,Prod_3,SHP_3422,280.87,0.01,48,-214.15,7.57,0.36,5.851458333333333,-4.461458333333334,0.15770833333333334,484.6413
Ord_2530,Prod_4,SHP_3463,5834.6465,0.01,33,1619.66,2.79,0.58,176.8074696969697,49.080606060606065,0.08454545454545455,4153.850035
Ord_2326,Prod_7,SHP_3193,90.05,0.03,48,-107.0,2.58,0.82,1.8760416666666666,-2.2291666666666665,0.05375,191.76850000000002
Ord_2326,Prod_4,SHP_3193,7804.53,0.05,46,2057.17,5.99,0.59,169.6636956521739,44.72108695652174,0.13021739130434784,5351.1435
Ord_3308,Prod_8,SHP_4588,1624.67,0.04,35,504.35,1.99,0.55,46.41914285714286,14.41,0.056857142857142856,1053.3432000000003
Ord_3272,Prod_3,SHP_4542,74.34,0.05,32,-166.55,6.05,0.37,2.323125,-5.2046875,0.1890625,231.12300000000002
Ord_3272,Prod_6,SHP_4542,228.8,0.03,35,-99.08,6.6,0.37,6.537142857142857,-2.830857142857143,0.18857142857142856,314.416
Ord_3464,Prod_9,SHP_4799,414.11,0.08,49,-172.32,8.29,0.38,8.45122448979592,-3.516734693877551,0.16918367346938773,545.0111999999999
Ord_3342,Prod_12,SHP_4636,153.27,0.08,45,60.29,0.5,0.38,3.406,1.3397777777777777,0.011111111111111112,80.2184
Ord_3234,Prod_4,SHP_4486,5433.0895,0.0,29,1365.28,8.99,0.6,187.34791379310346,47.078620689655175,0.31,4058.8195000000005
Ord_3252,Prod_8,SHP_4511,2637.78,0.04,17,-0.84,6.5,0.74,155.16352941176473,-0.04941176470588235,0.38235294117647056,2526.6088000000004
Ord_3252,Prod_6,SHP_4512,157.4,0.01,29,-118.56,7.28,0.38,5.427586206896552,-4.088275862068966,0.2510344827586207,267.106
Ord_3234,Prod_13,SHP_4485,133.94,0.08,24,45.0,1.0,0.38,5.5808333333333335,1.875,0.041666666666666664,77.2248
Ord_166,Prod_5,SHP_225,74.05,0.02,3,44.54,11.17,0.6,24.683333333333334,14.846666666666666,3.723333333333333,16.859
Ord_331,Prod_8,SHP_443,835.55,0.04,18,171.59,1.99,0.55,46.419444444444444,9.532777777777778,0.11055555555555556,628.5479999999999
Ord_331,Prod_15,SHP_441,6641.14,0.05,23,673.77,64.73,0.56,288.7452173913044,29.294347826086955,2.8143478260869568,5570.5830000000005
Ord_339,Prod_12,SHP_454,94.56,0.0,34,37.73,0.5,0.39,2.7811764705882354,1.109705882352941,0.014705882352941176,56.330000000000005
Ord_1413,Prod_6,SHP_1949,83.31,0.06,13,22.8,1.34,0.36,6.408461538461538,1.7538461538461538,0.10307692307692308,54.171400000000006
Ord_1306,Prod_4,SHP_1801,1239.6315,0.0,16,-172.55,0.99,0.85,77.47696875,-10.784375,0.061875,1411.1915
Ord_1366,Prod_5,SHP_1883,25.52,0.01,2,21.77,6.22,0.55,12.76,10.885,3.11,-2.7251999999999974
Ord_2594,Prod_15,SHP_3553,1085.16,0.08,12,-311.54,42.0,0.66,90.43,-25.96166666666667,3.5,1267.8872000000001
Ord_2610,Prod_4,SHP_3572,855.865,0.04,9,-153.92,2.5,0.57,95.09611111111111,-17.10222222222222,0.2777777777777778,973.0504
Ord_2610,Prod_3,SHP_3571,103.75,0.01,8,25.13,1.49,0.35,12.96875,3.14125,0.18625,76.09250000000002
Ord_485,Prod_15,SHP_652,4621.1,0.09,17,-635.65,57.0,0.78,271.8294117647059,-37.391176470588235,3.3529411764705883,4783.851
Ord_485,Prod_6,SHP_653,460.2,0.01,42,-214.39,11.59,0.4,10.957142857142857,-5.104523809523809,0.27595238095238095,658.398
Ord_455,Prod_5,SHP_609,66.43,0.01,5,-9.45,13.04,0.6,13.286000000000001,-1.89,2.6079999999999997,62.175700000000006
Ord_434,Prod_3,SHP_580,639.19,0.09,31,274.9,1.49,0.35,20.619032258064518,8.86774193548387,0.04806451612903226,305.27290000000005
Ord_406,Prod_6,SHP_547,667.35,0.04,34,80.92,8.68,0.37,19.62794117647059,2.38,0.25529411764705884,551.0560000000002
Ord_455,Prod_5,SHP_609,2674.18,0.06,25,631.99,13.99,0.69,106.96719999999999,25.279600000000002,0.5596,1867.7492
Ord_413,Prod_14,SHP_556,4242.76,0.07,21,340.88,24.49,0.46,202.03619047619048,16.232380952380954,1.1661904761904762,3580.3968000000004
Ord_413,Prod_2,SHP_556,2435.32,0.09,44,650.56,3.5,0.57,55.34818181818182,14.785454545454543,0.07954545454545454,1562.0812
Ord_363,Prod_16,SHP_482,63.02,0.07,27,-119.66,5.0,0.81,2.334074074074074,-4.431851851851852,0.18518518518518517,173.2686
Ord_363,Prod_5,SHP_482,3245.73,0.09,32,569.57,13.99,0.69,101.4290625,17.7990625,0.4371875,2370.0543000000002
Ord_455,Prod_6,SHP_610,241.14,0.08,37,-120.08,6.93,0.37,6.517297297297297,-3.2454054054054056,0.1872972972972973,334.99879999999996
Ord_406,Prod_6,SHP_547,298.52,0.0,9,73.19,5.76,0.4,33.16888888888889,8.132222222222222,0.64,219.57
Ord_455,Prod_5,SHP_610,5513.82,0.03,50,1581.93,13.99,0.65,110.2764,31.6386,0.2798,3752.4853999999996
Ord_363,Prod_4,SHP_484,2407.693,0.04,25,424.14,8.99,0.57,96.30772,16.9656,0.35960000000000003,1878.2552800000008
Ord_240,Prod_11,SHP_333,4698.5,0.04,36,-219.38,51.94,0.63,130.51388888888889,-6.0938888888888885,1.4427777777777777,4678.000000000001
Ord_78,Prod_3,SHP_104,36.86,0.07,5,-32.82,8.49,0.39,7.372,-6.564,1.698,58.6098
Ord_240,Prod_15,SHP_333,1363.0,0.04,26,149.83,14.19,0.56,52.42307692307692,5.7626923076923084,0.5457692307692308,1144.46
Ord_240,Prod_3,SHP_334,347.47,0.09,16,-86.2,15.1,0.38,21.716875,-5.3875,0.94375,387.2977
Ord_981,Prod_12,SHP_1355,127.9,0.07,31,54.21,0.5,0.39,4.125806451612903,1.748709677419355,0.016129032258064516,64.237
Ord_1800,Prod_17,SHP_2492,2654.16,0.01,27,600.93,28.0,0.38,98.30222222222221,22.256666666666664,1.037037037037037,1998.6884
Ord_1800,Prod_10,SHP_2493,1722.65,0.05,15,-399.67,51.42,0.65,114.84333333333333,-26.64466666666667,3.428,1984.7675000000002
Ord_1918,Prod_1,SHP_2630,5072.34,0.06,36,369.46,19.99,0.73,140.89833333333334,10.262777777777778,0.5552777777777778,4378.5496
Ord_1800,Prod_8,SHP_2594,36.23,0.02,16,-24.87,1.99,0.55,2.264375,-1.554375,0.124375,58.38539999999999
Ord_969,Prod_6,SHP_2790,2169.49,0.06,40,1043.43,4.85,0.37,54.237249999999996,26.08575,0.12125,991.0405999999998
Ord_1918,Prod_1,SHP_4137,260.08,0.1,23,-37.85,4.81,0.58,11.30782608695652,-1.6456521739130436,0.20913043478260868,267.11199999999997
Ord_3049,Prod_6,SHP_4235,473.67,0.04,41,78.2,5.01,0.36,11.552926829268293,1.9073170731707318,0.12219512195121951,371.51320000000004
Ord_3105,Prod_13,SHP_4306,19.57,0.02,3,-5.35,1.2,0.55,6.523333333333333,-1.7833333333333332,0.39999999999999997,23.3286
Ord_3079,Prod_8,SHP_4274,1644.59,0.09,33,-52.92,6.5,0.73,49.836060606060606,-1.6036363636363637,0.19696969696969696,1542.9969
Ord_3053,Prod_2,SHP_4241,1991.26,0.01,27,-528.09,60.0,0.41,73.75037037037038,-19.55888888888889,2.2222222222222223,2439.4374
Ord_3036,Prod_6,SHP_4214,374.78,0.09,7,20.03,14.3,0.37,53.54,2.8614285714285717,2.042857142857143,306.71979999999996
Ord_3085,Prod_4,SHP_4281,2860.93,0.03,50,832.62,5.26,0.56,57.218599999999995,16.6524,0.1052,1937.2221
Ord_3096,Prod_6,SHP_4294,118.43,0.02,26,11.96,2.26,0.36,4.555000000000001,0.46,0.08692307692307691,101.8414
Ord_3107,Prod_13,SHP_4308,519.65,0.03,16,26.36,8.99,0.58,32.478125,1.6475,0.561875,468.71049999999997
Ord_3071,Prod_9,SHP_4265,2728.42,0.06,45,664.15,19.99,0.38,60.63155555555556,14.758888888888889,0.4442222222222222,1880.5748000000003
Ord_3042,Prod_6,SHP_4224,1991.93,0.02,41,951.5,5.86,0.35,48.58365853658537,23.20731707317073,0.1429268292682927,994.7314000000001
Ord_3041,Prod_6,SHP_4221,68.32,0.05,15,-66.72,6.72,0.4,4.554666666666666,-4.4479999999999995,0.448,124.904
Ord_3041,Prod_4,SHP_4223,391.8755,0.1,23,-38.02,4.81,0.58,17.038065217391303,-1.6530434782608696,0.20913043478260868,385.89795
Ord_3919,Prod_12,SHP_5444,15.04,0.02,2,-6.12,0.49,0.38,7.52,-3.06,0.245,20.3692
Ord_3939,Prod_3,SHP_5474,679.65,0.0,43,31.2,8.4,0.39,15.805813953488371,0.7255813953488371,0.19534883720930232,640.05
Ord_3919,Prod_8,SHP_5443,470.39,0.08,19,-147.99,5.89,0.75,24.757368421052632,-7.788947368421053,0.31,574.8588
Ord_4766,Prod_6,SHP_6646,196.98,0.04,16,-5.76,6.47,0.38,12.31125,-0.36,0.404375,188.39079999999998
Ord_4766,Prod_4,SHP_6647,1756.695,0.1,33,164.97,8.8,0.58,53.23318181818182,4.999090909090909,0.26666666666666666,1407.2555
Ord_3230,Prod_15,SHP_4480,4733.7,0.0,36,624.36,30.0,0.64,131.49166666666667,17.343333333333334,0.8333333333333334,4079.3399999999997
Ord_3351,Prod_4,SHP_4647,1028.16,0.07,23,405.16,1.25,0.35,44.70260869565218,17.615652173913045,0.05434782608695652,549.7788
Ord_3322,Prod_12,SHP_4607,98.77,0.07,21,41.33,0.5,0.36,4.703333333333333,1.9680952380952381,0.023809523809523808,50.0261
Ord_3256,Prod_8,SHP_4516,131.61,0.01,7,-7.3,1.99,0.45,18.801428571428573,-1.042857142857143,0.2842857142857143,135.6039
Ord_1071,Prod_6,SHP_1480,115.45,0.07,12,23.53,2.06,0.39,9.620833333333334,1.9608333333333334,0.17166666666666666,81.7785
Ord_1071,Prod_8,SHP_1480,163.89,0.02,31,-108.55,4.93,0.66,5.2867741935483865,-3.5016129032258063,0.15903225806451612,264.2322
Ord_1140,Prod_1,SHP_1572,249.64,0.08,23,-91.65,7.46,0.59,10.85391304347826,-3.9847826086956526,0.3243478260869565,313.8588
Ord_1126,Prod_8,SHP_1553,65.5,0.08,11,-55.94,4.38,0.75,5.954545454545454,-5.085454545454545,0.3981818181818182,111.82
Ord_1140,Prod_17,SHP_1572,112.4,0.1,6,-46.75,8.51,0.4,18.733333333333334,-7.791666666666667,1.4183333333333332,139.39999999999998
Ord_4780,Prod_12,SHP_6664,136.16,0.07,28,58.1,0.49,0.39,4.862857142857143,2.075,0.017499999999999998,68.03880000000001
Ord_906,Prod_1,SHP_1247,1684.96,0.08,16,-553.06,35.0,0.82,105.31,-34.56625,2.1875,2068.2232
Ord_1383,Prod_13,SHP_1908,1218.08,0.1,37,99.79,8.99,0.56,32.92108108108108,2.697027027027027,0.242972972972973,987.492
Ord_1401,Prod_13,SHP_1933,80.53,0.01,28,10.01,0.7,0.56,2.8760714285714286,0.3575,0.024999999999999998,69.01469999999999
Ord_1404,Prod_6,SHP_1936,2283.22,0.03,48,1006.72,5.97,0.38,47.56708333333333,20.973333333333333,0.124375,1202.0334
Ord_1404,Prod_11,SHP_1937,11365.616,0.08,49,229.22,54.12,0.76,231.95134693877552,4.67795918367347,1.1044897959183673,10173.02672
Ord_4501,Prod_6,SHP_6268,107.75,0.07,23,24.17,1.52,0.36,4.684782608695652,1.0508695652173914,0.06608695652173913,74.5175
Ord_4501,Prod_3,SHP_6267,161.72,0.09,40,-134.71,5.26,0.38,4.043,-3.36775,0.1315,276.6152
Ord_3487,Prod_7,SHP_4828,15.6,0.09,5,1.67,0.78,0.52,3.12,0.33399999999999996,0.156,11.746
Ord_3511,Prod_8,SHP_4863,979.06,0.07,27,-131.9,9.02,0.75,36.26148148148148,-4.885185185185185,0.3340740740740741,1033.4058
Ord_3304,Prod_5,SHP_4582,247.15,0.07,6,-88.35,18.98,0.57,41.19166666666667,-14.725,3.1633333333333336,299.21950000000004
Ord_3511,Prod_3,SHP_4862,205.43,0.0,28,-24.3,5.27,0.36,7.336785714285715,-0.8678571428571429,0.1882142857142857,224.46
Ord_3219,Prod_13,SHP_4464,65.39,0.09,36,-0.46,1.0,0.4,1.8163888888888888,-0.012777777777777779,0.027777777777777776,58.9649
Ord_3504,Prod_11,SHP_4854,10348.73,0.09,47,1094.57,32.48,0.68,220.18574468085106,23.288723404255318,0.691063829787234,8290.2943
Ord_24,Prod_8,SHP_32,1078.49,0.08,27,252.66,1.99,0.55,39.944074074074074,9.357777777777777,0.0737037037037037,737.5608000000001
Ord_493,Prod_5,SHP_663,589.63,0.03,37,70.8,8.99,0.39,15.935945945945946,1.9135135135135135,0.242972972972973,492.1511
Ord_494,Prod_5,SHP_665,397.17,0.1,30,7.69,5.0,0.49,13.239,0.25633333333333336,0.16666666666666666,344.76300000000003
Ord_134,Prod_4,SHP_181,275.91,0.1,44,-162.37,5.03,0.6,6.270681818181819,-3.690227272727273,0.11431818181818182,405.659
Ord_141,Prod_13,SHP_189,103.07,0.1,38,-0.95,1.34,0.45,2.7123684210526315,-0.024999999999999998,0.035263157894736843,92.37299999999999
Ord_134,Prod_2,SHP_181,1482.81,0.03,24,-678.63,49.0,0.59,61.78375,-28.27625,2.0416666666666665,2067.9557
Ord_382,Prod_8,SHP_511,925.03,0.06,18,-3.68,19.99,0.41,51.39055555555555,-0.20444444444444446,1.1105555555555555,853.2181999999999
Ord_348,Prod_2,SHP_463,1038.4,0.01,18,112.36,13.22,0.56,57.6888888888889,6.242222222222222,0.7344444444444445,902.436
Ord_134,Prod_11,SHP_181,6693.28,0.02,23,40.32,69.0,0.67,291.01217391304345,1.7530434782608695,3.0,6450.0944
Ord_387,Prod_17,SHP_517,952.47,0.03,38,270.69,6.3,0.38,25.065,7.123421052631579,0.16578947368421051,646.9059
Ord_397,Prod_2,SHP_533,1689.97,0.06,24,-564.74,60.0,0.41,70.41541666666667,-23.530833333333334,2.5,2093.3118
Ord_390,Prod_3,SHP_522,937.04,0.08,34,391.6,1.49,0.38,27.56,11.51764705882353,0.043823529411764706,468.9867999999999
Ord_390,Prod_8,SHP_523,1616.64,0.07,17,26.94,19.99,0.5,95.0964705882353,1.5847058823529412,1.1758823529411764,1456.5452
Ord_399,Prod_5,SHP_536,1146.11,0.09,42,330.63,8.55,0.42,27.28833333333333,7.872142857142857,0.2035714285714286,703.7801000000001
Ord_407,Prod_4,SHP_548,3206.965,0.08,31,575.33,7.69,0.58,103.45048387096774,18.559032258064516,0.24806451612903227,2367.3878
Ord_141,Prod_4,SHP_529,896.1805,0.0,15,82.04,5.26,0.56,59.74536666666667,5.469333333333334,0.3506666666666666,808.8805000000001
Ord_902,Prod_11,SHP_1240,6408.3,0.1,24,539.54,35.67,0.66,267.0125,22.480833333333333,1.48625,5192.26
Ord_882,Prod_3,SHP_1211,82.06,0.07,7,-26.99,7.19,0.4,11.722857142857142,-3.8557142857142854,1.0271428571428571,96.1158
Ord_3756,Prod_1,SHP_5213,651.45,0.07,39,-160.56,9.47,0.59,16.703846153846154,-4.116923076923077,0.24282051282051284,756.9385
Ord_3798,Prod_11,SHP_5267,1917.61,0.03,15,-286.9,51.94,0.63,127.84066666666666,-19.126666666666665,3.4626666666666663,2095.0416999999998
Ord_3765,Prod_6,SHP_5223,198.21,0.01,28,-163.28,10.05,0.37,7.0789285714285715,-5.831428571428572,0.35892857142857143,349.4579
Ord_3764,Prod_8,SHP_5222,182.89,0.07,7,-99.3,4.0,0.75,26.127142857142854,-14.185714285714285,0.5714285714285714,265.3877
Ord_902,Prod_4,SHP_5212,1176.859,0.03,21,137.86,3.99,0.59,56.040904761904756,6.564761904761905,0.19,999.70323
Ord_902,Prod_8,SHP_5212,1075.91,0.03,26,34.42,7.12,0.67,41.38115384615385,1.323846153846154,0.27384615384615385,1002.0927000000003
Ord_3796,Prod_12,SHP_5265,46.55,0.0,12,16.34,0.5,0.38,3.8791666666666664,1.3616666666666666,0.041666666666666664,29.709999999999997
Ord_3765,Prod_6,SHP_5223,148.65,0.1,20,-142.78,11.15,0.37,7.4325,-7.139,0.5575,265.41499999999996
Ord_3799,Prod_8,SHP_5268,2492.97,0.06,33,131.02,14.52,0.65,75.54454545454544,3.9703030303030307,0.44,2197.8518
Ord_3797,Prod_4,SHP_5266,1499.5275,0.09,29,188.98,5.26,0.56,51.70784482758621,6.516551724137931,0.18137931034482757,1170.330025
Ord_3780,Prod_1,SHP_5246,486.63,0.03,44,-146.37,7.46,0.59,11.059772727272728,-3.326590909090909,0.16954545454545455,610.9411
Ord_3794,Prod_8,SHP_5263,196.07,0.05,17,-77.66,6.5,0.64,11.533529411764706,-4.568235294117647,0.38235294117647056,257.42650000000003
Ord_3775,Prod_8,SHP_5240,403.88,0.07,10,48.03,1.99,0.42,40.388,4.803,0.199,325.5884
Ord_3791,Prod_4,SHP_5259,831.5805,0.01,44,273.05,0.99,0.57,18.899556818181818,6.2056818181818185,0.0225,549.2246950000001
Ord_3784,Prod_8,SHP_5251,138.91,0.09,7,-64.11,4.0,0.68,19.844285714285714,-9.15857142857143,0.5714285714285714,186.5181
Ord_3792,Prod_6,SHP_5260,337.61,0.03,27,15.61,6.35,0.38,12.504074074074074,0.5781481481481481,0.23518518518518516,305.52169999999995
Ord_3792,Prod_1,SHP_5261,636.34,0.08,42,-99.26,4.53,0.81,15.150952380952381,-2.3633333333333333,0.10785714285714286,680.1628000000001
Ord_3771,Prod_8,SHP_5235,767.04,0.02,37,238.84,1.99,0.48,20.73081081081081,6.455135135135135,0.05378378378378378,510.8692
Ord_3781,Prod_4,SHP_5247,1403.027,0.1,27,153.8,5.63,0.56,51.96396296296297,5.696296296296297,0.20851851851851852,1103.2943
Ord_3802,Prod_2,SHP_5272,470.74,0.04,41,24.09,3.99,0.58,11.481463414634147,0.5875609756097561,0.09731707317073171,423.8304
Ord_3795,Prod_6,SHP_5264,75.79,0.09,11,-18.77,4.91,0.37,6.890000000000001,-1.7063636363636363,0.44636363636363635,82.8289
Ord_3771,Prod_8,SHP_5234,254.12,0.06,12,-64.97,5.99,0.65,21.176666666666666,-5.414166666666667,0.4991666666666667,297.8528
Ord_4165,Prod_4,SHP_5803,3436.771,0.04,27,520.0,8.99,0.58,127.28781481481482,19.25925925925926,0.33296296296296296,2770.3101600000005
Ord_4181,Prod_3,SHP_5828,302.09,0.05,39,-67.09,6.16,0.35,7.745897435897435,-1.7202564102564104,0.15794871794871795,347.91549999999995
Ord_4172,Prod_3,SHP_5813,1677.27,0.08,43,528.79,7.47,0.37,39.006279069767444,12.297441860465115,0.17372093023255814,1006.8284000000001
Ord_4136,Prod_6,SHP_5758,289.94,0.07,44,-102.19,6.22,0.37,6.589545454545455,-2.3225,0.14136363636363636,365.6142
Ord_4233,Prod_15,SHP_5907,4353.02,0.1,20,661.77,28.16,0.59,217.651,33.088499999999996,1.408,3227.7880000000005
Ord_4116,Prod_12,SHP_5733,44.46,0.06,16,5.27,0.99,0.38,2.77875,0.329375,0.061875,35.532399999999996
Ord_4120,Prod_8,SHP_5741,812.68,0.05,27,235.88,1.99,0.5,30.099259259259256,8.736296296296295,0.0737037037037037,534.1759999999999
Ord_4183,Prod_12,SHP_5830,136.63,0.03,47,-162.61,5.33,0.36,2.9070212765957444,-3.4597872340425533,0.11340425531914894,289.8111
Ord_4233,Prod_8,SHP_5906,998.05,0.01,41,391.14,1.99,0.46,24.342682926829266,9.54,0.04853658536585366,594.9395
Ord_4172,Prod_10,SHP_5814,1556.08,0.05,21,-41.77,26.74,0.6,74.09904761904761,-1.9890476190476192,1.2733333333333332,1493.3059999999998
Ord_4116,Prod_6,SHP_5733,542.11,0.08,25,-14.76,11.54,0.39,21.6844,-0.5904,0.46159999999999995,501.96119999999996
Ord_4120,Prod_2,SHP_5740,1935.17,0.09,33,-991.07,49.0,0.59,58.64151515151515,-30.032424242424245,1.4848484848484849,2703.0747
Ord_1322,Prod_7,SHP_1821,142.97,0.1,31,-12.26,0.7,0.85,4.611935483870968,-0.3954838709677419,0.02258064516129032,140.233
Ord_1525,Prod_6,SHP_2109,10.43,0.07,2,-4.72,0.8,0.36,5.215,-2.36,0.4,13.619899999999998
Ord_1346,Prod_5,SHP_1850,153.44,0.05,12,-6.15,6.02,0.43,12.786666666666667,-0.5125000000000001,0.5016666666666666,145.898
Ord_1525,Prod_15,SHP_2107,11266.4,0.08,50,1902.99,43.32,0.55,225.328,38.0598,0.8664000000000001,8418.778
Ord_1525,Prod_8,SHP_2108,71.61,0.1,15,-70.31,4.93,0.66,4.774,-4.687333333333333,0.32866666666666666,129.829
Ord_1578,Prod_6,SHP_2176,843.15,0.0,16,355.0,5.81,0.38,52.696875,22.1875,0.363125,482.34000000000003
Ord_1512,Prod_3,SHP_2088,371.95,0.08,49,-10.33,4.71,0.35,7.590816326530612,-0.21081632653061225,0.09612244897959184,347.81399999999996
Ord_1428,Prod_8,SHP_1974,583.56,0.02,26,-94.59,6.5,0.78,22.444615384615382,-3.638076923076923,0.25,659.9788
Ord_1512,Prod_9,SHP_2089,96.07,0.06,22,-4.36,2.5,0.37,4.366818181818181,-0.1981818181818182,0.11363636363636363,92.16579999999999
Ord_1428,Prod_6,SHP_1975,281.47,0.1,47,-190.57,7.37,0.37,5.98872340425532,-4.0546808510638295,0.15680851063829787,436.523
Ord_1343,Prod_6,SHP_1846,434.77,0.02,37,-155.21,11.25,0.36,11.75054054054054,-4.194864864864865,0.30405405405405406,570.0346
Ord_3345,Prod_6,SHP_4640,1119.91,0.08,25,434.71,5.79,0.37,44.796400000000006,17.3884,0.2316,589.8172
Ord_3502,Prod_6,SHP_4851,566.66,0.1,29,60.59,8.68,0.37,19.54,2.0893103448275863,0.29931034482758617,440.72399999999993
Ord_3482,Prod_8,SHP_4821,254.89,0.09,10,-106.58,5.89,0.75,25.488999999999997,-10.658,0.589,332.6399
Ord_3319,Prod_15,SHP_4604,2039.33,0.08,21,-862.44,74.35,0.57,97.11095238095238,-41.06857142857143,3.5404761904761903,2664.2736
Ord_276,Prod_13,SHP_375,31.6,0.1,12,-3.64,0.93,0.54,2.6333333333333333,-0.30333333333333334,0.0775,31.150000000000002
Ord_75,Prod_1,SHP_99,73.07,0.08,4,-41.01,11.25,0.6,18.2675,-10.2525,2.8125,96.9844
Ord_211,Prod_6,SHP_289,371.94,0.05,13,106.53,4.86,0.38,28.61076923076923,8.194615384615386,0.3738461538461539,241.953
Ord_75,Prod_11,SHP_100,4679.1,0.05,26,111.52,29.21,0.74,179.96538461538464,4.289230769230769,1.1234615384615385,4304.415
Ord_257,Prod_5,SHP_353,205.33,0.0,20,10.68,6.02,0.48,10.2665,0.534,0.301,188.63
Ord_234,Prod_5,SHP_324,2754.93,0.06,29,-1.33,39.61,0.67,94.99758620689654,-0.04586206896551724,1.3658620689655172,2551.3541999999998
Ord_66,Prod_13,SHP_90,308.54,0.0,15,76.42,4.1,0.44,20.569333333333336,5.094666666666667,0.2733333333333333,228.01999999999998
Ord_2771,Prod_13,SHP_3805,630.54,0.03,30,-30.07,8.99,0.58,21.017999999999997,-1.0023333333333333,0.2996666666666667,632.7038
Ord_2809,Prod_4,SHP_3866,2532.6175,0.0,33,730.51,2.79,0.58,76.74598484848484,22.136666666666667,0.08454545454545455,1799.3174999999999
Ord_2731,Prod_6,SHP_3743,105.48,0.02,15,-53.99,7.37,0.37,7.032,-3.5993333333333335,0.49133333333333334,149.9904
Ord_2591,Prod_3,SHP_3548,736.3,0.03,30,259.07,2.99,0.39,24.543333333333333,8.635666666666667,0.09966666666666667,452.151
Ord_2591,Prod_6,SHP_3548,346.06,0.0,50,-76.54,5.86,0.36,6.9212,-1.5308000000000002,0.11720000000000001,416.74
Ord_2731,Prod_6,SHP_3743,136.18,0.08,22,-43.26,5.46,0.36,6.19,-1.9663636363636363,0.24818181818181817,163.0856
Ord_2731,Prod_12,SHP_3744,111.37,0.04,37,46.46,0.5,0.38,3.0100000000000002,1.2556756756756757,0.013513513513513514,59.9552
Ord_3809,Prod_6,SHP_5283,156.7,0.06,29,-76.64,5.57,0.4,5.403448275862068,-2.6427586206896554,0.1920689655172414,218.368
Ord_3853,Prod_11,SHP_5342,1095.11,0.1,36,-1286.43,45.51,0.65,30.41972222222222,-35.73416666666667,1.2641666666666667,2226.5190000000002
Ord_3839,Prod_6,SHP_5323,1003.43,0.01,47,208.06,8.68,0.37,21.349574468085105,4.426808510638298,0.18468085106382978,776.6557
Ord_3809,Prod_6,SHP_5284,192.54,0.08,40,-186.73,7.44,0.36,4.8134999999999994,-4.66825,0.186,356.42679999999996
Ord_3874,Prod_4,SHP_5369,4488.2635,0.06,27,750.55,5.0,0.59,166.23198148148148,27.798148148148147,0.18518518518518517,3463.41769
Ord_3853,Prod_2,SHP_5341,375.74,0.05,25,-9.31,6.75,0.52,15.0296,-0.3724,0.27,359.51300000000003
Ord_3884,Prod_5,SHP_5383,262.29,0.09,15,7.26,5.03,0.54,17.486,0.484,0.33533333333333337,226.39390000000003
Ord_3809,Prod_3,SHP_5283,523.42,0.06,44,39.42,5.63,0.4,11.89590909090909,0.895909090909091,0.12795454545454546,446.96479999999997
Ord_3847,Prod_8,SHP_5334,865.21,0.07,42,-42.1,5.99,0.65,20.600238095238097,-1.0023809523809524,0.14261904761904762,840.7553
Ord_1860,Prod_8,SHP_2554,2925.78,0.03,29,1041.29,7.18,0.4,100.88896551724139,35.90655172413793,0.24758620689655172,1789.5366000000004
Ord_2024,Prod_9,SHP_2768,29.06,0.1,2,-16.15,6.97,0.35,14.53,-8.075,3.485,35.334
Ord_2052,Prod_13,SHP_2805,80.33,0.01,27,2.49,0.96,0.58,2.975185185185185,0.09222222222222223,0.035555555555555556,76.07670000000002
Ord_1671,Prod_2,SHP_2309,700.95,0.0,14,233.8,5.1,0.46,50.06785714285714,16.7,0.36428571428571427,462.05
Ord_1671,Prod_9,SHP_2310,159.74,0.08,41,-9.14,2.5,0.39,3.89609756097561,-0.2229268292682927,0.06097560975609756,153.6008
Ord_2221,Prod_5,SHP_3020,455.93,0.02,36,83.51,4.98,0.48,12.664722222222222,2.3197222222222225,0.13833333333333334,358.3214
Ord_2276,Prod_1,SHP_3107,170.35,0.03,10,-39.92,8.34,0.59,17.035,-3.992,0.834,196.8195
Ord_4550,Prod_8,SHP_6333,1296.46,0.01,31,376.47,1.99,0.54,41.821290322580644,12.144193548387097,0.06419354838709677,905.0354
Ord_4479,Prod_15,SHP_6238,4550.06,0.1,50,-1335.32,58.2,0.58,91.00120000000001,-26.7064,1.1640000000000001,5372.174
Ord_2615,Prod_8,SHP_3579,221.66,0.08,37,-95.17,3.85,0.68,5.990810810810811,-2.5721621621621624,0.10405405405405406,295.2472
Ord_1102,Prod_8,SHP_1522,54.8,0.0,5,-15.3,1.99,0.43,10.959999999999999,-3.06,0.398,68.11
Ord_1102,Prod_13,SHP_1523,1038.19,0.07,40,230.69,4.08,0.57,25.95475,5.76725,0.10200000000000001,730.7466999999999
Ord_2667,Prod_8,SHP_3653,33.99,0.09,7,-25.86,2.39,0.72,4.855714285714286,-3.6942857142857144,0.34142857142857147,54.4009
Ord_2595,Prod_6,SHP_3554,1441.61,0.06,38,624.84,5.08,0.38,37.93710526315789,16.443157894736842,0.1336842105263158,725.1934
Ord_2686,Prod_4,SHP_3677,2738.785,0.07,29,556.83,2.5,0.58,94.44086206896552,19.201034482758622,0.08620689655172414,1987.7400499999999
Ord_2724,Prod_3,SHP_3733,123.95,0.01,22,2.42,2.99,0.38,5.634090909090909,0.11,0.13590909090909092,117.3005
Ord_2647,Prod_6,SHP_3621,136.24,0.03,22,-96.22,7.96,0.36,6.192727272727273,-4.373636363636364,0.3618181818181818,220.4128
Ord_1268,Prod_3,SHP_1753,103.72,0.02,17,-72.06,6.98,0.39,6.101176470588236,-4.238823529411765,0.4105882352941177,166.7256
Ord_2686,Prod_6,SHP_3678,195.11,0.04,28,-129.42,8.73,0.37,6.968214285714287,-4.622142857142856,0.3117857142857143,307.9956
Ord_2647,Prod_2,SHP_3620,340.97,0.07,33,-22.82,3.99,0.58,10.332424242424244,-0.6915151515151515,0.12090909090909091,335.9321
Ord_2581,Prod_11,SHP_3536,11230.25,0.07,42,-679.04,35.67,0.66,267.38690476190476,-16.16761904761905,0.8492857142857143,11087.502499999999
Ord_2686,Prod_8,SHP_3677,157.13,0.07,20,-46.89,2.38,0.74,7.8565,-2.3445,0.119,190.6409
Ord_1268,Prod_5,SHP_3820,308.64,0.03,15,91.08,6.38,0.56,20.576,6.072,0.42533333333333334,201.92079999999999
Ord_2634,Prod_6,SHP_3604,838.81,0.09,16,290.77,6.79,0.37,52.425625,18.173125,0.424375,465.75710000000004
Ord_2686,Prod_5,SHP_3678,217.42,0.09,30,16.97,4.0,0.42,7.247333333333333,0.5656666666666667,0.13333333333333333,176.88219999999998
Ord_2607,Prod_4,SHP_3568,766.9635,0.05,45,-88.25,2.5,0.81,17.043633333333332,-1.961111111111111,0.05555555555555555,814.365325
Ord_2758,Prod_13,SHP_3784,138.45,0.03,45,24.34,0.7,0.58,3.076666666666666,0.5408888888888889,0.015555555555555555,109.25649999999999
Ord_1279,Prod_6,SHP_1765,59.03,0.04,11,-25.21,4.86,0.38,5.366363636363636,-2.291818181818182,0.44181818181818183,77.0188
Ord_5499,Prod_15,SHP_7687,978.4,0.07,38,-211.58,14.36,0.6,25.74736842105263,-5.5678947368421055,0.3778947368421052,1107.132
Ord_3024,Prod_4,SHP_7691,5347.9875,0.01,31,1332.44,4.2,0.59,172.51572580645163,42.98193548387097,0.13548387096774195,3957.8676250000003
Ord_5499,Prod_4,SHP_7688,5126.418,0.03,47,1557.64,2.5,0.6,109.07272340425531,33.141276595744685,0.05319148936170213,3412.485459999999
Ord_3024,Prod_6,SHP_4195,169.48,0.08,40,-134.76,5.68,0.4,4.237,-3.3689999999999998,0.142,285.00159999999994
Ord_3017,Prod_8,SHP_4182,87.11,0.08,12,-43.65,3.52,0.68,7.259166666666666,-3.6374999999999997,0.29333333333333333,120.2712
Ord_3015,Prod_5,SHP_4178,108.85,0.08,11,10.58,6.02,0.48,9.895454545454545,0.9618181818181818,0.5472727272727272,83.542
Ord_3024,Prod_8,SHP_4195,1541.92,0.03,38,-564.06,19.99,0.77,40.57684210526316,-14.843684210526314,0.5260526315789473,2039.7324
Ord_3015,Prod_13,SHP_4179,157.47,0.09,49,8.07,0.98,0.59,3.213673469387755,0.1646938775510204,0.02,134.2477
Ord_1060,Prod_5,SHP_1465,691.09,0.08,9,364.03,19.99,0.43,76.78777777777778,40.44777777777777,2.221111111111111,251.78280000000007
Ord_1060,Prod_13,SHP_1466,713.7,0.02,33,176.09,2.87,0.55,21.62727272727273,5.336060606060606,0.08696969696969697,520.466
Ord_1177,Prod_6,SHP_1623,79.25,0.0,9,-13.25,5.83,0.36,8.805555555555555,-1.4722222222222223,0.6477777777777778,86.67
Ord_2098,Prod_3,SHP_2870,446.04,0.01,39,59.04,5.14,0.36,11.436923076923078,1.5138461538461538,0.1317948717948718,377.3996
Ord_2128,Prod_6,SHP_2904,43.55,0.1,5,-3.64,2.15,0.4,8.709999999999999,-0.728,0.43,40.685
Ord_2487,Prod_7,SHP_3406,76.48,0.09,36,3.23,0.78,0.52,2.1244444444444444,0.08972222222222222,0.021666666666666667,65.5868
Ord_2087,Prod_4,SHP_2856,1497.7595,0.04,50,483.66,1.1,0.55,29.955189999999998,9.673200000000001,0.022000000000000002,953.0891199999999
Ord_2457,Prod_5,SHP_3369,236.28,0.05,50,-34.06,3.05,0.52,4.7256,-0.6812,0.061,255.476
Ord_2457,Prod_5,SHP_3368,43.9,0.06,6,12.74,4.95,0.37,7.316666666666666,2.1233333333333335,0.8250000000000001,23.575999999999993
Ord_2108,Prod_4,SHP_2883,931.1495,0.06,10,-128.83,2.5,0.57,93.11495,-12.883000000000001,0.25,1001.61053
Ord_2445,Prod_5,SHP_3353,929.81,0.09,50,-188.41,11.17,0.6,18.5962,-3.7681999999999998,0.2234,1023.3670999999999
Ord_2087,Prod_16,SHP_5481,75.03,0.02,22,-31.52,1.92,0.84,3.4104545454545456,-1.4327272727272726,0.08727272727272727,103.12939999999999
Ord_2526,Prod_16,SHP_3459,259.25,0.1,46,-64.03,3.6,0.56,5.635869565217392,-1.3919565217391305,0.0782608695652174,293.755
Ord_2389,Prod_16,SHP_3277,230.77,0.09,29,-146.24,7.77,0.55,7.957586206896552,-5.042758620689655,0.2679310344827586,348.47069999999997
Ord_2466,Prod_3,SHP_3378,443.73,0.01,28,-200.86,15.09,0.39,15.8475,-7.173571428571429,0.5389285714285714,625.0627000000001
Ord_2389,Prod_1,SHP_3278,507.58,0.01,31,-131.59,10.68,0.58,16.373548387096772,-4.24483870967742,0.34451612903225803,623.4141999999999
Ord_2417,Prod_13,SHP_3315,777.78,0.01,39,237.75,4.1,0.44,19.943076923076923,6.096153846153846,0.10512820512820512,528.1522
Ord_2387,Prod_5,SHP_3275,1053.74,0.07,33,359.53,7.09,0.49,31.931515151515153,10.894848484848485,0.21484848484848484,613.3582
Ord_2339,Prod_5,SHP_3209,80.6,0.04,14,-4.2,3.96,0.54,5.757142857142857,-0.3,0.28285714285714286,77.616
Ord_2338,Prod_3,SHP_3207,10.58,0.05,3,-11.58,4.77,0.4,3.526666666666667,-3.86,1.5899999999999999,16.861
Ord_2417,Prod_6,SHP_3315,246.79,0.01,36,-90.08,6.6,0.37,6.855277777777777,-2.502222222222222,0.18333333333333332,327.8021
Ord_4618,Prod_3,SHP_6431,44.52,0.03,18,-90.59,6.05,0.37,2.4733333333333336,-5.032777777777778,0.3361111111111111,127.7244
Ord_4618,Prod_1,SHP_6432,58.9,0.03,5,-36.9,9.45,0.6,11.78,-7.38,1.89,84.583
Ord_4618,Prod_4,SHP_6430,602.4205,0.09,13,10.98,1.25,0.55,46.340038461538455,0.8446153846153847,0.09615384615384616,535.9726549999999
Ord_4806,Prod_3,SHP_6698,34.29,0.05,6,-6.82,2.99,0.37,5.715,-1.1366666666666667,0.49833333333333335,36.405499999999996
Ord_1817,Prod_9,SHP_2510,168.95,0.1,18,-15.9,5.76,0.35,9.386111111111111,-0.8833333333333333,0.32,162.195
Ord_1817,Prod_6,SHP_2621,342.27,0.09,8,-17.68,19.99,0.36,42.78375,-2.21,2.49875,309.15569999999997
Ord_1875,Prod_8,SHP_2575,1895.55,0.06,46,807.62,1.99,0.42,41.207608695652176,17.55695652173913,0.043260869565217394,972.207
Ord_1817,Prod_16,SHP_2621,577.95,0.07,39,-86.43,7.42,0.56,14.81923076923077,-2.2161538461538464,0.19025641025641024,616.5035
Ord_4580,Prod_6,SHP_6374,343.94,0.02,50,-157.4,7.37,0.37,6.8788,-3.148,0.1474,487.09119999999996
Ord_4598,Prod_6,SHP_6395,325.33,0.0,41,-41.75,5.83,0.36,7.9348780487804875,-1.0182926829268293,0.14219512195121953,361.25
Ord_2764,Prod_6,SHP_3793,263.37,0.04,36,-5.68,4.23,0.39,7.315833333333334,-0.15777777777777777,0.11750000000000001,254.28520000000003
Ord_2616,Prod_11,SHP_3580,6170.02,0.03,33,-433.29,29.21,0.74,186.97030303030306,-13.13,0.8851515151515151,6388.999400000001
Ord_2620,Prod_5,SHP_3585,3436.9,0.03,36,-398.11,39.61,0.67,95.46944444444445,-11.058611111111112,1.1002777777777777,3692.293
Ord_5246,Prod_6,SHP_7327,167.23,0.05,25,-43.17,5.41,0.37,6.6892,-1.7268000000000001,0.2164,196.62849999999997
Ord_2896,Prod_5,SHP_7240,87.09,0.1,3,-42.73,7.87,0.54,29.03,-14.243333333333332,2.6233333333333335,113.24099999999999
Ord_5218,Prod_13,SHP_7291,95.43,0.06,37,-103.96,4.28,0.44,2.579189189189189,-2.8097297297297295,0.11567567567567569,189.3842
Ord_5236,Prod_13,SHP_7314,148.8,0.04,22,52.08,1.22,0.4,6.763636363636365,2.367272727272727,0.05545454545454545,89.54800000000002
Ord_2896,Prod_6,SHP_7240,196.1,0.07,42,71.65,0.88,0.39,4.669047619047619,1.705952380952381,0.02095238095238095,109.84299999999999
Ord_5236,Prod_12,SHP_7315,19.46,0.01,3,-2.01,0.5,0.39,6.486666666666667,-0.6699999999999999,0.16666666666666666,20.775399999999998
Ord_5236,Prod_2,SHP_7314,1477.63,0.04,35,387.56,4.62,0.56,42.218,11.073142857142857,0.132,1026.3448000000003
Ord_2861,Prod_6,SHP_3937,381.24,0.04,32,67.6,5.01,0.36,11.91375,2.1125,0.1565625,293.3804
Ord_360,Prod_4,SHP_3929,570.5285,0.02,14,3.96,4.99,0.57,40.75203571428572,0.28285714285714286,0.35642857142857143,550.16793
Ord_2856,Prod_15,SHP_3932,1173.5,0.0,8,53.87,24.49,0.57,146.6875,6.73375,3.06125,1095.14
Ord_2887,Prod_1,SHP_3982,4182.52,0.0,42,-785.36,35.0,,99.58380952380953,-18.69904761904762,0.8333333333333334,4932.88
Ord_360,Prod_16,SHP_477,608.21,0.09,50,-175.13,4.59,0.82,12.164200000000001,-3.5025999999999997,0.09179999999999999,724.0110999999999
Ord_481,Prod_9,SHP_647,50.35,0.05,13,-8.24,2.5,0.39,3.873076923076923,-0.6338461538461538,0.19230769230769232,53.572500000000005
Ord_357,Prod_3,SHP_473,170.88,0.01,43,-149.09,5.44,0.36,3.973953488372093,-3.4672093023255814,0.12651162790697676,312.8212
Ord_457,Prod_4,SHP_613,4010.9375,0.0,24,630.7,8.99,0.6,167.12239583333334,26.27916666666667,0.3745833333333333,3371.2475000000004
Ord_439,Prod_8,SHP_586,551.18,0.09,14,-326.97,19.99,0.77,39.37,-23.355,1.4278571428571427,808.5537999999999
Ord_427,Prod_3,SHP_571,2046.81,0.02,29,469.28,19.99,0.4,70.5796551724138,16.18206896551724,0.6893103448275861,1516.6037999999999
Ord_457,Prod_4,SHP_612,3229.66,0.05,31,695.06,3.0,0.59,104.18258064516128,22.421290322580642,0.0967741935483871,2370.1169999999997
Ord_346,Prod_1,SHP_461,1634.98,0.09,12,-120.45,19.99,0.73,136.24833333333333,-10.0375,1.6658333333333333,1588.2918
Ord_439,Prod_3,SHP_586,393.59,0.06,26,-8.08,8.4,0.39,15.138076923076921,-0.3107692307692308,0.3230769230769231,369.65459999999996
Ord_2549,Prod_6,SHP_3489,270.56,0.09,43,-140.48,6.86,0.37,6.292093023255814,-3.266976744186046,0.15953488372093025,379.82959999999997
Ord_2549,Prod_6,SHP_3488,648.58,0.05,35,182.63,5.21,0.37,18.530857142857144,5.218,0.14885714285714285,428.31100000000004
Ord_2368,Prod_5,SHP_3251,502.01,0.04,12,159.73,9.2,0.65,41.83416666666667,13.310833333333333,0.7666666666666666,312.9996
Ord_2411,Prod_11,SHP_3308,4276.096,0.0,24,-505.98,69.0,0.79,178.17066666666665,-21.0825,2.875,4713.075999999999
Ord_2410,Prod_6,SHP_3306,1685.05,0.1,31,518.07,13.88,0.36,54.35645161290322,16.71193548387097,0.447741935483871,984.5949999999999
Ord_2410,Prod_17,SHP_3305,9304.2,0.08,46,1981.17,14.7,0.59,202.26521739130436,43.06891304347826,0.31956521739130433,6563.994000000001
Ord_2442,Prod_15,SHP_3350,261.17,0.03,7,-78.84,19.19,0.58,37.31,-11.262857142857143,2.7414285714285715,312.98490000000004
Ord_2410,Prod_1,SHP_3307,57.48,0.0,3,-28.09,8.34,0.59,19.16,-9.363333333333333,2.78,77.23
Ord_4071,Prod_4,SHP_5677,2245.6915,0.05,42,369.08,8.99,0.55,53.468845238095234,8.787619047619048,0.21404761904761904,1755.336925
Ord_4074,Prod_1,SHP_5680,835.48,0.06,20,-58.13,16.36,0.55,41.774,-2.9065000000000003,0.818,827.1212
Ord_1215,Prod_2,SHP_1678,517.93,0.06,46,-94.73,6.96,0.5,11.259347826086955,-2.0593478260869564,0.15130434782608695,574.6242
Ord_1252,Prod_6,SHP_1731,177.92,0.0,40,-167.92,6.72,0.4,4.4479999999999995,-4.1979999999999995,0.16799999999999998,339.12
Ord_1252,Prod_5,SHP_1730,119.63,0.03,22,-27.39,3.63,0.51,5.4377272727272725,-1.245,0.165,139.80110000000002
Ord_1230,Prod_3,SHP_1699,96.75,0.04,22,-72.91,5.41,0.35,4.3977272727272725,-3.314090909090909,0.2459090909090909,160.38
Ord_1269,Prod_17,SHP_1754,6628.55,0.1,50,1081.65,17.85,0.56,132.571,21.633000000000003,0.35700000000000004,4866.195
Ord_3800,Prod_8,SHP_5269,575.89,0.06,29,-14.04,4.0,0.68,19.858275862068965,-0.4841379310344827,0.13793103448275862,551.3765999999999
Ord_3767,Prod_3,SHP_5226,189.73,0.01,7,43.17,2.99,0.39,27.104285714285712,6.167142857142857,0.42714285714285716,141.67269999999996
Ord_3800,Prod_6,SHP_5270,260.6,0.05,43,-182.71,7.96,0.36,6.060465116279071,-4.249069767441861,0.18511627906976744,422.32000000000005
Ord_3763,Prod_13,SHP_5221,513.5,0.02,19,82.96,5.37,0.56,27.026315789473685,4.366315789473684,0.2826315789473684,414.90000000000003
Ord_3773,Prod_8,SHP_5237,1936.45,0.1,46,307.17,4.0,0.64,42.096739130434784,6.677608695652174,0.08695652173913043,1431.635
Ord_3804,Prod_17,SHP_5276,3361.84,0.08,34,1211.76,14.0,0.37,98.87764705882353,35.64,0.4117647058823529,1867.1328
Ord_3767,Prod_6,SHP_5227,278.8,0.06,40,77.71,2.0,0.39,6.970000000000001,1.9427499999999998,0.05,182.36200000000002
Ord_3789,Prod_8,SHP_5257,89.93,0.03,14,-44.82,3.85,0.68,6.423571428571429,-3.2014285714285715,0.275,128.2021
Ord_3804,Prod_6,SHP_5277,195.82,0.07,29,-91.7,7.07,0.37,6.7524137931034485,-3.1620689655172414,0.24379310344827587,266.7426
Ord_3759,Prod_5,SHP_5217,201.06,0.08,25,-80.86,7.96,0.49,8.0424,-3.2344,0.3184,257.8752
Ord_4674,Prod_5,SHP_6517,85.96,0.08,4,-7.48,8.99,0.46,21.49,-1.87,2.2475,77.5732
Ord_4665,Prod_3,SHP_6501,125.41,0.08,29,-127.01,6.21,0.37,4.3244827586206895,-4.379655172413793,0.21413793103448275,236.17720000000003
Ord_4674,Prod_3,SHP_6516,346.2,0.0,44,-335.69,11.51,0.36,7.868181818181818,-7.629318181818181,0.2615909090909091,670.38
Ord_4666,Prod_8,SHP_6503,378.84,0.05,12,-99.38,4.0,0.75,31.569999999999997,-8.281666666666666,0.3333333333333333,455.27799999999996
Ord_4665,Prod_4,SHP_6502,2488.477,0.08,20,142.55,8.99,0.58,124.42384999999999,7.1275,0.4495,2137.85884
Ord_4829,Prod_10,SHP_6730,2896.99,0.01,27,36.94,35.84,0.62,107.29592592592591,1.3681481481481481,1.3274074074074076,2795.2400999999995
Ord_4665,Prod_1,SHP_6501,3170.52,0.08,49,379.11,6.88,0.73,64.70448979591836,7.736938775510204,0.1404081632653061,2530.8884
Ord_4674,Prod_1,SHP_6518,475.52,0.07,39,-70.43,6.27,0.57,12.192820512820512,-1.805897435897436,0.16076923076923075,506.3936
Ord_1863,Prod_6,SHP_2557,803.04,0.08,15,282.32,6.79,0.37,53.535999999999994,18.82133333333333,0.45266666666666666,449.6868
Ord_2050,Prod_11,SHP_2801,3075.752,0.04,16,-572.69,59.24,0.61,192.2345,-35.793125,3.7025,3466.1719200000002
Ord_2050,Prod_6,SHP_4155,20.47,0.09,6,-0.74,1.09,0.39,3.4116666666666666,-0.12333333333333334,0.18166666666666667,18.277699999999996
Ord_4516,Prod_5,SHP_6286,5583.27,0.04,41,1539.59,24.49,0.59,136.17731707317074,37.550975609756094,0.5973170731707317,3795.859200000001
Ord_4403,Prod_17,SHP_6138,2364.29,0.08,21,-220.05,56.14,0.4,112.5852380952381,-10.47857142857143,2.6733333333333333,2339.0568000000003
Ord_4403,Prod_13,SHP_6139,112.57,0.08,27,13.92,0.94,0.56,4.169259259259259,0.5155555555555555,0.03481481481481481,88.70439999999999
Ord_1417,Prod_15,SHP_1957,1298.81,0.04,50,-250.55,14.36,0.6,25.9762,-5.011,0.2872,1483.0476
Ord_1632,Prod_8,SHP_2252,3922.96,0.04,38,863.57,19.99,0.5,103.2357894736842,22.725526315789477,0.5260526315789473,2882.4816
Ord_2513,Prod_7,SHP_3442,81.76,0.06,25,8.53,1.35,0.4,3.2704000000000004,0.34119999999999995,0.054000000000000006,66.9744
Ord_2380,Prod_7,SHP_3268,3.96,0.1,3,-1.72,0.7,0.38,1.32,-0.5733333333333334,0.2333333333333333,4.584
Ord_3912,Prod_8,SHP_7643,269.14,0.1,8,-160.72,9.02,0.75,33.6425,-20.09,1.1275,393.926
Ord_175,Prod_16,SHP_238,501.31,0.05,40,38.23,3.14,0.6,12.53275,0.9557499999999999,0.0785,434.8745
Ord_236,Prod_5,SHP_328,126.02,0.09,6,66.97,6.67,0.49,21.003333333333334,11.161666666666667,1.1116666666666666,41.0382
Ord_236,Prod_7,SHP_329,68.14,0.0,30,6.37,0.78,0.52,2.271333333333333,0.21233333333333335,0.026000000000000002,60.99
Ord_175,Prod_2,SHP_237,1601.24,0.08,37,520.69,5.1,0.46,43.276756756756754,14.072702702702705,0.13783783783783782,947.3508000000002
Ord_236,Prod_3,SHP_327,615.58,0.04,31,168.0,5.23,0.37,19.85741935483871,5.419354838709677,0.16870967741935486,417.7268
Ord_2391,Prod_2,SHP_3280,580.46,0.03,12,108.96,3.99,0.56,48.37166666666667,9.08,0.3325,450.0962
Ord_3908,Prod_11,SHP_5423,5441.06,0.06,19,-557.2,61.76,0.78,286.37157894736845,-29.326315789473686,3.2505263157894735,5610.0364
Ord_3900,Prod_6,SHP_5411,287.22,0.06,44,-72.93,5.41,0.37,6.527727272727273,-1.6575000000000002,0.12295454545454546,337.5068
Ord_3909,Prod_13,SHP_5424,70.45,0.1,40,-2.31,1.0,0.4,1.76125,-0.05775,0.025,64.715
Ord_3900,Prod_12,SHP_5411,211.4,0.09,18,91.63,0.5,0.38,11.744444444444445,5.0905555555555555,0.027777777777777776,100.244
Ord_3900,Prod_4,SHP_5412,1148.0355,0.08,22,21.98,8.99,0.55,52.183431818181816,0.9990909090909091,0.40863636363636363,1025.22266
Ord_3900,Prod_8,SHP_5410,257.66,0.05,41,-69.23,2.74,0.71,6.28439024390244,-1.6885365853658538,0.06682926829268293,311.267
Ord_3912,Prod_6,SHP_5429,245.82,0.08,40,86.44,1.34,0.36,6.1455,2.161,0.0335,138.37439999999998
Ord_4685,Prod_3,SHP_6538,44.25,0.07,7,-14.36,5.41,0.35,6.321428571428571,-2.051428571428571,0.7728571428571429,50.102500000000006
Ord_4668,Prod_4,SHP_6507,886.363,0.08,50,450.02,0.99,0.37,17.72726,9.000399999999999,0.019799999999999998,364.44396000000006
Ord_4828,Prod_5,SHP_6729,69.26,0.07,38,-113.86,4.08,0.53,1.8226315789473686,-2.9963157894736843,0.10736842105263159,174.1918
Ord_4668,Prod_3,SHP_6507,59.08,0.1,22,-2.61,1.49,0.36,2.6854545454545455,-0.11863636363636364,0.06772727272727273,54.291999999999994
Ord_4745,Prod_13,SHP_6617,71.22,0.04,18,20.43,0.7,0.44,3.9566666666666666,1.135,0.03888888888888889,47.2412
Ord_4681,Prod_6,SHP_6530,45.31,0.07,11,-10.64,2.97,0.35,4.119090909090909,-0.9672727272727273,0.27,49.8083
Ord_4411,Prod_4,SHP_6148,599.2075,0.1,8,-268.66,4.9,0.56,74.9009375,-33.5825,0.6125,803.04675
Ord_4411,Prod_1,SHP_6147,3644.24,0.0,33,-457.73,35.0,0.82,110.43151515151514,-13.870606060606061,1.0606060606060606,4066.97
Ord_4575,Prod_6,SHP_6366,231.65,0.0,37,-241.28,10.39,0.4,6.260810810810811,-6.521081081081081,0.28081081081081083,462.53999999999996
Ord_5497,Prod_3,SHP_7683,163.54,0.03,36,-95.06,5.04,0.38,4.542777777777777,-2.6405555555555558,0.14,248.6538
Ord_2851,Prod_11,SHP_7685,4644.87,0.08,48,-1291.39,60.0,0.59,96.768125,-26.903958333333335,1.25,5504.6704
Ord_5497,Prod_8,SHP_7684,2390.54,0.08,31,756.1,5.5,0.44,77.11419354838709,24.39032258064516,0.1774193548387097,1437.6968000000002
Ord_2920,Prod_15,SHP_4032,1004.89,0.0,10,-189.02,42.0,0.66,100.489,-18.902,4.2,1151.91
Ord_2851,Prod_8,SHP_3924,627.69,0.0,15,-12.02,4.0,0.7,41.846000000000004,-0.8013333333333333,0.26666666666666666,635.71
Ord_2920,Prod_5,SHP_4033,329.06,0.08,47,-175.15,7.98,0.42,7.001276595744681,-3.7265957446808513,0.1697872340425532,469.90520000000004
Ord_2898,Prod_1,SHP_3999,180.36,0.1,32,-111.8,4.69,0.68,5.63625,-3.49375,0.1465625,269.434
Ord_2880,Prod_6,SHP_3973,491.85,0.1,28,4.54,9.03,0.37,17.56607142857143,0.16214285714285714,0.32249999999999995,429.095
Ord_2880,Prod_8,SHP_3972,278.66,0.05,10,-77.36,4.0,0.75,27.866000000000003,-7.736,0.4,338.08700000000005
Ord_1355,Prod_13,SHP_1864,1968.47,0.04,47,327.9,8.99,0.59,41.882340425531915,6.976595744680851,0.19127659574468087,1552.8411999999998
Ord_1360,Prod_12,SHP_1872,102.06,0.1,18,36.23,0.5,0.39,5.67,2.0127777777777776,0.027777777777777776,55.124
Ord_1360,Prod_6,SHP_1872,101.82,0.08,15,-52.55,7.03,0.37,6.787999999999999,-3.503333333333333,0.4686666666666667,139.19439999999997
Ord_1606,Prod_8,SHP_2219,4483.92,0.07,31,174.61,6.5,0.74,144.6425806451613,5.6325806451612905,0.20967741935483872,3988.9356000000002
Ord_3523,Prod_6,SHP_4876,170.4,0.02,25,-153.75,10.05,0.37,6.816,-6.15,0.402,310.692
Ord_3371,Prod_5,SHP_4672,3531.75,0.0,38,572.26,20.79,0.59,92.9407894736842,15.059473684210525,0.5471052631578948,2938.7
Ord_4455,Prod_5,SHP_6207,282.61,0.02,42,-106.36,5.22,0.6,6.728809523809524,-2.532380952380952,0.12428571428571428,378.0978
Ord_4387,Prod_2,SHP_6117,188.23,0.05,42,-145.1,5.15,0.59,4.4816666666666665,-3.4547619047619045,0.12261904761904763,318.7685
Ord_4387,Prod_13,SHP_6117,541.95,0.06,28,143.04,4.1,0.44,19.355357142857144,5.1085714285714285,0.1464285714285714,362.293
Ord_4698,Prod_6,SHP_6554,31.36,0.1,9,-8.28,2.2,0.39,3.4844444444444442,-0.9199999999999999,0.24444444444444446,34.304
Ord_4782,Prod_13,SHP_6666,913.99,0.08,43,-57.75,8.99,0.59,21.255581395348838,-1.3430232558139534,0.20906976744186048,889.6308
Ord_4753,Prod_12,SHP_6626,106.2,0.0,21,48.76,0.5,0.36,5.057142857142857,2.321904761904762,0.023809523809523808,56.940000000000005
Ord_4740,Prod_10,SHP_6612,2277.67,0.0,15,-173.96,36.09,0.77,151.84466666666668,-11.597333333333333,2.406,2415.54
Ord_4456,Prod_4,SHP_6208,808.673,0.06,11,-10.67,0.99,0.55,73.51572727272728,-0.97,0.09,769.8326199999999
Ord_4518,Prod_10,SHP_6288,5817.88,0.01,37,-567.14,66.27,0.65,157.24,-15.328108108108108,1.7910810810810809,6260.5712
Ord_3326,Prod_4,SHP_4616,2601.7905,0.02,45,748.2,5.26,0.56,57.81756666666667,16.62666666666667,0.11688888888888889,1796.29469
Ord_3375,Prod_2,SHP_4678,85.36,0.09,8,-23.82,4.5,0.59,10.67,-2.9775,0.5625,96.9976
Ord_3240,Prod_6,SHP_4493,1425.06,0.1,32,597.31,5.09,0.37,44.533125,18.6659375,0.1590625,680.154
Ord_3420,Prod_3,SHP_4740,876.59,0.05,46,233.6,5.23,0.37,19.05630434782609,5.078260869565217,0.11369565217391306,593.9304999999999
Ord_3420,Prod_11,SHP_4741,5000.87,0.04,41,-593.23,51.94,0.63,121.97243902439024,-14.469024390243902,1.266829268292683,5342.1252
Ord_4152,Prod_4,SHP_5787,1434.086,0.1,16,-26.25,8.99,0.57,89.630375,-1.640625,0.561875,1307.9374
Ord_4164,Prod_1,SHP_5802,6448.69,0.0,45,1663.35,19.99,0.56,143.30422222222222,36.96333333333333,0.4442222222222222,4765.35
Ord_4164,Prod_8,SHP_5801,1396.58,0.03,38,600.72,1.99,0.43,36.752105263157894,15.80842105263158,0.05236842105263158,751.9725999999998
Ord_4227,Prod_4,SHP_5900,2784.8295,0.01,48,788.29,4.2,0.59,58.017281249999996,16.422708333333333,0.08750000000000001,1964.4912050000003
Ord_4199,Prod_1,SHP_5854,3194.05,0.08,23,608.52,19.99,0.56,138.8717391304348,26.457391304347826,0.8691304347826087,2310.0160000000005
Ord_4219,Prod_6,SHP_5889,170.46,0.1,34,-104.35,5.66,0.4,5.013529411764706,-3.0691176470588233,0.16647058823529412,252.104
Ord_4219,Prod_6,SHP_5888,30.89,0.06,4,-19.55,7.64,0.36,7.7225,-4.8875,1.91,40.946600000000004
Ord_4191,Prod_12,SHP_5842,112.35,0.1,28,31.27,0.99,0.39,4.0125,1.1167857142857143,0.03535714285714286,68.855
Ord_4206,Prod_5,SHP_5863,580.96,0.08,45,-33.47,6.85,0.54,12.910222222222224,-0.7437777777777778,0.1522222222222222,561.1032
Ord_4176,Prod_8,SHP_5821,4648.64,0.04,41,1777.67,1.99,0.49,113.38146341463415,43.35780487804878,0.04853658536585366,2683.0344000000005
Ord_4214,Prod_6,SHP_5877,2494.92,0.08,45,816.72,14.3,0.37,55.44266666666667,18.149333333333335,0.31777777777777777,1464.3063999999997
Ord_4229,Prod_9,SHP_5902,592.54,0.07,38,282.11,1.39,0.38,15.59315789473684,7.423947368421053,0.03657894736842105,267.56219999999996
Ord_5407,Prod_9,SHP_7550,455.08,0.04,5,27.8,19.99,0.38,91.01599999999999,5.5600000000000005,3.9979999999999998,389.0868
Ord_5365,Prod_6,SHP_7494,30.95,0.1,4,-16.48,6.22,0.37,7.7375,-4.12,1.555,38.115
Ord_5365,Prod_4,SHP_7494,1449.301,0.06,48,432.38,1.25,0.57,30.193770833333332,9.007916666666667,0.026041666666666668,928.71294
Ord_5363,Prod_6,SHP_7492,1141.37,0.04,32,-0.14,19.99,0.38,35.6678125,-0.004375,0.6246875,1075.8652
Ord_637,Prod_8,SHP_870,939.77,0.0,42,9.72,4.0,0.77,22.37547619047619,0.23142857142857146,0.09523809523809523,926.05
Ord_653,Prod_15,SHP_893,10278.79,0.04,35,1512.07,64.73,0.56,293.6797142857143,43.202,1.8494285714285716,8290.838400000002
Ord_653,Prod_3,SHP_892,83.02,0.08,22,9.24,1.49,0.38,3.7736363636363635,0.42,0.06772727272727273,65.64840000000001
Ord_3020,Prod_13,SHP_4187,1408.34,0.06,41,176.63,8.99,0.56,34.34975609756097,4.3080487804878045,0.21926829268292683,1138.2196
Ord_3020,Prod_5,SHP_4186,97.65,0.04,20,-90.07,6.92,0.49,4.8825,-4.5035,0.346,176.894
Ord_637,Prod_17,SHP_4189,2151.08,0.03,14,179.05,17.85,0.56,153.64857142857142,12.789285714285715,1.2750000000000001,1889.6476
Ord_637,Prod_8,SHP_4188,107.92,0.04,9,-57.65,6.5,0.64,11.991111111111111,-6.405555555555555,0.7222222222222222,154.7532
Ord_2743,Prod_4,SHP_3762,2192.439,0.06,39,517.82,3.99,0.59,56.21638461538461,13.277435897435899,0.10230769230769231,1539.08266
Ord_2737,Prod_5,SHP_3755,2259.66,0.03,47,554.77,10.25,0.57,48.07787234042553,11.803617021276596,0.21808510638297873,1626.8501999999999
Ord_2793,Prod_3,SHP_3841,197.49,0.08,32,-52.84,5.01,0.39,6.1715625,-1.65125,0.1565625,229.5208
Ord_2580,Prod_5,SHP_3535,605.97,0.07,46,-22.72,6.85,0.54,13.173260869565217,-0.49391304347826087,0.14891304347826087,579.4221
Ord_2625,Prod_1,SHP_3592,4890.58,0.05,35,310.51,19.99,0.73,139.73085714285713,8.871714285714285,0.5711428571428571,4315.5509999999995
Ord_2702,Prod_5,SHP_3699,98.55,0.07,7,23.16,8.78,0.43,14.078571428571427,3.3085714285714287,1.2542857142857142,59.7115
Ord_2702,Prod_8,SHP_3698,1196.2,0.03,37,-73.77,6.5,0.79,32.32972972972973,-1.9937837837837837,0.17567567567567569,1227.584
Ord_2737,Prod_9,SHP_3755,1400.91,0.09,49,-163.53,19.51,0.36,28.590000000000003,-3.3373469387755104,0.3981632653061225,1418.8481000000002
Ord_2793,Prod_2,SHP_3840,49.86,0.09,4,-21.77,4.98,0.58,12.465,-5.4425,1.245,62.1626
Ord_2670,Prod_4,SHP_3656,4725.0905,0.01,47,1578.7,2.5,0.57,100.53384042553192,33.58936170212766,0.05319148936170213,3096.6395950000006
Ord_2783,Prod_2,SHP_3824,1614.84,0.02,26,-716.55,49.0,0.59,62.10923076923076,-27.559615384615384,1.8846153846153846,2250.0932
Ord_2670,Prod_7,SHP_3657,286.76,0.09,50,77.2,1.82,0.35,5.7352,1.544,0.0364,181.9316
Ord_2674,Prod_6,SHP_3662,15.81,0.06,2,-9.88,6.07,0.36,7.905,-4.94,3.035,18.6714
Ord_1373,Prod_8,SHP_1891,971.82,0.07,22,326.39,1.99,0.44,44.17363636363637,14.835909090909091,0.09045454545454545,575.4126
Ord_1380,Prod_5,SHP_1901,158.78,0.04,24,-38.38,5.41,0.53,6.615833333333334,-1.5991666666666668,0.22541666666666668,185.3988
Ord_1543,Prod_6,SHP_2134,125.01,0.08,26,-56.35,4.7,0.38,4.808076923076923,-2.167307692307692,0.18076923076923077,166.6592
Ord_1662,Prod_4,SHP_2295,833.9265,0.08,16,-39.22,3.99,0.59,52.12040625,-2.45125,0.249375,802.4423800000001
Ord_1662,Prod_1,SHP_2295,479.84,0.02,34,5.71,5.5,0.57,14.112941176470587,0.16794117647058823,0.16176470588235295,459.0332
Ord_1662,Prod_8,SHP_2296,736.17,0.01,21,232.99,1.99,0.43,35.05571428571428,11.094761904761905,0.09476190476190476,493.8282999999999
Ord_1679,Prod_5,SHP_2323,562.91,0.1,46,-560.29,14.37,0.73,12.237173913043478,-12.180217391304348,0.3123913043478261,1052.539
Ord_1679,Prod_2,SHP_2322,505.2,0.05,12,78.98,5.33,0.57,42.1,6.581666666666667,0.44416666666666665,395.63
Ord_1380,Prod_4,SHP_1901,3296.062,0.06,46,591.91,10.78,0.58,71.65352173913043,12.867608695652173,0.2343478260869565,2495.60828
Ord_1662,Prod_8,SHP_2296,182.64,0.08,6,-99.24,6.5,0.64,30.439999999999998,-16.54,1.0833333333333333,260.7688
Ord_81,Prod_5,SHP_107,74.3,0.08,34,-129.01,5.33,0.43,2.1852941176470586,-3.794411764705882,0.15676470588235294,192.036
Ord_304,Prod_5,SHP_409,5735.79,0.08,44,828.27,24.49,0.59,130.35886363636362,18.82431818181818,0.556590909090909,4424.166800000001
Ord_84,Prod_6,SHP_113,95.3,0.0,20,29.68,1.22,0.36,4.765,1.484,0.061,64.4
Ord_168,Prod_4,SHP_228,2631.107,0.0,16,297.11,13.99,0.57,164.4441875,18.569375,0.874375,2320.007
Ord_84,Prod_15,SHP_112,5297.47,0.02,19,-158.93,50.0,0.77,278.8142105263158,-8.364736842105264,2.6315789473684212,5300.4506
Ord_14,Prod_4,SHP_19,2480.9205,0.01,18,313.58,8.99,0.58,137.8289166666667,17.42111111111111,0.49944444444444447,2133.5412950000004
Ord_14,Prod_4,SHP_18,834.904,0.06,15,-11.68,5.26,0.59,55.660266666666665,-0.7786666666666666,0.3506666666666666,791.2297599999999
Ord_496,Prod_6,SHP_668,223.59,0.04,34,-66.05,5.74,0.37,6.576176470588235,-1.9426470588235294,0.1688235294117647,274.9564
Ord_479,Prod_1,SHP_645,1132.54,0.0,22,-628.38,35.0,0.83,51.47909090909091,-28.562727272727273,1.5909090909090908,1725.92
Ord_2908,Prod_4,SHP_4011,3077.731,0.05,31,745.48,5.26,0.57,99.28164516129033,24.04774193548387,0.1696774193548387,2173.10445
Ord_2921,Prod_1,SHP_4034,4387.24,0.09,47,-286.47,19.99,0.79,93.34553191489361,-6.095106382978724,0.4253191489361702,4258.8684
Ord_2876,Prod_6,SHP_3962,155.78,0.04,44,-10.0,2.2,0.39,3.5404545454545455,-0.22727272727272727,0.05,157.3488
Ord_438,Prod_6,SHP_4035,260.31,0.05,41,-175.26,7.91,0.37,6.349024390243902,-4.274634146341463,0.1929268292682927,414.6445
Ord_451,Prod_13,SHP_604,136.42,0.09,24,-8.38,2.27,0.56,5.684166666666666,-0.3491666666666667,0.09458333333333334,130.2522
Ord_451,Prod_5,SHP_603,325.75,0.1,38,-124.25,8.54,0.43,8.572368421052632,-3.2697368421052633,0.22473684210526312,408.885
Ord_438,Prod_9,SHP_585,101.34,0.06,18,26.11,1.39,0.38,5.63,1.4505555555555556,0.07722222222222222,67.7596
Ord_608,Prod_16,SHP_832,136.41,0.0,18,-99.34,8.37,0.58,7.578333333333333,-5.518888888888889,0.46499999999999997,227.38
Ord_4162,Prod_9,SHP_5799,512.97,0.01,30,261.29,1.39,0.38,17.099,8.709666666666667,0.04633333333333333,245.1603
Ord_608,Prod_6,SHP_5760,1312.65,0.07,42,488.31,5.76,0.4,31.25357142857143,11.626428571428571,0.13714285714285715,726.6945000000001
Ord_3195,Prod_3,SHP_4431,505.08,0.01,33,-56.91,10.13,0.38,15.305454545454545,-1.7245454545454544,0.306969696969697,546.8092
Ord_3168,Prod_9,SHP_4396,1041.78,0.1,47,283.79,6.71,0.35,22.165531914893617,6.0380851063829795,0.1427659574468085,647.1019999999999
Ord_3123,Prod_8,SHP_4334,646.07,0.06,22,237.75,1.99,0.4,29.366818181818186,10.806818181818182,0.09045454545454545,367.5658000000001
Ord_3168,Prod_3,SHP_4395,225.06,0.05,41,7.3,2.99,0.38,5.489268292682927,0.17804878048780487,0.07292682926829269,203.517
Ord_3175,Prod_3,SHP_4406,283.8,0.04,33,47.52,2.99,0.39,8.6,1.4400000000000002,0.0906060606060606,221.93800000000002
Ord_3189,Prod_1,SHP_4424,503.75,0.0,35,16.46,5.5,0.57,14.392857142857142,0.4702857142857143,0.15714285714285714,481.79
Ord_3119,Prod_6,SHP_4330,283.65,0.02,38,-29.21,5.41,0.37,7.4644736842105255,-0.7686842105263159,0.1423684210526316,301.77699999999993
Ord_2838,Prod_3,SHP_3902,193.63,0.05,47,-152.52,5.26,0.38,4.119787234042553,-3.2451063829787237,0.11191489361702127,331.2085
Ord_2838,Prod_6,SHP_3903,64.29,0.01,9,-18.85,5.4,0.37,7.143333333333334,-2.0944444444444446,0.6000000000000001,77.09710000000001
Ord_2901,Prod_11,SHP_4002,5503.39,0.08,25,-528.65,69.64,0.77,220.1356,-21.146,2.7856,5522.1287999999995
Ord_3757,Prod_3,SHP_5214,536.25,0.06,34,-166.75,13.18,0.37,15.772058823529411,-4.904411764705882,0.3876470588235294,657.645
Ord_3790,Prod_4,SHP_5258,340.952,0.09,20,108.94,0.99,0.37,17.0476,5.447,0.0495,200.33632
Ord_3772,Prod_4,SHP_5236,6072.1875,0.09,37,1372.09,2.5,0.59,164.11317567567568,37.08351351351351,0.06756756756756757,4151.100625
Ord_3757,Prod_6,SHP_5215,5.73,0.01,1,-1.84,0.8,0.36,5.73,-1.84,0.8,6.712700000000001
Ord_3778,Prod_3,SHP_5244,267.58,0.03,17,-137.75,15.09,0.39,15.739999999999998,-8.102941176470589,0.8876470588235295,382.21259999999995
Ord_3786,Prod_6,SHP_5254,49.76,0.05,11,-0.13,2.26,0.36,4.5236363636363635,-0.011818181818181818,0.20545454545454545,45.142
Ord_3786,Prod_2,SHP_5253,196.22,0.05,13,-89.35,13.32,0.43,15.093846153846155,-6.873076923076923,1.0246153846153847,262.43899999999996
Ord_1031,Prod_9,SHP_1424,335.35,0.05,39,-134.97,8.29,0.38,8.59871794871795,-3.460769230769231,0.21256410256410255,445.26250000000005
Ord_1171,Prod_1,SHP_1616,150.33,0.08,15,-98.23,9.45,0.6,10.022,-6.548666666666667,0.63,227.08360000000005
Ord_1031,Prod_6,SHP_1424,148.31,0.03,20,37.33,2.17,0.38,7.4155,1.8664999999999998,0.1085,104.36070000000002
Ord_1170,Prod_5,SHP_1615,231.27,0.03,11,89.29,6.67,0.49,21.024545454545457,8.117272727272727,0.6063636363636363,128.37190000000004
Ord_967,Prod_12,SHP_1337,64.46,0.01,13,25.16,0.5,0.36,4.958461538461538,1.9353846153846155,0.038461538461538464,38.1554
Ord_955,Prod_6,SHP_1323,938.86,0.05,29,22.21,17.08,0.4,32.37448275862069,0.7658620689655172,0.5889655172413792,852.627
Ord_955,Prod_5,SHP_1323,191.55,0.08,26,7.17,3.68,0.52,7.367307692307692,0.27576923076923077,0.14153846153846156,165.376
Ord_889,Prod_6,SHP_1223,978.77,0.06,25,220.91,13.26,0.36,39.1508,8.8364,0.5304,685.8738000000001
Ord_910,Prod_6,SHP_1254,2116.62,0.06,37,745.45,13.88,0.36,57.20594594594594,20.1472972972973,0.37513513513513513,1230.2927999999997
Ord_967,Prod_3,SHP_4026,162.51,0.09,41,-148.4,5.34,0.38,3.9636585365853656,-3.6195121951219513,0.1302439024390244,290.9441
Ord_2922,Prod_3,SHP_4038,121.74,0.01,8,21.0,2.99,0.39,15.2175,2.625,0.37375,96.5326
Ord_2824,Prod_5,SHP_3886,2239.52,0.04,24,330.5,18.13,0.56,93.31333333333333,13.770833333333334,0.7554166666666666,1801.3091999999997
Ord_2939,Prod_1,SHP_4058,3842.99,0.04,39,-67.68,19.99,0.79,98.53820512820512,-1.7353846153846155,0.5125641025641026,3736.9604
Ord_2811,Prod_9,SHP_3870,177.52,0.05,32,52.61,1.39,0.38,5.5475,1.6440625,0.0434375,114.64400000000002
Ord_3608,Prod_8,SHP_4994,587.88,0.0,16,135.37,1.99,0.43,36.7425,8.460625,0.124375,450.52
Ord_3619,Prod_5,SHP_5011,364.23,0.01,47,41.58,4.0,0.42,7.749574468085107,0.8846808510638298,0.0851063829787234,315.00770000000006
Ord_3566,Prod_6,SHP_4936,114.01,0.08,17,6.99,3.1,0.36,6.706470588235295,0.4111764705882353,0.1823529411764706,94.79920000000001
Ord_3529,Prod_15,SHP_4889,3841.72,0.03,15,691.13,43.32,0.55,256.11466666666666,46.07533333333333,2.888,2992.0183999999995
Ord_3566,Prod_6,SHP_4937,30.37,0.01,3,-1.74,5.49,0.38,10.123333333333333,-0.58,1.83,26.316300000000002
Ord_3544,Prod_5,SHP_4907,82.42,0.07,11,18.53,4.0,0.42,7.492727272727273,1.6845454545454546,0.36363636363636365,54.120599999999996
Ord_3594,Prod_6,SHP_4976,178.44,0.03,19,50.13,2.15,0.4,9.391578947368421,2.6384210526315792,0.1131578947368421,120.80680000000001
Ord_3624,Prod_17,SHP_5018,801.45,0.01,31,227.59,6.3,0.38,25.853225806451615,7.341612903225807,0.2032258064516129,559.5455000000001
Ord_3568,Prod_13,SHP_4940,595.4,0.03,49,-148.85,7.95,0.58,12.151020408163264,-3.037755102040816,0.16224489795918368,718.438
Ord_3566,Prod_5,SHP_4936,1038.99,0.0,48,-180.45,14.87,0.57,21.645625,-3.759375,0.30979166666666663,1204.5700000000002
Ord_3568,Prod_2,SHP_4939,1351.76,0.03,13,107.31,18.93,0.58,103.98153846153846,8.254615384615384,1.4561538461538461,1184.9672
Ord_3619,Prod_15,SHP_5010,436.3,0.08,9,-50.31,14.19,0.56,48.47777777777778,-5.59,1.5766666666666667,437.516
Ord_834,Prod_16,SHP_1142,5.06,0.01,1,-2.64,1.92,0.84,5.06,-2.64,1.92,5.7294
Ord_871,Prod_6,SHP_1198,1669.88,0.02,29,548.92,14.3,0.37,57.582068965517244,18.928275862068965,0.4931034482758621,1073.2624
Ord_2606,Prod_13,SHP_3567,89.77,0.03,41,9.92,1.0,0.38,2.189512195121951,0.24195121951219511,0.024390243902439025,76.1569
Ord_3835,Prod_9,SHP_5318,310.44,0.03,33,-90.21,8.29,0.38,9.407272727272726,-2.7336363636363634,0.25121212121212116,383.04679999999996
Ord_3842,Prod_16,SHP_5328,156.82,0.03,27,-37.62,3.6,0.56,5.808148148148148,-1.3933333333333333,0.13333333333333333,186.1354
Ord_3187,Prod_2,SHP_4422,309.17,0.09,42,-283.31,9.23,0.58,7.361190476190477,-6.74547619047619,0.21976190476190477,555.4247
Ord_3178,Prod_1,SHP_4410,261.85,0.03,14,-52.33,9.47,0.59,18.70357142857143,-3.7378571428571425,0.6764285714285715,296.85450000000003
Ord_3163,Prod_1,SHP_4390,540.33,0.04,43,-59.06,6.27,0.57,12.565813953488373,-1.3734883720930233,0.1458139534883721,571.5068000000001
Ord_3187,Prod_1,SHP_4422,412.86,0.07,29,-104.43,4.53,0.81,14.236551724137932,-3.601034482758621,0.15620689655172415,483.85980000000006
Ord_3139,Prod_11,SHP_4356,2557.51,0.01,19,-168.48,51.94,0.63,134.6057894736842,-8.867368421052632,2.7336842105263157,2648.4749
Ord_3166,Prod_3,SHP_4393,153.01,0.04,42,-218.53,6.83,0.38,3.643095238095238,-5.203095238095238,0.1626190476190476,358.5896
Ord_3065,Prod_4,SHP_4257,1745.118,0.03,21,307.25,4.9,0.56,83.10085714285714,14.630952380952381,0.23333333333333334,1380.6144599999998
Ord_3178,Prod_6,SHP_4409,320.93,0.05,46,-66.48,5.66,0.37,6.976739130434782,-1.445217391304348,0.12304347826086957,365.7035
Ord_3065,Prod_10,SHP_4360,4371.92,0.03,28,-533.44,66.27,0.65,156.14000000000001,-19.051428571428573,2.3667857142857143,4707.9324
Ord_3139,Prod_3,SHP_4354,174.9,0.06,44,-150.9,5.47,0.37,3.975,-3.4295454545454547,0.12431818181818181,309.836
Ord_3173,Prod_8,SHP_4404,2188.06,0.1,46,33.77,19.99,0.45,47.56652173913044,0.7341304347826088,0.4345652173913043,1915.494
Ord_3061,Prod_4,SHP_4252,5610.612,0.01,49,2040.87,2.5,0.58,114.50228571428572,41.650408163265304,0.05102040816326531,3511.13588
Ord_3139,Prod_5,SHP_4355,103.8,0.1,48,-150.53,4.57,0.41,2.1625,-3.136041666666667,0.09520833333333334,239.38
Ord_3065,Prod_8,SHP_4257,1207.4,0.03,44,-25.23,5.89,0.75,27.44090909090909,-0.5734090909090909,0.13386363636363635,1190.518
Ord_3063,Prod_8,SHP_4254,528.54,0.06,33,168.54,1.99,0.42,16.016363636363636,5.107272727272727,0.0603030303030303,326.2976
Ord_3061,Prod_5,SHP_4252,426.64,0.09,37,96.95,2.85,0.55,11.530810810810811,2.6202702702702703,0.07702702702702703,288.44239999999996
Ord_3065,Prod_2,SHP_4256,290.46,0.1,25,-31.55,4.98,0.58,11.6184,-1.262,0.19920000000000002,287.984
Ord_2679,Prod_13,SHP_3668,13.04,0.06,1,-6.62,2.89,0.6,13.04,-6.62,2.89,15.9876
Ord_2814,Prod_1,SHP_3874,1613.84,0.09,47,226.76,8.22,0.57,34.33702127659574,4.82468085106383,0.17489361702127662,1233.6144
Ord_2584,Prod_4,SHP_3539,755.6075,0.05,26,149.17,1.1,0.55,29.06182692307692,5.7373076923076916,0.04230769230769231,567.5571249999999
Ord_2823,Prod_6,SHP_3885,1256.29,0.04,23,517.03,6.79,0.37,54.62130434782608,22.479565217391304,0.2952173913043478,682.2184
Ord_2609,Prod_2,SHP_3570,3725.53,0.0,46,748.67,19.95,0.54,80.98978260869566,16.275434782608695,0.43369565217391304,2956.9100000000003
Ord_2708,Prod_5,SHP_3708,512.78,0.08,43,16.14,6.02,0.43,11.925116279069767,0.37534883720930234,0.13999999999999999,449.5976
Ord_2712,Prod_6,SHP_3715,365.64,0.03,19,22.77,9.03,0.37,19.24421052631579,1.1984210526315788,0.47526315789473683,322.87080000000003
Ord_2776,Prod_1,SHP_3812,358.78,0.1,25,-76.9,7.69,0.57,14.351199999999999,-3.076,0.30760000000000004,392.11199999999997
Ord_2792,Prod_4,SHP_3839,1824.848,0.0,30,364.23,8.8,0.58,60.828266666666664,12.141,0.29333333333333333,1451.818
Ord_2788,Prod_4,SHP_3832,4769.0695,0.03,26,1138.58,5.99,0.59,183.42575,43.79153846153846,0.23038461538461538,3481.427415
Ord_2662,Prod_11,SHP_3647,6170.912,0.04,35,-528.65,69.64,0.77,176.31177142857143,-15.104285714285714,1.9897142857142858,6383.08552
Ord_2769,Prod_4,SHP_3801,1875.4145,0.05,50,507.33,2.5,0.56,37.50829,10.1466,0.05,1271.813775
Ord_2712,Prod_8,SHP_3714,561.92,0.1,22,57.82,1.99,0.51,25.54181818181818,2.6281818181818184,0.09045454545454545,445.91799999999995
Ord_2662,Prod_6,SHP_3646,90.93,0.02,17,14.19,2.04,0.36,5.348823529411765,0.8347058823529412,0.12,72.8814
Ord_2776,Prod_6,SHP_3811,520.68,0.09,24,-143.66,16.87,0.39,21.694999999999997,-5.985833333333333,0.7029166666666667,600.6088
Ord_4979,Prod_10,SHP_6949,769.17,0.0,12,-212.01,36.61,0.61,64.0975,-17.6675,3.0508333333333333,944.5699999999999
Ord_4982,Prod_4,SHP_6954,2939.6825,0.02,38,192.06,0.99,0.85,77.36006578947368,5.0542105263157895,0.02605263157894737,2687.83885
Ord_5123,Prod_9,SHP_7159,634.38,0.09,43,272.4,1.39,0.4,14.753023255813954,6.334883720930232,0.032325581395348836,303.49580000000003
Ord_5132,Prod_3,SHP_7171,18.97,0.05,3,-7.79,2.99,0.38,6.323333333333333,-2.5966666666666667,0.9966666666666667,22.8215
Ord_4982,Prod_8,SHP_6953,3413.69,0.06,47,175.24,14.52,0.65,72.63170212765958,3.7285106382978723,0.3089361702127659,3019.1086000000005
Ord_5123,Prod_6,SHP_7161,50.47,0.08,7,-31.7,7.49,0.37,7.21,-4.5285714285714285,1.07,70.6424
Ord_5132,Prod_1,SHP_7171,744.64,0.0,47,31.93,5.41,0.59,15.843404255319149,0.6793617021276596,0.1151063829787234,707.3000000000001
Ord_4989,Prod_9,SHP_6965,2048.78,0.05,24,994.68,5.01,0.38,85.36583333333334,41.445,0.20875,946.6510000000002
Ord_5005,Prod_4,SHP_6985,654.874,0.1,12,-82.06,3.99,0.59,54.572833333333335,-6.838333333333334,0.3325,667.4566
Ord_2574,Prod_6,SHP_3528,235.98,0.02,7,-32.28,17.08,0.4,33.71142857142857,-4.611428571428571,2.44,246.46040000000002
Ord_2572,Prod_13,SHP_3524,62.88,0.09,3,-25.96,2.87,0.55,20.96,-8.653333333333334,0.9566666666666667,80.3108
Ord_2345,Prod_4,SHP_3219,7308.283,0.05,43,1680.23,8.99,0.6,169.96006976744187,39.07511627906977,0.20906976744186048,5253.648850000001
Ord_2345,Prod_2,SHP_3218,1184.45,0.02,19,-552.1,49.0,0.59,62.33947368421053,-29.057894736842105,2.5789473684210527,1663.8609999999999
Ord_2358,Prod_3,SHP_3239,149.25,0.08,10,-26.81,8.4,0.39,14.925,-2.681,0.8400000000000001,155.72
Ord_3886,Prod_1,SHP_5388,138.88,0.05,12,-23.99,5.03,0.59,11.573333333333332,-1.9991666666666665,0.4191666666666667,150.89600000000002
Ord_3807,Prod_5,SHP_5280,1186.06,0.09,42,511.69,3.92,0.44,28.23952380952381,12.183095238095238,0.09333333333333334,563.7045999999998
Ord_3817,Prod_8,SHP_5293,92.14,0.01,11,-40.25,2.83,0.77,8.376363636363637,-3.659090909090909,0.25727272727272726,128.6386
Ord_3886,Prod_15,SHP_5386,8213.37,0.02,27,1148.88,69.55,0.6,304.1988888888889,42.55111111111111,2.575925925925926,6830.672600000001
Ord_3829,Prod_3,SHP_5309,31.95,0.1,3,-23.69,8.94,0.4,10.65,-7.896666666666667,2.98,43.504999999999995
Ord_3823,Prod_1,SHP_5301,303.69,0.05,20,-50.84,7.69,0.57,15.1845,-2.5420000000000003,0.3845,331.65549999999996
Ord_3807,Prod_13,SHP_5281,51.53,0.03,28,0.35,0.7,0.6,1.8403571428571428,0.012499999999999999,0.024999999999999998,48.934099999999994
Ord_3891,Prod_11,SHP_5396,4025.66,0.05,32,-395.12,51.94,0.63,125.801875,-12.3475,1.623125,4167.557
Ord_3886,Prod_7,SHP_5387,109.01,0.09,32,8.45,1.63,0.36,3.4065625,0.2640625,0.0509375,89.1191
Ord_3920,Prod_3,SHP_5445,312.05,0.04,42,-342.38,11.51,0.36,7.4297619047619055,-8.151904761904762,0.27404761904761904,630.438
Ord_3897,Prod_4,SHP_5404,1130.806,0.04,21,95.15,4.99,0.57,53.847904761904765,4.530952380952381,0.23761904761904762,985.43376
Ord_3829,Prod_1,SHP_5309,502.44,0.04,31,-363.44,17.78,0.59,16.20774193548387,-11.723870967741936,0.5735483870967742,828.0024000000001
Ord_3891,Prod_8,SHP_5395,3982.42,0.04,48,1560.82,6.13,0.45,82.96708333333333,32.51708333333333,0.12770833333333334,2256.1732
Ord_3918,Prod_9,SHP_5441,887.98,0.04,22,239.94,9.83,0.4,40.36272727272728,10.906363636363636,0.44681818181818184,602.6908000000001
Ord_3822,Prod_6,SHP_5300,849.46,0.04,23,9.06,19.99,0.38,36.93304347826087,0.3939130434782609,0.8691304347826087,786.4316000000001
Ord_3906,Prod_3,SHP_5421,1710.65,0.01,40,782.01,2.99,0.35,42.76625,19.55025,0.07475000000000001,908.5435
Ord_3811,Prod_4,SHP_5286,5945.3675,0.08,40,1585.48,4.99,0.59,148.6341875,39.637,0.12475,3879.2681000000007
Ord_3817,Prod_6,SHP_5294,257.43,0.05,40,-200.63,8.73,0.37,6.4357500000000005,-5.01575,0.21825,436.4585
Ord_3829,Prod_3,SHP_5310,563.82,0.03,34,188.22,2.99,0.37,16.58294117647059,5.535882352941177,0.08794117647058824,355.69540000000006
Ord_1463,Prod_6,SHP_2021,22.06,0.05,3,-15.6,7.44,0.36,7.353333333333333,-5.2,2.48,29.116999999999997
Ord_1599,Prod_1,SHP_2211,1217.77,0.01,27,283.14,6.22,,45.10259259259259,10.486666666666666,0.23037037037037036,916.2323
Ord_1599,Prod_6,SHP_2210,643.53,0.05,32,175.97,5.77,0.38,20.1103125,5.4990625,0.1803125,429.61349999999993
Ord_1652,Prod_9,SHP_2281,112.63,0.08,43,-201.6,6.35,0.36,2.6193023255813954,-4.688372093023256,0.14767441860465116,298.8696
Ord_1565,Prod_8,SHP_2161,787.63,0.05,21,140.22,1.99,0.54,37.506190476190476,6.677142857142857,0.09476190476190476,606.0385
Ord_1248,Prod_8,SHP_1724,400.25,0.02,46,-37.5,3.62,0.61,8.701086956521738,-0.8152173913043478,0.07869565217391304,426.125
Ord_1237,Prod_2,SHP_1710,822.91,0.09,17,-94.76,19.99,0.57,48.406470588235294,-5.574117647058824,1.1758823529411764,823.6180999999999
Ord_1224,Prod_6,SHP_1691,357.96,0.06,29,10.44,6.47,0.38,12.343448275862068,0.36,0.22310344827586207,319.57239999999996
Ord_1232,Prod_4,SHP_1702,842.6135,0.1,29,-208.43,5.0,0.82,29.055637931034486,-7.187241379310345,0.1724137931034483,961.78215
Ord_1274,Prod_7,SHP_1760,5.7,0.1,1,-2.34,2.0,0.53,5.7,-2.34,2.0,5.47
Ord_1231,Prod_5,SHP_1700,5051.89,0.02,47,1708.84,5.81,0.65,107.48702127659575,36.35829787234042,0.12361702127659574,3236.2021999999997
Ord_1275,Prod_6,SHP_1761,26.23,0.0,3,-13.72,6.6,0.37,8.743333333333334,-4.573333333333333,2.1999999999999997,33.35
Ord_1235,Prod_5,SHP_1708,256.77,0.04,4,173.89,12.23,0.64,64.1925,43.4725,3.0575,60.3792
Ord_1220,Prod_6,SHP_1686,146.1,0.06,18,51.14,1.43,0.35,8.116666666666667,2.841111111111111,0.07944444444444444,84.764
Ord_1244,Prod_5,SHP_1720,1965.21,0.0,24,830.75,19.99,0.43,81.88375,34.614583333333336,0.8329166666666666,1114.47
Ord_1217,Prod_3,SHP_1680,233.43,0.03,36,-71.9,5.36,0.4,6.484166666666667,-1.9972222222222225,0.1488888888888889,292.96709999999996
Ord_1278,Prod_5,SHP_1764,70.25,0.1,34,-133.06,5.33,0.43,2.0661764705882355,-3.913529411764706,0.15676470588235294,190.955
Ord_1233,Prod_12,SHP_1703,117.97,0.1,44,44.59,0.5,0.36,2.6811363636363637,1.013409090909091,0.011363636363636364,61.083
Ord_1241,Prod_12,SHP_1716,45.87,0.02,9,-38.9,6.89,0.39,5.096666666666667,-4.322222222222222,0.7655555555555555,76.9626
Ord_1590,Prod_6,SHP_2196,47.03,0.08,4,-12.03,5.03,0.37,11.7575,-3.0075,1.2575,50.2676
Ord_1502,Prod_8,SHP_2075,105.85,0.1,17,-44.86,2.74,0.71,6.226470588235294,-2.6388235294117646,0.1611764705882353,137.385
Ord_1502,Prod_9,SHP_2076,179.33,0.0,19,-58.76,8.29,0.38,9.438421052631579,-3.092631578947368,0.43631578947368416,229.8
Ord_1493,Prod_2,SHP_2064,318.56,0.08,30,-30.97,4.5,0.59,10.618666666666666,-1.0323333333333333,0.15,319.5452
Ord_2063,Prod_6,SHP_2819,95.68,0.07,13,-15.27,5.14,0.37,7.36,-1.1746153846153846,0.39538461538461533,99.11240000000001
Ord_1970,Prod_8,SHP_2694,184.74,0.0,29,-102.25,4.38,0.75,6.370344827586207,-3.5258620689655173,0.1510344827586207,282.61
Ord_2298,Prod_11,SHP_3144,1731.104,0.01,18,-270.57,69.0,0.63,96.17244444444445,-15.031666666666666,3.8333333333333335,1915.36296
Ord_1970,Prod_4,SHP_2694,437.478,0.02,24,-42.23,1.25,0.83,18.22825,-1.7595833333333333,0.052083333333333336,469.70844000000005
Ord_4426,Prod_17,SHP_6169,190.73,0.1,12,-69.64,9.4,0.49,15.894166666666665,-5.803333333333334,0.7833333333333333,231.897
Ord_4426,Prod_8,SHP_6168,262.54,0.04,31,29.24,1.99,0.49,8.469032258064518,0.9432258064516128,0.06419354838709677,220.8084
Ord_4519,Prod_13,SHP_6289,20.28,0.05,5,-4.32,2.03,0.57,4.056,-0.8640000000000001,0.40599999999999997,21.556
Ord_4562,Prod_8,SHP_6348,364.4,0.05,44,51.08,1.99,0.49,8.281818181818181,1.160909090909091,0.04522727272727273,293.10999999999996
Ord_4522,Prod_6,SHP_6292,400.49,0.09,46,-237.89,9.86,0.4,8.706304347826087,-5.1715217391304344,0.21434782608695652,592.4758999999999
Ord_4426,Prod_4,SHP_6170,1332.97,0.09,17,4.75,8.99,0.57,78.41,0.27941176470588236,0.5288235294117647,1199.2627
Ord_3247,Prod_2,SHP_4501,308.22,0.0,37,-215.57,9.23,0.58,8.33027027027027,-5.826216216216216,0.24945945945945946,514.56
Ord_3247,Prod_9,SHP_4500,151.49,0.0,12,-3.95,6.97,0.35,12.624166666666667,-0.32916666666666666,0.5808333333333333,148.47
Ord_3496,Prod_5,SHP_4840,227.41,0.06,11,44.29,10.49,0.49,20.673636363636362,4.026363636363636,0.9536363636363636,158.9854
Ord_3321,Prod_13,SHP_4606,40.24,0.1,24,-3.73,0.7,0.56,1.6766666666666667,-0.15541666666666668,0.029166666666666664,39.245999999999995
Ord_3509,Prod_4,SHP_4860,4008.7275,0.0,38,1219.34,5.92,0.58,105.49282894736842,32.0878947368421,0.15578947368421053,2783.4674999999997
Ord_3496,Prod_5,SHP_4841,87.44,0.08,50,-184.6,4.86,0.41,1.7488,-3.6919999999999997,0.09720000000000001,260.1848
Ord_3348,Prod_4,SHP_4643,1529.0565,0.06,29,201.73,3.99,0.59,52.72608620689655,6.956206896551723,0.13758620689655174,1231.5931099999998
Ord_3348,Prod_3,SHP_4643,74.07,0.04,25,4.37,1.49,0.36,2.9627999999999997,0.1748,0.0596,65.24719999999999
Ord_1097,Prod_4,SHP_1513,618.1965,0.02,11,-132.53,8.8,0.58,56.19968181818182,-12.048181818181819,0.8,729.56257
Ord_1118,Prod_13,SHP_1544,110.36,0.05,39,8.6,0.93,0.54,2.8297435897435896,0.2205128205128205,0.023846153846153847,95.312
Ord_1088,Prod_9,SHP_1501,945.36,0.1,25,219.85,9.83,0.4,37.8144,8.794,0.3932,621.144
Ord_1084,Prod_12,SHP_1497,8.6,0.09,3,-2.03,0.5,0.39,2.8666666666666667,-0.6766666666666666,0.16666666666666666,9.356
Ord_1119,Prod_3,SHP_1545,58.98,0.0,9,-17.79,4.97,0.35,6.553333333333333,-1.9766666666666666,0.5522222222222222,71.8
Ord_1082,Prod_8,SHP_1495,240.63,0.02,31,-117.92,5.53,0.69,7.7622580645161285,-3.8038709677419353,0.17838709677419357,348.2074
Ord_3538,Prod_3,SHP_4899,320.26,0.01,43,-84.13,6.05,0.39,7.447906976744186,-1.9565116279069767,0.14069767441860465,395.13739999999996
Ord_3555,Prod_8,SHP_4923,1841.6,0.01,36,12.95,6.5,0.73,51.15555555555555,0.3597222222222222,0.18055555555555555,1803.734
Ord_292,Prod_16,SHP_394,600.22,0.08,50,27.86,3.14,0.6,12.0044,0.5572,0.06280000000000001,521.2024
Ord_140,Prod_9,SHP_187,317.85,0.06,28,-13.95,6.97,0.35,11.351785714285715,-0.49821428571428567,0.24892857142857142,305.75899999999996
Ord_140,Prod_12,SHP_188,163.08,0.09,42,66.17,0.5,0.39,3.882857142857143,1.5754761904761905,0.011904761904761904,81.73280000000001
Ord_59,Prod_6,SHP_79,101.21,0.1,5,2.13,5.21,0.37,20.241999999999997,0.426,1.042,83.74900000000001
Ord_59,Prod_6,SHP_80,1585.64,0.02,32,707.15,5.81,0.38,49.55125,22.0984375,0.1815625,840.9672000000002
Ord_285,Prod_2,SHP_385,1523.5,0.07,26,-807.89,49.0,0.59,58.59615384615385,-31.072692307692307,1.8846153846153846,2175.745
Ord_140,Prod_8,SHP_187,531.66,0.08,26,135.65,1.99,0.48,20.448461538461537,5.217307692307693,0.07653846153846154,351.4871999999999
Ord_274,Prod_5,SHP_373,294.0,0.0,5,181.53,14.83,0.54,58.8,36.306,2.966,97.64000000000001
Ord_41,Prod_5,SHP_54,3922.42,0.08,44,-354.9,39.61,0.67,89.14590909090909,-8.06590909090909,0.9002272727272728,3923.9164
Ord_41,Prod_4,SHP_54,1733.3625,0.07,25,-267.01,0.99,0.85,69.33449999999999,-10.680399999999999,0.039599999999999996,1878.0471249999998
Ord_3373,Prod_8,SHP_4675,157.26,0.06,9,-18.84,1.99,0.45,17.473333333333333,-2.0933333333333333,0.22111111111111112,164.6744
Ord_3388,Prod_4,SHP_4697,988.6435,0.04,17,89.89,4.2,0.59,58.1555,5.28764705882353,0.24705882352941178,855.00776
Ord_3362,Prod_6,SHP_4662,302.69,0.05,47,125.65,1.02,0.39,6.440212765957447,2.673404255319149,0.02170212765957447,160.8855
Ord_3362,Prod_15,SHP_4661,3156.6,0.1,12,454.26,24.49,,263.05,37.855,2.040833333333333,2362.1900000000005
Ord_3388,Prod_13,SHP_4696,92.53,0.01,25,-71.52,4.17,0.59,3.7012,-2.8608,0.1668,158.9547
Ord_593,Prod_17,SHP_810,1120.27,0.0,7,16.81,13.99,0.38,160.03857142857143,2.4014285714285712,1.9985714285714287,1089.47
Ord_586,Prod_6,SHP_797,1646.05,0.08,36,649.8,7.23,0.37,45.72361111111111,18.049999999999997,0.20083333333333334,857.336
Ord_473,Prod_6,SHP_638,62.48,0.06,4,1.06,1.97,0.39,15.62,0.265,0.4925,55.70119999999999
Ord_473,Prod_8,SHP_637,1072.22,0.03,13,149.64,7.18,0.48,82.47846153846154,11.51076923076923,0.5523076923076923,883.2334
Ord_473,Prod_17,SHP_637,342.85,0.06,25,-32.42,7.51,0.39,13.714,-1.2968000000000002,0.3004,347.189
Ord_472,Prod_1,SHP_636,4479.16,0.07,28,610.9,19.99,0.66,159.97,21.817857142857143,0.7139285714285714,3534.7288000000003
Ord_472,Prod_15,SHP_634,3114.05,0.01,32,-1207.18,74.35,0.57,97.3140625,-37.724375,2.3234375,4215.739500000001
Ord_472,Prod_6,SHP_636,1314.65,0.06,36,536.87,5.08,0.38,36.518055555555556,14.913055555555555,0.1411111111111111,693.8210000000003
Ord_472,Prod_15,SHP_635,8161.93,0.06,27,1261.44,64.73,0.56,302.2937037037037,46.72,2.3974074074074077,6346.0442
Ord_379,Prod_6,SHP_508,159.11,0.07,29,64.01,0.95,0.36,5.486551724137931,2.207241379310345,0.03275862068965517,83.01230000000002
Ord_393,Prod_6,SHP_527,444.52,0.02,44,161.13,2.06,0.39,10.102727272727272,3.6620454545454546,0.04681818181818182,272.4396
Ord_368,Prod_3,SHP_493,216.33,0.0,8,-17.37,12.98,0.39,27.04125,-2.17125,1.6225,220.72000000000003
Ord_368,Prod_3,SHP_492,590.43,0.09,46,82.59,4.98,0.4,12.835434782608695,1.7954347826086958,0.1082608695652174,449.7212999999999
Ord_377,Prod_6,SHP_505,241.19,0.08,43,-103.65,5.67,0.36,5.60906976744186,-2.41046511627907,0.13186046511627908,319.87480000000005
Ord_401,Prod_13,SHP_539,61.76,0.0,21,4.34,0.93,0.54,2.940952380952381,0.20666666666666667,0.04428571428571429,56.489999999999995
Ord_401,Prod_11,SHP_540,1280.34,0.0,36,-1048.25,45.51,0.65,35.565,-29.118055555555557,1.2641666666666667,2283.08
Ord_374,Prod_4,SHP_502,782.4505,0.06,14,-11.4,3.99,0.59,55.88932142857143,-0.8142857142857143,0.28500000000000003,742.91347
Ord_374,Prod_6,SHP_501,50.93,0.06,9,-34.98,6.26,0.4,5.658888888888889,-3.8866666666666663,0.6955555555555555,76.5942
Ord_374,Prod_6,SHP_502,792.8,0.08,44,26.27,9.54,0.37,18.018181818181816,0.5970454545454545,0.2168181818181818,693.566
Ord_440,Prod_15,SHP_589,2022.65,0.05,18,-157.63,30.0,0.71,112.36944444444445,-8.757222222222222,1.6666666666666667,2049.1475
Ord_419,Prod_4,SHP_563,572.4325,0.05,15,-19.44,4.99,0.56,38.162166666666664,-1.296,0.33266666666666667,558.260875
Ord_380,Prod_8,SHP_509,1127.81,0.1,44,425.08,1.99,0.4,25.63204545454545,9.66090909090909,0.04522727272727273,587.9590000000001
Ord_358,Prod_3,SHP_474,434.62,0.08,40,-68.98,7.19,0.4,10.8655,-1.7245000000000001,0.17975000000000002,461.6404
Ord_418,Prod_8,SHP_562,1697.44,0.06,37,523.43,1.99,0.55,45.876756756756755,14.146756756756755,0.05378378378378378,1070.1736
Ord_383,Prod_5,SHP_512,566.12,0.03,27,-19.33,11.17,0.6,20.967407407407407,-0.7159259259259259,0.4137037037037037,557.2964000000001
Ord_440,Prod_3,SHP_588,294.04,0.03,32,-5.53,5.6,0.36,9.18875,-0.1728125,0.175,285.1488
Ord_1980,Prod_6,SHP_6736,173.12,0.1,24,-166.41,11.15,0.37,7.213333333333334,-6.93375,0.46458333333333335,311.068
Ord_4799,Prod_15,SHP_6691,5217.79,0.09,30,209.54,30.0,0.69,173.92633333333333,6.984666666666667,1.0,4508.6489
Ord_1980,Prod_9,SHP_6735,262.13,0.0,43,-60.91,5.3,0.35,6.096046511627907,-1.4165116279069767,0.12325581395348836,317.74
Ord_4684,Prod_3,SHP_6534,238.88,0.01,10,-48.21,15.1,0.38,23.887999999999998,-4.821,1.51,269.6012
Ord_4656,Prod_4,SHP_6488,6862.237,0.05,44,1839.2,13.99,0.57,155.95993181818181,41.800000000000004,0.31795454545454543,4665.93515
Ord_4684,Prod_8,SHP_6535,1235.29,0.0,39,53.63,6.5,0.64,31.67410256410256,1.3751282051282052,0.16666666666666666,1175.1599999999999
Ord_4684,Prod_4,SHP_6536,1928.327,0.09,12,-253.37,8.99,0.6,160.69391666666667,-21.114166666666666,0.7491666666666666,1999.1575699999999
Ord_4656,Prod_1,SHP_6487,1394.28,0.03,9,197.16,7.07,0.59,154.92,21.906666666666666,0.7855555555555556,1148.2215999999999
Ord_1980,Prod_15,SHP_2706,4408.27,0.04,24,329.28,30.0,0.69,183.67791666666668,13.719999999999999,1.25,3872.659200000001
Ord_4409,Prod_6,SHP_6145,1676.48,0.0,28,590.35,14.3,0.37,59.87428571428571,21.083928571428572,0.5107142857142858,1071.83
Ord_4425,Prod_6,SHP_6167,312.42,0.08,50,-90.42,5.4,0.37,6.2484,-1.8084,0.10800000000000001,372.44640000000004
Ord_4442,Prod_2,SHP_6189,2360.98,0.02,29,611.93,13.99,0.52,81.41310344827586,21.101034482758617,0.4824137931034483,1687.8404000000005
Ord_4440,Prod_11,SHP_6186,1212.928,0.02,45,-1460.77,45.51,0.65,26.95395555555556,-32.461555555555556,1.0113333333333332,2603.92944
Ord_4421,Prod_5,SHP_6162,65.89,0.03,12,20.6,2.03,0.51,5.490833333333334,1.7166666666666668,0.16916666666666666,41.2833
Ord_4571,Prod_8,SHP_6359,6733.52,0.04,46,246.0,4.0,0.79,146.3808695652174,5.3478260869565215,0.08695652173913043,6214.1792000000005
Ord_4442,Prod_12,SHP_6190,182.2,0.09,49,82.21,0.5,0.37,3.7183673469387752,1.6777551020408161,0.01020408163265306,83.092
Ord_4551,Prod_13,SHP_6334,101.77,0.03,29,-73.19,3.97,0.56,3.509310344827586,-2.5237931034482757,0.13689655172413795,167.93689999999998
Ord_5057,Prod_8,SHP_7058,917.25,0.01,41,-103.75,6.5,0.78,22.371951219512194,-2.5304878048780486,0.15853658536585366,1005.3275
Ord_5056,Prod_5,SHP_7055,4680.89,0.07,45,693.01,10.12,0.79,104.01977777777779,15.400222222222222,0.22488888888888886,3650.0977000000003
Ord_5055,Prod_12,SHP_7054,517.98,0.05,17,-85.32,19.99,0.39,30.46941176470588,-5.0188235294117645,1.1758823529411764,557.4110000000001
Ord_5056,Prod_4,SHP_7056,2414.9945,0.01,42,624.71,4.99,0.58,57.49986904761904,14.87404761904762,0.11880952380952381,1761.1445549999999
Ord_5057,Prod_4,SHP_7059,760.801,0.1,46,348.59,0.99,0.37,16.539152173913045,7.578043478260869,0.021521739130434783,335.14090000000004
Ord_1037,Prod_6,SHP_1431,264.75,0.08,43,-212.51,8.4,0.37,6.156976744186046,-4.942093023255814,0.19534883720930232,447.67999999999995
Ord_1040,Prod_3,SHP_1435,1281.28,0.05,43,415.85,6.27,0.37,29.79720930232558,9.67093023255814,0.1458139534883721,795.0959999999999
Ord_3609,Prod_13,SHP_4996,139.93,0.05,41,-3.06,1.95,0.42,3.412926829268293,-0.07463414634146341,0.0475609756097561,134.04350000000002
Ord_3575,Prod_12,SHP_4949,216.51,0.02,32,109.29,0.5,0.39,6.7659375,3.4153125,0.015625,102.3898
Ord_3609,Prod_7,SHP_4997,15.45,0.05,8,-7.75,1.56,0.49,1.93125,-0.96875,0.195,20.8675
Ord_3609,Prod_5,SHP_4995,2207.9,0.02,45,579.76,10.25,0.57,49.06444444444445,12.883555555555555,0.22777777777777777,1573.7320000000002
Ord_3605,Prod_4,SHP_4990,3361.7585,0.04,20,394.35,8.99,0.56,168.08792499999998,19.7175,0.4495,2823.9481600000004
Ord_241,Prod_5,SHP_335,1404.22,0.1,23,202.87,14.48,0.46,61.05304347826087,8.820434782608697,0.6295652173913043,1046.4479999999999
Ord_268,Prod_5,SHP_366,899.97,0.09,27,-246.3,19.99,0.55,33.33222222222222,-9.122222222222222,0.7403703703703703,1045.2827
Ord_96,Prod_5,SHP_131,1753.51,0.02,42,155.72,9.2,0.65,41.750238095238096,3.7076190476190476,0.21904761904761902,1553.5198
Ord_96,Prod_15,SHP_130,4605.36,0.02,18,678.26,43.32,0.55,255.85333333333332,37.68111111111111,2.4066666666666667,3791.6727999999994
Ord_204,Prod_5,SHP_279,178.78,0.02,8,-28.34,8.99,0.46,22.3475,-3.5425,1.12375,194.5544
Ord_149,Prod_5,SHP_200,440.92,0.05,22,-65.18,10.49,0.49,20.041818181818183,-2.962727272727273,0.4768181818181818,473.564
Ord_325,Prod_5,SHP_433,208.6,0.0,26,-56.45,5.21,0.56,8.023076923076923,-2.1711538461538464,0.20038461538461538,259.84
Ord_4777,Prod_9,SHP_6661,287.43,0.01,26,37.9,4.8,0.36,11.055,1.4576923076923076,0.1846153846153846,241.85569999999998
Ord_4711,Prod_6,SHP_6573,375.52,0.09,40,131.7,2.03,0.37,9.388,3.2924999999999995,0.050749999999999997,207.9932
Ord_4704,Prod_4,SHP_6565,306.663,0.07,10,-17.41,5.99,0.38,30.6663,-1.741,0.599,296.61659000000003
Ord_4731,Prod_9,SHP_6599,80.56,0.03,5,12.5,1.39,0.38,16.112000000000002,2.5,0.27799999999999997,64.2532
Ord_4711,Prod_7,SHP_6574,63.84,0.03,15,23.52,0.71,0.39,4.256,1.568,0.04733333333333333,37.6948
Ord_4704,Prod_10,SHP_6563,4771.89,0.05,34,-427.99,36.09,0.77,140.34970588235296,-12.587941176470588,1.0614705882352942,4925.1955
Ord_4619,Prod_10,SHP_6433,1776.96,0.07,18,-197.06,35.84,0.62,98.72,-10.947777777777778,1.9911111111111113,1813.7928
Ord_4619,Prod_10,SHP_6433,3642.14,0.01,49,103.11,26.74,0.6,74.32938775510203,2.104285714285714,0.5457142857142857,3475.8686
Ord_4619,Prod_11,SHP_6434,2982.5,0.05,16,-589.58,69.0,0.72,186.40625,-36.84875,4.3125,3353.955
Ord_4462,Prod_4,SHP_6217,1443.266,0.08,26,156.11,8.99,0.56,55.51023076923077,6.0042307692307695,0.3457692307692308,1162.7047200000002
Ord_4466,Prod_2,SHP_6222,970.47,0.1,13,192.38,0.99,0.57,74.65153846153846,14.798461538461538,0.07615384615384616,680.053
Ord_497,Prod_13,SHP_669,288.56,0.03,30,60.72,2.25,0.52,9.618666666666666,2.024,0.075,216.93320000000003
Ord_566,Prod_16,SHP_768,507.64,0.04,46,42.76,3.37,0.57,11.035652173913043,0.9295652173913043,0.07326086956521739,441.20439999999996
Ord_540,Prod_4,SHP_731,384.2,0.05,7,-164.46,2.5,0.55,54.885714285714286,-23.494285714285716,0.35714285714285715,526.95
Ord_497,Prod_4,SHP_670,1892.848,0.01,14,48.99,8.99,0.58,135.20342857142856,3.4992857142857146,0.6421428571428571,1815.93952
Ord_562,Prod_8,SHP_763,346.57,0.0,31,-116.45,6.5,0.64,11.179677419354839,-3.7564516129032257,0.20967741935483872,456.52
Ord_562,Prod_3,SHP_763,91.75,0.07,14,2.82,2.99,0.35,6.553571428571429,0.20142857142857143,0.21357142857142858,79.51750000000001
Ord_548,Prod_8,SHP_743,631.99,0.08,23,-43.96,4.0,0.75,27.477826086956522,-1.911304347826087,0.17391304347826086,621.3908
Ord_3395,Prod_16,SHP_4709,112.6,0.04,30,-25.99,1.32,0.83,3.753333333333333,-0.8663333333333333,0.044000000000000004,132.766
Ord_3399,Prod_11,SHP_4714,1330.73,0.06,13,-450.1,41.64,0.75,102.36384615384615,-34.62307692307692,3.203076923076923,1659.3462
Ord_3395,Prod_3,SHP_4708,48.75,0.08,11,3.5,1.49,0.39,4.431818181818182,0.3181818181818182,0.13545454545454547,39.86
Ord_2044,Prod_13,SHP_2795,11.57,0.01,6,-2.06,0.7,0.56,1.9283333333333335,-0.3433333333333333,0.11666666666666665,12.814300000000001
Ord_2322,Prod_6,SHP_3186,223.76,0.03,34,-139.66,7.91,0.37,6.581176470588235,-4.107647058823529,0.23264705882352943,348.7972
Ord_2234,Prod_1,SHP_3035,5934.39,0.08,32,519.55,19.99,0.71,185.4496875,16.2359375,0.6246875,4920.098800000001
Ord_1107,Prod_1,SHP_4201,4813.67,0.03,48,44.58,19.99,0.79,100.28479166666666,0.92875,0.4164583333333333,4604.6899
Ord_3027,Prod_8,SHP_4199,822.7,0.05,27,141.28,5.5,0.51,30.47037037037037,5.232592592592592,0.2037037037037037,634.7850000000001
Ord_3012,Prod_8,SHP_4173,336.85,0.01,38,-40.76,2.83,0.77,8.864473684210527,-1.0726315789473684,0.07447368421052632,371.41150000000005
Ord_3016,Prod_11,SHP_4181,579.71,0.03,17,24.3,45.51,0.65,34.10058823529412,1.4294117647058824,2.6770588235294115,492.50870000000003
Ord_1130,Prod_9,SHP_1559,171.52,0.1,32,46.61,1.39,0.38,5.36,1.4565625,0.0434375,106.36800000000001
Ord_3016,Prod_6,SHP_4180,25.82,0.01,4,-10.19,4.72,0.36,6.455,-2.5475,1.18,31.031800000000004
Ord_3108,Prod_13,SHP_4309,655.33,0.08,31,-57.16,8.99,0.59,21.13967741935484,-1.8438709677419354,0.29,651.0736
Ord_3081,Prod_6,SHP_4276,367.11,0.01,43,163.42,1.43,0.35,8.537441860465117,3.8004651162790695,0.033255813953488374,198.5889
Ord_3866,Prod_4,SHP_5359,1176.944,0.1,23,53.65,4.99,0.58,51.17147826086956,2.3326086956521737,0.21695652173913044,1000.6095999999999
Ord_3866,Prod_8,SHP_5357,1230.83,0.0,38,75.5,6.5,0.64,32.390263157894736,1.986842105263158,0.17105263157894737,1148.83
Ord_3866,Prod_6,SHP_5358,169.93,0.04,37,-114.35,5.74,0.4,4.592702702702703,-3.09054054054054,0.15513513513513513,271.7428
Ord_3769,Prod_13,SHP_5232,108.33,0.0,37,17.0,0.7,0.56,2.9278378378378376,0.4594594594594595,0.018918918918918916,90.63
Ord_3758,Prod_3,SHP_5216,189.99,0.03,13,72.82,1.49,0.35,14.614615384615385,5.601538461538461,0.11461538461538462,109.9803
Ord_3766,Prod_12,SHP_5225,16.48,0.06,5,-0.33,0.99,0.37,3.2960000000000003,-0.066,0.198,14.8312
Ord_3766,Prod_7,SHP_5224,5.63,0.03,1,-3.55,0.7,0.8,5.63,-3.55,0.7,8.3111
Ord_3769,Prod_8,SHP_5231,3519.12,0.09,46,315.33,4.0,0.76,76.50260869565217,6.8549999999999995,0.08695652173913043,2883.0692
Ord_3788,Prod_17,SHP_5256,2797.41,0.06,31,984.3,14.0,0.36,90.23903225806451,31.751612903225805,0.45161290322580644,1631.2654
Ord_804,Prod_3,SHP_1106,43.26,0.1,9,3.9,1.49,0.36,4.806666666666667,0.43333333333333335,0.16555555555555557,33.544
Ord_802,Prod_13,SHP_1104,447.36,0.01,42,40.92,2.89,0.6,10.651428571428571,0.9742857142857143,0.0688095238095238,399.07640000000004
Ord_754,Prod_15,SHP_1031,6152.52,0.08,39,768.06,30.0,0.62,157.7569230769231,19.693846153846152,0.7692307692307693,4862.258400000001
Ord_804,Prod_6,SHP_1106,174.03,0.02,25,-42.37,5.74,0.37,6.9612,-1.6947999999999999,0.2296,207.1794
Ord_771,Prod_3,SHP_1056,178.57,0.05,11,-37.39,10.91,0.36,16.233636363636364,-3.399090909090909,0.9918181818181818,196.12150000000003
Ord_771,Prod_2,SHP_1055,25.34,0.1,5,-21.29,6.89,0.6,5.068,-4.258,1.378,37.206
Ord_856,Prod_6,SHP_1179,195.57,0.09,32,-132.93,7.5,0.4,6.1115625,-4.1540625,0.234375,303.39869999999996
Ord_853,Prod_17,SHP_1175,493.56,0.06,42,12.73,5.99,0.36,11.751428571428571,0.3030952380952381,0.14261904761904762,445.22639999999996
Ord_841,Prod_4,SHP_1155,1288.515,0.08,9,-382.57,8.99,0.57,143.16833333333335,-42.507777777777775,0.9988888888888889,1559.0138
Ord_841,Prod_6,SHP_1154,258.11,0.1,26,9.95,4.78,0.4,9.927307692307693,0.38269230769230766,0.18384615384615385,217.56900000000002
Ord_841,Prod_17,SHP_1153,131.55,0.06,7,-43.74,8.51,0.4,18.792857142857144,-6.248571428571429,1.2157142857142857,158.887
Ord_864,Prod_8,SHP_1189,857.95,0.08,20,51.85,4.0,0.64,42.8975,2.5925000000000002,0.2,733.464
Ord_841,Prod_5,SHP_1152,359.68,0.07,19,187.15,3.77,0.39,18.930526315789475,9.85,0.19842105263157894,143.58240000000004
Ord_859,Prod_2,SHP_1183,558.62,0.03,11,118.32,3.99,0.56,50.78363636363636,10.756363636363636,0.36272727272727273,419.5514
Ord_754,Prod_4,SHP_3297,466.9475,0.1,16,82.82,3.3,0.39,29.18421875,5.17625,0.20625,334.13275
Ord_2328,Prod_1,SHP_3195,174.89,0.06,14,-37.04,6.27,0.57,12.492142857142856,-2.6457142857142855,0.44785714285714284,195.16659999999996
Ord_542,Prod_3,SHP_736,47.79,0.04,12,-57.75,6.83,0.38,3.9825,-4.8125,0.5691666666666667,96.7984
Ord_533,Prod_16,SHP_722,10.96,0.02,4,-8.02,2.56,0.55,2.74,-2.005,0.64,16.2008
Ord_501,Prod_6,SHP_676,42.58,0.0,4,-7.61,4.39,0.38,10.645,-1.9025,1.0975,45.8
Ord_542,Prod_8,SHP_733,446.46,0.04,22,-1.88,4.0,0.6,20.293636363636363,-0.08545454545454545,0.18181818181818182,426.48159999999996
Ord_533,Prod_6,SHP_722,185.61,0.02,29,-47.12,5.46,0.36,6.400344827586207,-1.6248275862068964,0.18827586206896552,223.55780000000001
Ord_525,Prod_3,SHP_711,19.0,0.01,2,-10.73,5.27,0.36,9.5,-5.365,2.635,24.27
Ord_563,Prod_5,SHP_764,234.09,0.01,20,-11.69,5.16,0.57,11.7045,-0.5845,0.258,238.2791
Ord_510,Prod_5,SHP_688,3397.72,0.01,48,-912.08,37.58,0.78,70.78583333333333,-19.00166666666667,0.7829166666666666,4238.2428
Ord_542,Prod_3,SHP_735,1252.89,0.05,31,339.75,10.55,0.37,40.41580645161291,10.959677419354838,0.3403225806451613,839.9455
Ord_538,Prod_3,SHP_729,34.88,0.06,6,-18.34,4.97,0.38,5.8133333333333335,-3.0566666666666666,0.8283333333333333,46.1572
Ord_533,Prod_13,SHP_722,226.65,0.0,37,46.41,0.96,0.6,6.125675675675676,1.2543243243243243,0.025945945945945945,179.28
Ord_522,Prod_4,SHP_707,1531.411,0.03,20,365.42,0.99,0.55,76.57055,18.271,0.0495,1119.05867
Ord_542,Prod_3,SHP_734,331.83,0.05,46,-101.25,6.05,0.39,7.213695652173913,-2.2010869565217392,0.13152173913043477,410.4385
Ord_522,Prod_1,SHP_705,1350.34,0.1,28,-517.17,19.99,0.81,48.22642857142857,-18.470357142857143,0.7139285714285714,1712.4859999999999
Ord_542,Prod_3,SHP_733,31.01,0.03,4,-4.49,2.99,0.35,7.7525,-1.1225,0.7475,31.579700000000003
Ord_2404,Prod_8,SHP_3299,1103.67,0.04,28,253.61,1.99,0.54,39.416785714285716,9.057500000000001,0.07107142857142858,803.9232000000001
Ord_2493,Prod_5,SHP_3418,146.69,0.0,28,-64.05,5.32,0.41,5.238928571428572,-2.2875,0.19,205.42000000000002
Ord_2538,Prod_8,SHP_3475,2006.38,0.0,48,840.46,1.99,0.44,41.79958333333334,17.509583333333335,0.04145833333333333,1163.93
Ord_2924,Prod_6,SHP_4041,475.9,0.02,24,110.44,5.97,0.38,19.829166666666666,4.601666666666667,0.24875,349.972
Ord_2881,Prod_5,SHP_3974,401.37,0.07,42,13.31,5.71,0.41,9.556428571428572,0.3169047619047619,0.13595238095238096,354.2541
Ord_2854,Prod_9,SHP_3930,276.5,0.02,25,35.72,4.8,0.36,11.06,1.4287999999999998,0.192,230.45000000000002
Ord_2950,Prod_3,SHP_4069,507.44,0.05,12,170.9,2.99,0.36,42.28666666666667,14.241666666666667,0.24916666666666668,308.178
Ord_3805,Prod_4,SHP_5278,987.3175,0.04,33,368.56,3.3,0.39,29.91871212121212,11.168484848484848,0.09999999999999999,575.9648
Ord_3793,Prod_6,SHP_5262,289.19,0.01,40,-69.03,6.15,0.37,7.22975,-1.7257500000000001,0.15375,349.1781
Ord_3793,Prod_8,SHP_5262,98.82,0.09,13,-68.66,5.53,0.69,7.601538461538461,-5.281538461538461,0.4253846153846154,153.0562
Ord_3782,Prod_3,SHP_5248,188.38,0.04,38,-120.12,5.68,0.36,4.957368421052632,-3.1610526315789476,0.14947368421052631,295.2848
Ord_4661,Prod_6,SHP_6496,63.0,0.01,9,-17.48,5.46,0.36,7.0,-1.9422222222222223,0.6066666666666667,74.39
Ord_4661,Prod_4,SHP_6495,1351.653,0.01,10,-202.85,8.99,0.58,135.1653,-20.285,0.899,1531.9964699999998
Ord_4718,Prod_5,SHP_6585,473.03,0.09,24,26.27,10.49,0.49,19.70958333333333,1.0945833333333332,0.4370833333333333,393.6973
Ord_4633,Prod_5,SHP_6452,324.52,0.08,11,154.02,8.55,0.42,29.50181818181818,14.001818181818182,0.7772727272727273,135.98839999999998
Ord_4791,Prod_13,SHP_6678,64.77,0.09,12,14.46,1.0,0.38,5.3975,1.205,0.08333333333333333,43.4807
Ord_4791,Prod_3,SHP_6677,344.25,0.1,24,23.96,6.46,0.38,14.34375,0.9983333333333334,0.26916666666666667,279.40500000000003
Ord_1887,Prod_8,SHP_2591,511.07,0.01,46,-165.74,6.5,0.64,11.110217391304348,-3.6030434782608696,0.14130434782608695,665.1993
Ord_1887,Prod_3,SHP_2590,226.81,0.05,16,-5.37,7.17,0.38,14.175625,-0.335625,0.448125,213.66950000000003
Ord_1873,Prod_3,SHP_2573,1193.65,0.07,29,507.58,2.99,0.36,41.16034482758621,17.502758620689654,0.10310344827586207,599.5245000000002
Ord_1887,Prod_8,SHP_2590,337.34,0.06,9,-69.84,1.99,0.54,37.48222222222222,-7.760000000000001,0.22111111111111112,384.9495999999999
Ord_4508,Prod_6,SHP_6277,167.07,0.03,33,-102.36,6.07,0.36,5.0627272727272725,-3.1018181818181816,0.18393939393939396,258.3479
Ord_2626,Prod_6,SHP_3593,150.28,0.04,29,-50.86,4.7,0.38,5.182068965517241,-1.7537931034482759,0.1620689655172414,190.42880000000002
Ord_2815,Prod_6,SHP_3875,73.05,0.1,9,-17.03,4.82,0.4,8.116666666666667,-1.8922222222222222,0.5355555555555556,77.95500000000001
Ord_2829,Prod_8,SHP_3891,718.6,0.08,40,-81.49,4.0,0.79,17.965,-2.03725,0.1,738.6020000000001
Ord_2815,Prod_11,SHP_3876,8122.53,0.05,29,-693.23,61.76,0.78,280.08724137931034,-23.90448275862069,2.129655172413793,8347.8735
Ord_2711,Prod_2,SHP_3711,1516.13,0.06,22,493.03,0.99,0.58,68.915,22.410454545454545,0.045,931.1422000000002
Ord_2711,Prod_8,SHP_3712,612.49,0.09,38,168.04,1.99,0.45,16.118157894736843,4.422105263157895,0.05236842105263158,387.33590000000004
Ord_2424,Prod_1,SHP_3326,9522.12,0.04,34,171.3,35.0,0.8,280.06235294117647,5.038235294117648,1.0294117647058822,8934.935200000002
Ord_1971,Prod_1,SHP_3185,32.6,0.03,2,-20.57,5.5,0.57,16.3,-10.285,2.75,46.692
Ord_2329,Prod_13,SHP_3196,126.58,0.06,24,18.27,0.7,0.6,5.274166666666667,0.76125,0.029166666666666664,100.0152
Ord_2459,Prod_5,SHP_3371,336.34,0.05,31,-89.9,7.94,0.52,10.849677419354839,-2.9000000000000004,0.25612903225806455,401.48299999999995
Ord_2424,Prod_4,SHP_3327,1985.6935,0.1,16,35.65,8.99,0.55,124.10584375,2.228125,0.561875,1742.48415
Ord_2329,Prod_13,SHP_3197,23.7,0.05,1,-8.97,4.1,0.44,23.7,-8.97,4.1,27.384999999999998
Ord_3103,Prod_6,SHP_4304,98.57,0.07,20,-49.64,5.02,0.38,4.9285,-2.482,0.251,136.2901
Ord_3103,Prod_12,SHP_4303,84.74,0.06,18,34.1,0.5,0.36,4.707777777777777,1.8944444444444446,0.027777777777777776,45.05559999999999
Ord_3051,Prod_15,SHP_4237,7869.22,0.1,33,1523.46,43.32,0.55,238.46121212121213,46.165454545454544,1.3127272727272727,5515.518000000001
Ord_3078,Prod_4,SHP_4273,1840.8535,0.01,24,424.64,2.79,0.58,76.70222916666667,17.69333333333333,0.11625,1395.0149649999998
Ord_3103,Prod_6,SHP_4304,279.83,0.01,43,77.04,2.14,0.38,6.507674418604651,1.7916279069767442,0.04976744186046512,197.8517
Ord_3083,Prod_1,SHP_4278,2850.31,0.09,20,569.08,7.07,0.59,142.5155,28.454,0.35350000000000004,2017.6320999999998
Ord_3046,Prod_4,SHP_4231,771.834,0.01,7,-295.43,2.5,0.6,110.26199999999999,-42.20428571428572,0.35714285714285715,1057.04566
Ord_3110,Prod_2,SHP_4311,506.49,0.06,19,105.69,5.37,0.5,26.65736842105263,5.562631578947368,0.2826315789473684,365.0406
Ord_3110,Prod_10,SHP_4312,8367.68,0.06,48,886.35,35.89,0.66,174.32666666666668,18.465625,0.7477083333333333,6943.379199999999
Ord_3046,Prod_4,SHP_4230,835.1505,0.09,30,158.18,1.1,0.55,27.83835,5.272666666666667,0.03666666666666667,600.7069549999999
Ord_3051,Prod_5,SHP_4238,912.44,0.04,36,182.72,8.99,0.5,25.345555555555556,5.075555555555556,0.24972222222222223,684.2324
Ord_1808,Prod_13,SHP_2501,39.69,0.05,24,-1.78,1.0,0.35,1.6537499999999998,-0.07416666666666667,0.041666666666666664,38.4855
Ord_1797,Prod_8,SHP_2489,1142.36,0.02,35,72.78,4.0,0.75,32.63885714285714,2.0794285714285716,0.11428571428571428,1042.7328
Ord_1807,Prod_6,SHP_2500,2277.03,0.07,44,964.1,6.79,0.37,51.750681818181825,21.911363636363635,0.15431818181818183,1146.7479000000003
Ord_1923,Prod_9,SHP_2635,67.47,0.03,23,-100.6,6.35,0.36,2.933478260869565,-4.373913043478261,0.2760869565217391,159.6959
Ord_1808,Prod_4,SHP_2501,5139.882,0.01,48,1275.67,8.99,0.59,107.08087499999999,26.576458333333335,0.18729166666666666,3803.8231799999994
Ord_1808,Prod_6,SHP_2501,257.75,0.02,48,-66.26,4.75,0.36,5.369791666666667,-1.3804166666666668,0.09895833333333333,314.105
Ord_1896,Prod_3,SHP_2602,78.44,0.09,14,11.02,1.49,0.39,5.602857142857142,0.7871428571428571,0.10642857142857143,58.870400000000004
Ord_2990,Prod_13,SHP_4135,418.7,0.05,19,22.88,5.53,0.59,22.03684210526316,1.2042105263157894,0.2910526315789474,369.355
Ord_2975,Prod_8,SHP_4105,3331.81,0.08,20,484.15,19.99,0.48,166.5905,24.2075,0.9994999999999999,2561.1252
Ord_2977,Prod_6,SHP_4109,172.7,0.07,27,-42.97,5.11,0.37,6.3962962962962955,-1.5914814814814815,0.18925925925925927,198.47099999999998
Ord_2977,Prod_8,SHP_4109,1683.57,0.1,22,346.54,7.18,0.48,76.52590909090908,15.751818181818182,0.32636363636363636,1161.493
Ord_2253,Prod_13,SHP_3065,138.75,0.09,24,49.81,1.0,0.38,5.78125,2.075416666666667,0.041666666666666664,75.4525
Ord_2283,Prod_3,SHP_3123,792.76,0.02,31,33.37,12.98,0.39,25.572903225806453,1.0764516129032258,0.41870967741935483,730.5548
Ord_2238,Prod_11,SHP_3041,3532.96,0.08,35,-243.6,60.0,0.59,100.94171428571428,-6.96,1.7142857142857142,3433.9231999999997
Ord_4398,Prod_5,SHP_6129,475.9,0.04,17,-5.18,19.46,0.44,27.99411764705882,-0.30470588235294116,1.1447058823529412,442.584
Ord_1879,Prod_5,SHP_2579,95.73,0.0,41,-151.15,5.33,0.43,2.334878048780488,-3.6865853658536585,0.13,241.55
Ord_4398,Prod_11,SHP_6130,3635.63,0.09,12,104.48,29.2,0.66,302.9691666666667,8.706666666666667,2.433333333333333,3174.7433
Ord_4380,Prod_4,SHP_6105,1098.149,0.09,12,-182.97,5.92,0.58,91.51241666666665,-15.2475,0.49333333333333335,1176.3655899999999
Ord_4380,Prod_6,SHP_6105,216.08,0.0,32,-84.33,6.65,0.36,6.7525,-2.6353125,0.2078125,293.76
Ord_4380,Prod_1,SHP_6106,339.03,0.09,27,-24.44,4.51,0.59,12.556666666666665,-0.9051851851851852,0.16703703703703704,328.4473
Ord_1797,Prod_6,SHP_6137,150.34,0.06,22,-28.45,5.14,0.37,6.833636363636364,-1.2931818181818182,0.23363636363636361,164.6296
Ord_5088,Prod_5,SHP_7105,216.95,0.08,27,-88.82,7.96,0.49,8.035185185185185,-3.2896296296296295,0.2948148148148148,280.45399999999995
Ord_5124,Prod_11,SHP_7162,4046.25,0.09,48,-1296.93,60.0,0.56,84.296875,-27.019375,1.25,4919.0175
Ord_5117,Prod_9,SHP_7149,337.38,0.04,29,-5.45,6.97,0.35,11.633793103448276,-0.18793103448275864,0.2403448275862069,322.36479999999995
Ord_3474,Prod_3,SHP_6631,264.92,0.05,38,-97.06,6.05,0.39,6.971578947368421,-2.5542105263157895,0.15921052631578947,342.68399999999997
Ord_4772,Prod_9,SHP_6656,139.66,0.02,23,46.69,1.39,0.38,6.072173913043478,2.03,0.06043478260869565,88.7868
Ord_4772,Prod_8,SHP_6656,367.09,0.04,16,74.2,1.99,0.46,22.943125,4.6375,0.124375,276.21639999999996
Ord_3457,Prod_4,SHP_4792,2379.3285,0.09,26,284.59,5.92,0.58,91.51263461538461,10.94576923076923,0.2276923076923077,1874.6789350000001
Ord_3474,Prod_6,SHP_4811,142.88,0.08,22,35.37,1.6,0.38,6.494545454545454,1.6077272727272727,0.07272727272727274,94.4796
Ord_3259,Prod_6,SHP_4521,566.39,0.06,26,76.43,8.18,0.39,21.784230769230767,2.9396153846153847,0.31461538461538463,447.79660000000007
Ord_4145,Prod_6,SHP_5775,218.71,0.0,23,67.23,2.15,0.4,9.509130434782609,2.92304347826087,0.09347826086956522,149.32999999999998
Ord_4151,Prod_4,SHP_5786,1122.6375,0.09,14,17.68,4.9,0.56,80.18839285714286,1.262857142857143,0.35000000000000003,999.0201250000001
Ord_4200,Prod_5,SHP_5855,88.1,0.03,46,-161.61,4.86,0.41,1.9152173913043478,-3.513260869565218,0.10565217391304349,242.207
Ord_4236,Prod_8,SHP_5911,17.77,0.05,15,-37.67,2.96,0.61,1.1846666666666665,-2.5113333333333334,0.19733333333333333,51.591499999999996
Ord_4145,Prod_6,SHP_5776,103.68,0.08,19,-58.16,5.85,0.4,5.456842105263158,-3.061052631578947,0.3078947368421052,147.6956
Ord_4218,Prod_2,SHP_5886,1135.24,0.06,28,271.81,4.5,0.56,40.544285714285714,9.7075,0.16071428571428573,790.8156000000001
Ord_2034,Prod_4,SHP_2781,524.212,0.04,17,127.85,3.3,0.39,30.836,7.520588235294118,0.1941176470588235,372.09352
Ord_1888,Prod_4,SHP_2593,2318.2135,0.07,44,583.75,2.79,0.56,52.68667045454545,13.267045454545455,0.06340909090909091,1569.3985549999998
Ord_3001,Prod_6,SHP_4153,222.43,0.06,24,-119.31,9.86,0.4,9.267916666666666,-4.97125,0.41083333333333333,318.5342
Ord_2034,Prod_13,SHP_2781,24.2,0.08,6,-5.2,1.17,0.57,4.033333333333333,-0.8666666666666667,0.19499999999999998,26.294
Ord_1888,Prod_8,SHP_3063,1136.44,0.09,30,-9.3,6.5,0.64,37.88133333333334,-0.31,0.21666666666666667,1036.9604
Ord_1888,Prod_6,SHP_2997,12.12,0.03,2,-4.55,0.95,0.36,6.06,-2.275,0.475,15.3564
Ord_2650,Prod_13,SHP_3624,92.31,0.0,3,-28.95,6.17,0.55,30.77,-9.65,2.0566666666666666,115.09
Ord_2719,Prod_8,SHP_3726,190.1,0.06,9,-63.78,4.0,0.6,21.12222222222222,-7.086666666666667,0.4444444444444444,238.474
Ord_2633,Prod_6,SHP_3601,207.01,0.01,33,-36.9,4.96,0.36,6.2730303030303025,-1.1181818181818182,0.1503030303030303,236.8799
Ord_2752,Prod_13,SHP_3777,906.07,0.0,42,-2.66,8.99,0.58,21.573095238095238,-0.06333333333333334,0.21404761904761904,899.74
Ord_2719,Prod_2,SHP_3725,877.64,0.03,18,218.97,3.99,0.56,48.757777777777775,12.165,0.22166666666666668,628.3507999999999
Ord_2650,Prod_13,SHP_3625,116.94,0.06,42,-10.01,1.25,0.59,2.7842857142857143,-0.23833333333333334,0.02976190476190476,118.6836
Ord_2813,Prod_15,SHP_3873,4073.17,0.08,26,376.21,30.0,0.62,156.66038461538463,14.469615384615384,1.1538461538461537,3341.1064
Ord_2629,Prod_1,SHP_3596,2421.44,0.09,32,-949.09,35.0,0.83,75.67,-29.6590625,1.09375,3117.6004000000003
Ord_2384,Prod_8,SHP_3272,3755.43,0.07,39,448.07,19.99,0.52,96.29307692307692,11.488974358974358,0.5125641025641026,3024.4899
Ord_2384,Prod_6,SHP_3272,347.93,0.1,32,34.29,5.01,0.36,10.8728125,1.0715625,0.1565625,273.837
Ord_2378,Prod_11,SHP_3266,6766.856,0.02,26,-774.89,43.57,0.63,260.2636923076923,-29.803461538461537,1.6757692307692307,7362.83888
Ord_1066,Prod_4,SHP_1473,3701.5205,0.05,38,894.06,5.92,0.58,97.40843421052632,23.527894736842104,0.15578947368421053,2616.464475
Ord_1063,Prod_6,SHP_1469,54.3,0.1,6,1.27,2.03,0.37,9.049999999999999,0.21166666666666667,0.3383333333333333,45.56999999999999
Ord_1750,Prod_9,SHP_2425,739.94,0.01,28,370.23,1.39,0.38,26.426428571428573,13.2225,0.04964285714285714,360.92060000000004
Ord_1090,Prod_15,SHP_1506,3344.11,0.03,18,588.54,26.2,0.59,185.7838888888889,32.696666666666665,1.4555555555555555,2629.0467000000003
Ord_1751,Prod_13,SHP_2427,3.77,0.09,1,-1.84,0.96,0.58,3.77,-1.84,0.96,4.3107
Ord_5301,Prod_13,SHP_7403,50.99,0.06,19,-3.8,1.34,0.45,2.683684210526316,-0.19999999999999998,0.07052631578947369,50.39059999999999
Ord_5291,Prod_6,SHP_7386,129.77,0.01,18,-99.42,9.68,0.36,7.209444444444445,-5.523333333333333,0.5377777777777778,218.21230000000003
Ord_4117,Prod_5,SHP_5735,826.09,0.03,34,215.86,7.58,0.51,24.296764705882353,6.348823529411765,0.22294117647058823,577.8673
Ord_4127,Prod_3,SHP_5749,3283.74,0.01,49,723.33,19.99,0.4,67.01510204081632,14.761836734693878,0.40795918367346934,2507.5826
Ord_1916,Prod_7,SHP_2628,16.02,0.09,9,-2.82,0.75,0.52,1.78,-0.3133333333333333,0.08333333333333333,16.6482
Ord_1916,Prod_3,SHP_2627,141.27,0.08,6,28.14,2.99,0.37,23.545,4.69,0.49833333333333335,98.83840000000001
Ord_2026,Prod_4,SHP_2770,206.2865,0.05,31,-111.98,5.03,0.6,6.654403225806451,-3.612258064516129,0.16225806451612904,302.922175
Ord_1916,Prod_13,SHP_2628,242.8,0.07,42,95.91,1.0,0.38,5.780952380952381,2.2835714285714284,0.023809523809523808,128.894
Ord_2914,Prod_6,SHP_4019,128.56,0.0,6,-7.84,8.68,0.37,21.426666666666666,-1.3066666666666666,1.4466666666666665,127.72
Ord_2962,Prod_11,SHP_4083,1835.47,0.1,13,-364.87,16.01,0.7,141.19,-28.06692307692308,1.2315384615384617,2000.783
Ord_2971,Prod_15,SHP_4097,3602.12,0.05,36,-728.18,45.0,0.69,100.05888888888889,-20.22722222222222,1.25,4105.194
Ord_2971,Prod_5,SHP_4098,1174.94,0.02,43,-125.79,19.46,0.44,27.324186046511628,-2.9253488372093024,0.4525581395348837,1257.7712
Ord_2604,Prod_9,SHP_3565,8.34,0.09,1,-3.44,1.39,0.36,8.34,-3.44,1.39,9.6394
Ord_823,Prod_6,SHP_3776,617.34,0.06,49,47.1,6.47,0.38,12.598775510204081,0.9612244897959183,0.1320408163265306,526.7296
Ord_2579,Prod_3,SHP_3533,378.6,0.08,33,12.72,5.63,0.4,11.472727272727273,0.3854545454545455,0.1706060606060606,329.962
Ord_2664,Prod_3,SHP_3650,101.57,0.01,45,-5.99,1.49,0.38,2.257111111111111,-0.13311111111111112,0.03311111111111111,105.0543
Ord_2695,Prod_2,SHP_3689,1166.29,0.07,28,302.86,4.5,0.56,41.653214285714284,10.816428571428572,0.16071428571428573,777.2896999999999
Ord_2755,Prod_6,SHP_3781,76.42,0.03,15,-3.95,3.01,0.36,5.094666666666667,-0.26333333333333336,0.20066666666666666,75.0674
Ord_2639,Prod_4,SHP_3610,2604.315,0.0,45,750.87,5.26,0.56,57.873666666666665,16.686,0.11688888888888889,1848.185
Ord_3604,Prod_11,SHP_4989,6865.072,0.0,45,1117.24,29.21,0.74,152.55715555555557,24.827555555555556,0.6491111111111111,5718.622
Ord_3604,Prod_3,SHP_4988,253.26,0.02,8,49.66,6.27,0.37,31.6575,6.2075,0.78375,192.26479999999998
Ord_3008,Prod_13,SHP_4167,61.94,0.1,39,-17.78,1.29,0.42,1.5882051282051282,-0.4558974358974359,0.03307692307692308,72.23599999999999
Ord_4343,Prod_11,SHP_6057,1264.46,0.0,38,-1249.39,45.51,0.65,33.275263157894734,-32.878684210526316,1.1976315789473684,2468.34
Ord_4389,Prod_8,SHP_6119,748.83,0.01,21,250.01,1.99,0.45,35.65857142857143,11.905238095238095,0.09476190476190476,489.34170000000006
Ord_4511,Prod_3,SHP_6280,124.78,0.09,33,-122.67,5.26,0.38,3.7812121212121212,-3.7172727272727273,0.1593939393939394,230.9598
Ord_4588,Prod_3,SHP_6383,163.41,0.07,25,-91.28,6.97,0.36,6.5363999999999995,-3.6512000000000002,0.2788,236.2813
Ord_4374,Prod_8,SHP_6096,463.83,0.0,13,103.26,1.99,0.45,35.67923076923077,7.943076923076924,0.15307692307692308,358.58
Ord_4511,Prod_13,SHP_6280,123.4,0.1,22,30.5,0.83,0.49,5.609090909090909,1.3863636363636365,0.03772727272727273,79.73
Ord_4343,Prod_3,SHP_6058,158.25,0.09,35,-114.74,5.42,0.37,4.521428571428571,-3.278285714285714,0.15485714285714286,253.3275
Ord_3144,Prod_6,SHP_4365,1602.21,0.05,33,728.49,5.79,0.37,48.551818181818184,22.075454545454544,0.17545454545454545,787.8195000000001
Ord_3144,Prod_5,SHP_4364,423.07,0.01,16,126.95,8.99,0.5,26.441875,7.934375,0.561875,282.8993
Ord_3118,Prod_4,SHP_4329,4158.1235,0.01,37,1228.89,8.99,0.55,112.3817162162162,33.21324324324325,0.242972972972973,2878.662265
Ord_3182,Prod_12,SHP_4415,110.2,0.07,28,42.84,0.5,0.39,3.935714285714286,1.53,0.017857142857142856,59.146
Ord_3145,Prod_5,SHP_4366,547.82,0.08,29,69.63,8.99,0.47,18.89034482758621,2.4010344827586207,0.31,425.37440000000004
Ord_3126,Prod_17,SHP_4337,334.89,0.03,28,-1.44,5.99,0.36,11.960357142857143,-0.05142857142857143,0.21392857142857144,320.2933
Ord_3164,Prod_3,SHP_4391,15.88,0.05,3,-11.04,4.69,0.35,5.293333333333334,-3.6799999999999997,1.5633333333333335,21.436
Ord_3158,Prod_3,SHP_4382,375.61,0.1,38,-21.26,5.75,0.39,9.884473684210526,-0.5594736842105263,0.1513157894736842,353.559
Ord_3179,Prod_13,SHP_4412,113.2,0.1,19,24.83,0.91,0.51,5.957894736842105,1.3068421052631578,0.04789473684210527,76.14
Ord_3135,Prod_5,SHP_4349,441.7,0.08,21,167.18,3.63,0.52,21.03333333333333,7.9609523809523814,0.17285714285714285,235.55399999999997
Ord_3182,Prod_6,SHP_4416,54.86,0.09,12,-50.6,6.72,0.4,4.571666666666666,-4.216666666666667,0.5599999999999999,93.80260000000001
Ord_3165,Prod_5,SHP_4392,466.35,0.01,11,159.25,9.2,0.65,42.39545454545455,14.477272727272727,0.8363636363636363,293.23650000000004
Ord_3190,Prod_4,SHP_4426,2119.0415,0.0,12,-6.57,8.99,0.6,176.58679166666664,-0.5475,0.7491666666666666,2116.6215
Ord_3132,Prod_13,SHP_4346,616.01,0.09,30,-74.88,8.99,0.59,20.533666666666665,-2.496,0.2996666666666667,626.4590999999999
Ord_3132,Prod_4,SHP_4346,438.6085,0.01,17,-56.05,8.59,0.56,25.8005,-3.2970588235294116,0.5052941176470588,481.68241500000005
Ord_2051,Prod_8,SHP_2804,1711.79,0.01,49,812.32,1.99,0.41,34.93448979591837,16.57795918367347,0.040612244897959185,880.3620999999999
Ord_1792,Prod_4,SHP_2483,1559.7755,0.03,22,-247.18,0.99,0.85,70.89888636363636,-11.235454545454546,0.045,1759.172235
Ord_2051,Prod_12,SHP_2804,38.24,0.02,11,-37.55,5.33,0.36,3.4763636363636365,-3.4136363636363636,0.48454545454545456,69.6952
Ord_1792,Prod_13,SHP_2483,225.14,0.08,11,-42.61,8.99,0.58,20.467272727272725,-3.8736363636363635,0.8172727272727273,240.74879999999996
Ord_2312,Prod_11,SHP_3168,5811.97,0.03,45,-434.15,51.94,0.63,129.1548888888889,-9.647777777777778,1.1542222222222223,6019.820900000001
Ord_2313,Prod_17,SHP_3169,1914.16,0.01,23,128.43,33.6,0.37,83.22434782608696,5.583913043478261,1.4608695652173913,1732.9884000000002
Ord_3960,Prod_6,SHP_5503,202.89,0.07,32,-201.91,10.05,0.37,6.3403125,-6.3096875,0.3140625,380.54769999999996
Ord_3943,Prod_1,SHP_5480,215.76,0.09,21,-97.75,7.46,0.59,10.274285714285714,-4.654761904761905,0.35523809523809524,286.6316
Ord_3956,Prod_6,SHP_5498,2123.64,0.03,43,1013.77,5.86,0.37,49.38697674418604,23.576046511627908,0.13627906976744186,1040.3008
Ord_3977,Prod_13,SHP_5527,163.14,0.07,7,-37.5,8.99,0.57,23.305714285714284,-5.357142857142857,1.2842857142857143,180.23019999999997
Ord_3991,Prod_4,SHP_5551,1247.8595,0.01,11,-55.8,8.99,0.57,113.44177272727273,-5.072727272727272,0.8172727272727273,1282.190905
Ord_3967,Prod_11,SHP_5515,6589.304,0.02,30,912.48,66.67,0.65,219.64346666666668,30.416,2.2223333333333333,5478.367920000001
Ord_3878,Prod_5,SHP_5374,269.35,0.07,35,-14.99,3.68,0.52,7.695714285714287,-0.42828571428571427,0.10514285714285715,261.8055
Ord_3824,Prod_3,SHP_5302,116.84,0.1,22,-125.44,7.78,0.37,5.3109090909090915,-5.701818181818182,0.35363636363636364,222.816
Ord_3907,Prod_6,SHP_5422,85.62,0.07,11,-81.22,11.15,0.37,7.783636363636364,-7.383636363636364,1.0136363636363637,149.6966
Ord_1367,Prod_2,SHP_1884,1562.97,0.01,34,501.59,4.62,0.56,45.96970588235294,14.752647058823529,0.13588235294117648,1041.1303000000003
Ord_1655,Prod_4,SHP_2285,2376.7105,0.01,40,721.81,3.99,0.57,59.4177625,18.04525,0.09975,1627.1433950000005
Ord_1411,Prod_6,SHP_1946,1567.51,0.01,40,711.74,5.08,0.38,39.18775,17.7935,0.127,835.0149000000001
Ord_1312,Prod_7,SHP_1808,132.07,0.06,38,14.0,1.63,0.36,3.4755263157894736,0.3684210526315789,0.04289473684210526,108.5158
Ord_1411,Prod_1,SHP_1947,1914.65,0.01,17,73.45,8.64,0.78,112.62647058823529,4.320588235294117,0.5082352941176471,1813.4134999999999
Ord_1363,Prod_7,SHP_1880,113.4,0.05,27,-5.02,2.0,0.53,4.2,-0.1859259259259259,0.07407407407407407,110.75
Ord_1318,Prod_7,SHP_1815,15.87,0.01,3,2.53,0.76,0.39,5.29,0.8433333333333333,0.25333333333333335,12.4213
Ord_1318,Prod_12,SHP_1814,102.56,0.06,40,36.62,0.5,0.39,2.564,0.9155,0.0125,59.28640000000001
Ord_1363,Prod_5,SHP_1879,2431.13,0.01,22,660.63,13.99,0.69,110.5059090909091,30.028636363636362,0.6359090909090909,1732.1987000000004
Ord_1339,Prod_3,SHP_1842,156.47,0.01,20,-39.23,6.05,0.39,7.8235,-1.9614999999999998,0.3025,188.0853
Ord_5336,Prod_2,SHP_7449,2317.65,0.0,29,568.6,13.99,0.52,79.91896551724139,19.606896551724137,0.4824137931034483,1735.0600000000004
Ord_5254,Prod_4,SHP_7335,525.555,0.04,7,-60.67,1.25,0.39,75.0792857142857,-8.667142857142858,0.17857142857142858,563.9527999999999
Ord_650,Prod_16,SHP_7421,33.54,0.08,4,-29.49,8.37,0.58,8.385,-7.3725,2.0925,51.9768
Ord_5341,Prod_8,SHP_7458,1338.12,0.04,43,519.7,1.99,0.42,31.119069767441857,12.086046511627908,0.04627906976744186,762.9051999999999
Ord_5254,Prod_4,SHP_7336,276.029,0.05,39,-108.19,5.03,0.6,7.0776666666666666,-2.774102564102564,0.128974358974359,365.38755000000003
Ord_604,Prod_9,SHP_826,1406.64,0.02,50,424.36,8.23,0.38,28.132800000000003,8.4872,0.1646,945.9172
Ord_610,Prod_3,SHP_834,187.16,0.01,26,29.33,2.99,0.35,7.1984615384615385,1.128076923076923,0.115,152.96839999999997
Ord_624,Prod_8,SHP_852,12.2,0.01,1,-33.93,1.99,0.41,12.2,-33.93,1.99,44.018
Ord_634,Prod_4,SHP_867,3116.7715,0.08,45,-106.51,0.99,0.85,69.26158888888888,-2.366888888888889,0.022,2972.9497800000004
Ord_650,Prod_8,SHP_888,2232.66,0.1,16,-521.09,4.0,0.79,139.54125,-32.568125,0.25,2526.484
Ord_3150,Prod_10,SHP_4373,487.59,0.04,8,-205.29,36.61,0.61,60.94875,-25.66125,4.57625,636.7664
Ord_3129,Prod_1,SHP_4342,937.8,0.0,31,27.12,6.64,0.7,30.251612903225805,0.8748387096774194,0.21419354838709675,904.04
Ord_3122,Prod_3,SHP_4333,353.62,0.01,27,140.15,1.49,0.35,13.097037037037037,5.190740740740741,0.055185185185185184,208.44379999999998
Ord_3172,Prod_5,SHP_4403,742.8,0.02,15,265.87,10.25,0.57,49.519999999999996,17.724666666666668,0.6833333333333333,451.82399999999996
Ord_2900,Prod_11,SHP_4001,3072.86,0.08,21,-364.87,39.25,0.75,146.32666666666668,-17.374761904761904,1.869047619047619,3152.6512
Ord_2834,Prod_1,SHP_3897,1150.88,0.05,30,-911.56,35.0,0.8,38.36266666666667,-30.38533333333333,1.1666666666666667,1969.896
Ord_2834,Prod_6,SHP_3896,70.24,0.03,13,-59.75,7.44,0.36,5.403076923076923,-4.596153846153846,0.5723076923076923,120.44279999999999
Ord_2834,Prod_6,SHP_3896,40.75,0.05,5,-27.57,8.74,0.36,8.15,-5.514,1.748,57.5425
Ord_2870,Prod_5,SHP_3953,4321.63,0.08,49,-1549.14,56.2,0.74,88.1965306122449,-31.61510204081633,1.146938775510204,5468.8396
Ord_2870,Prod_6,SHP_3953,67.14,0.07,11,-29.98,5.35,0.4,6.1036363636363635,-2.7254545454545456,0.48636363636363633,87.0702
Ord_2860,Prod_13,SHP_3936,123.93,0.1,31,11.93,0.94,0.56,3.9977419354838712,0.38483870967741934,0.030322580645161287,98.667
Ord_2966,Prod_8,SHP_4089,1383.9,0.05,17,311.58,6.13,0.45,81.40588235294118,18.328235294117647,0.36058823529411765,996.9950000000001
Ord_2899,Prod_6,SHP_4000,240.74,0.05,20,21.05,5.09,0.38,12.037,1.0525,0.2545,202.563
Ord_5041,Prod_4,SHP_7034,1463.105,0.06,48,446.99,1.25,0.57,30.481354166666666,9.312291666666667,0.026041666666666668,927.0787
Ord_5032,Prod_4,SHP_7021,2628.9225,0.03,36,832.19,0.99,0.55,73.025625,23.116388888888892,0.0275,1716.8748250000003
Ord_5032,Prod_6,SHP_7020,80.29,0.03,4,-6.57,5.21,0.37,20.0725,-1.6425,1.3025,79.24130000000002
Ord_5030,Prod_8,SHP_7017,7319.85,0.03,49,611.43,4.0,0.79,149.38469387755103,12.478163265306122,0.08163265306122448,6484.8245
Ord_5041,Prod_5,SHP_7036,123.67,0.03,19,-34.17,5.22,0.6,6.508947368421053,-1.7984210526315791,0.27473684210526317,148.9099
Ord_5030,Prod_1,SHP_7018,707.44,0.01,28,-50.27,8.79,0.66,25.26571428571429,-1.7953571428571429,0.3139285714285714,741.8456000000001
Ord_5041,Prod_2,SHP_7035,1085.4,0.02,42,262.32,5.37,0.5,25.842857142857145,6.2457142857142856,0.12785714285714286,796.0020000000002
Ord_5034,Prod_2,SHP_7023,430.13,0.02,28,2.33,6.75,0.52,15.361785714285714,0.08321428571428571,0.24107142857142858,412.4474
Ord_5052,Prod_13,SHP_7050,827.83,0.09,38,-57.73,8.99,0.57,21.785,-1.5192105263157893,0.23657894736842106,802.0653000000001
Ord_5050,Prod_6,SHP_7047,167.66,0.01,23,-15.48,4.91,0.37,7.289565217391305,-0.6730434782608696,0.21347826086956523,176.55339999999998
Ord_149,Prod_3,SHP_7028,3.2,0.09,1,-3.16,1.49,0.37,3.2,-3.16,1.49,4.582000000000001
Ord_963,Prod_6,SHP_1332,68.66,0.06,2,-29.6,5.76,0.4,34.33,-14.8,2.88,88.3804
Ord_953,Prod_4,SHP_1320,3093.864,0.07,19,286.4,5.26,0.56,162.83494736842104,15.073684210526315,0.2768421052631579,2585.63352
Ord_953,Prod_3,SHP_1318,265.88,0.05,46,-90.9,5.01,0.39,5.78,-1.9760869565217392,0.10891304347826086,338.476
Ord_1016,Prod_8,SHP_1406,138.05,0.09,19,-100.49,5.53,0.69,7.265789473684211,-5.288947368421052,0.2910526315789474,220.58550000000002
Ord_912,Prod_13,SHP_1256,27.05,0.0,12,1.0,0.83,0.57,2.254166666666667,0.08333333333333333,0.06916666666666667,25.220000000000002
Ord_908,Prod_2,SHP_1251,168.66,0.08,45,-167.06,5.13,0.59,3.7479999999999998,-3.7124444444444444,0.114,317.09720000000004
Ord_908,Prod_6,SHP_4912,209.53,0.03,36,-81.06,5.67,0.36,5.820277777777778,-2.251666666666667,0.1575,278.6341
Ord_3531,Prod_6,SHP_4891,288.91,0.08,25,-14.06,6.47,0.38,11.556400000000002,-0.5624,0.2588,273.3872
Ord_908,Prod_1,SHP_4912,225.47,0.0,14,-29.07,7.51,0.57,16.105,-2.0764285714285715,0.5364285714285714,247.03
Ord_4927,Prod_2,SHP_6873,1458.83,0.05,25,392.76,3.5,0.57,58.353199999999994,15.7104,0.14,989.6285
Ord_5227,Prod_8,SHP_7301,437.87,0.09,15,-111.94,6.5,0.64,29.191333333333333,-7.462666666666666,0.43333333333333335,503.9017
Ord_5234,Prod_6,SHP_7311,31.14,0.08,4,-14.59,5.86,0.36,7.785,-3.6475,1.465,37.3788
Ord_1095,Prod_8,SHP_6849,1651.07,0.09,42,-100.49,6.5,0.74,39.311190476190475,-2.3926190476190476,0.15476190476190477,1596.4637
Ord_4927,Prod_4,SHP_6873,2447.1075,0.0,31,856.96,0.99,0.55,78.93895161290322,27.643870967741936,0.03193548387096774,1589.1575000000003
Ord_1048,Prod_3,SHP_1447,518.8,0.1,17,54.63,11.63,0.37,30.517647058823528,3.213529411764706,0.6841176470588236,400.65999999999997
Ord_1072,Prod_4,SHP_1482,1642.642,0.08,44,314.84,4.99,0.56,37.332772727272726,7.155454545454545,0.11340909090909092,1191.40064
Ord_1051,Prod_8,SHP_1450,824.24,0.1,32,-127.23,5.89,0.75,25.7575,-3.9759375,0.1840625,863.1560000000001
Ord_1083,Prod_13,SHP_1496,192.33,0.01,44,48.54,1.2,0.44,4.371136363636364,1.1031818181818183,0.02727272727272727,140.66670000000002
Ord_1095,Prod_3,SHP_1511,41.53,0.04,4,-15.53,6.19,0.38,10.3825,-3.8825,1.5475,49.208800000000004
Ord_814,Prod_5,SHP_1118,198.72,0.01,4,-34.43,14.45,0.57,49.68,-8.6075,3.6125,216.71280000000002
Ord_787,Prod_5,SHP_1081,196.75,0.03,22,0.13,4.95,0.41,8.943181818181818,0.005909090909090909,0.225,185.7675
Ord_823,Prod_5,SHP_1130,60.76,0.03,16,5.25,1.61,0.44,3.7975,0.328125,0.100625,52.0772
Ord_781,Prod_5,SHP_1072,206.04,0.0,9,-49.81,14.39,0.47,22.89333333333333,-5.5344444444444445,1.598888888888889,241.45999999999998
Ord_714,Prod_5,SHP_978,246.98,0.1,35,-94.78,5.21,0.56,7.056571428571428,-2.708,0.14885714285714285,311.852
Ord_700,Prod_11,SHP_958,9194.8,0.1,45,-1760.57,69.64,0.77,204.32888888888888,-39.123777777777775,1.5475555555555556,9966.25
Ord_811,Prod_1,SHP_1115,189.19,0.08,12,-56.71,8.34,0.59,15.765833333333333,-4.725833333333333,0.695,222.4248
Ord_700,Prod_10,SHP_958,2285.12,0.08,17,-455.8,36.09,0.77,134.41882352941175,-26.811764705882354,2.1229411764705883,2522.0204
Ord_731,Prod_5,SHP_996,2052.82,0.05,30,-870.61,37.58,0.78,68.42733333333334,-29.020333333333333,1.2526666666666666,2783.2090000000003
Ord_700,Prod_5,SHP_957,2932.99,0.07,34,-1448.83,56.2,0.74,86.26441176470587,-42.612647058823526,1.6529411764705884,4120.3107
Ord_772,Prod_6,SHP_1058,1993.94,0.02,41,931.7,5.79,0.37,48.63268292682927,22.72439024390244,0.14121951219512197,1016.5712000000001
Ord_772,Prod_6,SHP_1057,265.35,0.02,24,-128.69,11.59,0.4,11.05625,-5.3620833333333335,0.48291666666666666,377.14300000000003
Ord_772,Prod_6,SHP_1059,24.73,0.04,3,-10.77,4.91,0.37,8.243333333333334,-3.59,1.6366666666666667,29.6008
Ord_865,Prod_5,SHP_1190,662.21,0.01,33,256.57,3.62,0.43,20.066969696969696,7.7748484848484845,0.1096969696969697,395.3979
Ord_835,Prod_5,SHP_1143,103.9,0.07,4,-19.26,7.58,0.51,25.975,-4.815,1.895,108.30700000000002
Ord_569,Prod_3,SHP_773,91.43,0.08,47,-22.9,1.49,0.38,1.9453191489361703,-0.48723404255319147,0.03170212765957447,105.5256
Ord_520,Prod_8,SHP_701,683.68,0.0,23,-95.54,8.99,0.7,29.725217391304344,-4.153913043478261,0.3908695652173913,770.2299999999999
Ord_518,Prod_8,SHP_697,319.69,0.0,43,-73.66,3.52,0.68,7.434651162790698,-1.7130232558139533,0.08186046511627908,389.83000000000004
Ord_582,Prod_5,SHP_791,1410.44,0.07,19,545.11,19.99,0.43,74.23368421052632,28.69,1.0521052631578947,746.6092
Ord_513,Prod_10,SHP_692,6900.13,0.01,38,552.97,23.58,0.74,181.58236842105262,14.551842105263159,0.6205263157894736,6254.5787
Ord_520,Prod_6,SHP_700,27.34,0.06,4,-12.38,4.96,0.36,6.835,-3.095,1.24,33.1196
Ord_552,Prod_2,SHP_749,2564.45,0.01,32,650.73,13.99,0.52,80.1390625,20.3353125,0.4371875,1874.0855000000001
Ord_552,Prod_6,SHP_750,53.55,0.07,7,-43.5,9.68,0.36,7.6499999999999995,-6.214285714285714,1.3828571428571428,83.6215
Ord_2554,Prod_3,SHP_3496,52.7,0.03,20,-64.88,4.79,0.37,2.6350000000000002,-3.2439999999999998,0.2395,111.209
Ord_2550,Prod_4,SHP_3491,1680.977,0.05,43,383.09,4.99,0.56,39.09248837209302,8.90906976744186,0.11604651162790698,1208.8481500000003
Ord_2550,Prod_6,SHP_3490,233.2,0.04,31,-48.07,5.83,0.36,7.52258064516129,-1.5506451612903225,0.18806451612903227,266.11199999999997
Ord_2550,Prod_6,SHP_3491,79.53,0.08,16,-48.55,5.49,0.38,4.970625,-3.034375,0.343125,116.22760000000001
Ord_2970,Prod_17,SHP_4096,331.21,0.04,20,-67.38,9.4,0.49,16.560499999999998,-3.3689999999999998,0.47000000000000003,375.9416
Ord_3783,Prod_4,SHP_5249,881.501,0.02,28,334.53,3.3,0.39,31.48217857142857,11.9475,0.11785714285714285,526.0409800000001
Ord_2970,Prod_1,SHP_5273,278.76,0.02,17,-210.09,17.78,0.59,16.39764705882353,-12.358235294117648,1.0458823529411765,465.4948
Ord_2970,Prod_6,SHP_5274,1379.1,0.06,29,573.8,5.81,0.38,47.5551724137931,19.78620689655172,0.2003448275862069,716.7439999999999
Ord_3785,Prod_12,SHP_5252,162.57,0.02,42,75.8,0.5,0.37,3.8707142857142856,1.8047619047619048,0.011904761904761904,83.0186
Ord_2970,Prod_9,SHP_5273,141.9,0.02,12,1.46,5.72,0.35,11.825000000000001,0.12166666666666666,0.4766666666666666,131.882
Ord_3783,Prod_6,SHP_5250,161.72,0.09,25,-121.18,8.4,0.37,6.4688,-4.8472,0.336,259.9452
Ord_3783,Prod_4,SHP_5250,660.059,0.05,36,-0.65,1.25,0.83,18.33497222222222,-0.018055555555555557,0.034722222222222224,626.4560499999999
Ord_764,Prod_2,SHP_1043,443.35,0.02,37,-21.73,4.98,0.58,11.982432432432432,-0.5872972972972973,0.1345945945945946,451.233
Ord_702,Prod_9,SHP_960,108.26,0.06,7,25.51,1.39,0.38,15.465714285714286,3.6442857142857146,0.19857142857142857,74.8644
Ord_732,Prod_8,SHP_997,1905.79,0.01,46,675.65,1.99,0.54,41.430217391304346,14.68804347826087,0.043260869565217394,1209.0920999999998
Ord_764,Prod_6,SHP_1043,30.85,0.03,4,-12.88,5.79,0.36,7.7125,-3.22,1.4475,37.014500000000005
Ord_702,Prod_2,SHP_960,297.05,0.09,15,-16.89,6.32,0.58,19.803333333333335,-1.1260000000000001,0.42133333333333334,280.8855
Ord_764,Prod_5,SHP_1044,392.61,0.08,41,-100.15,7.29,0.45,9.575853658536586,-2.4426829268292685,0.17780487804878048,454.0612
Ord_738,Prod_7,SHP_1006,151.19,0.03,38,60.63,0.71,0.39,3.978684210526316,1.5955263157894737,0.01868421052631579,85.3143
Ord_738,Prod_4,SHP_1005,2692.6895,0.03,49,768.32,4.2,0.55,54.95284693877551,15.680000000000001,0.08571428571428572,1839.3888149999998
Ord_862,Prod_10,SHP_1186,2137.1,0.05,31,-686.01,46.74,0.56,68.93870967741935,-22.129354838709677,1.507741935483871,2669.515
Ord_846,Prod_8,SHP_1165,130.11,0.03,16,-47.69,2.83,0.77,8.131875,-2.980625,0.176875,171.06670000000003
Ord_846,Prod_1,SHP_1166,4012.58,0.05,15,-425.14,35.0,0.8,267.50533333333334,-28.342666666666666,2.3333333333333335,4202.091
Ord_862,Prod_13,SHP_1187,571.17,0.05,48,129.87,2.36,0.55,11.899375,2.705625,0.049166666666666664,410.38149999999996
Ord_846,Prod_6,SHP_1167,1295.54,0.06,31,214.23,17.48,0.36,41.791612903225804,6.910645161290322,0.5638709677419355,986.0975999999998
Ord_875,Prod_6,SHP_1203,75.89,0.09,13,-31.01,5.15,0.36,5.837692307692308,-2.3853846153846154,0.3961538461538462,94.9199
Ord_3978,Prod_15,SHP_5530,1465.33,0.01,12,-66.38,30.0,0.69,122.11083333333333,-5.531666666666666,2.5,1487.0567
Ord_3993,Prod_8,SHP_5553,318.94,0.1,45,-195.6,5.53,0.69,7.087555555555555,-4.346666666666667,0.1228888888888889,477.116
Ord_3978,Prod_2,SHP_5528,42.66,0.09,7,-30.74,6.89,0.6,6.094285714285713,-4.3914285714285715,0.9842857142857142,62.67059999999999
Ord_3963,Prod_5,SHP_5508,73.7,0.06,9,1.42,4.0,0.42,8.18888888888889,0.15777777777777777,0.4444444444444444,63.858000000000004
Ord_3978,Prod_6,SHP_5529,655.58,0.01,18,250.67,5.09,0.38,36.42111111111112,13.92611111111111,0.2827777777777778,393.2642000000001
Ord_1410,Prod_1,SHP_1945,981.9,0.06,26,11.38,12.9,0.57,37.76538461538461,0.4376923076923077,0.49615384615384617,898.706
Ord_1392,Prod_2,SHP_1922,514.86,0.09,50,-53.18,4.5,0.59,10.2972,-1.0636,0.09,517.2026
Ord_1418,Prod_4,SHP_1959,53.737,0.05,5,-28.44,5.03,0.6,10.7474,-5.688000000000001,1.006,74.46015
Ord_1418,Prod_1,SHP_1958,442.57,0.01,27,-60.73,8.78,0.57,16.39148148148148,-2.2492592592592593,0.3251851851851852,490.09430000000003
Ord_5321,Prod_3,SHP_7431,1665.81,0.06,41,557.52,7.47,0.37,40.62951219512195,13.598048780487805,0.1821951219512195,1000.8714
Ord_5280,Prod_8,SHP_7370,991.01,0.01,30,46.29,6.5,0.64,33.03366666666667,1.543,0.21666666666666667,928.3099
Ord_5280,Prod_6,SHP_7371,1267.42,0.01,29,177.79,19.99,0.36,43.70413793103449,6.1306896551724135,0.6893103448275861,1056.9658000000002
Ord_5319,Prod_13,SHP_7429,58.14,0.04,21,-2.23,0.97,0.59,2.7685714285714287,-0.1061904761904762,0.04619047619047619,57.0744
Ord_5319,Prod_4,SHP_7429,891.6075,0.06,49,100.59,4.81,0.58,18.19607142857143,2.052857142857143,0.09816326530612245,732.71105
Ord_5292,Prod_13,SHP_7387,38.37,0.1,25,-13.88,1.29,0.42,1.5348,-0.5552,0.0516,47.123000000000005
Ord_5300,Prod_6,SHP_7401,354.13,0.09,19,8.79,8.68,0.37,18.63842105263158,0.4626315789473684,0.4568421052631579,304.7883
Ord_5319,Prod_13,SHP_7428,836.59,0.06,48,-106.8,8.65,0.57,17.428958333333334,-2.225,0.18020833333333333,884.5446000000001
Ord_5300,Prod_6,SHP_7402,751.94,0.07,40,69.08,8.68,0.37,18.7985,1.7269999999999999,0.217,621.5442
Ord_5314,Prod_13,SHP_7422,188.77,0.02,45,21.93,1.17,0.57,4.194888888888889,0.48733333333333334,0.026,161.89460000000003
Ord_5339,Prod_6,SHP_7454,126.95,0.0,5,-4.17,8.18,0.39,25.39,-0.834,1.636,122.94000000000001
Ord_5332,Prod_6,SHP_7444,307.37,0.04,47,-249.27,9.17,0.37,6.539787234042553,-5.303617021276596,0.1951063829787234,535.1752
Ord_5267,Prod_5,SHP_7354,262.76,0.05,12,-146.05,21.2,0.78,21.896666666666665,-12.170833333333334,1.7666666666666666,374.472
Ord_5335,Prod_6,SHP_7448,2055.98,0.0,40,1016.86,5.86,0.37,51.3995,25.4215,0.14650000000000002,1033.2599999999998
Ord_5276,Prod_8,SHP_7365,2896.14,0.08,29,366.63,19.99,0.5,99.86689655172414,12.642413793103447,0.6893103448275861,2277.8288000000002
Ord_2802,Prod_11,SHP_3856,3122.55,0.07,22,-574.56,46.2,0.69,141.9340909090909,-26.116363636363634,2.1,3432.3315000000002
Ord_2701,Prod_7,SHP_3697,38.52,0.06,31,-17.34,0.7,0.81,1.2425806451612904,-0.5593548387096774,0.02258064516129032,52.8488
Ord_2777,Prod_6,SHP_3813,375.11,0.01,50,-331.63,11.15,0.37,7.5022,-6.6326,0.223,691.8389
Ord_2730,Prod_5,SHP_3742,208.04,0.1,29,14.77,4.0,0.42,7.173793103448276,0.5093103448275862,0.13793103448275862,168.46599999999998
Ord_2646,Prod_1,SHP_3619,816.23,0.05,12,-353.71,35.0,0.8,68.01916666666666,-29.47583333333333,2.9166666666666665,1094.1285
Ord_2701,Prod_6,SHP_3697,593.62,0.02,14,25.19,19.99,0.36,42.401428571428575,1.7992857142857144,1.4278571428571427,536.5676
Ord_2801,Prod_3,SHP_3855,236.68,0.08,41,-82.79,5.01,0.39,5.772682926829268,-2.019268292682927,0.12219512195121951,295.5256
Ord_2801,Prod_1,SHP_3855,6255.81,0.01,43,693.26,19.99,0.73,145.4839534883721,16.122325581395348,0.4648837209302325,5480.0019
Ord_2765,Prod_6,SHP_3794,131.43,0.01,31,37.25,1.3,0.37,4.239677419354839,1.2016129032258065,0.041935483870967745,91.56569999999999
Ord_2801,Prod_3,SHP_3855,616.5,0.02,39,25.99,8.4,0.39,15.807692307692308,0.6664102564102564,0.2153846153846154,569.78
Ord_3951,Prod_4,SHP_5490,1532.482,0.1,15,-43.0,8.99,0.57,102.16546666666666,-2.8666666666666667,0.5993333333333334,1413.2438
Ord_3950,Prod_8,SHP_5489,333.68,0.01,19,81.96,1.99,0.42,17.562105263157896,4.313684210526316,0.10473684210526316,246.39320000000004
Ord_2506,Prod_2,SHP_5852,128.59,0.07,5,-15.17,5.37,0.5,25.718,-3.034,1.074,129.3887
Ord_4202,Prod_3,SHP_5857,27.44,0.02,1,-11.76,2.99,0.39,27.44,-11.76,2.99,35.6612
Ord_4140,Prod_17,SHP_5767,4096.21,0.08,18,308.22,26.53,0.56,227.56722222222223,17.123333333333335,1.473888888888889,3433.7631999999994
Ord_4140,Prod_5,SHP_5766,627.12,0.08,50,100.04,4.98,0.48,12.5424,2.0008,0.09960000000000001,471.9303999999999
Ord_4223,Prod_8,SHP_5894,124.75,0.06,3,-112.64,1.99,0.55,41.583333333333336,-37.54666666666667,0.6633333333333333,227.91500000000002
Ord_2506,Prod_7,SHP_5853,4.97,0.04,1,-4.91,1.43,0.38,4.97,-4.91,1.43,8.2512
Ord_4209,Prod_4,SHP_5870,2896.358,0.0,50,583.5,8.99,0.6,57.92716,11.67,0.17980000000000002,2303.8680000000004
Ord_4203,Prod_5,SHP_5859,804.14,0.1,50,-25.27,8.99,0.47,16.0828,-0.5054,0.17980000000000002,740.006
Ord_4203,Prod_1,SHP_5860,567.51,0.01,8,-255.55,35.0,0.8,70.93875,-31.94375,4.375,782.3849
Ord_4209,Prod_12,SHP_5870,18.05,0.06,6,0.13,0.99,0.36,3.0083333333333333,0.021666666666666667,0.165,15.847000000000001
Ord_2444,Prod_17,SHP_3352,450.28,0.09,25,-12.35,8.51,0.4,18.0112,-0.494,0.3404,413.5948
Ord_2506,Prod_8,SHP_3435,1368.03,0.04,26,27.51,6.5,0.73,52.61653846153846,1.0580769230769231,0.25,1279.2988
Ord_2506,Prod_6,SHP_3435,260.64,0.08,41,-106.21,6.15,0.37,6.357073170731707,-2.5904878048780486,0.15000000000000002,339.8488
Ord_2506,Prod_4,SHP_3434,1250.4265,0.02,32,303.3,2.5,0.56,39.075828125,9.478125,0.078125,919.61797
Ord_2506,Prod_2,SHP_3434,2433.53,0.02,43,946.7,0.99,0.57,56.593720930232564,22.016279069767442,0.023023255813953487,1437.1694000000005
Ord_2383,Prod_9,SHP_3271,34.66,0.06,7,-20.87,4.99,0.38,4.951428571428571,-2.9814285714285718,0.7128571428571429,48.46039999999999
Ord_2474,Prod_5,SHP_3391,26.13,0.1,3,-10.61,4.0,0.42,8.709999999999999,-3.5366666666666666,1.3333333333333333,30.127
Ord_5038,Prod_13,SHP_7030,69.4,0.09,7,12.02,1.09,0.43,9.914285714285715,1.717142857142857,0.15571428571428572,50.044
Ord_5037,Prod_5,SHP_7027,251.51,0.06,32,-9.78,3.68,0.52,7.8596875,-0.305625,0.115,242.5194
Ord_5047,Prod_3,SHP_7043,103.5,0.06,23,-73.07,5.41,0.35,4.5,-3.1769565217391302,0.23521739130434782,164.95
Ord_5048,Prod_16,SHP_7044,135.77,0.05,10,0.53,3.14,0.6,13.577000000000002,0.053000000000000005,0.314,125.31150000000001
Ord_5048,Prod_1,SHP_7045,447.25,0.08,35,-15.92,4.51,0.59,12.778571428571428,-0.45485714285714285,0.12885714285714286,422.88000000000005
Ord_5038,Prod_2,SHP_7029,424.13,0.06,21,57.17,3.99,0.57,20.196666666666665,2.7223809523809526,0.19,337.5222
Ord_4940,Prod_5,SHP_6891,243.52,0.01,15,-59.64,13.56,0.58,16.234666666666666,-3.976,0.904,287.1648
Ord_5093,Prod_5,SHP_7113,266.64,0.07,35,-36.76,4.95,0.41,7.618285714285714,-1.0502857142857143,0.14142857142857143,279.7852
Ord_4874,Prod_7,SHP_6801,270.32,0.06,47,-47.15,3.37,0.54,5.751489361702127,-1.003191489361702,0.07170212765957447,297.88079999999997
Ord_5093,Prod_3,SHP_7112,320.42,0.03,41,-66.37,6.16,0.35,7.8151219512195125,-1.6187804878048782,0.15024390243902438,371.0174
Ord_4940,Prod_11,SHP_7165,3849.8,0.04,14,192.2,35.67,0.66,274.9857142857143,13.728571428571428,2.547857142857143,3467.938
Ord_5110,Prod_6,SHP_7137,168.2,0.08,29,-64.53,5.46,0.36,5.8,-2.2251724137931035,0.18827586206896552,213.814
Ord_4903,Prod_3,SHP_7139,264.78,0.02,29,53.05,2.99,0.39,9.130344827586207,1.829310344827586,0.10310344827586207,203.44439999999997
Ord_5110,Prod_15,SHP_7136,4475.0,0.02,45,-1523.77,74.35,0.57,99.44444444444444,-33.861555555555555,1.652222222222222,5834.92
Ord_4923,Prod_5,SHP_7151,2437.67,0.08,50,25.68,22.24,0.55,48.7534,0.5136,0.4448,2194.7364000000002
Ord_5129,Prod_10,SHP_7167,4203.88,0.1,29,-865.88,66.27,0.65,144.96137931034482,-29.857931034482757,2.285172413793103,4583.102
Ord_4940,Prod_3,SHP_6891,198.29,0.08,41,-134.41,5.68,0.36,4.836341463414634,-3.2782926829268293,0.13853658536585364,311.1568
Ord_4874,Prod_17,SHP_6801,361.98,0.0,21,-55.61,9.4,0.49,17.237142857142857,-2.6480952380952383,0.44761904761904764,408.19000000000005
Ord_4913,Prod_2,SHP_6853,801.98,0.0,34,-99.95,13.99,0.52,23.58764705882353,-2.9397058823529414,0.41147058823529414,887.94
Ord_4880,Prod_4,SHP_6809,1204.0845,0.04,41,341.96,1.1,0.55,29.36791463414634,8.340487804878048,0.02682926829268293,812.86112
Ord_4903,Prod_13,SHP_6839,854.9,0.05,25,76.87,8.99,0.56,34.196,3.0748,0.35960000000000003,726.295
Ord_4923,Prod_1,SHP_6867,1438.33,0.08,43,163.38,8.22,0.57,33.44953488372093,3.79953488372093,0.19116279069767445,1151.6635999999999
Ord_4866,Prod_8,SHP_6789,1325.06,0.06,38,-180.23,9.02,0.75,34.87,-4.742894736842105,0.23736842105263156,1416.7664
Ord_4934,Prod_6,SHP_6884,194.09,0.03,33,-63.35,5.37,0.36,5.881515151515152,-1.9196969696969697,0.16272727272727272,246.2473
Ord_4903,Prod_1,SHP_6839,389.98,0.07,32,-14.98,4.81,0.58,12.186875,-0.468125,0.1503125,372.8514
Ord_705,Prod_4,SHP_965,1580.6005,0.07,30,303.53,2.79,0.56,52.686683333333335,10.117666666666667,0.093,1163.638465
Ord_734,Prod_13,SHP_999,110.79,0.1,11,-11.13,2.89,0.6,10.071818181818182,-1.011818181818182,0.26272727272727275,107.95100000000001
Ord_694,Prod_2,SHP_949,1556.87,0.04,22,-521.42,60.0,0.41,70.76681818181818,-23.70090909090909,2.727272727272727,1956.0151999999998
Ord_694,Prod_6,SHP_950,195.98,0.08,33,-71.47,5.35,0.4,5.9387878787878785,-2.1657575757575755,0.1621212121212121,246.42159999999998
Ord_694,Prod_6,SHP_950,274.38,0.04,48,-94.82,5.37,0.36,5.71625,-1.9754166666666666,0.111875,352.8548
Ord_685,Prod_3,SHP_938,68.45,0.08,16,-57.88,5.41,0.35,4.278125,-3.6175,0.338125,115.44400000000002
Ord_705,Prod_5,SHP_965,446.72,0.05,22,-39.0,14.39,0.47,20.30545454545455,-1.7727272727272727,0.6540909090909092,448.994
Ord_713,Prod_5,SHP_977,310.31,0.02,20,51.5,7.4,0.48,15.5155,2.575,0.37,245.2038
Ord_799,Prod_5,SHP_1101,480.39,0.01,21,144.66,8.99,0.41,22.875714285714285,6.888571428571429,0.4280952380952381,321.9361
Ord_805,Prod_3,SHP_1107,1190.8,0.07,44,502.49,1.49,0.38,27.063636363636363,11.420227272727272,0.03386363636363637,603.4639999999999
Ord_743,Prod_2,SHP_1012,399.76,0.04,27,48.13,3.5,0.58,14.805925925925926,1.7825925925925927,0.12962962962962962,332.1396
Ord_743,Prod_17,SHP_1013,5393.27,0.1,22,353.72,28.06,0.56,245.14863636363637,16.078181818181818,1.2754545454545454,4472.163
Ord_757,Prod_14,SHP_1034,6607.92,0.06,34,1462.72,24.49,0.46,194.3505882352941,43.02117647058824,0.7202941176470588,4724.2348
Ord_545,Prod_6,SHP_740,305.96,0.06,49,-191.49,7.49,0.37,6.244081632653061,-3.9079591836734697,0.15285714285714286,471.6024
Ord_512,Prod_12,SHP_691,47.28,0.0,9,17.05,0.5,0.36,5.253333333333334,1.8944444444444446,0.05555555555555555,29.73
Ord_534,Prod_4,SHP_723,1098.506,0.05,29,218.73,2.5,0.56,37.87951724137931,7.542413793103448,0.08620689655172414,822.3507
Ord_512,Prod_8,SHP_691,642.9,0.07,17,88.72,1.99,0.54,37.817647058823525,5.218823529411765,0.11705882352941177,507.1869999999999
Ord_2342,Prod_5,SHP_3213,383.57,0.06,32,70.51,5.16,0.43,11.9865625,2.2034375,0.16125,284.88579999999996
Ord_2342,Prod_5,SHP_3214,461.1,0.05,31,116.96,5.0,0.49,14.874193548387098,3.772903225806451,0.16129032258064516,316.08500000000004
Ord_1628,Prod_1,SHP_2248,1390.17,0.07,13,-469.84,35.0,0.82,106.93615384615386,-36.14153846153846,2.6923076923076925,1727.6981
Ord_1626,Prod_6,SHP_2246,51.65,0.1,10,-32.13,5.49,0.38,5.165,-3.213,0.549,73.125
Ord_1626,Prod_12,SHP_2245,78.22,0.03,26,32.5,0.5,0.36,3.0084615384615385,1.25,0.019230769230769232,42.873400000000004
Ord_1589,Prod_2,SHP_2195,187.55,0.1,25,-171.41,9.23,0.58,7.502000000000001,-6.8564,0.36920000000000003,330.975
Ord_2885,Prod_4,SHP_3979,1304.0275,0.1,24,34.36,8.99,0.6,54.33447916666666,1.4316666666666666,0.3745833333333333,1130.27475
Ord_2891,Prod_3,SHP_3988,156.97,0.01,4,-25.43,14.72,0.37,39.2425,-6.3575,3.68,166.1103
Ord_2844,Prod_2,SHP_3913,311.08,0.08,30,-38.45,4.5,0.59,10.369333333333334,-1.2816666666666667,0.15,320.1436
Ord_2866,Prod_3,SHP_3945,341.42,0.06,33,71.5,2.99,0.38,10.346060606060606,2.1666666666666665,0.0906060606060606,246.4448
Ord_2894,Prod_3,SHP_3992,13.96,0.06,1,-4.7,2.99,0.38,13.96,-4.7,2.99,14.8324
Ord_2882,Prod_4,SHP_3975,3814.171,0.04,35,1077.13,4.2,0.57,108.97631428571428,30.77514285714286,0.12000000000000001,2580.27416
Ord_2858,Prod_6,SHP_3934,316.61,0.03,41,110.34,1.71,0.4,7.72219512195122,2.691219512195122,0.041707317073170734,195.06170000000006
Ord_2956,Prod_10,SHP_4077,5483.96,0.02,44,-1330.5,58.64,0.75,124.63545454545455,-30.238636363636363,1.3327272727272728,6646.1408
Ord_1639,Prod_6,SHP_2262,48.26,0.09,9,2.76,2.04,0.36,5.362222222222222,0.30666666666666664,0.22666666666666668,39.1166
Ord_2894,Prod_9,SHP_3993,531.48,0.08,50,232.58,1.39,0.39,10.6296,4.6516,0.0278,254.99160000000003
Ord_2925,Prod_5,SHP_4043,508.49,0.1,45,-28.81,6.2,0.52,11.299777777777779,-0.6402222222222222,0.13777777777777778,480.25100000000003
Ord_1639,Prod_12,SHP_4073,188.7,0.07,49,77.02,0.5,0.39,3.851020408163265,1.5718367346938775,0.01020408163265306,97.97099999999999
Ord_2925,Prod_8,SHP_4042,2296.76,0.01,23,241.15,19.99,0.52,99.85913043478261,10.484782608695653,0.8691304347826087,2012.6524000000004
Ord_2894,Prod_15,SHP_3994,3524.55,0.08,29,-570.18,30.0,0.78,121.53620689655173,-19.661379310344827,1.0344827586206897,3782.766
Ord_2894,Prod_5,SHP_3992,890.61,0.05,42,297.11,3.63,0.52,21.205000000000002,7.07404761904762,0.08642857142857142,545.3395
Ord_2836,Prod_4,SHP_3900,1000.3565,0.06,14,229.78,3.3,0.37,71.45403571428571,16.412857142857142,0.2357142857142857,707.2551100000001
Ord_2866,Prod_5,SHP_3946,381.39,0.01,30,31.24,6.2,0.52,12.713,1.0413333333333332,0.20666666666666667,340.1361
Ord_2836,Prod_3,SHP_3899,234.37,0.05,46,-144.68,5.74,0.36,5.095,-3.145217391304348,0.12478260869565218,361.5915
Ord_2894,Prod_13,SHP_3992,64.19,0.08,10,3.77,1.5,0.48,6.419,0.377,0.15,53.7848
Ord_2882,Prod_5,SHP_3975,118.95,0.03,9,30.8,6.2,0.52,13.216666666666667,3.4222222222222225,0.6888888888888889,78.3815
Ord_2903,Prod_3,SHP_4004,225.09,0.02,10,64.14,2.99,0.36,22.509,6.414,0.29900000000000004,153.45819999999998
Ord_821,Prod_6,SHP_1128,260.96,0.09,40,-96.7,6.22,0.37,6.523999999999999,-2.4175,0.1555,327.9536
Ord_736,Prod_5,SHP_1003,208.78,0.05,42,24.87,2.03,0.51,4.970952380952381,0.5921428571428572,0.048333333333333325,171.441
Ord_742,Prod_4,SHP_1011,2162.8165,0.01,20,223.25,8.99,0.59,108.14082499999999,11.1625,0.4495,1908.948335
Ord_736,Prod_15,SHP_1002,3819.42,0.1,44,-821.87,42.0,0.66,86.805,-18.678863636363637,0.9545454545454546,4217.348
Ord_860,Prod_15,SHP_1184,556.45,0.08,21,-124.42,14.36,0.6,26.49761904761905,-5.924761904761905,0.6838095238095238,621.994
Ord_1684,Prod_15,SHP_2329,759.94,0.09,13,-226.45,32.41,0.56,58.45692307692308,-17.41923076923077,2.4930769230769227,885.5854000000002
Ord_2723,Prod_11,SHP_3732,794.58,0.05,50,11.65,27.75,0.76,15.8916,0.233,0.555,715.451
Ord_1725,Prod_6,SHP_2386,2463.6,0.03,43,1040.65,10.75,0.36,57.29302325581395,24.201162790697676,0.25,1338.292
Ord_2703,Prod_8,SHP_3700,28.75,0.01,3,-31.43,3.62,0.61,9.583333333333334,-10.476666666666667,1.2066666666666668,56.272499999999994
Ord_2703,Prod_6,SHP_3701,75.81,0.06,3,-21.13,8.18,0.39,25.27,-7.043333333333333,2.7266666666666666,84.21140000000001
Ord_1781,Prod_13,SHP_3869,46.42,0.04,21,2.38,0.7,0.57,2.2104761904761907,0.11333333333333333,0.03333333333333333,41.4832
Ord_2703,Prod_4,SHP_3702,259.7175,0.02,38,-118.48,5.03,0.6,6.834671052631578,-3.1178947368421053,0.13236842105263158,367.97315
Ord_1693,Prod_13,SHP_2344,72.63,0.07,3,-26.94,5.53,0.59,24.209999999999997,-8.98,1.8433333333333335,88.95589999999999
Ord_2779,Prod_2,SHP_3816,341.1,0.0,27,-4.75,4.98,0.58,12.633333333333335,-0.17592592592592593,0.18444444444444447,340.87
Ord_2779,Prod_6,SHP_3817,171.68,0.07,26,-116.56,8.19,0.37,6.603076923076923,-4.483076923076923,0.315,268.0324
Ord_1422,Prod_5,SHP_1965,233.92,0.1,27,-80.75,8.54,0.43,8.663703703703703,-2.990740740740741,0.31629629629629624,282.738
Ord_1490,Prod_4,SHP_2058,6057.27,0.0,36,1585.5,4.2,0.6,168.25750000000002,44.041666666666664,0.11666666666666667,4467.570000000001
Ord_1422,Prod_6,SHP_1966,1642.05,0.03,28,829.73,4.86,0.36,58.644642857142856,29.633214285714285,0.17357142857142857,758.1985
Ord_3429,Prod_1,SHP_4754,6069.05,0.05,40,1816.71,7.07,0.59,151.72625,45.41775,0.17675000000000002,3941.8175
Ord_3508,Prod_7,SHP_4859,42.23,0.1,23,-15.11,0.76,0.83,1.836086956521739,-0.6569565217391304,0.03304347826086956,52.357
Ord_3330,Prod_1,SHP_4621,3981.23,0.07,21,294.94,19.99,0.71,189.58238095238096,14.044761904761904,0.9519047619047618,3387.6139000000003
Ord_3285,Prod_6,SHP_4559,62.84,0.06,11,9.53,2.04,0.36,5.712727272727273,0.8663636363636363,0.18545454545454546,47.4996
Ord_3251,Prod_2,SHP_4508,1767.88,0.07,37,66.47,13.66,0.58,47.78054054054054,1.7964864864864865,0.3691891891891892,1563.9984
Ord_3330,Prod_12,SHP_4621,205.11,0.06,44,95.52,0.5,0.36,4.66159090909091,2.170909090909091,0.011363636363636364,96.78340000000001
Ord_3251,Prod_8,SHP_4509,277.42,0.01,12,49.82,1.99,0.43,23.118333333333336,4.151666666666666,0.16583333333333333,222.8358
Ord_3401,Prod_3,SHP_4716,207.42,0.04,40,-115.35,5.68,0.36,5.185499999999999,-2.88375,0.142,308.79319999999996
Ord_3211,Prod_2,SHP_4453,2150.25,0.06,47,586.93,3.99,0.56,45.75,12.48787234042553,0.0848936170212766,1430.315
Ord_3330,Prod_4,SHP_4621,2458.2425,0.1,20,110.54,8.99,0.58,122.91212499999999,5.527,0.4495,2092.88825
Ord_3401,Prod_6,SHP_4716,1031.18,0.01,48,349.82,5.77,0.38,21.482916666666668,7.287916666666667,0.12020833333333332,665.2782000000002
Ord_3251,Prod_1,SHP_4510,178.13,0.04,13,-19.75,5.5,0.57,13.702307692307691,-1.5192307692307692,0.4230769230769231,185.2548
Ord_3480,Prod_15,SHP_4818,1333.18,0.07,26,120.01,14.19,0.56,51.276153846153846,4.615769230769231,0.5457692307692308,1105.6574
Ord_3211,Prod_1,SHP_4453,448.0,0.08,13,27.2,6.31,0.58,34.46153846153846,2.0923076923076924,0.48538461538461536,378.65
Ord_3411,Prod_1,SHP_4728,601.78,0.05,44,26.44,4.51,0.59,13.67681818181818,0.600909090909091,0.1025,540.741
Ord_3367,Prod_1,SHP_4667,5320.57,0.02,28,534.29,19.99,0.71,190.02035714285714,19.08178571428571,0.7139285714285714,4659.8786
Ord_3480,Prod_13,SHP_4819,117.27,0.01,19,35.45,0.83,0.49,6.172105263157895,1.8657894736842107,0.04368421052631579,79.81729999999999
Ord_3480,Prod_9,SHP_4817,155.89,0.1,17,50.19,1.39,0.37,9.17,2.9523529411764704,0.08176470588235293,88.721
Ord_5036,Prod_2,SHP_7026,2101.59,0.01,16,554.91,24.49,0.46,131.349375,34.681875,1.530625,1501.1741000000006
Ord_5028,Prod_17,SHP_7015,730.33,0.1,14,110.77,10.17,0.37,52.166428571428575,7.9121428571428565,0.7264285714285714,536.3570000000001
Ord_5031,Prod_8,SHP_7019,1146.41,0.0,15,-88.61,14.52,0.65,76.42733333333334,-5.907333333333333,0.968,1220.5
Ord_2434,Prod_6,SHP_3341,1029.29,0.06,26,109.16,17.48,0.36,39.58807692307692,4.1984615384615385,0.6723076923076923,840.8926
Ord_3871,Prod_8,SHP_5364,323.91,0.09,11,-96.53,4.0,0.75,29.44636363636364,-8.775454545454545,0.36363636363636365,387.2881
Ord_3871,Prod_6,SHP_5365,185.59,0.1,10,12.01,5.77,0.38,18.559,1.201,0.577,149.251
Ord_3869,Prod_7,SHP_5362,63.47,0.0,47,-19.92,0.7,0.81,1.3504255319148937,-0.4238297872340426,0.014893617021276595,82.69
Ord_3865,Prod_12,SHP_5356,75.74,0.1,28,13.23,0.99,0.36,2.7049999999999996,0.47250000000000003,0.03535714285714286,53.946
Ord_2692,Prod_4,SHP_3686,1752.0965,0.1,46,356.35,4.99,0.57,38.08905434782609,7.746739130434783,0.10847826086956522,1215.5468500000002
Ord_2832,Prod_6,SHP_3894,284.92,0.03,32,81.29,2.15,0.4,8.90375,2.5403125,0.0671875,192.93240000000003
Ord_2678,Prod_9,SHP_3667,94.83,0.02,12,29.87,1.39,0.36,7.9025,2.4891666666666667,0.11583333333333333,61.67339999999999
Ord_2716,Prod_8,SHP_3722,394.8,0.1,23,-113.8,4.0,0.79,17.16521739130435,-4.947826086956522,0.17391304347826086,465.12
Ord_3186,Prod_4,SHP_4421,283.6535,0.09,17,-113.05,2.5,0.81,16.6855,-6.6499999999999995,0.14705882352941177,368.674685
Ord_3124,Prod_8,SHP_4335,126.87,0.08,4,-125.99,5.5,0.75,31.7175,-31.4975,1.375,237.2104
Ord_640,Prod_15,SHP_873,12457.63,0.08,45,1063.46,69.55,0.6,276.8362222222222,23.632444444444445,1.5455555555555556,10328.009600000001
Ord_659,Prod_12,SHP_901,67.45,0.05,25,24.28,0.5,0.39,2.698,0.9712000000000001,0.02,39.2975
Ord_643,Prod_6,SHP_877,72.08,0.04,16,-54.75,5.68,0.4,4.505,-3.421875,0.355,118.26679999999999
Ord_665,Prod_17,SHP_909,1090.6,0.07,45,300.91,6.3,0.38,24.235555555555553,6.686888888888889,0.13999999999999999,707.048
Ord_4215,Prod_7,SHP_5879,109.39,0.07,45,16.31,1.02,0.38,2.430888888888889,0.3624444444444444,0.02266666666666667,84.4027
Ord_4215,Prod_6,SHP_5878,64.86,0.0,11,22.05,0.95,0.36,5.8963636363636365,2.0045454545454544,0.08636363636363636,41.86
Ord_1187,Prod_5,SHP_5895,1087.58,0.01,27,514.45,3.04,0.53,40.28074074074074,19.053703703703704,0.11259259259259259,559.2141999999999
Ord_1187,Prod_1,SHP_5896,4273.35,0.07,42,-892.03,35.0,0.82,101.74642857142858,-21.238809523809522,0.8333333333333334,4831.2455
Ord_4119,Prod_13,SHP_5739,46.89,0.09,28,-3.83,0.7,0.56,1.674642857142857,-0.1367857142857143,0.024999999999999998,45.799899999999994
Ord_4132,Prod_5,SHP_5754,366.87,0.1,40,-1.79,5.71,0.41,9.17175,-0.04475,0.14275,326.26300000000003
Ord_4119,Prod_8,SHP_5738,627.91,0.03,41,222.08,1.99,0.42,15.314878048780487,5.416585365853659,0.04853658536585366,385.0026999999999
Ord_1296,Prod_6,SHP_1788,115.54,0.04,24,43.35,0.8,0.36,4.814166666666667,1.8062500000000001,0.03333333333333333,66.76840000000001
Ord_1295,Prod_13,SHP_1786,260.37,0.02,45,44.15,1.99,0.46,5.7860000000000005,0.981111111111111,0.044222222222222225,209.02259999999998
Ord_1291,Prod_4,SHP_1781,1576.223,0.05,29,286.12,3.99,0.57,54.35251724137931,9.866206896551724,0.13758620689655174,1207.3018499999998
Ord_1289,Prod_3,SHP_1778,513.74,0.02,32,-28.68,10.13,0.38,16.054375,-0.89625,0.3165625,522.0151999999999
Ord_1292,Prod_4,SHP_1783,5352.9345,0.09,33,1343.21,4.2,0.57,162.21013636363637,40.70333333333333,0.1272727272727273,3523.7603950000002
Ord_1187,Prod_15,SHP_1639,4165.04,0.0,45,135.68,30.0,0.61,92.55644444444444,3.015111111111111,0.6666666666666666,3999.36
Ord_1289,Prod_5,SHP_1779,36.8,0.0,4,14.19,5.21,0.56,9.2,3.5475,1.3025,17.4
Ord_5086,Prod_9,SHP_7102,69.6,0.0,11,6.46,2.5,0.36,6.327272727272727,0.5872727272727273,0.22727272727272727,60.63999999999999
Ord_5103,Prod_3,SHP_7125,18.91,0.0,3,-16.35,7.01,0.37,6.303333333333334,-5.45,2.3366666666666664,28.25
Ord_5109,Prod_4,SHP_7135,5678.5525,0.01,42,1727.78,8.99,0.55,135.20363095238093,41.13761904761905,0.21404761904761904,3884.996975
Ord_5109,Prod_6,SHP_7134,138.95,0.04,14,9.63,4.39,0.38,9.924999999999999,0.687857142857143,0.31357142857142856,119.37200000000001
Ord_5098,Prod_3,SHP_7120,1384.34,0.1,40,562.31,2.99,0.35,34.6085,14.057749999999999,0.07475000000000001,680.606
Ord_5086,Prod_8,SHP_7101,857.11,0.07,29,285.2,1.99,0.42,29.55551724137931,9.83448275862069,0.06862068965517241,509.9223
Ord_5086,Prod_4,SHP_7103,1279.505,0.1,43,384.2,1.1,0.55,29.755930232558143,8.934883720930232,0.025581395348837212,766.2545000000002
Ord_5105,Prod_8,SHP_7129,139.61,0.01,26,-92.04,4.93,0.66,5.369615384615385,-3.54,0.1896153846153846,225.32390000000004
Ord_5090,Prod_5,SHP_7107,182.86,0.0,35,-106.27,5.72,0.47,5.224571428571429,-3.036285714285714,0.16342857142857142,283.41
Ord_5103,Prod_4,SHP_7125,1024.165,0.02,10,-105.7,5.99,0.57,102.4165,-10.57,0.599,1103.3917
Ord_5051,Prod_16,SHP_7049,321.5,0.03,29,20.31,3.37,0.57,11.086206896551724,0.7003448275862069,0.11620689655172414,288.175
Ord_5049,Prod_6,SHP_7046,1387.29,0.03,25,405.64,14.3,0.37,55.4916,16.2256,0.5720000000000001,925.7313
Ord_5042,Prod_5,SHP_7037,355.55,0.03,46,-166.74,7.98,0.42,7.729347826086957,-3.6247826086956523,0.17347826086956522,503.6435
Ord_3892,Prod_8,SHP_5397,1114.42,0.09,43,425.07,1.99,0.4,25.916744186046515,9.885348837209301,0.04627906976744186,587.0622000000001
Ord_3856,Prod_8,SHP_5346,137.38,0.06,8,-11.39,1.99,0.45,17.1725,-1.42375,0.24875,138.5372
Ord_3864,Prod_4,SHP_5355,1972.884,0.04,19,140.91,7.69,0.58,103.836,7.416315789473684,0.4047368421052632,1745.36864
Ord_3861,Prod_12,SHP_5352,10.65,0.1,4,-0.64,0.5,0.39,2.6625,-0.16,0.125,9.725000000000001
Ord_3830,Prod_8,SHP_5311,767.34,0.04,10,-154.65,14.52,0.65,76.73400000000001,-15.465,1.452,876.7764000000001
Ord_3849,Prod_6,SHP_5336,65.52,0.07,10,-22.57,5.46,0.36,6.552,-2.257,0.546,78.0436
Ord_3814,Prod_9,SHP_5289,35.58,0.04,7,-19.95,4.99,0.38,5.082857142857143,-2.85,0.7128571428571429,49.1168
Ord_3861,Prod_8,SHP_5352,6768.16,0.03,44,907.49,6.5,0.74,153.82181818181817,20.624772727272727,0.14772727272727273,5651.1252
Ord_3864,Prod_13,SHP_5355,258.54,0.1,27,-16.3,4.82,0.47,9.575555555555557,-0.6037037037037037,0.17851851851851852,244.16600000000003
Ord_3880,Prod_8,SHP_5377,1104.28,0.08,29,359.75,1.99,0.44,38.078620689655175,12.405172413793103,0.06862068965517241,654.1976
Ord_3930,Prod_6,SHP_5459,48.05,0.01,6,-11.34,5.2,0.37,8.008333333333333,-1.89,0.8666666666666667,53.70949999999999
Ord_4184,Prod_4,SHP_5834,908.412,0.07,17,-71.19,8.99,0.58,53.436,-4.187647058823529,0.5288235294117647,907.02316
Ord_4228,Prod_3,SHP_5901,212.12,0.01,50,-154.63,5.26,0.38,4.2424,-3.0926,0.1052,359.3688
Ord_4220,Prod_2,SHP_5890,1561.96,0.03,31,119.92,13.66,0.58,50.38580645161291,3.868387096774194,0.4406451612903226,1381.5212
Ord_4184,Prod_5,SHP_5833,3304.38,0.0,44,-634.49,37.58,0.78,75.09954545454546,-14.420227272727272,0.854090909090909,3901.29
Ord_4179,Prod_9,SHP_5825,44.56,0.05,8,4.81,1.39,0.38,5.57,0.60125,0.17375,36.132
Ord_4193,Prod_5,SHP_5844,279.63,0.07,23,61.69,5.16,0.43,12.157826086956522,2.6821739130434783,0.22434782608695653,193.2059
Ord_4156,Prod_2,SHP_5792,1580.57,0.08,26,-750.82,49.0,0.59,60.79115384615385,-28.87769230769231,1.8846153846153846,2155.9444
Ord_4205,Prod_8,SHP_5862,221.42,0.03,44,-142.02,4.62,0.64,5.032272727272727,-3.227727272727273,0.105,352.17740000000003
Ord_4179,Prod_1,SHP_5826,152.14,0.09,13,-26.87,4.81,0.58,11.703076923076923,-2.066923076923077,0.37,160.5074
Ord_4231,Prod_8,SHP_5904,244.9,0.08,31,-61.14,3.62,0.61,7.9,-1.972258064516129,0.1167741935483871,282.828
Ord_1143,Prod_5,SHP_1576,303.59,0.1,32,-45.99,6.22,0.55,9.4871875,-1.4371875,0.194375,313.001
Ord_1143,Prod_6,SHP_1577,191.6,0.04,36,-150.74,7.44,0.36,5.322222222222222,-4.187222222222222,0.20666666666666667,327.236
Ord_1146,Prod_4,SHP_1580,6477.7395,0.01,37,1653.97,8.99,0.58,175.07404054054052,44.70189189189189,0.242972972972973,4750.002105
Ord_1146,Prod_5,SHP_1580,1005.74,0.1,47,199.3,8.99,0.41,21.398723404255318,4.240425531914894,0.19127659574468087,696.876
Ord_5408,Prod_5,SHP_7551,239.49,0.04,23,-159.35,12.52,0.57,10.412608695652175,-6.928260869565217,0.5443478260869565,376.7404
Ord_3806,Prod_4,SHP_7463,160.2335,0.04,23,-85.13,5.03,0.6,6.966673913043478,-3.701304347826087,0.21869565217391304,233.92416
Ord_5375,Prod_4,SHP_7505,2912.015,0.09,37,698.17,4.9,0.56,78.70310810810811,18.86945945945946,0.13243243243243244,1946.8636499999998
Ord_3806,Prod_5,SHP_7463,2808.08,0.07,26,1054.82,5.81,0.65,108.00307692307692,40.57,0.22346153846153843,1550.8844000000001
Ord_5408,Prod_4,SHP_7552,1819.153,0.02,14,-35.5,8.99,0.58,129.9395,-2.5357142857142856,0.6421428571428571,1809.2799400000001
Ord_5404,Prod_5,SHP_7547,2022.18,0.09,20,594.44,21.26,0.59,101.10900000000001,29.722,1.0630000000000002,1224.4838
Ord_3931,Prod_4,SHP_5460,3373.7095,0.01,34,861.72,8.99,0.57,99.22675,25.34470588235294,0.26441176470588235,2469.2624050000004
Ord_3806,Prod_8,SHP_5279,140.56,0.04,15,-128.38,8.99,0.79,9.370666666666667,-8.558666666666666,0.5993333333333334,254.32760000000002
Ord_3923,Prod_3,SHP_5450,76.85,0.1,18,-64.08,5.41,0.35,4.269444444444444,-3.56,0.3005555555555556,127.835
Ord_3872,Prod_8,SHP_5366,278.65,0.05,33,-36.34,2.38,0.74,8.443939393939393,-1.1012121212121213,0.07212121212121211,298.6775
Ord_3913,Prod_4,SHP_5430,155.924,0.09,8,-63.12,4.81,0.58,19.4905,-7.89,0.60125,200.20084
Ord_3921,Prod_1,SHP_5447,606.91,0.09,29,-271.77,11.52,0.83,20.927931034482757,-9.371379310344826,0.3972413793103448,812.5381
Ord_693,Prod_9,SHP_948,253.89,0.01,45,-83.66,5.3,0.35,5.6419999999999995,-1.859111111111111,0.11777777777777777,329.7111
Ord_719,Prod_4,SHP_984,1223.3795,0.08,23,83.57,5.92,0.58,53.19041304347826,3.633478260869565,0.2573913043478261,1036.01914
Ord_746,Prod_6,SHP_1019,527.6,0.0,50,221.59,1.79,0.38,10.552,4.4318,0.0358,304.22
Ord_750,Prod_5,SHP_1024,97.86,0.04,6,-21.09,8.99,0.39,16.31,-3.515,1.4983333333333333,106.04560000000001
Ord_752,Prod_10,SHP_1026,7477.78,0.09,31,883.29,41.91,0.59,241.21870967741935,28.493225806451612,1.3519354838709676,5879.5798
Ord_752,Prod_6,SHP_1028,201.35,0.02,30,-107.37,7.5,0.4,6.711666666666667,-3.579,0.25,297.193
Ord_719,Prod_4,SHP_983,184.331,0.07,6,-89.2,5.99,0.38,30.721833333333333,-14.866666666666667,0.9983333333333334,254.63783
Ord_746,Prod_8,SHP_1017,3075.83,0.03,50,1207.91,1.99,0.5,61.5166,24.1582,0.0398,1773.6551000000002
Ord_752,Prod_5,SHP_1027,270.39,0.01,24,-30.42,7.94,0.52,11.26625,-1.2675,0.33083333333333337,290.16610000000003
Ord_746,Prod_12,SHP_1018,73.37,0.04,24,16.1,0.99,0.37,3.0570833333333334,0.6708333333333334,0.04125,53.34520000000001
Ord_842,Prod_15,SHP_1157,3939.89,0.05,13,598.24,48.8,0.56,303.0684615384615,46.01846153846154,3.753846153846154,3095.8554999999997
Ord_869,Prod_12,SHP_1196,22.78,0.01,6,3.96,0.5,0.37,3.796666666666667,0.66,0.08333333333333333,18.092200000000002
Ord_842,Prod_3,SHP_1156,277.88,0.09,36,-64.41,6.16,0.35,7.7188888888888885,-1.7891666666666666,0.1711111111111111,311.12080000000003
Ord_855,Prod_3,SHP_1178,210.46,0.03,44,50.04,1.49,0.39,4.783181818181818,1.1372727272727272,0.03386363636363637,152.61620000000002
Ord_842,Prod_6,SHP_1156,925.3,0.04,47,257.31,5.77,0.38,19.68723404255319,5.474680851063829,0.1227659574468085,625.2080000000001
Ord_850,Prod_17,SHP_1172,551.44,0.0,36,28.7,7.51,0.39,15.31777777777778,0.7972222222222222,0.2086111111111111,515.23
Ord_3676,Prod_8,SHP_5095,1008.19,0.03,23,210.01,1.99,0.55,43.83434782608696,9.130869565217392,0.08652173913043479,765.9443000000001
Ord_3665,Prod_8,SHP_5080,401.14,0.1,10,-131.03,6.5,0.74,40.114,-13.103,0.65,485.5559999999999
Ord_3676,Prod_8,SHP_5095,2440.26,0.0,50,917.28,1.99,0.55,48.805200000000006,18.3456,0.0398,1520.9900000000005
Ord_3684,Prod_6,SHP_5109,272.63,0.04,43,-64.45,5.14,0.37,6.340232558139535,-1.4988372093023257,0.11953488372093023,321.0348
Ord_3664,Prod_6,SHP_5079,226.68,0.04,41,-159.35,7.28,0.38,5.5287804878048785,-3.886585365853658,0.17756097560975612,369.6828
Ord_1059,Prod_7,SHP_1464,71.12,0.1,38,-21.89,0.7,0.83,1.8715789473684212,-0.5760526315789474,0.018421052631578946,85.19800000000001
Ord_1034,Prod_3,SHP_1427,113.5,0.05,15,-46.35,6.28,0.4,7.566666666666666,-3.0900000000000003,0.4186666666666667,147.895
Ord_1103,Prod_13,SHP_1524,51.75,0.05,9,4.16,0.7,0.6,5.75,0.46222222222222226,0.07777777777777778,44.302499999999995
Ord_1073,Prod_3,SHP_1484,270.43,0.07,37,-83.16,6.16,0.35,7.308918918918919,-2.2475675675675673,0.16648648648648648,328.4999
Ord_1982,Prod_6,SHP_2708,154.35,0.0,21,-91.14,8.74,0.36,7.35,-4.34,0.4161904761904762,236.75
Ord_1990,Prod_9,SHP_2719,311.38,0.06,26,34.12,5.72,0.35,11.976153846153846,1.3123076923076922,0.22,252.85719999999998
Ord_2675,Prod_5,SHP_3663,802.16,0.1,41,-293.45,14.87,0.57,19.564878048780486,-7.157317073170732,0.3626829268292683,1000.5239999999999
Ord_2713,Prod_4,SHP_3718,1655.3665,0.08,31,173.93,8.99,0.56,53.39891935483871,5.610645161290323,0.29,1340.01718
Ord_1990,Prod_11,SHP_3558,6746.312,0.07,48,-433.29,29.21,0.76,140.54816666666667,-9.026875,0.6085416666666666,6678.15016
Ord_2713,Prod_5,SHP_3716,1835.84,0.05,16,608.74,13.99,0.69,114.74,38.04625,0.874375,1121.318
Ord_2713,Prod_13,SHP_3717,133.43,0.1,48,9.5,0.93,0.54,2.7797916666666667,0.19791666666666666,0.019375,109.657
Ord_2536,Prod_4,SHP_3472,405.3395,0.01,7,-147.88,3.9,0.55,57.90564285714286,-21.125714285714285,0.5571428571428572,545.2661049999999
Ord_2503,Prod_7,SHP_3431,28.34,0.09,19,1.68,0.7,0.37,1.4915789473684211,0.08842105263157894,0.03684210526315789,23.4094
Ord_2516,Prod_13,SHP_3446,61.45,0.06,34,0.62,0.7,0.56,1.8073529411764706,0.018235294117647058,0.020588235294117647,56.443000000000005
Ord_2536,Prod_6,SHP_3471,28.34,0.01,4,-18.55,7.44,0.36,7.085,-4.6375,1.86,39.1666
Ord_2551,Prod_10,SHP_3492,2002.4,0.0,19,151.09,26.22,0.6,105.38947368421053,7.952105263157895,1.38,1825.0900000000001
Ord_2531,Prod_12,SHP_3465,86.48,0.1,19,33.58,0.5,0.36,4.551578947368421,1.7673684210526315,0.02631578947368421,43.75200000000001
Ord_1982,Prod_3,SHP_2708,216.77,0.02,33,-55.11,5.27,0.36,6.568787878787879,-1.67,0.15969696969696967,262.2746
Ord_3162,Prod_6,SHP_4389,137.77,0.01,10,1.85,6.47,0.38,13.777000000000001,0.185,0.647,128.0723
Ord_3125,Prod_5,SHP_4336,520.49,0.0,9,-51.01,18.45,0.65,57.83222222222222,-5.667777777777777,2.05,553.0500000000001
Ord_476,Prod_4,SHP_641,653.871,0.09,15,-311.05,5.0,0.83,43.5914,-20.736666666666668,0.3333333333333333,901.0726099999999
Ord_486,Prod_3,SHP_654,155.45,0.03,10,-19.68,8.4,0.39,15.544999999999998,-1.968,0.8400000000000001,162.0665
Ord_445,Prod_17,SHP_596,410.43,0.1,46,-54.58,5.76,0.39,8.922391304347826,-1.1865217391304348,0.1252173913043478,418.207
Ord_445,Prod_3,SHP_596,648.26,0.07,46,30.48,7.27,0.38,14.092608695652174,0.662608695652174,0.15804347826086956,565.1318
Ord_2420,Prod_13,SHP_3321,112.59,0.09,35,-126.7,5.0,0.56,3.216857142857143,-3.62,0.14285714285714285,224.1569
Ord_445,Prod_3,SHP_3428,468.95,0.02,38,-2.38,7.19,0.4,12.340789473684211,-0.06263157894736841,0.1892105263157895,454.76099999999997
Ord_2420,Prod_5,SHP_3320,1091.47,0.04,11,160.48,39.61,0.67,99.22454545454546,14.589090909090908,3.600909090909091,847.7212000000001
Ord_2425,Prod_6,SHP_3330,45.18,0.1,11,-10.77,2.97,0.35,4.107272727272727,-0.979090909090909,0.27,48.462
Ord_2356,Prod_4,SHP_3236,959.089,0.06,17,124.99,2.5,0.55,56.417,7.35235294117647,0.14705882352941177,774.05366
Ord_2341,Prod_3,SHP_3212,136.67,0.07,34,-117.92,5.44,0.36,4.019705882352941,-3.468235294117647,0.16,239.5831
Ord_2376,Prod_6,SHP_3264,113.25,0.03,16,-43.43,6.65,0.36,7.078125,-2.714375,0.415625,146.6325
Ord_2425,Prod_2,SHP_3328,1420.89,0.06,37,389.67,4.5,0.56,38.402432432432434,10.531621621621621,0.12162162162162163,941.4666
Ord_2400,Prod_12,SHP_3292,76.06,0.02,24,30.03,0.49,0.37,3.169166666666667,1.25125,0.020416666666666666,44.01880000000001
Ord_2426,Prod_6,SHP_3331,65.67,0.02,9,-35.2,7.37,0.37,7.296666666666667,-3.9111111111111114,0.8188888888888889,92.1866
Ord_3048,Prod_5,SHP_4234,688.02,0.06,30,154.99,7.58,0.51,22.934,5.166333333333333,0.25266666666666665,484.1687999999999
Ord_3058,Prod_8,SHP_4247,898.9,0.03,27,325.88,1.99,0.42,33.29259259259259,12.06962962962963,0.0737037037037037,544.063
Ord_3037,Prod_5,SHP_4215,43.56,0.01,4,21.21,4.93,0.57,10.89,5.3025,1.2325,16.9844
Ord_3048,Prod_3,SHP_4233,1520.26,0.04,37,640.84,2.99,0.36,41.08810810810811,17.32,0.08081081081081082,815.6195999999999
Ord_3074,Prod_3,SHP_4268,43.29,0.07,7,-39.12,7.57,0.36,6.184285714285714,-5.588571428571428,1.0814285714285714,71.80969999999999
Ord_2058,Prod_3,SHP_2814,772.67,0.0,36,286.87,2.99,0.37,21.463055555555556,7.9686111111111115,0.08305555555555556,482.80999999999995
Ord_4339,Prod_8,SHP_6047,227.66,0.04,21,-100.16,6.5,0.64,10.84095238095238,-4.769523809523809,0.30952380952380953,312.2136
Ord_4609,Prod_8,SHP_6410,43.49,0.06,5,-21.44,1.99,0.52,8.698,-4.288,0.398,60.330600000000004
Ord_4609,Prod_1,SHP_6411,2854.76,0.06,27,61.13,8.64,0.78,105.73185185185186,2.2640740740740743,0.32,2613.7044
Ord_4339,Prod_16,SHP_6048,84.33,0.04,39,-64.29,2.56,0.55,2.1623076923076923,-1.6484615384615386,0.06564102564102564,142.6868
Ord_3980,Prod_12,SHP_5533,50.8,0.09,14,16.79,0.5,0.38,3.6285714285714286,1.1992857142857143,0.03571428571428571,28.937999999999995
Ord_3986,Prod_2,SHP_5542,663.24,0.01,30,76.33,6.32,0.58,22.108,2.5443333333333333,0.21066666666666667,573.9576
Ord_3972,Prod_2,SHP_5521,324.28,0.07,23,20.43,3.5,0.58,14.099130434782607,0.8882608695652173,0.15217391304347827,277.6504
Ord_3986,Prod_12,SHP_5544,174.3,0.08,14,75.58,0.5,0.38,12.450000000000001,5.398571428571429,0.03571428571428571,84.27600000000002
Ord_3942,Prod_4,SHP_5479,3931.318,0.06,42,1025.45,4.23,0.56,93.60280952380953,24.41547619047619,0.10071428571428573,2665.75892
Ord_3986,Prod_3,SHP_5543,238.08,0.07,35,31.65,2.99,0.35,6.8022857142857145,0.9042857142857142,0.08542857142857144,186.77439999999999
Ord_3979,Prod_13,SHP_5531,187.18,0.09,31,28.91,1.67,0.51,6.038064516129032,0.9325806451612904,0.053870967741935484,139.7538
Ord_3980,Prod_1,SHP_5534,750.89,0.07,37,-1176.28,35.0,0.84,20.294324324324325,-31.791351351351352,0.9459459459459459,1839.6077
Ord_3955,Prod_3,SHP_5497,862.64,0.08,20,320.81,2.99,0.39,43.132,16.0405,0.14950000000000002,469.82879999999994
Ord_3981,Prod_13,SHP_5535,67.73,0.1,17,2.44,0.94,0.56,3.9841176470588238,0.14352941176470588,0.05529411764705882,57.577000000000005
Ord_3964,Prod_6,SHP_5509,71.24,0.03,10,2.78,3.1,0.36,7.124,0.27799999999999997,0.31,63.22280000000001
Ord_3979,Prod_13,SHP_5532,104.21,0.04,36,15.19,0.7,0.56,2.894722222222222,0.42194444444444446,0.019444444444444445,84.15159999999999
Ord_3941,Prod_5,SHP_5477,1559.86,0.06,40,672.37,3.04,0.53,38.9965,16.80925,0.076,790.8584
Ord_3999,Prod_1,SHP_5564,632.05,0.09,20,-626.61,35.0,0.81,31.6025,-31.3305,1.75,1166.7755
Ord_3941,Prod_8,SHP_5476,3830.14,0.1,14,202.25,7.18,0.48,273.58142857142855,14.446428571428571,0.5128571428571428,3237.696
Ord_3942,Prod_6,SHP_5478,74.87,0.02,10,-43.97,8.19,0.37,7.487,-4.397,0.819,109.1526
Ord_543,Prod_4,SHP_737,531.063,0.03,29,24.56,4.81,0.58,18.31251724137931,0.8468965517241379,0.16586206896551722,485.76111000000003
Ord_537,Prod_9,SHP_728,104.82,0.02,23,6.84,2.5,0.39,4.557391304347826,0.29739130434782607,0.10869565217391304,93.38359999999999
Ord_543,Prod_5,SHP_737,152.84,0.05,10,38.02,7.4,0.48,15.284,3.8020000000000005,0.74,99.77799999999999
Ord_574,Prod_13,SHP_780,44.1,0.04,16,-6.22,1.3,0.59,2.75625,-0.38875,0.08125,47.256
Ord_559,Prod_4,SHP_759,4726.595,0.05,31,1176.48,4.99,0.59,152.4708064516129,37.950967741935486,0.16096774193548388,3308.7952500000006
Ord_579,Prod_5,SHP_787,1610.42,0.0,49,813.35,3.92,0.44,32.86571428571429,16.598979591836734,0.08,793.15
Ord_559,Prod_6,SHP_758,170.81,0.1,43,-133.68,5.17,0.4,3.972325581395349,-3.1088372093023255,0.12023255813953489,282.23900000000003
Ord_556,Prod_16,SHP_755,154.45,0.09,14,-2.31,3.37,0.57,11.032142857142857,-0.165,0.24071428571428571,139.4895
Ord_560,Prod_17,SHP_760,3780.16,0.1,46,1265.82,14.0,0.36,82.17739130434782,27.51782608695652,0.30434782608695654,2122.3239999999996
Ord_560,Prod_4,SHP_761,1784.048,0.05,31,394.45,3.99,0.59,57.54993548387097,12.724193548387097,0.12870967741935485,1296.4056
Ord_1098,Prod_6,SHP_1515,74.02,0.07,11,-28.45,5.74,0.37,6.729090909090909,-2.5863636363636364,0.5218181818181818,91.5486
Ord_1101,Prod_13,SHP_1520,128.86,0.0,21,24.53,1.2,0.55,6.136190476190476,1.168095238095238,0.05714285714285714,103.13000000000001
Ord_1101,Prod_3,SHP_1518,363.16,0.08,26,3.92,7.27,0.38,13.967692307692309,0.15076923076923077,0.2796153846153846,322.91720000000004
Ord_3882,Prod_3,SHP_5380,89.51,0.02,20,-61.99,5.26,0.38,4.4755,-3.0995,0.263,144.4498
Ord_3882,Prod_12,SHP_5379,174.81,0.07,49,74.82,0.5,0.37,3.5675510204081635,1.526938775510204,0.01020408163265306,87.2533
Ord_3857,Prod_6,SHP_5347,296.82,0.07,45,-120.37,6.65,0.36,6.596,-2.674888888888889,0.14777777777777779,389.7626
Ord_3812,Prod_16,SHP_5287,569.32,0.05,42,84.38,3.14,0.6,13.555238095238096,2.0090476190476187,0.07476190476190477,453.33400000000006
Ord_3935,Prod_17,SHP_5465,3451.85,0.05,39,1264.75,14.0,0.36,88.50897435897436,32.42948717948718,0.358974358974359,2000.5074999999997
Ord_3821,Prod_2,SHP_5298,339.35,0.03,8,27.88,5.33,0.57,42.41875,3.485,0.66625,295.95950000000005
Ord_3883,Prod_6,SHP_5382,221.23,0.02,33,-45.29,5.2,0.37,6.703939393939393,-1.3724242424242423,0.1575757575757576,256.8954
Ord_3904,Prod_3,SHP_5418,270.25,0.02,14,100.9,1.49,0.35,19.303571428571427,7.207142857142857,0.10642857142857143,162.455
Ord_3888,Prod_12,SHP_5390,11.76,0.1,3,-2.83,0.5,0.39,3.92,-0.9433333333333334,0.16666666666666666,12.914
Ord_3898,Prod_5,SHP_5405,461.05,0.04,45,-38.39,6.22,0.55,10.245555555555557,-0.8531111111111112,0.13822222222222222,474.77799999999996
Ord_3883,Prod_12,SHP_5381,175.99,0.1,48,77.3,0.5,0.38,3.6664583333333334,1.6104166666666666,0.010416666666666666,80.59100000000002
Ord_3870,Prod_2,SHP_5363,560.03,0.04,26,-139.87,13.99,0.52,21.539615384615384,-5.379615384615385,0.5380769230769231,663.5088
Ord_3888,Prod_6,SHP_5391,100.13,0.08,22,19.77,1.52,0.36,4.551363636363636,0.8986363636363636,0.06909090909090909,70.8296
Ord_3821,Prod_12,SHP_5299,33.67,0.09,11,4.08,0.99,0.37,3.060909090909091,0.3709090909090909,0.09,25.569700000000005
Ord_4122,Prod_12,SHP_5743,6.13,0.08,2,-2.83,0.49,0.38,3.065,-1.415,0.245,7.9796
Ord_4157,Prod_13,SHP_5793,115.99,0.05,42,-53.35,2.4,0.58,2.7616666666666667,-1.2702380952380952,0.05714285714285714,161.1405
Ord_4124,Prod_13,SHP_5746,48.57,0.04,16,4.21,0.7,0.58,3.035625,0.263125,0.04375,41.7172
Ord_4235,Prod_6,SHP_5910,144.03,0.02,23,-37.04,5.2,0.36,6.262173913043478,-1.6104347826086955,0.22608695652173913,172.98940000000002
Ord_4160,Prod_15,SHP_5797,2951.7,0.02,30,-1111.45,74.35,0.57,98.39,-37.04833333333333,2.478333333333333,3929.7659999999996
Ord_4121,Prod_13,SHP_5742,271.11,0.08,41,64.79,1.5,0.48,6.612439024390245,1.5802439024390245,0.036585365853658534,183.13119999999998
Ord_4235,Prod_2,SHP_5909,630.38,0.02,40,-186.77,13.32,0.43,15.7595,-4.66925,0.333,791.2223999999999
Ord_1507,Prod_8,SHP_2083,1575.14,0.0,37,160.68,7.12,0.67,42.57135135135135,4.342702702702703,0.19243243243243244,1407.3400000000001
Ord_1678,Prod_1,SHP_2321,1610.26,0.06,25,122.42,6.88,0.73,64.4104,4.8968,0.2752,1384.3443999999997
Ord_1567,Prod_7,SHP_2163,66.41,0.04,36,0.37,0.79,0.5,1.8447222222222222,0.010277777777777778,0.021944444444444447,62.5936
Ord_1431,Prod_5,SHP_1980,450.39,0.07,23,152.79,6.15,0.44,19.582173913043476,6.64304347826087,0.2673913043478261,259.92269999999996
Ord_1393,Prod_4,SHP_1924,3925.9715,0.06,39,671.95,8.8,0.59,100.6659358974359,17.22948717948718,0.22564102564102567,3009.6632099999997
Ord_1507,Prod_17,SHP_2083,187.78,0.08,16,-21.82,5.99,0.36,11.73625,-1.36375,0.374375,188.58759999999998
Ord_1636,Prod_8,SHP_2258,2070.68,0.03,14,-281.67,4.0,0.79,147.90571428571428,-20.119285714285716,0.2857142857142857,2286.2295999999997
Ord_1636,Prod_6,SHP_2258,764.13,0.09,15,276.98,4.86,0.36,50.942,18.465333333333334,0.324,413.51829999999995
Ord_1431,Prod_4,SHP_1981,1193.1195,0.08,17,137.59,0.99,0.55,70.1835,8.093529411764706,0.05823529411764706,959.08994
Ord_3181,Prod_8,SHP_4414,1291.2,0.04,25,-5.6,6.5,0.73,51.648,-0.22399999999999998,0.26,1238.652
Ord_3146,Prod_3,SHP_4367,278.27,0.02,14,-51.91,12.79,0.39,19.87642857142857,-3.7078571428571427,0.9135714285714285,311.8245999999999
Ord_3184,Prod_6,SHP_4419,52.59,0.03,9,-28.14,6.07,0.36,5.843333333333334,-3.126666666666667,0.6744444444444445,73.0823
Ord_3184,Prod_8,SHP_4418,1967.83,0.04,42,659.6,1.99,0.55,46.853095238095236,15.704761904761906,0.04738095238095238,1227.5268
Ord_3156,Prod_17,SHP_4380,3279.01,0.06,41,349.22,33.6,0.37,79.9758536585366,8.517560975609756,0.8195121951219513,2699.4494000000004
Ord_3169,Prod_12,SHP_4397,32.76,0.06,3,11.29,0.5,0.39,10.92,3.763333333333333,0.16666666666666666,19.0044
Ord_3160,Prod_8,SHP_4385,86.79,0.06,11,-45.6,2.83,0.77,7.890000000000001,-4.1454545454545455,0.25727272727272726,124.35260000000002
Ord_3141,Prod_16,SHP_4358,67.03,0.04,20,-30.4,1.92,0.84,3.3515,-1.52,0.096,92.8288
Ord_3141,Prod_1,SHP_4359,140.82,0.08,15,-43.26,6.5,0.59,9.388,-2.884,0.43333333333333335,166.31439999999998
Ord_3174,Prod_11,SHP_4405,6181.48,0.03,47,-194.83,51.94,0.63,131.52085106382978,-4.145319148936171,1.1051063829787233,6138.9256
Ord_3160,Prod_17,SHP_4386,753.8,0.06,8,-32.3,13.99,0.38,94.225,-4.0375,1.74875,726.882
Ord_3167,Prod_6,SHP_4394,27.0,0.02,2,-4.9,8.09,0.36,13.5,-2.45,4.045,23.270000000000003
Ord_3128,Prod_3,SHP_4341,1337.81,0.02,22,407.12,10.29,0.39,60.80954545454545,18.505454545454544,0.4677272727272727,893.6437999999999
Ord_3193,Prod_3,SHP_4429,122.05,0.0,25,-67.6,5.41,0.35,4.882,-2.7039999999999997,0.2164,184.24
Ord_1967,Prod_3,SHP_2691,162.25,0.03,21,-42.72,6.05,0.39,7.726190476190476,-2.0342857142857143,0.28809523809523807,194.05249999999998
Ord_833,Prod_6,SHP_1141,130.16,0.1,23,-49.53,5.14,0.36,5.659130434782608,-2.1534782608695653,0.2234782608695652,161.534
Ord_690,Prod_7,SHP_945,79.37,0.07,25,6.14,1.35,0.4,3.1748000000000003,0.24559999999999998,0.054000000000000006,66.3241
Ord_844,Prod_4,SHP_1159,3419.1505,0.0,34,858.58,5.92,0.58,100.56325000000001,25.252352941176472,0.17411764705882352,2554.6505
Ord_1065,Prod_15,SHP_1471,9843.11,0.07,35,-384.6,57.0,0.78,281.2317142857143,-10.98857142857143,1.6285714285714286,9481.6923
Ord_1069,Prod_13,SHP_1477,252.99,0.08,37,28.76,2.35,0.47,6.837567567567568,0.7772972972972974,0.06351351351351352,201.6408
Ord_1055,Prod_3,SHP_1456,321.71,0.1,6,-2.73,16.11,0.39,53.61833333333333,-0.455,2.685,276.159
Ord_1050,Prod_5,SHP_1449,690.88,0.08,32,119.25,7.58,0.51,21.59,3.7265625,0.236875,508.77959999999996
Ord_1053,Prod_13,SHP_1453,88.7,0.06,33,-89.13,4.28,0.44,2.687878787878788,-2.7009090909090907,0.1296969696969697,168.228
Ord_1053,Prod_8,SHP_1452,230.72,0.08,11,-68.76,5.99,0.65,20.974545454545453,-6.250909090909091,0.5445454545454546,275.0324
Ord_1053,Prod_1,SHP_1453,142.15,0.09,10,-58.18,9.37,0.56,14.215,-5.818,0.9369999999999999,178.1665
Ord_1053,Prod_16,SHP_1454,262.78,0.04,23,19.36,3.37,0.57,11.425217391304347,0.8417391304347825,0.14652173913043479,229.53879999999998
Ord_1053,Prod_6,SHP_1453,293.47,0.06,45,-205.38,8.4,0.37,6.521555555555556,-4.564,0.18666666666666668,472.84180000000003
Ord_1109,Prod_13,SHP_1531,3.63,0.03,1,-1.56,0.7,0.56,3.63,-1.56,0.7,4.3811
Ord_1109,Prod_6,SHP_1530,614.35,0.02,31,78.89,9.03,0.37,19.817741935483873,2.5448387096774194,0.29129032258064513,514.143
Ord_1109,Prod_13,SHP_1532,172.99,0.05,31,61.51,1.0,0.38,5.580322580645162,1.9841935483870967,0.03225806451612903,101.83050000000003
Ord_1114,Prod_17,SHP_1539,642.1,0.0,42,41.56,7.51,0.39,15.288095238095238,0.9895238095238096,0.1788095238095238,593.03
Ord_1138,Prod_13,SHP_1570,350.42,0.03,28,-37.3,5.81,0.6,12.515,-1.332142857142857,0.2075,371.3974
Ord_1077,Prod_8,SHP_1489,1307.35,0.05,43,-154.24,8.65,0.74,30.403488372093022,-3.5869767441860465,0.20116279069767443,1387.5724999999998
Ord_1108,Prod_15,SHP_1529,1168.28,0.02,22,126.07,14.19,0.56,53.10363636363636,5.7304545454545455,0.645,1004.6543999999999
Ord_1129,Prod_3,SHP_1557,480.73,0.1,12,148.2,2.99,0.36,40.060833333333335,12.35,0.24916666666666668,281.46700000000004
Ord_1104,Prod_2,SHP_1525,772.56,0.04,34,143.87,4.5,0.55,22.722352941176467,4.231470588235294,0.1323529411764706,593.2876
Ord_1129,Prod_6,SHP_1558,159.0,0.1,25,-98.15,7.37,0.37,6.36,-3.926,0.2948,233.88
Ord_1113,Prod_4,SHP_1538,1375.3765,0.03,45,592.22,3.3,0.39,30.563922222222224,13.160444444444446,0.07333333333333333,738.5952050000001
Ord_1074,Prod_2,SHP_1485,1339.25,0.03,24,142.51,13.22,0.56,55.802083333333336,5.937916666666666,0.5508333333333334,1143.3425
Ord_1138,Prod_2,SHP_1569,170.45,0.09,4,-30.27,4.62,0.56,42.6125,-7.5675,1.155,180.7595
Ord_5121,Prod_4,SHP_7157,1219.2485,0.01,46,132.79,8.59,0.56,26.50540217391304,2.8867391304347825,0.1867391304347826,1065.676015
Ord_5135,Prod_16,SHP_7176,20.19,0.04,6,-13.44,1.92,0.84,3.365,-2.2399999999999998,0.32,30.9024
Ord_5143,Prod_4,SHP_7186,162.1545,0.08,9,-73.74,4.81,0.58,18.017166666666668,-8.193333333333333,0.5344444444444444,218.11214
Ord_5143,Prod_3,SHP_7185,91.15,0.03,21,-71.54,5.34,0.38,4.340476190476191,-3.406666666666667,0.2542857142857143,154.6155
Ord_5143,Prod_12,SHP_7185,171.48,0.1,46,66.13,0.5,0.39,3.7278260869565214,1.4376086956521739,0.010869565217391304,87.702
Ord_5135,Prod_5,SHP_7176,329.03,0.1,49,-197.25,7.98,0.42,6.714897959183673,-4.025510204081633,0.16285714285714287,485.39699999999993
Ord_3278,Prod_6,SHP_4552,257.91,0.0,36,90.86,1.6,0.38,7.1641666666666675,2.523888888888889,0.044444444444444446,165.45
Ord_1712,Prod_13,SHP_2370,426.7,0.06,22,104.77,4.1,0.44,19.395454545454545,4.762272727272727,0.18636363636363634,292.228
Ord_1734,Prod_6,SHP_2397,214.64,0.08,34,-76.88,5.86,0.36,6.312941176470588,-2.2611764705882353,0.1723529411764706,268.48879999999997
Ord_1784,Prod_6,SHP_2471,315.42,0.1,10,-41.26,17.08,0.4,31.542,-4.1259999999999994,1.7079999999999997,308.05800000000005
Ord_1712,Prod_6,SHP_2370,217.14,0.0,31,-62.97,6.22,0.37,7.0045161290322575,-2.031290322580645,0.20064516129032256,273.89
Ord_1758,Prod_4,SHP_2437,3130.2015,0.07,34,692.78,2.5,0.57,92.06475,20.375882352941176,0.07352941176470588,2215.807395
Ord_4860,Prod_8,SHP_6782,155.39,0.1,5,-127.7,5.5,0.75,31.077999999999996,-25.54,1.1,262.051
Ord_4842,Prod_3,SHP_6753,45.91,0.01,7,-35.54,7.46,0.36,6.558571428571428,-5.077142857142857,1.0657142857142856,73.5309
Ord_4842,Prod_13,SHP_6755,330.24,0.03,15,8.48,5.53,0.59,22.016000000000002,0.5653333333333334,0.3686666666666667,306.32280000000003
Ord_4842,Prod_1,SHP_6756,520.65,0.09,15,30.63,8.22,0.57,34.71,2.042,0.548,434.94149999999996
Ord_4185,Prod_1,SHP_5835,551.67,0.08,33,25.44,4.96,0.58,16.717272727272725,0.770909090909091,0.1503030303030303,477.1364
Ord_4201,Prod_8,SHP_5856,716.99,0.05,25,174.06,1.99,0.5,28.6796,6.9624,0.0796,505.09049999999996
Ord_4134,Prod_1,SHP_5756,7890.89,0.01,47,-771.09,35.0,0.85,167.8912765957447,-16.406170212765957,0.7446808510638298,8548.0711
Ord_2241,Prod_1,SHP_3044,1382.8,0.01,11,141.31,19.99,0.59,125.7090909090909,12.846363636363636,1.8172727272727272,1207.672
Ord_3436,Prod_5,SHP_4763,951.33,0.0,44,-60.66,14.39,0.47,21.621136363636364,-1.3786363636363637,0.3270454545454546,997.6
Ord_4194,Prod_6,SHP_5845,298.97,0.09,46,-225.86,8.73,0.37,6.499347826086957,-4.91,0.1897826086956522,489.1927
Ord_4113,Prod_8,SHP_5729,293.18,0.08,31,64.22,1.99,0.41,9.45741935483871,2.0716129032258066,0.06419354838709677,203.51559999999998
Ord_4150,Prod_6,SHP_5784,19.98,0.02,3,-9.61,4.75,0.36,6.66,-3.203333333333333,1.5833333333333333,24.4404
Ord_3675,Prod_4,SHP_5094,924.1115,0.06,9,-287.99,8.08,0.57,102.67905555555555,-31.99888888888889,0.8977777777777778,1148.57481
Ord_3670,Prod_4,SHP_5087,1108.366,0.05,20,178.31,2.5,0.55,55.4183,8.9155,0.125,872.1377
Ord_3663,Prod_3,SHP_5078,251.3,0.1,38,-112.72,6.05,0.39,6.613157894736842,-2.966315789473684,0.15921052631578947,332.84000000000003
Ord_3655,Prod_5,SHP_5066,381.69,0.04,8,256.18,6.77,0.44,47.71125,32.0225,0.84625,103.4724
Ord_3686,Prod_8,SHP_5111,672.93,0.0,31,27.85,4.0,0.68,21.70741935483871,0.8983870967741936,0.12903225806451613,641.0799999999999
Ord_3691,Prod_1,SHP_5116,380.28,0.08,30,-20.58,4.51,0.59,12.675999999999998,-0.6859999999999999,0.15033333333333332,365.9276
Ord_3673,Prod_3,SHP_5090,768.41,0.1,12,60.38,19.99,0.4,64.03416666666666,5.031666666666667,1.6658333333333333,611.199
Ord_3675,Prod_7,SHP_5093,125.21,0.01,45,37.99,0.8,0.39,2.7824444444444443,0.8442222222222223,0.017777777777777778,85.1679
Ord_3673,Prod_11,SHP_5091,5238.192,0.08,47,-503.77,46.2,0.69,111.45089361702128,-10.718510638297872,0.9829787234042554,5276.70664
Ord_572,Prod_3,SHP_777,21.64,0.08,3,-13.33,5.01,0.39,7.213333333333334,-4.443333333333333,1.67,28.2288
Ord_524,Prod_6,SHP_709,247.21,0.02,46,-63.72,4.75,0.36,5.374130434782609,-1.3852173913043477,0.10326086956521739,301.23580000000004
Ord_585,Prod_9,SHP_796,184.09,0.07,17,4.79,5.25,0.36,10.828823529411764,0.2817647058823529,0.3088235294117647,161.1637
Ord_524,Prod_4,SHP_710,1541.781,0.07,27,14.35,13.99,0.6,57.103,0.5314814814814814,0.5181481481481481,1405.51633
Ord_4700,Prod_3,SHP_6557,202.42,0.09,38,0.86,2.99,0.38,5.326842105263157,0.02263157894736842,0.0786842105263158,180.35219999999998
Ord_4548,Prod_4,SHP_6329,31.1185,0.05,4,-46.9,5.03,0.6,7.779625,-11.725,1.2575,71.432575
Ord_4548,Prod_4,SHP_6330,4829.4535,0.05,47,1235.15,8.99,0.55,102.75432978723403,26.279787234042555,0.19127659574468087,3343.8408249999998
Ord_790,Prod_5,SHP_1086,690.97,0.03,50,-16.94,8.78,0.43,13.8194,-0.33880000000000005,0.17559999999999998,678.4009000000001
Ord_790,Prod_15,SHP_1085,173.62,0.09,5,-88.64,19.19,0.58,34.724000000000004,-17.728,3.838,227.44420000000002
Ord_783,Prod_6,SHP_1076,246.0,0.1,44,-207.36,7.96,0.36,5.590909090909091,-4.712727272727273,0.1809090909090909,420.8
Ord_726,Prod_4,SHP_991,677.518,0.09,39,168.22,0.99,0.57,17.372256410256412,4.3133333333333335,0.025384615384615384,447.33137999999997
Ord_765,Prod_5,SHP_1046,36.41,0.01,14,-31.45,4.57,0.41,2.6007142857142855,-2.2464285714285714,0.32642857142857146,62.9259
Ord_765,Prod_13,SHP_1045,1081.22,0.08,25,130.8,8.99,0.58,43.2488,5.232,0.35960000000000003,854.9323999999999
Ord_790,Prod_3,SHP_1084,16.47,0.1,8,-6.82,1.49,0.38,2.05875,-0.8525,0.18625,20.153
Ord_820,Prod_6,SHP_1127,843.55,0.08,29,168.76,8.74,0.4,29.087931034482757,5.819310344827586,0.30137931034482757,598.5659999999999
Ord_744,Prod_8,SHP_1014,264.63,0.02,9,-66.78,4.0,0.75,29.403333333333332,-7.42,0.4444444444444444,322.1174
Ord_723,Prod_17,SHP_988,4729.85,0.03,45,2014.82,14.0,0.37,105.10777777777778,44.773777777777774,0.3111111111111111,2559.134500000001
Ord_968,Prod_12,SHP_1338,298.12,0.09,50,137.67,0.5,0.39,5.9624,2.7533999999999996,0.01,133.1192
Ord_782,Prod_5,SHP_1073,668.39,0.07,22,344.61,3.92,0.44,30.381363636363634,15.664090909090909,0.1781818181818182,273.07270000000005
Ord_721,Prod_8,SHP_986,686.27,0.06,17,-345.36,19.99,0.77,40.36882352941176,-20.31529411764706,1.1758823529411764,970.4638
Ord_782,Prod_17,SHP_1074,4657.35,0.05,16,322.66,18.06,0.6,291.084375,20.16625,1.12875,4083.7625
Ord_984,Prod_2,SHP_1358,154.85,0.05,38,-136.55,5.13,0.59,4.075,-3.5934210526315793,0.135,278.52750000000003
Ord_999,Prod_15,SHP_1383,5661.08,0.0,33,1055.47,30.0,0.62,171.54787878787877,31.983939393939394,0.9090909090909091,4575.61
Ord_984,Prod_4,SHP_1358,4941.7725,0.1,32,704.89,8.99,0.6,154.430390625,22.0278125,0.2809375,3733.7152500000007
Ord_1002,Prod_15,SHP_1386,1756.46,0.01,15,-101.19,30.0,0.69,117.09733333333334,-6.7459999999999996,2.0,1810.0854000000002
Ord_2923,Prod_7,SHP_4040,92.25,0.07,48,-104.8,2.58,0.82,1.921875,-2.183333333333333,0.05375,188.0125
Ord_820,Prod_4,SHP_4037,1836.187,0.06,39,-139.84,5.0,0.83,47.081717948717944,-3.5856410256410256,0.1282051282051282,1860.8557799999999
Ord_820,Prod_11,SHP_4036,7227.42,0.09,48,-385.0,60.0,0.55,150.57125,-8.020833333333334,1.25,6901.9522
Ord_2949,Prod_10,SHP_4068,1357.44,0.09,20,-102.3,26.85,,67.872,-5.115,1.3425,1310.7204000000002
Ord_744,Prod_2,SHP_3956,368.99,0.09,48,-305.91,9.23,0.58,7.687291666666667,-6.373125000000001,0.19229166666666667,632.4609
Ord_2032,Prod_3,SHP_6414,68.5,0.01,11,-53.85,7.57,0.36,6.2272727272727275,-4.8954545454545455,0.6881818181818182,114.095
Ord_2032,Prod_13,SHP_6415,145.19,0.05,44,-116.87,3.97,0.56,3.2997727272727273,-2.6561363636363637,0.09022727272727273,250.8305
Ord_2032,Prod_13,SHP_2778,64.11,0.09,24,-4.09,0.97,0.59,2.67125,-0.17041666666666666,0.04041666666666666,61.4601
Ord_1972,Prod_1,SHP_2696,1769.9,0.05,18,-468.89,35.0,,98.32777777777778,-26.049444444444443,1.9444444444444444,2115.295
Ord_1932,Prod_13,SHP_2648,336.48,0.09,14,5.56,5.37,0.56,24.034285714285716,0.39714285714285713,0.38357142857142856,295.2668
Ord_1932,Prod_4,SHP_2648,462.366,0.1,27,-120.05,3.3,0.81,17.124666666666666,-4.446296296296296,0.12222222222222222,532.8793999999999
Ord_1972,Prod_6,SHP_2696,802.46,0.08,42,192.88,5.97,0.38,19.106190476190477,4.592380952380952,0.14214285714285713,539.4132
Ord_4377,Prod_13,SHP_6100,79.58,0.06,2,-38.28,4.27,0.46,39.79,-19.14,2.135,108.8152
Ord_3682,Prod_8,SHP_5107,86.3,0.0,16,-68.67,4.93,0.66,5.39375,-4.291875,0.308125,150.04000000000002
Ord_3682,Prod_1,SHP_5106,364.69,0.06,22,-22.4,6.25,0.58,16.576818181818183,-1.018181818181818,0.2840909090909091,358.9586
Ord_4703,Prod_5,SHP_6561,181.15,0.06,35,-46.68,3.96,0.54,5.175714285714286,-1.3337142857142856,0.11314285714285714,213.001
Ord_4761,Prod_3,SHP_6640,783.48,0.01,34,-73.4,15.1,0.38,23.043529411764705,-2.158823529411765,0.4441176470588235,833.9452
Ord_1936,Prod_2,SHP_2653,2869.44,0.08,50,840.55,3.99,0.57,57.3888,16.811,0.07980000000000001,1795.3448
Ord_2043,Prod_5,SHP_2794,873.82,0.1,20,244.45,4.8,0.68,43.691,12.2225,0.24,537.1880000000001
Ord_1911,Prod_13,SHP_2618,87.32,0.08,31,-1.18,0.96,0.58,2.8167741935483868,-0.03806451612903226,0.03096774193548387,80.5544
Ord_1926,Prod_5,SHP_2638,742.05,0.05,50,-337.98,13.56,0.58,14.841,-6.759600000000001,0.2712,1029.3675
Ord_2974,Prod_4,SHP_4103,1942.1735,0.0,19,400.82,2.5,0.55,102.21965789473684,21.09578947368421,0.13157894736842105,1538.8535000000002
Ord_1936,Prod_4,SHP_3147,2172.702,0.01,21,481.74,2.5,0.57,103.46200000000002,22.94,0.11904761904761904,1666.7349800000004
Ord_2043,Prod_1,SHP_3160,130.43,0.03,9,-8.7,4.51,0.59,14.492222222222223,-0.9666666666666666,0.5011111111111111,130.7071
Ord_3695,Prod_7,SHP_5121,43.46,0.0,27,6.81,0.7,0.37,1.6096296296296297,0.2522222222222222,0.025925925925925925,35.949999999999996
Ord_3683,Prod_1,SHP_5108,12723.95,0.08,47,11.54,35.0,0.8,270.7223404255319,0.245531914893617,0.7446808510638298,11659.494
Ord_3677,Prod_5,SHP_5096,169.4,0.1,19,-59.64,7.29,0.45,8.91578947368421,-3.1389473684210527,0.3836842105263158,204.81
Ord_958,Prod_5,SHP_1326,284.58,0.03,37,33.81,4.0,0.42,7.691351351351351,0.9137837837837839,0.10810810810810811,238.2326
Ord_958,Prod_6,SHP_1327,1010.26,0.01,9,271.5,19.99,0.37,112.25111111111111,30.166666666666668,2.221111111111111,708.6673999999999
Ord_1030,Prod_1,SHP_1423,834.81,0.03,22,1.98,12.9,0.57,37.94590909090909,0.09,0.5863636363636364,794.8856999999999
Ord_1001,Prod_5,SHP_1385,1981.26,0.07,49,100.8,8.66,0.76,40.43387755102041,2.057142857142857,0.17673469387755103,1733.1118
Ord_1070,Prod_6,SHP_1479,794.32,0.08,20,67.61,17.48,0.36,39.716,3.3805,0.874,645.6844
Ord_1043,Prod_9,SHP_1440,260.39,0.09,15,-48.57,12.39,0.35,17.359333333333332,-3.238,0.8260000000000001,273.13489999999996
Ord_1100,Prod_2,SHP_1517,1553.66,0.03,28,547.48,0.99,0.57,55.487857142857145,19.552857142857142,0.03535714285714286,958.5802000000001
Ord_1100,Prod_4,SHP_1517,3276.9965,0.0,30,653.06,8.99,0.59,109.23321666666668,21.768666666666665,0.2996666666666667,2614.9465000000005
Ord_3896,Prod_4,SHP_5403,2762.857,0.03,27,722.24,4.23,0.56,102.32803703703703,26.74962962962963,0.15666666666666668,1953.50129
Ord_3843,Prod_2,SHP_5329,2510.71,0.01,50,3.6,19.99,0.57,50.2142,0.07200000000000001,0.3998,2462.0129
Ord_3836,Prod_2,SHP_5320,236.31,0.04,18,-2.24,4.98,0.58,13.128333333333334,-0.12444444444444445,0.27666666666666667,224.1176
Ord_3896,Prod_13,SHP_5403,423.15,0.05,25,-47.28,7.78,0.57,16.926,-1.8912,0.31120000000000003,441.49249999999995
Ord_3836,Prod_5,SHP_5319,180.27,0.01,34,-59.71,5.32,0.41,5.302058823529412,-1.7561764705882352,0.15647058823529414,232.85730000000004
Ord_3836,Prod_1,SHP_5319,626.96,0.0,39,-35.92,7.69,0.57,16.07589743589744,-0.9210256410256411,0.1971794871794872,655.1899999999999
Ord_3896,Prod_5,SHP_5402,5294.48,0.03,47,1521.31,5.81,0.65,112.64851063829786,32.36829787234043,0.12361702127659574,3608.5255999999995
Ord_3837,Prod_13,SHP_5321,263.63,0.03,22,48.86,2.36,0.55,11.983181818181817,2.2209090909090907,0.10727272727272727,204.5011
Ord_3859,Prod_13,SHP_5350,116.69,0.02,16,11.69,2.35,0.47,7.293125,0.730625,0.146875,100.31620000000001
Ord_3862,Prod_3,SHP_5353,149.64,0.05,9,13.77,5.08,0.36,16.626666666666665,1.53,0.5644444444444444,123.30799999999998
Ord_2558,Prod_9,SHP_3500,1287.94,0.06,37,140.35,14.72,0.4,34.80918918918919,3.7932432432432432,0.3978378378378379,1055.5936000000002
Ord_2353,Prod_5,SHP_3232,389.52,0.05,18,116.37,6.68,0.53,21.64,6.465,0.3711111111111111,246.99399999999997
Ord_2360,Prod_8,SHP_3241,5618.4,0.1,32,1314.12,19.99,0.48,175.575,41.06625,0.6246875,3722.45
Ord_2479,Prod_8,SHP_3396,1393.39,0.08,15,84.15,7.18,0.46,92.89266666666667,5.61,0.47866666666666663,1190.5888
Ord_2568,Prod_13,SHP_3517,1206.15,0.03,45,304.2,4.08,0.57,26.803333333333335,6.76,0.09066666666666667,861.6855
Ord_2468,Prod_4,SHP_3381,5163.0105,0.07,48,1448.33,8.08,0.57,107.56271875,30.173541666666665,0.16833333333333333,3345.189765
Ord_2353,Prod_5,SHP_3231,510.56,0.05,50,-29.4,5.16,0.57,10.2112,-0.588,0.1032,509.27199999999993
Ord_2558,Prod_9,SHP_3501,585.36,0.07,39,269.26,1.39,0.38,15.00923076923077,6.904102564102564,0.035641025641025635,273.73480000000006
Ord_2479,Prod_5,SHP_3396,601.52,0.0,42,171.98,4.95,0.37,14.321904761904761,4.094761904761905,0.11785714285714285,424.5899999999999
Ord_2485,Prod_5,SHP_3404,115.17,0.04,4,40.93,15.68,0.62,28.7925,10.2325,3.92,53.95319999999999
Ord_2360,Prod_8,SHP_3241,670.39,0.03,25,-82.26,4.0,0.75,26.8156,-3.2904,0.16,728.5382999999999
Ord_2468,Prod_9,SHP_3381,230.41,0.06,23,94.39,1.39,0.37,10.017826086956521,4.1039130434782605,0.06043478260869565,120.8054
Ord_2485,Prod_5,SHP_3403,96.52,0.1,9,16.78,5.16,0.57,10.724444444444444,1.8644444444444446,0.5733333333333334,64.928
Ord_2360,Prod_1,SHP_3242,5450.6,0.1,42,10.86,19.99,0.73,129.7761904761905,0.25857142857142856,0.4759523809523809,4874.6900000000005
Ord_2361,Prod_6,SHP_3243,441.58,0.07,15,117.39,5.09,0.4,29.438666666666666,7.826,0.3393333333333333,288.18940000000003
Ord_2397,Prod_1,SHP_3288,310.46,0.0,31,-182.52,9.45,0.6,10.014838709677418,-5.887741935483871,0.30483870967741933,483.53
Ord_977,Prod_17,SHP_1347,4610.35,0.08,33,751.58,17.85,0.56,139.70757575757577,22.775151515151517,0.540909090909091,3472.0919999999996
Ord_945,Prod_12,SHP_1307,239.75,0.09,41,105.91,0.5,0.39,5.847560975609756,2.583170731707317,0.012195121951219513,111.76250000000002
Ord_945,Prod_6,SHP_1308,150.2,0.0,30,62.46,0.8,0.36,5.006666666666666,2.082,0.02666666666666667,86.93999999999997
Ord_945,Prod_15,SHP_1306,6244.18,0.09,42,470.3,30.0,0.62,148.6709523809524,11.197619047619048,0.7142857142857143,5181.9038
Ord_977,Prod_1,SHP_1349,181.49,0.1,14,-29.54,5.5,0.57,12.963571428571429,-2.11,0.39285714285714285,187.381
Ord_942,Prod_15,SHP_1303,2266.7,0.07,12,180.8,23.76,0.58,188.89166666666665,15.066666666666668,1.9800000000000002,1903.4709999999998
Ord_976,Prod_6,SHP_1346,2332.23,0.02,46,1085.93,7.23,0.37,50.70065217391304,23.60717391304348,0.15717391304347827,1192.4253999999999
Ord_977,Prod_15,SHP_1348,610.07,0.07,18,-157.56,19.19,0.58,33.89277777777778,-8.753333333333334,1.0661111111111112,705.7350999999999
Ord_960,Prod_5,SHP_1329,651.9,0.16,49,-74.51,6.85,0.54,13.30408163265306,-1.5206122448979593,0.13979591836734692,615.256
Ord_839,Prod_11,SHP_1361,12689.87,0.04,44,-169.23,154.12,0.76,288.4061363636364,-3.8461363636363632,3.502727272727273,12197.385199999999
Ord_876,Prod_5,SHP_1204,586.11,0.11,43,98.44,4.98,0.48,13.63046511627907,2.2893023255813953,0.1158139534883721,418.21790000000004
Ord_894,Prod_8,SHP_1229,1880.8,0.07,47,775.88,1.99,0.44,40.01702127659574,16.50808510638298,0.042340425531914895,971.274
Ord_922,Prod_12,SHP_1276,82.97,0.04,20,32.5,0.5,0.39,4.1485,1.625,0.025,46.6512
Ord_499,Prod_1,SHP_673,543.72,0.05,35,-211.13,11.25,0.6,15.534857142857144,-6.032285714285714,0.32142857142857145,716.414
Ord_500,Prod_4,SHP_675,2021.147,0.01,11,-60.39,5.99,0.59,183.74063636363636,-5.49,0.5445454545454546,2055.33553
Ord_499,Prod_13,SHP_672,1000.78,0.05,29,109.33,8.99,0.56,34.509655172413794,3.77,0.31,832.4209999999999
Ord_509,Prod_5,SHP_687,409.08,0.1,25,78.86,5.03,0.54,16.3632,3.1544,0.20120000000000002,284.282
Ord_516,Prod_1,SHP_695,384.9,0.07,27,-108.28,9.37,0.56,14.255555555555555,-4.010370370370371,0.34703703703703703,456.86699999999996
Ord_500,Prod_8,SHP_674,165.75,0.03,6,-28.46,1.99,0.4,27.625,-4.743333333333333,0.33166666666666667,187.2475
Ord_507,Prod_2,SHP_684,1042.25,0.08,8,195.16,0.99,0.55,130.28125,24.395,0.12375,762.72
Ord_507,Prod_4,SHP_685,5010.7415,0.03,29,1196.37,4.2,0.59,172.7841896551724,41.25413793103448,0.14482758620689656,3659.849255
Ord_1614,Prod_2,SHP_2230,37.73,0.06,4,-13.72,3.5,0.58,9.4325,-3.43,0.875,45.6862
Ord_1653,Prod_8,SHP_2282,3421.88,0.0,44,443.52,4.0,0.77,77.77,10.08,0.09090909090909091,2974.36
Ord_1614,Prod_8,SHP_2231,519.69,0.02,5,-122.09,7.18,0.4,103.93800000000002,-24.418,1.436,624.2062000000001
Ord_2076,Prod_8,SHP_2840,534.96,0.08,30,-26.72,3.17,0.69,17.832,-0.8906666666666666,0.10566666666666666,515.7132
Ord_2177,Prod_14,SHP_2966,3960.99,0.09,20,631.33,24.49,0.46,198.0495,31.5665,1.2245,2948.6809000000003
Ord_2082,Prod_12,SHP_2846,159.26,0.01,41,73.89,0.5,0.38,3.884390243902439,1.8021951219512196,0.012195121951219513,83.27739999999999
Ord_2093,Prod_2,SHP_2863,40.23,0.05,4,-30.26,9.23,0.58,10.0575,-7.565,2.3075,59.2485
Ord_2125,Prod_13,SHP_2901,203.55,0.03,21,38.6,2.25,0.52,9.692857142857143,1.8380952380952382,0.10714285714285714,156.5935
Ord_2103,Prod_1,SHP_2878,872.48,0.08,9,-342.91,35.0,,96.94222222222223,-38.101111111111116,3.888888888888889,1110.5916
Ord_1614,Prod_4,SHP_2971,4159.628,0.05,50,1332.91,4.9,0.56,83.19256,26.6582,0.098,2613.8365999999996
Ord_1614,Prod_13,SHP_2970,111.83,0.0,36,19.36,0.7,0.58,3.1063888888888886,0.5377777777777778,0.019444444444444445,91.77
Ord_2125,Prod_3,SHP_4943,273.89,0.05,38,-160.4,7.72,0.38,7.207631578947368,-4.221052631578948,0.2031578947368421,412.8755
Ord_3596,Prod_6,SHP_4979,286.75,0.06,41,98.44,1.6,0.38,6.9939024390243905,2.4009756097560975,0.03902439024390244,169.505
Ord_3607,Prod_3,SHP_4992,1334.05,0.06,43,581.77,2.99,0.35,31.02441860465116,13.52953488372093,0.06953488372093024,669.2470000000001
Ord_3607,Prod_10,SHP_4993,6552.86,0.07,50,-692.82,32.18,0.78,131.0572,-13.8564,0.6436,6754.799799999999
Ord_2177,Prod_5,SHP_5012,750.14,0.02,40,93.68,8.99,0.47,18.7535,2.342,0.22475,632.4672
Ord_3596,Prod_2,SHP_4978,505.01,0.06,44,-43.52,4.98,0.58,11.4775,-0.9890909090909091,0.11318181818181819,513.2494
Ord_2736,Prod_13,SHP_3752,36.91,0.07,10,-27.72,3.97,0.56,3.691,-2.772,0.397,58.076299999999996
Ord_2821,Prod_5,SHP_3883,1360.82,0.06,28,385.03,10.25,0.57,48.60071428571428,13.751071428571427,0.36607142857142855,883.8907999999999
Ord_2736,Prod_8,SHP_3753,2155.84,0.02,8,-267.63,11.25,0.51,269.48,-33.45375,1.40625,2369.1032000000005
Ord_2750,Prod_10,SHP_3773,3640.83,0.0,35,-6.8,35.84,0.62,104.02371428571428,-0.19428571428571428,1.024,3611.79
Ord_2669,Prod_13,SHP_3655,195.21,0.07,29,16.4,2.35,0.47,6.731379310344828,0.5655172413793103,0.0810344827586207,162.7953
Ord_2690,Prod_5,SHP_3683,606.98,0.05,43,21.08,6.85,0.54,14.115813953488372,0.49023255813953487,0.15930232558139534,548.7009999999999
Ord_2750,Prod_8,SHP_3774,225.94,0.09,50,-89.13,2.39,0.72,4.5188,-1.7826,0.0478,292.34540000000004
Ord_2690,Prod_6,SHP_3683,301.62,0.09,48,-162.54,6.92,0.37,6.28375,-3.38625,0.14416666666666667,430.0942
Ord_2736,Prod_6,SHP_3754,175.27,0.01,26,-33.67,5.14,0.37,6.741153846153846,-1.2950000000000002,0.19769230769230767,202.0473
Ord_2640,Prod_8,SHP_3611,2911.64,0.02,37,225.28,14.52,0.65,78.69297297297297,6.088648648648649,0.3924324324324324,2613.6071999999995
Ord_1601,Prod_5,SHP_2213,271.27,0.05,7,71.31,13.99,0.67,38.75285714285714,10.187142857142858,1.9985714285714287,172.4065
Ord_1436,Prod_6,SHP_1987,155.17,0.08,17,2.12,4.39,0.38,9.127647058823529,0.12470588235294118,0.25823529411764706,136.2464
Ord_1468,Prod_6,SHP_2029,257.46,0.09,37,-18.66,4.23,0.39,6.958378378378378,-0.5043243243243243,0.11432432432432434,248.71859999999998
Ord_3382,Prod_5,SHP_4689,123.92,0.09,9,45.83,5.3,0.46,13.768888888888888,5.092222222222222,0.5888888888888889,61.63720000000001
Ord_1714,Prod_6,SHP_4569,319.96,0.01,43,123.15,1.6,0.38,7.440930232558139,2.863953488372093,0.037209302325581395,192.01039999999998
Ord_3445,Prod_6,SHP_4775,69.97,0.01,12,24.25,0.95,0.36,5.8308333333333335,2.0208333333333335,0.07916666666666666,44.07029999999999
Ord_1714,Prod_3,SHP_2372,222.2,0.03,9,-40.25,15.1,0.38,24.688888888888886,-4.472222222222222,1.6777777777777778,240.684
Ord_1714,Prod_3,SHP_2373,39.9,0.02,5,-37.8,9.92,0.38,7.9799999999999995,-7.56,1.984,66.982
Ord_5094,Prod_5,SHP_7114,306.77,0.03,47,-102.06,5.22,0.6,6.527021276595744,-2.1714893617021276,0.11106382978723403,394.40689999999995
Ord_5096,Prod_4,SHP_7117,2445.212,0.02,18,275.77,8.99,0.58,135.84511111111112,15.320555555555554,0.49944444444444447,2111.5477600000004
Ord_5131,Prod_6,SHP_7169,173.78,0.06,26,-96.26,7.49,0.37,6.6838461538461535,-3.7023076923076923,0.28807692307692306,252.1232
Ord_5092,Prod_8,SHP_7109,440.6,0.07,12,2.97,1.99,0.54,36.71666666666667,0.24750000000000003,0.16583333333333333,404.798
Ord_5104,Prod_16,SHP_7128,147.71,0.0,39,-30.25,1.32,0.83,3.7874358974358975,-0.7756410256410257,0.033846153846153845,176.64000000000001
Ord_5104,Prod_12,SHP_7127,56.41,0.02,18,11.92,0.99,0.37,3.1338888888888885,0.6622222222222223,0.055,42.37179999999999
Ord_5119,Prod_17,SHP_7152,4648.52,0.1,50,1676.7,14.0,0.37,92.97040000000001,33.534,0.28,2492.9680000000008
Ord_5122,Prod_9,SHP_7158,148.12,0.08,26,-51.62,5.3,0.35,5.696923076923077,-1.9853846153846153,0.20384615384615384,182.5904
Ord_5096,Prod_4,SHP_7118,1032.0275,0.07,14,97.4,0.99,0.55,73.71624999999999,6.957142857142857,0.07071428571428572,861.3955749999999
Ord_5104,Prod_8,SHP_7127,1678.34,0.05,39,670.11,1.99,0.44,43.03435897435897,17.182307692307692,0.05102564102564103,922.323
Ord_5092,Prod_12,SHP_7110,109.9,0.09,37,48.52,0.5,0.39,2.9702702702702704,1.3113513513513515,0.013513513513513514,50.989
Ord_5092,Prod_1,SHP_7111,315.29,0.0,13,-361.82,35.0,0.84,24.253076923076925,-27.83230769230769,2.6923076923076925,642.11
Ord_5120,Prod_15,SHP_7153,3537.84,0.0,33,-80.86,42.0,0.61,107.20727272727274,-2.45030303030303,1.2727272727272727,3576.7000000000003
Ord_5120,Prod_1,SHP_7154,2221.2,0.01,43,-1127.22,35.0,0.83,51.65581395348837,-26.214418604651165,0.813953488372093,3291.2079999999996
Ord_5096,Prod_6,SHP_7116,260.77,0.01,31,-8.75,4.82,0.4,8.411935483870968,-0.28225806451612906,0.15548387096774194,262.09229999999997
Ord_5131,Prod_7,SHP_7170,41.18,0.07,22,-0.64,0.79,0.5,1.8718181818181818,-0.02909090909090909,0.03590909090909091,38.1474
Ord_5089,Prod_6,SHP_7106,88.38,0.06,13,-64.95,8.4,0.37,6.798461538461538,-4.996153846153846,0.6461538461538462,139.6272
Ord_2948,Prod_6,SHP_4067,277.35,0.02,41,-103.28,6.57,0.37,6.764634146341464,-2.5190243902439025,0.1602439024390244,368.51300000000003
Ord_2847,Prod_3,SHP_3918,258.61,0.07,29,-15.96,5.6,0.36,8.917586206896551,-0.550344827586207,0.19310344827586207,250.86730000000003
Ord_2918,Prod_7,SHP_4030,156.95,0.1,45,-32.52,0.94,0.83,3.4877777777777776,-0.7226666666666668,0.020888888888888887,172.835
Ord_2843,Prod_3,SHP_3912,16.08,0.04,4,-3.75,1.49,0.38,4.02,-0.9375,0.3725,17.696799999999996
Ord_2948,Prod_17,SHP_4067,399.64,0.04,22,-15.42,8.51,0.4,18.165454545454544,-0.7009090909090909,0.3868181818181818,390.56440000000003
Ord_2918,Prod_3,SHP_4029,324.2,0.02,44,-89.75,6.05,0.39,7.368181818181818,-2.039772727272727,0.13749999999999998,401.416
Ord_2883,Prod_4,SHP_3977,2044.2755,0.1,40,334.53,5.63,0.56,51.1068875,8.363249999999999,0.14075,1499.6879499999998
Ord_1844,Prod_3,SHP_2538,36.46,0.1,4,-7.41,2.99,0.39,9.115,-1.8525,0.7475,37.233999999999995
Ord_1844,Prod_13,SHP_2538,47.4,0.03,18,-63.03,5.2,0.41,2.6333333333333333,-3.501666666666667,0.2888888888888889,103.80799999999999
Ord_1844,Prod_2,SHP_2538,773.83,0.06,19,146.79,5.33,0.57,40.72789473684211,7.72578947368421,0.2805263157894737,575.2802
Ord_1979,Prod_6,SHP_2705,76.04,0.04,12,-47.55,7.15,0.36,6.336666666666667,-3.9625,0.5958333333333333,113.3984
Ord_1979,Prod_6,SHP_2705,225.4,0.08,35,-165.48,8.4,0.37,6.44,-4.728,0.24000000000000002,364.448
Ord_4340,Prod_11,SHP_6051,11278.18,0.01,48,1836.81,32.48,0.68,234.96208333333334,38.266875,0.6766666666666666,9296.1082
Ord_4401,Prod_13,SHP_6135,485.16,0.1,15,-9.32,8.99,0.56,32.344,-0.6213333333333334,0.5993333333333334,436.974
Ord_4590,Prod_6,SHP_6385,292.95,0.06,13,60.36,5.47,0.39,22.534615384615385,4.643076923076923,0.42076923076923073,209.54299999999995
Ord_4355,Prod_6,SHP_6072,62.88,0.09,3,-24.74,9.54,0.37,20.96,-8.246666666666666,3.1799999999999997,72.4208
Ord_4401,Prod_15,SHP_6134,3491.71,0.04,35,-1216.64,74.35,0.57,99.76314285714285,-34.76114285714286,2.124285714285714,4494.3316
Ord_4590,Prod_9,SHP_6385,3212.97,0.03,37,1125.42,19.99,0.38,86.83702702702702,30.416756756756758,0.5402702702702702,1971.1709
Ord_4340,Prod_17,SHP_6049,90.56,0.03,6,-37.58,7.51,0.39,15.093333333333334,-6.263333333333333,1.2516666666666667,117.91319999999999
Ord_4340,Prod_13,SHP_6050,1634.9,0.01,42,502.42,2.9,0.59,38.92619047619048,11.962380952380952,0.06904761904761905,1113.231
Ord_3238,Prod_4,SHP_4490,3681.7495,0.01,43,1196.44,4.9,0.56,85.62208139534883,27.824186046511628,0.11395348837209303,2443.592005
Ord_3233,Prod_1,SHP_4484,384.74,0.01,27,2.69,5.5,0.57,14.24962962962963,0.09962962962962962,0.2037037037037037,372.7026
Ord_3314,Prod_13,SHP_4598,34.16,0.09,17,-2.29,0.7,0.57,2.0094117647058822,-0.13470588235294118,0.041176470588235294,32.675599999999996
Ord_3283,Prod_3,SHP_4557,51.03,0.09,7,-21.38,5.48,0.37,7.29,-3.0542857142857143,0.7828571428571429,62.3373
Ord_3404,Prod_8,SHP_4719,85.89,0.08,5,-48.88,6.5,0.48,17.178,-9.776,1.3,121.3988
Ord_5059,Prod_8,SHP_7061,714.46,0.07,47,-268.65,8.99,0.64,15.201276595744682,-5.715957446808511,0.19127659574468087,924.1078
Ord_5044,Prod_5,SHP_7039,166.17,0.01,32,-22.74,3.63,0.51,5.1928125,-0.710625,0.1134375,183.6183
Ord_5043,Prod_6,SHP_7038,44.99,0.06,8,-40.43,7.54,0.38,5.62375,-5.05375,0.9425,75.1806
Ord_2414,Prod_8,SHP_3312,205.24,0.01,6,-135.51,6.5,0.79,34.20666666666667,-22.584999999999997,1.0833333333333333,332.19759999999997
Ord_2393,Prod_5,SHP_3282,281.59,0.07,37,-6.39,4.95,0.41,7.61054054054054,-0.1727027027027027,0.13378378378378378,263.3187
Ord_2414,Prod_1,SHP_3312,825.82,0.0,36,-1049.26,35.0,0.84,22.939444444444447,-29.14611111111111,0.9722222222222222,1840.08
Ord_2393,Prod_4,SHP_3283,231.7525,0.03,6,-155.95,4.99,0.56,38.625416666666666,-25.991666666666664,0.8316666666666667,375.75992499999995
Ord_2349,Prod_3,SHP_3224,41.94,0.05,4,-26.17,8.94,0.4,10.485,-6.5425,2.235,57.073
Ord_2349,Prod_13,SHP_3225,79.81,0.07,7,-4.28,2.36,0.55,11.401428571428571,-0.6114285714285714,0.33714285714285713,76.1433
Ord_2349,Prod_12,SHP_3224,89.25,0.01,17,40.88,0.5,0.36,5.25,2.4047058823529412,0.029411764705882353,46.9775
Ord_2892,Prod_3,SHP_3989,1118.21,0.07,50,-122.79,15.1,0.38,22.3642,-2.4558,0.302,1147.6253000000002
Ord_2841,Prod_1,SHP_3908,371.68,0.03,31,-13.32,5.03,0.59,11.98967741935484,-0.4296774193548387,0.16225806451612904,368.81960000000004
Ord_2932,Prod_13,SHP_4051,75.57,0.02,34,6.87,0.7,0.57,2.2226470588235294,0.20205882352941176,0.020588235294117647,66.48859999999999
Ord_2835,Prod_1,SHP_3898,583.64,0.08,6,-179.5,19.99,0.79,97.27333333333333,-29.916666666666668,3.3316666666666666,696.4588
Ord_2929,Prod_1,SHP_4047,600.8,0.1,15,43.55,6.22,,40.05333333333333,2.9033333333333333,0.41466666666666663,490.9499999999999
Ord_2927,Prod_5,SHP_4045,112.16,0.0,48,-178.29,5.33,0.43,2.3366666666666664,-3.714375,0.11104166666666666,285.12
Ord_2845,Prod_6,SHP_3914,116.11,0.1,16,-36.46,5.83,0.36,7.256875,-2.27875,0.364375,135.129
Ord_2904,Prod_15,SHP_4006,1083.37,0.03,42,-226.41,14.36,0.6,25.794523809523806,-5.390714285714286,0.3419047619047619,1262.9189000000001
Ord_2857,Prod_3,SHP_3933,210.66,0.08,43,-145.72,5.74,0.36,4.89906976744186,-3.3888372093023253,0.13348837209302325,333.7872
Ord_2904,Prod_5,SHP_4005,302.4,0.04,14,134.21,3.63,0.52,21.599999999999998,9.586428571428572,0.2592857142857143,152.46399999999997
Ord_2845,Prod_6,SHP_3915,306.92,0.05,30,13.46,5.12,0.4,10.230666666666668,0.4486666666666667,0.17066666666666666,272.994
Ord_3652,Prod_6,SHP_5061,1370.56,0.1,31,511.51,5.97,0.38,44.211612903225806,16.50032258064516,0.1925806451612903,716.0239999999999
Ord_3646,Prod_2,SHP_5052,169.18,0.09,20,-18.73,3.5,0.58,8.459,-0.9365,0.175,169.1838
Ord_3652,Prod_6,SHP_5062,172.98,0.08,29,-59.75,5.46,0.36,5.964827586206896,-2.060344827586207,0.18827586206896552,213.43159999999997
Ord_3690,Prod_12,SHP_5115,223.34,0.1,39,95.42,0.5,0.39,5.726666666666667,2.4466666666666668,0.01282051282051282,105.086
Ord_3671,Prod_2,SHP_5088,734.25,0.08,17,160.58,4.62,0.56,43.19117647058823,9.445882352941178,0.27176470588235296,510.30999999999995
Ord_3813,Prod_3,SHP_5288,120.03,0.0,41,10.5,1.49,0.36,2.9275609756097563,0.25609756097560976,0.036341463414634144,108.04
Ord_3922,Prod_7,SHP_5448,91.94,0.01,23,-10.11,2.0,0.53,3.997391304347826,-0.43956521739130433,0.08695652173913043,99.1306
Ord_3922,Prod_1,SHP_5449,377.03,0.06,6,-78.82,6.88,0.73,62.83833333333333,-13.136666666666665,1.1466666666666667,426.34819999999996
Ord_3873,Prod_4,SHP_5368,2169.7525,0.02,26,374.75,8.99,0.57,83.45201923076924,14.413461538461538,0.3457692307692308,1742.6174500000002
Ord_3937,Prod_9,SHP_5470,285.01,0.01,35,124.82,1.39,0.36,8.143142857142857,3.5662857142857143,0.03971428571428571,155.9499
Ord_3854,Prod_6,SHP_5343,124.65,0.01,6,13.34,5.21,0.37,20.775000000000002,2.223333333333333,0.8683333333333333,104.85350000000001
Ord_3901,Prod_15,SHP_5413,2770.79,0.02,29,109.39,30.0,0.61,95.54448275862069,3.7720689655172412,1.0344827586206897,2575.9842
Ord_3818,Prod_15,SHP_5295,3021.64,0.07,44,-720.2,30.0,0.73,68.67363636363636,-16.36818181818182,0.6818181818181818,3500.3252
Ord_3903,Prod_6,SHP_5416,21.01,0.0,3,-9.69,5.02,0.38,7.003333333333334,-3.23,1.6733333333333331,25.68
Ord_3873,Prod_6,SHP_5367,642.42,0.03,6,80.01,19.99,0.37,107.07,13.335,3.3316666666666666,523.1474
Ord_3873,Prod_8,SHP_5367,866.73,0.1,43,-199.98,6.5,0.78,20.156511627906976,-4.650697674418605,0.1511627906976744,973.537
Ord_3833,Prod_4,SHP_5314,3355.154,0.0,19,658.5,3.99,0.58,176.58705263157896,34.6578947368421,0.21000000000000002,2692.664
Ord_3825,Prod_2,SHP_5303,1205.73,0.07,20,310.93,4.5,0.56,60.286500000000004,15.5465,0.225,805.8988999999999
Ord_3868,Prod_6,SHP_5361,203.53,0.06,31,-101.28,6.93,0.37,6.565483870967742,-3.2670967741935484,0.2235483870967742,285.66819999999996
Ord_3550,Prod_4,SHP_4916,397.732,0.01,21,-26.05,0.99,0.83,18.93961904761905,-1.2404761904761905,0.04714285714285714,418.81468
Ord_3547,Prod_17,SHP_4911,922.47,0.09,8,-13.1,14.0,0.36,115.30875,-1.6375,1.75,838.5477000000001
Ord_3614,Prod_3,SHP_5003,851.17,0.07,39,-131.28,15.1,0.38,21.824871794871793,-3.3661538461538463,0.3871794871794872,907.7680999999999
Ord_3547,Prod_12,SHP_4910,14.84,0.08,3,-2.42,0.49,0.39,4.946666666666666,-0.8066666666666666,0.16333333333333333,15.582799999999999
Ord_3573,Prod_6,SHP_4946,143.5,0.08,3,-27.51,5.81,0.38,47.833333333333336,-9.17,1.9366666666666665,153.72
Ord_3550,Prod_12,SHP_4916,189.6,0.02,37,89.65,0.49,0.39,5.124324324324324,2.422972972972973,0.013243243243243243,95.66799999999998
Ord_3635,Prod_2,SHP_5034,203.57,0.01,18,-4.84,3.99,0.58,11.309444444444445,-0.2688888888888889,0.22166666666666668,202.3843
Ord_3573,Prod_5,SHP_4946,237.54,0.04,16,29.76,8.78,0.43,14.84625,1.86,0.54875,189.4984
Ord_3641,Prod_12,SHP_5043,161.56,0.0,36,59.67,0.99,0.39,4.487777777777778,1.6575,0.0275,100.89999999999999
Ord_896,Prod_17,SHP_1232,3332.06,0.09,35,412.63,19.99,0.52,95.20171428571429,11.789428571428571,0.5711428571428571,2599.5546
Ord_1045,Prod_7,SHP_1443,256.64,0.03,42,-28.29,3.37,0.54,6.11047619047619,-0.6735714285714286,0.08023809523809525,273.8608
Ord_1044,Prod_10,SHP_1441,3904.12,0.07,50,-1508.46,55.81,0.6,78.08239999999999,-30.1692,1.1162,5083.4816
Ord_1044,Prod_5,SHP_1442,343.64,0.06,41,13.29,3.44,0.49,8.381463414634146,0.3241463414634146,0.08390243902439025,306.29159999999996
Ord_1046,Prod_6,SHP_1445,225.98,0.01,34,-135.74,7.86,0.37,6.646470588235294,-3.992352941176471,0.23117647058823532,351.6002
Ord_1032,Prod_2,SHP_1425,1925.83,0.09,10,359.83,0.99,0.55,192.583,35.983,0.099,1391.6853
Ord_1054,Prod_3,SHP_1455,330.22,0.07,21,-51.72,10.91,0.36,15.724761904761905,-2.4628571428571426,0.5195238095238095,347.91459999999995
Ord_1046,Prod_3,SHP_1444,185.64,0.1,25,-69.87,6.28,0.4,7.425599999999999,-2.7948000000000004,0.25120000000000003,230.666
Ord_1123,Prod_6,SHP_1550,76.06,0.02,14,-35.99,5.68,0.4,5.432857142857143,-2.5707142857142857,0.4057142857142857,104.84880000000001
Ord_1134,Prod_9,SHP_1564,698.1,0.01,45,336.25,1.39,0.38,15.513333333333334,7.472222222222222,0.030888888888888886,353.47900000000004
Ord_1134,Prod_2,SHP_1563,106.05,0.02,9,-14.52,6.12,0.42,11.783333333333333,-1.6133333333333333,0.68,112.329
Ord_1131,Prod_5,SHP_1560,84.01,0.06,16,-34.12,5.72,0.47,5.250625,-2.1325,0.3575,107.36940000000001
Ord_1112,Prod_16,SHP_1536,325.97,0.02,46,-255.22,8.37,0.58,7.086304347826087,-5.548260869565217,0.1819565217391304,566.3006
Ord_1111,Prod_4,SHP_1535,1196.7915,0.07,26,265.39,1.25,0.55,46.03044230769231,10.207307692307692,0.04807692307692308,846.376095
Ord_1112,Prod_3,SHP_1537,49.65,0.02,10,8.27,1.49,0.35,4.965,0.827,0.149,38.89699999999999
Ord_1091,Prod_3,SHP_1507,463.0,0.07,32,24.61,7.17,0.38,14.46875,0.7690625,0.2240625,398.80999999999995
Ord_1133,Prod_1,SHP_1562,2329.4,0.08,37,189.77,6.88,0.73,62.95675675675676,5.128918918918919,0.18594594594594593,1946.3980000000001
Ord_3352,Prod_9,SHP_4648,346.23,0.0,5,8.46,19.99,0.38,69.24600000000001,1.6920000000000002,3.9979999999999998,317.78000000000003
Ord_3246,Prod_10,SHP_4499,4935.72,0.07,37,-698.09,36.09,0.77,133.39783783783784,-18.8672972972973,0.9754054054054055,5252.2196
Ord_3242,Prod_11,SHP_4495,11057.6,0.08,46,183.9,66.67,0.61,240.38260869565218,3.997826086956522,1.4493478260869566,9922.422
Ord_3366,Prod_6,SHP_4666,41.52,0.06,16,-85.17,7.09,0.38,2.595,-5.323125,0.443125,117.1088
Ord_3366,Prod_12,SHP_4666,254.02,0.04,40,123.14,0.5,0.39,6.3505,3.0785,0.0125,120.21920000000001
Ord_3982,Prod_2,SHP_5536,854.23,0.01,41,67.14,6.32,0.58,20.83487804878049,1.6375609756097562,0.15414634146341463,772.2277
Ord_3992,Prod_4,SHP_5552,3760.3065,0.05,22,593.18,8.99,0.6,170.92302272727272,26.96272727272727,0.40863636363636363,2970.1211750000007
Ord_3988,Prod_15,SHP_5546,803.11,0.08,33,-237.13,14.36,0.6,24.336666666666666,-7.185757575757576,0.4351515151515151,961.6312
Ord_3801,Prod_5,SHP_5567,1198.1,0.02,23,187.19,19.99,0.55,52.09130434782608,8.138695652173913,0.8691304347826087,966.9579999999999
Ord_3982,Prod_7,SHP_5537,47.91,0.09,26,-58.83,2.58,0.82,1.8426923076923076,-2.2626923076923076,0.09923076923076923,99.84809999999999
Ord_3982,Prod_4,SHP_5537,6427.258,0.08,38,1636.41,2.5,0.59,169.13836842105263,43.06342105263158,0.06578947368421052,4274.1673599999995
Ord_3801,Prod_7,SHP_5271,172.23,0.02,50,32.35,1.35,0.4,3.4446,0.647,0.027000000000000003,135.0854
Ord_1581,Prod_4,SHP_2185,2564.5775,0.07,25,331.29,7.69,0.58,102.5831,13.251600000000002,0.30760000000000004,2046.0770749999997
Ord_1581,Prod_17,SHP_2185,727.64,0.01,40,27.64,8.51,0.4,18.191,0.6910000000000001,0.21275,684.2136
Ord_1359,Prod_13,SHP_1871,533.25,0.07,46,-88.32,5.81,0.6,11.592391304347826,-1.92,0.12630434782608696,578.4325
Ord_1581,Prod_2,SHP_2183,382.19,0.03,24,11.39,6.75,0.52,15.924583333333333,0.47458333333333336,0.28125,352.5843
Ord_1546,Prod_4,SHP_2139,503.2935,0.02,10,-222.82,5.0,0.83,50.32935,-22.282,0.5,711.04763
Ord_1546,Prod_2,SHP_2139,5567.79,0.04,47,1726.66,3.99,0.6,118.46361702127659,36.73744680851064,0.0848936170212766,3614.4284000000007
Ord_1546,Prod_5,SHP_2140,796.03,0.05,32,-133.71,15.68,0.62,24.8759375,-4.1784375,0.49,874.2585
Ord_1581,Prod_4,SHP_2186,2795.004,0.02,16,311.09,8.99,0.58,174.68775,19.443125,0.561875,2419.02392
Ord_1354,Prod_16,SHP_1863,156.15,0.08,10,-37.6,7.42,0.56,15.615,-3.7600000000000002,0.742,173.83800000000002
Ord_1447,Prod_1,SHP_2000,476.06,0.04,33,-120.48,9.37,0.56,14.426060606060606,-3.650909090909091,0.28393939393939394,568.1276
Ord_1359,Prod_6,SHP_1870,2339.52,0.1,44,886.03,10.75,0.36,53.17090909090909,20.137045454545454,0.24431818181818182,1208.7880000000002
Ord_2483,Prod_4,SHP_3401,2561.6705,0.08,21,88.77,8.08,0.6,121.98430952380953,4.227142857142857,0.38476190476190475,2259.88686
Ord_2446,Prod_13,SHP_3354,1359.74,0.01,31,202.33,8.99,0.58,43.86258064516129,6.526774193548388,0.29,1134.8226
Ord_2518,Prod_3,SHP_3449,130.36,0.06,10,2.43,4.98,0.4,13.036000000000001,0.24300000000000002,0.49800000000000005,115.1284
Ord_2535,Prod_16,SHP_3470,269.66,0.02,20,-59.13,4.59,0.82,13.483,-2.9565,0.22949999999999998,318.80680000000007
Ord_2446,Prod_1,SHP_3355,5228.2,0.0,38,-691.52,35.0,0.84,137.5842105263158,-18.197894736842105,0.9210526315789473,5884.719999999999
Ord_2926,Prod_2,SHP_4044,204.07,0.08,17,-22.55,4.98,0.58,12.004117647058823,-1.326470588235294,0.29294117647058826,205.3144
Ord_1689,Prod_13,SHP_2338,46.48,0.01,9,-1.82,1.93,0.52,5.164444444444444,-0.20222222222222222,0.21444444444444444,45.9052
Ord_2919,Prod_9,SHP_4031,92.4,0.04,18,8.6,2.5,0.37,5.133333333333334,0.47777777777777775,0.1388888888888889,77.60400000000001
Ord_1706,Prod_4,SHP_2364,6121.1985,0.08,38,1312.34,2.5,0.59,161.0841710526316,34.53526315789473,0.06578947368421052,4316.66262
Ord_1689,Prod_12,SHP_2337,29.42,0.06,4,14.43,0.5,0.38,7.355,3.6075,0.125,12.724800000000002
Ord_2945,Prod_15,SHP_4064,2130.66,0.01,15,-113.77,30.0,0.78,142.04399999999998,-7.584666666666666,2.0,2193.1234
Ord_2951,Prod_3,SHP_4070,4169.93,0.1,36,1765.54,9.07,0.35,115.8313888888889,49.04277777777778,0.25194444444444447,1978.3270000000002
Ord_1727,Prod_4,SHP_2389,886.89,0.03,16,-23.83,8.99,0.56,55.430625,-1.489375,0.561875,875.1233
Ord_1786,Prod_2,SHP_2473,294.68,0.01,23,-23.35,6.96,0.5,12.812173913043479,-1.0152173913043478,0.3026086956521739,308.12320000000005
Ord_1744,Prod_8,SHP_2415,1196.86,0.06,23,-12.51,6.5,0.73,52.03739130434782,-0.5439130434782609,0.2826086956521739,1131.0584
Ord_1733,Prod_6,SHP_2396,792.21,0.05,43,42.24,9.54,0.37,18.423488372093026,0.9823255813953489,0.22186046511627905,700.8195000000001
Ord_2912,Prod_13,SHP_4017,81.1,0.06,29,-2.07,0.96,0.58,2.796551724137931,-0.07137931034482758,0.03310344827586207,77.344
Ord_1708,Prod_4,SHP_2366,278.902,0.04,39,-104.47,5.03,0.6,7.151333333333333,-2.678717948717949,0.128974358974359,367.18592
Ord_1727,Prod_6,SHP_2390,196.84,0.04,32,-69.29,5.79,0.36,6.15125,-2.1653125,0.1809375,252.46640000000002
Ord_1727,Prod_2,SHP_2389,634.12,0.04,44,-21.65,6.75,0.52,14.411818181818182,-0.4920454545454545,0.1534090909090909,623.6552
Ord_2943,Prod_13,SHP_4062,179.65,0.1,48,3.32,1.23,0.55,3.7427083333333333,0.06916666666666667,0.025625,157.13500000000002
Ord_1730,Prod_8,SHP_2393,131.72,0.09,16,-42.61,3.62,0.61,8.2325,-2.663125,0.22625,158.8552
Ord_1681,Prod_1,SHP_2326,1132.6,0.01,11,-310.21,35.0,,102.96363636363635,-28.20090909090909,3.1818181818181817,1396.484
Ord_3959,Prod_6,SHP_5501,14.74,0.06,3,-2.72,1.22,0.36,4.913333333333333,-0.9066666666666667,0.4066666666666667,15.3556
Ord_3966,Prod_6,SHP_5514,71.86,0.1,10,-35.52,6.93,0.37,7.186,-3.5520000000000005,0.693,93.26400000000001
Ord_3966,Prod_12,SHP_5512,237.15,0.0,46,123.02,0.5,0.36,5.155434782608696,2.6743478260869566,0.010869565217391304,113.63000000000001
Ord_3966,Prod_6,SHP_5513,179.22,0.01,22,-139.9,11.15,0.37,8.146363636363636,-6.359090909090909,0.5068181818181818,306.1778
Ord_3997,Prod_6,SHP_5561,278.83,0.03,23,35.16,4.86,0.38,12.123043478260868,1.5286956521739128,0.21130434782608698,230.4451
Ord_3997,Prod_13,SHP_5562,1605.22,0.05,46,230.03,7.73,0.59,34.89608695652174,5.000652173913044,0.16804347826086957,1287.199
Ord_3961,Prod_8,SHP_5506,117.13,0.0,5,-70.47,4.0,0.6,23.426,-14.094,0.8,183.6
Ord_3997,Prod_17,SHP_5559,1610.29,0.04,11,221.38,13.99,0.38,146.39,20.125454545454545,1.2718181818181817,1310.5084000000002
Ord_3997,Prod_6,SHP_5560,617.51,0.01,30,98.1,9.03,0.37,20.583666666666666,3.27,0.301,504.20489999999995
Ord_3959,Prod_13,SHP_5502,117.68,0.09,43,12.47,0.7,0.56,2.736744186046512,0.29000000000000004,0.01627906976744186,93.9188
Ord_3961,Prod_2,SHP_5505,452.39,0.08,26,-22.83,8.17,0.5,17.399615384615384,-0.878076923076923,0.3142307692307692,430.8588
Ord_3987,Prod_1,SHP_5545,991.36,0.1,19,-103.11,19.99,0.59,52.176842105263155,-5.426842105263158,1.0521052631578947,975.344
Ord_3995,Prod_5,SHP_5556,458.8,0.0,9,305.87,6.77,0.44,50.97777777777778,33.98555555555556,0.7522222222222221,146.16000000000003
Ord_3957,Prod_5,SHP_5499,2968.66,0.07,46,1077.49,14.48,0.46,64.53608695652174,23.42369565217391,0.31478260869565217,1668.8837999999998
Ord_3995,Prod_5,SHP_5555,325.58,0.06,18,152.28,3.62,0.43,18.087777777777777,8.46,0.20111111111111113,150.14519999999996
Ord_3947,Prod_1,SHP_5486,838.4,0.02,47,-132.91,9.47,0.59,17.838297872340426,-2.827872340425532,0.20148936170212767,945.0719999999999
Ord_961,Prod_8,SHP_1330,2575.01,0.09,27,231.46,19.99,0.52,95.37074074074074,8.572592592592592,0.7403703703703703,2091.8091000000004
Ord_1013,Prod_4,SHP_1403,1064.7865,0.1,12,-181.01,2.5,0.58,88.73220833333333,-15.084166666666667,0.20833333333333334,1136.81785
Ord_1012,Prod_3,SHP_1402,104.51,0.04,13,-9.28,4.71,0.35,8.03923076923077,-0.7138461538461538,0.36230769230769233,104.8996
Ord_884,Prod_13,SHP_1216,133.66,0.07,23,-5.6,2.27,0.56,5.811304347826087,-0.2434782608695652,0.09869565217391305,127.6338
Ord_936,Prod_13,SHP_1295,159.65,0.06,27,-1.79,2.27,0.56,5.912962962962963,-0.0662962962962963,0.08407407407407408,149.59099999999998
Ord_884,Prod_6,SHP_1215,213.71,0.06,49,-208.02,6.72,0.4,4.361428571428571,-4.24530612244898,0.13714285714285715,402.1874
Ord_909,Prod_1,SHP_1253,189.04,0.08,16,-74.77,8.6,0.57,11.815,-4.673125,0.5375,240.08679999999998
Ord_936,Prod_6,SHP_1294,483.74,0.02,45,206.27,1.79,0.38,10.749777777777778,4.583777777777778,0.03977777777777778,266.00519999999995
Ord_909,Prod_8,SHP_1252,2560.59,0.07,34,670.96,7.18,0.48,75.3114705882353,19.734117647058824,0.2111764705882353,1703.2087000000001
Ord_933,Prod_12,SHP_1291,33.02,0.08,11,8.4,0.5,0.37,3.001818181818182,0.7636363636363637,0.045454545454545456,21.4784
Ord_933,Prod_2,SHP_1290,937.62,0.03,42,187.2,5.94,0.5,22.324285714285715,4.457142857142857,0.14142857142857143,716.3514
Ord_933,Prod_2,SHP_1290,1861.36,0.0,40,627.85,4.62,0.56,46.534,15.696250000000001,0.1155,1228.8899999999999
Ord_899,Prod_5,SHP_1237,160.29,0.01,20,1.35,4.0,0.42,8.0145,0.0675,0.2,153.3371
Ord_1966,Prod_3,SHP_2690,265.75,0.06,25,14.0,5.14,0.36,10.63,0.56,0.20559999999999998,230.66500000000002
Ord_2009,Prod_4,SHP_2746,1118.2515,0.1,22,-59.59,8.99,0.58,50.82961363636364,-2.708636363636364,0.40863636363636363,1057.02635
Ord_2009,Prod_3,SHP_2747,609.4,0.04,40,-89.23,10.91,0.36,15.235,-2.23075,0.27275,663.344
Ord_3003,Prod_1,SHP_4156,621.44,0.08,43,-130.96,4.53,0.81,14.452093023255815,-3.0455813953488375,0.10534883720930233,698.1548000000001
Ord_2993,Prod_6,SHP_4141,105.93,0.05,23,33.47,0.88,0.39,4.605652173913044,1.4552173913043478,0.03826086956521739,66.28350000000002
Ord_2009,Prod_2,SHP_2746,1883.82,0.08,43,528.77,3.5,0.59,43.809767441860465,12.296976744186047,0.08139534883720931,1200.8444
Ord_2245,Prod_6,SHP_3053,1734.72,0.04,48,57.89,19.99,0.38,36.14,1.2060416666666667,0.4164583333333333,1587.4512
Ord_3212,Prod_4,SHP_4454,3629.1175,0.06,21,636.03,5.26,0.56,172.81511904761905,30.287142857142857,0.25047619047619046,2770.0804499999995
Ord_3413,Prod_12,SHP_4731,299.07,0.1,26,137.47,0.49,0.38,11.502692307692307,5.287307692307692,0.018846153846153846,131.203
Ord_3317,Prod_6,SHP_4601,209.33,0.01,39,-160.71,7.44,0.36,5.3674358974358976,-4.120769230769231,0.19076923076923077,360.5067
Ord_3460,Prod_15,SHP_4795,9757.48,0.07,36,-96.05,50.0,0.77,271.0411111111111,-2.6680555555555556,1.3888888888888888,9120.506399999998
Ord_1774,Prod_1,SHP_2459,243.18,0.08,36,-314.22,9.69,0.83,6.755,-8.728333333333333,0.26916666666666667,528.2556000000001
Ord_1290,Prod_9,SHP_1780,2609.53,0.0,27,911.66,19.99,0.4,96.64925925925927,33.76518518518518,0.7403703703703703,1677.8800000000006
Ord_3438,Prod_13,SHP_4765,525.4,0.08,28,126.49,4.1,0.44,18.764285714285712,4.5175,0.1464285714285714,352.77799999999996
Ord_3412,Prod_5,SHP_4729,60.67,0.08,6,10.29,7.29,0.45,10.111666666666666,1.7149999999999999,1.215,38.2364
Ord_3379,Prod_1,SHP_4685,66.92,0.01,5,-23.29,6.13,0.57,13.384,-4.6579999999999995,1.226,83.4108
Ord_3438,Prod_7,SHP_4766,61.77,0.04,37,12.65,0.7,0.37,1.6694594594594596,0.3418918918918919,0.018918918918918916,45.949200000000005
Ord_3432,Prod_8,SHP_4757,413.83,0.08,43,111.74,1.99,0.41,9.623953488372093,2.5986046511627907,0.04627906976744186,266.99359999999996
Ord_3340,Prod_16,SHP_4633,241.43,0.01,35,-65.8,4.42,0.58,6.898000000000001,-1.88,0.12628571428571428,300.39570000000003
Ord_3412,Prod_1,SHP_4730,6195.87,0.03,32,781.03,19.99,0.71,193.6209375,24.4071875,0.6246875,5208.9739
Ord_3432,Prod_4,SHP_4758,3339.65,0.01,30,788.51,7.69,0.58,111.32166666666667,26.283666666666665,0.25633333333333336,2510.0535
Ord_3384,Prod_5,SHP_4691,192.21,0.07,35,-61.36,5.26,0.42,5.491714285714286,-1.7531428571428571,0.15028571428571427,234.8553
Ord_1951,Prod_8,SHP_2803,1316.87,0.02,23,204.7,5.5,0.62,57.25521739130434,8.9,0.2391304347826087,1080.3326
Ord_1951,Prod_3,SHP_2802,164.1,0.03,26,-41.22,5.01,0.39,6.311538461538461,-1.5853846153846154,0.1926923076923077,195.387
Ord_2317,Prod_13,SHP_3175,584.42,0.08,35,-97.21,8.99,0.56,16.697714285714284,-2.777428571428571,0.25685714285714284,625.8864
Ord_3340,Prod_11,SHP_5230,9041.26,0.01,31,-383.03,61.76,0.78,291.6535483870968,-12.355806451612903,1.992258064516129,9272.117400000001
Ord_3760,Prod_16,SHP_5218,459.26,0.08,46,-54.12,4.68,0.59,9.98391304347826,-1.1765217391304348,0.1017391304347826,471.9592
Ord_3340,Prod_13,SHP_5229,163.04,0.08,29,58.0,1.0,0.38,5.622068965517241,2.0,0.034482758620689655,90.99680000000001
Ord_1841,Prod_3,SHP_2535,793.04,0.1,42,323.08,1.49,0.35,18.88190476190476,7.692380952380952,0.035476190476190474,389.166
Ord_2033,Prod_6,SHP_2780,11.15,0.04,2,-5.54,2.97,0.35,5.575,-2.77,1.485,13.274000000000001
Ord_2027,Prod_1,SHP_2771,5452.9,0.07,24,426.67,28.66,0.72,227.20416666666665,17.777916666666666,1.1941666666666666,4615.866999999999
Ord_2033,Prod_8,SHP_2780,2427.25,0.1,25,227.67,19.99,0.52,97.09,9.1068,0.7996,1936.8650000000002
Ord_2244,Prod_5,SHP_3050,279.29,0.07,39,14.15,4.0,0.42,7.161282051282051,0.3628205128205128,0.10256410256410256,241.58970000000002
Ord_2199,Prod_3,SHP_2998,147.88,0.0,39,-142.91,5.47,0.37,3.7917948717948717,-3.6643589743589744,0.14025641025641025,285.32
Ord_4636,Prod_8,SHP_6456,83.02,0.06,15,-54.01,4.62,0.64,5.534666666666666,-3.6006666666666667,0.308,127.4288
Ord_4795,Prod_13,SHP_6685,544.89,0.09,49,-115.66,5.81,0.6,11.120204081632652,-2.3604081632653062,0.11857142857142856,605.6999
Ord_4816,Prod_13,SHP_6712,357.91,0.04,17,-52.12,8.99,0.59,21.053529411764707,-3.0658823529411765,0.5288235294117647,386.72360000000003
Ord_4816,Prod_2,SHP_6711,1351.43,0.08,20,-550.43,60.0,0.41,67.5715,-27.521499999999996,3.0,1733.7456000000002
Ord_4795,Prod_9,SHP_6684,57.82,0.08,4,0.85,4.8,0.36,14.455,0.2125,1.2,47.5444
Ord_1882,Prod_8,SHP_2583,831.52,0.07,25,259.47,1.99,0.43,33.260799999999996,10.378800000000002,0.0796,511.8535999999999
Ord_1882,Prod_4,SHP_2584,1089.87,0.06,10,-124.51,5.99,0.56,108.987,-12.451,0.599,1142.9977999999999
Ord_2256,Prod_4,SHP_3071,1702.499,0.08,16,133.45,5.99,0.56,106.4061875,8.340625,0.374375,1426.85908
Ord_1882,Prod_3,SHP_3051,121.3,0.05,21,-64.87,5.59,0.4,5.776190476190476,-3.0890476190476193,0.2661904761904762,174.515
Ord_589,Prod_3,SHP_801,144.06,0.01,35,-117.27,5.44,0.36,4.116,-3.3505714285714285,0.15542857142857144,254.44940000000003
Ord_565,Prod_3,SHP_767,21.03,0.03,2,-10.48,2.99,0.39,10.515,-5.24,1.495,27.889100000000003
Ord_589,Prod_7,SHP_803,339.27,0.1,46,48.59,2.82,0.4,7.3754347826086954,1.056304347826087,0.06130434782608695,253.93299999999996
Ord_589,Prod_15,SHP_802,3205.24,0.01,32,-1115.99,74.35,0.57,100.16375,-34.8746875,2.3234375,4214.8276
Ord_590,Prod_1,SHP_805,712.64,0.06,44,-27.72,6.25,0.58,16.196363636363635,-0.63,0.14204545454545456,691.3516
Ord_565,Prod_2,SHP_767,1836.06,0.04,39,437.07,4.5,0.59,47.07846153846154,11.206923076923077,0.11538461538461539,1321.0476
Ord_590,Prod_5,SHP_804,702.79,0.04,34,-44.81,11.17,0.6,20.670294117647057,-1.3179411764705884,0.3285294117647059,708.3184000000001
Ord_530,Prod_3,SHP_719,78.93,0.04,18,-88.61,7.01,0.37,4.385000000000001,-4.922777777777778,0.3894444444444444,157.37279999999998
Ord_558,Prod_4,SHP_757,2632.4755,0.01,34,1325.82,3.3,0.37,77.42575,38.99470588235294,0.09705882352941175,1277.0307449999998
Ord_583,Prod_3,SHP_792,268.18,0.06,10,74.64,1.49,0.38,26.818,7.464,0.149,175.9592
Ord_576,Prod_7,SHP_783,31.32,0.0,15,-30.26,2.58,0.82,2.088,-2.0173333333333336,0.17200000000000001,59.0
Ord_576,Prod_12,SHP_782,178.51,0.0,47,82.3,0.5,0.37,3.7980851063829784,1.751063829787234,0.010638297872340425,95.71
Ord_583,Prod_4,SHP_793,477.054,0.1,9,-170.53,3.99,0.59,53.006,-18.947777777777777,0.44333333333333336,595.8886
Ord_1737,Prod_1,SHP_2404,639.84,0.03,42,-95.76,4.53,0.81,15.234285714285715,-2.2800000000000002,0.10785714285714286,711.8748
Ord_1699,Prod_10,SHP_2352,5181.08,0.01,45,-1623.6,58.72,0.76,115.13511111111112,-36.08,1.3048888888888888,6694.1492
Ord_1760,Prod_5,SHP_2440,2413.53,0.06,39,544.04,12.23,0.64,61.88538461538462,13.949743589743589,0.3135897435897436,1712.4482000000003
Ord_1754,Prod_6,SHP_2432,95.22,0.01,18,-33.4,4.7,0.38,5.29,-1.8555555555555554,0.2611111111111111,122.96779999999998
Ord_1737,Prod_5,SHP_2403,93.02,0.07,18,20.01,2.03,0.51,5.167777777777777,1.1116666666666668,0.11277777777777777,64.4686
Ord_1732,Prod_8,SHP_2395,196.12,0.01,9,4.41,1.99,0.48,21.79111111111111,0.49,0.22111111111111112,187.7588
Ord_1699,Prod_5,SHP_2354,1679.04,0.01,38,324.47,14.45,0.57,44.18526315789474,8.538684210526316,0.3802631578947368,1323.3295999999998
Ord_1773,Prod_7,SHP_2458,93.22,0.06,25,-15.37,0.94,0.83,3.7288,-0.6148,0.037599999999999995,102.05680000000001
Ord_1759,Prod_13,SHP_2439,80.61,0.08,29,-8.77,1.25,0.59,2.779655172413793,-0.30241379310344824,0.04310344827586207,81.68119999999999
Ord_1695,Prod_2,SHP_2347,118.18,0.06,27,-133.62,6.89,0.6,4.377037037037037,-4.948888888888889,0.2551851851851852,237.81920000000002
Ord_1766,Prod_5,SHP_2448,442.31,0.02,50,231.68,0.96,0.43,8.8462,4.6336,0.0192,200.8238
Ord_1759,Prod_2,SHP_2438,449.47,0.05,31,-190.49,13.32,0.43,14.499032258064517,-6.14483870967742,0.4296774193548387,604.1665
Ord_1707,Prod_1,SHP_2365,614.34,0.02,44,-171.7,9.37,0.56,13.962272727272728,-3.902272727272727,0.21295454545454542,764.3832
Ord_1508,Prod_9,SHP_2084,86.29,0.05,7,-14.03,6.97,0.35,12.327142857142858,-2.004285714285714,0.9957142857142857,89.03550000000001
Ord_1538,Prod_5,SHP_2128,210.86,0.04,21,5.5,6.02,0.48,10.040952380952382,0.2619047619047619,0.2866666666666666,190.9056
Ord_2164,Prod_3,SHP_2950,192.44,0.05,13,6.77,6.46,0.38,14.803076923076922,0.5207692307692308,0.4969230769230769,169.58799999999997
Ord_2164,Prod_5,SHP_2949,547.32,0.1,28,42.39,6.67,0.49,19.54714285714286,1.5139285714285715,0.2382142857142857,443.528
Ord_2152,Prod_12,SHP_2934,142.1,0.01,49,37.03,0.99,0.36,2.9,0.7557142857142858,0.02020408163265306,102.65899999999999
Ord_2192,Prod_1,SHP_2989,5601.1,0.02,38,1515.7,19.99,0.56,147.39736842105265,39.886842105263156,0.5260526315789473,3953.388000000001
Ord_2181,Prod_5,SHP_2973,39.23,0.06,17,-66.58,5.33,0.43,2.3076470588235294,-3.916470588235294,0.3135294117647059,98.1262
Ord_2164,Prod_9,SHP_2949,766.36,0.0,46,399.12,1.39,0.38,16.66,8.676521739130434,0.030217391304347824,365.85
Ord_2164,Prod_2,SHP_2949,2116.2,0.08,46,483.67,4.5,0.59,46.00434782608695,10.514565217391304,0.09782608695652174,1458.7339999999997
Ord_2158,Prod_4,SHP_2942,2688.0825,0.04,48,844.82,2.5,0.56,56.00171875,17.600416666666668,0.052083333333333336,1733.2392
Ord_2192,Prod_3,SHP_2988,211.48,0.1,33,18.15,2.99,0.35,6.408484848484848,0.5499999999999999,0.0906060606060606,169.19199999999998
Ord_193,Prod_8,SHP_261,165.04,0.03,5,-112.44,8.65,0.74,33.007999999999996,-22.488,1.73,263.87879999999996
Ord_161,Prod_4,SHP_216,4688.9485,0.0,26,1215.44,5.26,0.56,180.34417307692308,46.74769230769231,0.2023076923076923,3468.2485
Ord_100,Prod_8,SHP_138,121.12,0.1,3,-118.82,1.99,0.44,40.373333333333335,-39.60666666666666,0.6633333333333333,225.83800000000002
Ord_222,Prod_3,SHP_309,1038.82,0.05,45,-78.36,15.1,0.38,23.084888888888887,-1.7413333333333334,0.33555555555555555,1050.139
Ord_222,Prod_3,SHP_310,564.39,0.09,47,51.82,4.98,0.4,12.008297872340425,1.1025531914893618,0.10595744680851064,456.7948999999999
Ord_192,Prod_5,SHP_258,254.76,0.06,6,109.88,14.45,0.57,42.46,18.313333333333333,2.408333333333333,115.14440000000002
Ord_39,Prod_4,SHP_51,61.8715,0.0,8,-50.33,5.03,0.6,7.7339375,-6.29125,0.62875,107.1715
Ord_337,Prod_15,SHP_452,797.24,0.04,16,11.46,14.19,0.56,49.8275,0.71625,0.886875,739.7004
Ord_3687,Prod_13,SHP_5112,109.92,0.06,27,24.75,0.83,0.51,4.071111111111112,0.9166666666666666,0.03074074074074074,77.7448
Ord_3662,Prod_11,SHP_5076,3300.216,0.1,20,-855.03,69.64,0.77,165.0108,-42.7515,3.482,3755.5843999999997
Ord_3648,Prod_15,SHP_5055,7223.59,0.07,36,1769.81,23.76,0.58,200.65527777777777,49.16138888888889,0.66,4924.368699999999
Ord_3693,Prod_2,SHP_5118,122.35,0.02,11,-13.55,3.99,0.58,11.122727272727273,-1.231818181818182,0.36272727272727273,129.463
Ord_3668,Prod_8,SHP_5085,1220.08,0.0,42,515.64,1.99,0.4,29.04952380952381,12.277142857142858,0.04738095238095238,702.4499999999999
Ord_3662,Prod_3,SHP_5077,331.54,0.05,23,9.41,7.27,0.38,14.414782608695653,0.4091304347826087,0.3160869565217391,298.283
Ord_3654,Prod_3,SHP_5064,88.02,0.0,40,-6.54,1.49,0.36,2.2005,-0.1635,0.03725,93.07000000000001
Ord_3656,Prod_5,SHP_5067,1009.42,0.02,35,339.58,8.55,0.42,28.840571428571426,9.702285714285713,0.2442857142857143,641.1016
Ord_3668,Prod_2,SHP_5085,709.54,0.07,12,131.44,3.99,0.57,59.12833333333333,10.953333333333333,0.3325,524.4422
Ord_3653,Prod_4,SHP_5063,1372.9455,0.0,44,429.89,1.25,0.57,31.20330681818182,9.770227272727272,0.028409090909090908,941.8055
Ord_3674,Prod_16,SHP_5092,600.22,0.08,50,27.86,3.14,0.6,12.0044,0.5572,0.06280000000000001,521.2024
Ord_3654,Prod_15,SHP_5065,800.0,0.1,32,-210.3,14.36,0.6,25.0,-6.571875,0.44875,915.94
Ord_3693,Prod_1,SHP_5118,96.03,0.1,6,-59.39,11.25,0.6,16.005,-9.898333333333333,1.875,134.567
Ord_2065,Prod_7,SHP_2826,100.95,0.05,17,-21.3,3.37,0.54,5.938235294117647,-1.2529411764705882,0.19823529411764707,113.8325
Ord_2080,Prod_5,SHP_2844,260.12,0.05,30,36.54,4.19,0.43,8.670666666666667,1.218,0.1396666666666667,206.38400000000001
Ord_2117,Prod_1,SHP_2893,2315.11,0.06,38,532.21,9.71,0.57,60.923947368421054,14.005526315789474,0.2555263157894737,1634.2834000000003
Ord_2109,Prod_10,SHP_2884,951.09,0.02,15,-246.32,36.61,0.61,63.406,-16.421333333333333,2.4406666666666665,1141.7782
Ord_2065,Prod_3,SHP_2826,218.27,0.03,34,-44.14,4.92,0.38,6.419705882352941,-1.2982352941176472,0.14470588235294118,250.94190000000003
Ord_2089,Prod_2,SHP_2858,131.2,0.01,31,-107.98,5.13,0.59,4.232258064516128,-3.483225806451613,0.16548387096774192,232.738
Ord_2183,Prod_13,SHP_2976,287.54,0.04,48,57.28,0.96,0.6,5.990416666666667,1.1933333333333334,0.02,217.79840000000004
Ord_2183,Prod_4,SHP_2977,88.315,0.01,5,-72.4,0.99,0.57,17.663,-14.48,0.198,158.84185000000002
Ord_2078,Prod_6,SHP_2842,180.38,0.08,29,-119.32,7.49,0.37,6.22,-4.11448275862069,0.2582758620689655,277.77959999999996
Ord_2081,Prod_1,SHP_2845,284.62,0.1,14,-27.08,5.42,0.66,20.330000000000002,-1.9342857142857142,0.3871428571428571,277.81800000000004
Ord_5501,Prod_5,SHP_7693,1488.66,0.0,49,385.37,7.87,0.54,30.380816326530613,7.86469387755102,0.1606122448979592,1095.42
Ord_5505,Prod_9,SHP_7698,392.57,0.04,23,22.25,8.13,0.38,17.06826086956522,0.967391304347826,0.35347826086956524,346.4872
Ord_4615,Prod_5,SHP_6425,2548.3,0.1,34,875.57,19.99,0.43,74.95,25.752058823529413,0.5879411764705882,1397.9100000000003
Ord_4563,Prod_11,SHP_6349,3585.91,0.06,25,-178.54,43.75,0.65,143.4364,-7.1415999999999995,1.75,3505.5454
Ord_3381,Prod_4,SHP_4688,163.3105,0.02,9,-105.09,3.3,0.81,18.14561111111111,-11.676666666666668,0.36666666666666664,261.83429
Ord_3467,Prod_3,SHP_4802,305.76,0.1,31,-22.53,5.75,0.39,9.863225806451613,-0.7267741935483871,0.18548387096774194,291.96399999999994
Ord_3381,Prod_13,SHP_4687,45.38,0.07,26,-1.97,0.7,0.56,1.7453846153846155,-0.07576923076923077,0.02692307692307692,43.4734
Ord_3447,Prod_3,SHP_4777,925.8,0.01,37,30.69,12.98,0.39,25.02162162162162,0.8294594594594595,0.35081081081081084,872.8719999999998
Ord_3467,Prod_8,SHP_4802,25.48,0.06,3,-26.8,1.99,0.52,8.493333333333334,-8.933333333333334,0.6633333333333333,48.7612
Ord_3447,Prod_3,SHP_4778,282.48,0.08,39,-87.01,6.05,0.39,7.243076923076924,-2.2310256410256413,0.15512820512820513,340.84159999999997
Ord_3235,Prod_16,SHP_4487,92.63,0.05,43,-70.8,2.56,0.55,2.1541860465116276,-1.6465116279069767,0.059534883720930236,156.2385
Ord_3458,Prod_10,SHP_4793,4346.98,0.05,42,10.22,35.84,0.62,103.4995238095238,0.24333333333333335,0.8533333333333334,4083.5709999999995
Ord_3385,Prod_13,SHP_4693,17.33,0.06,4,-16.58,5.0,0.56,4.3325,-4.145,1.25,27.870199999999997
Ord_3325,Prod_4,SHP_4615,6659.7415,0.05,42,1647.75,3.99,0.59,158.5652738095238,39.232142857142854,0.095,4675.014425
Ord_3456,Prod_8,SHP_4791,319.39,0.03,37,-39.33,3.62,0.61,8.632162162162162,-1.0629729729729729,0.09783783783783784,345.51829999999995
Ord_3385,Prod_13,SHP_4692,207.54,0.03,50,24.21,1.23,0.55,4.1508,0.4842,0.0246,175.8738
Ord_3346,Prod_6,SHP_4641,155.27,0.1,32,-151.55,7.54,0.38,4.8521875,-4.7359375,0.235625,283.75300000000004
Ord_3221,Prod_13,SHP_4467,133.4,0.02,6,-0.31,2.87,0.55,22.233333333333334,-0.051666666666666666,0.47833333333333333,128.172
Ord_3347,Prod_6,SHP_4642,221.33,0.0,29,77.33,1.77,0.37,7.632068965517242,2.666551724137931,0.06103448275862069,142.23000000000002
Ord_3325,Prod_2,SHP_4614,1460.42,0.04,20,-441.44,60.0,0.41,73.021,-22.072,3.0,1783.4432000000002
Ord_2611,Prod_5,SHP_3573,158.83,0.0,25,-56.97,5.92,0.55,6.3532,-2.2788,0.2368,209.88000000000002
Ord_2762,Prod_13,SHP_3788,153.28,0.09,46,-161.21,5.0,0.56,3.332173913043478,-3.5045652173913044,0.10869565217391304,295.6948
Ord_2726,Prod_1,SHP_3737,481.27,0.01,28,-128.89,11.25,0.6,17.188214285714285,-4.6032142857142855,0.4017857142857143,594.0972999999999
Ord_1647,Prod_13,SHP_2275,113.89,0.02,9,-52.25,8.99,0.59,12.654444444444444,-5.805555555555555,0.9988888888888889,154.87220000000002
Ord_1540,Prod_8,SHP_2130,490.17,0.04,23,-57.09,4.0,0.77,21.311739130434784,-2.4821739130434786,0.17391304347826086,523.6532
Ord_1647,Prod_8,SHP_2274,2773.71,0.02,32,1097.25,5.5,0.44,86.6784375,34.2890625,0.171875,1615.4858
Ord_1448,Prod_1,SHP_2001,1756.11,0.1,29,-888.07,35.0,0.8,60.555517241379306,-30.623103448275863,1.206896551724138,2433.569
Ord_1540,Prod_12,SHP_2131,206.2,0.01,42,101.14,0.5,0.36,4.909523809523809,2.408095238095238,0.011904761904761904,102.49799999999998
Ord_1523,Prod_8,SHP_2105,1435.32,0.02,49,485.95,1.99,0.5,29.292244897959183,9.917346938775509,0.040612244897959185,918.6735999999999
Ord_3357,Prod_8,SHP_4653,195.75,0.02,6,-31.24,1.99,0.41,32.625,-5.206666666666666,0.33166666666666667,221.085
Ord_3310,Prod_5,SHP_4591,1194.06,0.04,22,326.97,14.83,0.54,54.275454545454544,14.862272727272728,0.6740909090909091,804.4975999999999
Ord_3310,Prod_8,SHP_4590,801.44,0.01,35,308.12,1.99,0.43,22.898285714285716,8.803428571428572,0.056857142857142856,483.3156
Ord_3338,Prod_6,SHP_4631,297.76,0.07,50,-111.34,5.79,0.36,5.9552,-2.2268,0.1158,382.4667999999999
Ord_3310,Prod_13,SHP_4590,39.42,0.06,10,7.78,0.7,0.44,3.942,0.778,0.06999999999999999,28.574799999999996
Ord_3311,Prod_11,SHP_4593,7339.24,0.0,48,-279.74,51.92,0.69,152.90083333333334,-5.827916666666667,1.0816666666666668,7567.0599999999995
Ord_3335,Prod_6,SHP_4628,224.58,0.03,43,46.31,2.04,0.36,5.2227906976744185,1.0769767441860465,0.04744186046511628,169.4926
Ord_3311,Prod_13,SHP_4592,377.02,0.0,49,84.66,2.35,0.47,7.694285714285714,1.7277551020408162,0.04795918367346939,290.01
Ord_3263,Prod_16,SHP_4526,351.27,0.08,22,-37.22,7.42,0.56,15.966818181818182,-1.6918181818181817,0.3372727272727273,352.9684
Ord_949,Prod_6,SHP_1314,1579.56,0.01,44,699.64,4.92,0.38,35.89909090909091,15.90090909090909,0.11181818181818182,859.2044
Ord_949,Prod_13,SHP_1313,679.95,0.08,39,-93.3,8.65,0.57,17.434615384615388,-2.3923076923076922,0.2217948717948718,710.2040000000001
Ord_941,Prod_13,SHP_1302,30.62,0.01,17,-1.56,0.7,0.56,1.8011764705882354,-0.09176470588235294,0.041176470588235294,31.1738
Ord_982,Prod_6,SHP_1356,110.74,0.09,17,-70.31,7.49,0.37,6.514117647058823,-4.135882352941176,0.44058823529411767,163.5934
Ord_983,Prod_3,SHP_1357,73.82,0.08,26,2.01,1.49,0.36,2.839230769230769,0.0773076923076923,0.05730769230769231,64.4144
Ord_988,Prod_5,SHP_1364,632.55,0.05,27,165.35,8.99,0.44,23.427777777777777,6.124074074074074,0.33296296296296296,426.58249999999987
Ord_988,Prod_7,SHP_1364,90.96,0.02,48,-30.11,1.56,0.49,1.8949999999999998,-0.6272916666666667,0.0325,117.6908
Ord_988,Prod_5,SHP_1365,1997.13,0.05,32,720.45,14.48,0.46,62.4103125,22.5140625,0.4525,1162.3435
Ord_989,Prod_3,SHP_1366,64.13,0.1,10,-28.97,5.27,0.36,6.412999999999999,-2.897,0.5269999999999999,81.417
Ord_1011,Prod_8,SHP_1401,1307.88,0.06,13,206.86,7.18,0.46,100.60615384615386,15.912307692307694,0.5523076923076923,1015.3672
Ord_924,Prod_7,SHP_1279,41.23,0.09,35,-21.51,0.7,0.81,1.178,-0.6145714285714287,0.02,58.32929999999999
Ord_915,Prod_6,SHP_1261,275.06,0.05,36,-237.87,11.15,0.37,7.640555555555555,-6.6075,0.30972222222222223,488.02700000000004
Ord_4988,Prod_4,SHP_6964,1446.207,0.02,13,29.56,8.08,0.57,111.24669230769231,2.273846153846154,0.6215384615384616,1379.6428600000002
Ord_4988,Prod_10,SHP_6963,6483.26,0.09,29,341.98,60.2,0.56,223.5606896551724,11.79241379310345,2.075862068965517,5497.5866000000005
Ord_4986,Prod_13,SHP_6960,132.79,0.05,39,-100.24,3.97,0.56,3.4048717948717946,-2.5702564102564103,0.1017948717948718,222.4205
Ord_4986,Prod_1,SHP_6961,232.85,0.03,32,-262.62,9.69,0.83,7.2765625,-8.206875,0.3028125,478.79449999999997
Ord_151,Prod_8,SHP_202,593.32,0.03,29,28.99,4.0,0.6,20.45931034482759,0.9996551724137931,0.13793103448275862,542.5304
Ord_299,Prod_12,SHP_401,17.89,0.04,1,10.51,0.5,0.39,17.89,10.51,0.5,6.164400000000002
Ord_299,Prod_13,SHP_402,137.18,0.07,47,6.04,0.96,0.58,2.9187234042553194,0.12851063829787235,0.020425531914893616,120.57740000000001
Ord_151,Prod_9,SHP_203,626.07,0.03,26,185.32,6.71,0.35,24.079615384615387,7.127692307692308,0.2580769230769231,415.2579
Ord_729,Prod_13,SHP_994,109.86,0.07,34,19.04,0.85,0.48,3.231176470588235,0.5599999999999999,0.024999999999999998,82.2798
Ord_689,Prod_13,SHP_944,106.78,0.0,29,-98.05,5.0,0.56,3.6820689655172414,-3.3810344827586207,0.1724137931034483,199.82999999999998
Ord_695,Prod_5,SHP_951,17.72,0.02,8,-15.34,4.08,0.53,2.215,-1.9175,0.51,28.6256
Ord_684,Prod_3,SHP_935,4064.05,0.06,33,1408.19,19.99,0.37,123.1530303030303,42.67242424242424,0.6057575757575757,2392.0270000000005
Ord_715,Prod_6,SHP_979,233.39,0.06,35,-197.39,9.54,0.37,6.668285714285714,-5.639714285714286,0.2725714285714285,407.23659999999995
Ord_684,Prod_2,SHP_936,3213.87,0.08,47,-1069.72,60.0,0.41,68.38021276595744,-22.76,1.2765957446808511,3966.4804000000004
Ord_717,Prod_17,SHP_981,181.66,0.0,9,-27.47,8.51,0.4,20.184444444444445,-3.052222222222222,0.9455555555555555,200.62
Ord_868,Prod_5,SHP_1194,442.72,0.07,44,-168.38,7.94,0.52,10.061818181818182,-3.8268181818181817,0.18045454545454545,572.1696
Ord_868,Prod_4,SHP_1195,326.893,0.07,6,-223.21,5.31,0.57,54.482166666666664,-37.20166666666667,0.8849999999999999,521.91049
Ord_5113,Prod_15,SHP_7142,5264.48,0.03,40,-284.06,30.0,0.78,131.612,-7.1015,0.75,5360.6056
Ord_5106,Prod_4,SHP_7130,2174.419,0.05,48,-211.7,5.0,0.83,45.30039583333333,-4.410416666666666,0.10416666666666667,2272.39805
Ord_5114,Prod_6,SHP_7145,921.3,0.09,32,353.16,4.86,0.38,28.790625,11.03625,0.151875,480.3629999999999
Ord_5112,Prod_13,SHP_7140,825.8,0.1,40,183.48,2.87,0.55,20.645,4.587,0.07175000000000001,556.8699999999999
Ord_5114,Prod_4,SHP_7143,1873.349,0.02,17,194.21,8.08,0.57,110.197,11.424117647058823,0.4752941176470588,1633.59202
Ord_5087,Prod_6,SHP_7104,191.14,0.06,38,82.65,0.8,0.36,5.029999999999999,2.1750000000000003,0.021052631578947368,96.22159999999997
Ord_5112,Prod_9,SHP_7141,4273.95,0.05,49,1340.07,19.99,0.4,87.2234693877551,27.348367346938772,0.40795918367346934,2700.1925
Ord_5102,Prod_8,SHP_7124,360.24,0.08,19,-53.82,4.0,0.68,18.96,-2.8326315789473684,0.21052631578947367,381.2408
Ord_5125,Prod_3,SHP_7163,21.07,0.0,2,-10.43,2.99,0.39,10.535,-5.215,1.495,28.509999999999998
Ord_5126,Prod_5,SHP_7163,430.41,0.08,20,-1.55,7.58,0.51,21.520500000000002,-0.0775,0.379,389.94720000000007
Ord_5101,Prod_15,SHP_7123,6277.75,0.1,50,-592.43,30.0,0.78,125.555,-11.8486,0.6,6212.405000000001
Ord_5116,Prod_4,SHP_7147,1267.4605,0.05,23,128.79,5.99,0.58,55.10697826086956,5.599565217391304,0.2604347826086957,1069.3074749999998
Ord_2395,Prod_16,SHP_3285,450.66,0.01,49,-115.1,6.14,0.59,9.197142857142858,-2.3489795918367347,0.1253061224489796,555.1134000000001
Ord_2401,Prod_1,SHP_3293,396.6,0.08,30,-148.26,9.37,0.56,13.22,-4.941999999999999,0.3123333333333333,503.762
Ord_2495,Prod_5,SHP_3421,1782.68,0.08,17,280.64,5.81,0.65,104.86352941176472,16.508235294117647,0.3417647058823529,1353.6156
Ord_2401,Prod_11,SHP_3294,6902.51,0.04,32,-513.79,110.2,0.73,215.7034375,-16.0559375,3.44375,7029.9996
Ord_2418,Prod_6,SHP_3317,241.04,0.05,34,-28.2,5.14,0.37,7.089411764705882,-0.8294117647058823,0.15117647058823527,252.048
Ord_2488,Prod_9,SHP_3409,889.84,0.1,34,204.49,8.23,0.38,26.171764705882353,6.014411764705883,0.24205882352941177,588.136
Ord_2488,Prod_8,SHP_3408,113.23,0.06,24,-45.64,2.39,0.72,4.7179166666666665,-1.9016666666666666,0.09958333333333334,149.68619999999999
Ord_3629,Prod_4,SHP_5027,2377.28,0.04,49,-5.79,5.0,0.83,48.51591836734694,-0.11816326530612245,0.10204081632653061,2282.9788000000003
Ord_3591,Prod_17,SHP_4971,3046.01,0.08,32,998.65,14.0,0.37,95.1878125,31.2078125,0.4375,1789.6792
Ord_3591,Prod_6,SHP_4972,353.52,0.04,15,51.53,8.18,0.39,23.567999999999998,3.4353333333333333,0.5453333333333333,279.66919999999993
Ord_3526,Prod_5,SHP_4884,3908.65,0.06,39,480.57,10.12,0.79,100.22179487179487,12.322307692307692,0.2594871794871795,3183.4410000000003
Ord_3551,Prod_3,SHP_4917,528.6,0.01,43,52.59,5.63,0.4,12.293023255813955,1.2230232558139535,0.13093023255813954,465.09400000000005
Ord_3527,Prod_6,SHP_4885,41.25,0.02,5,-23.25,7.91,0.37,8.25,-4.65,1.582,55.765
Ord_3585,Prod_12,SHP_4963,48.5,0.07,11,23.88,0.5,0.37,4.409090909090909,2.170909090909091,0.045454545454545456,20.724999999999998
Ord_3585,Prod_1,SHP_4962,3016.85,0.05,38,-967.67,35.0,0.81,79.39078947368421,-25.465,0.9210526315789473,3798.6775
Ord_3551,Prod_3,SHP_4918,107.41,0.03,24,20.68,1.49,0.35,4.475416666666667,0.8616666666666667,0.06208333333333333,82.01769999999999
Ord_3621,Prod_2,SHP_5015,1929.19,0.04,32,570.67,4.5,0.56,60.2871875,17.8334375,0.140625,1276.8524000000002
Ord_3629,Prod_5,SHP_5027,1233.76,0.06,38,-168.08,19.99,0.55,32.46736842105263,-4.423157894736843,0.5260526315789473,1307.8244
Ord_588,Prod_1,SHP_800,127.56,0.05,4,-41.75,6.64,0.7,31.89,-10.4375,1.66,156.292
Ord_588,Prod_7,SHP_799,261.0,0.04,45,-43.45,3.37,0.54,5.8,-0.9655555555555556,0.0748888888888889,290.64
Ord_581,Prod_6,SHP_790,991.36,0.01,46,212.06,8.68,0.37,21.551304347826086,4.61,0.18869565217391304,760.7064
Ord_581,Prod_5,SHP_789,1382.31,0.03,26,372.26,19.99,0.44,53.16576923076923,14.317692307692308,0.7688461538461537,948.5907
Ord_99,Prod_8,SHP_136,311.44,0.04,32,74.07,1.99,0.43,9.7325,2.3146875,0.0621875,222.92239999999998
Ord_172,Prod_7,SHP_234,58.53,0.07,47,-24.86,0.7,0.81,1.2453191489361701,-0.528936170212766,0.014893617021276595,78.5929
Ord_99,Prod_5,SHP_137,215.65,0.01,17,77.38,2.85,0.55,12.685294117647059,4.551764705882353,0.16764705882352943,133.26350000000002
Ord_275,Prod_12,SHP_374,216.3,0.01,34,103.16,0.5,0.39,6.361764705882353,3.0341176470588236,0.014705882352941176,110.477
Ord_191,Prod_6,SHP_257,217.93,0.03,27,-29.02,5.83,0.36,8.071481481481483,-1.074814814814815,0.21592592592592594,234.5821
Ord_6,Prod_1,SHP_8,2781.82,0.07,21,-695.26,35.0,,132.46761904761905,-33.107619047619046,1.6666666666666667,3247.3526
Ord_4833,Prod_1,SHP_6737,9261.24,0.0,46,1646.43,19.99,0.71,201.3313043478261,35.79195652173913,0.4345652173913043,7594.82
Ord_4833,Prod_5,SHP_6738,28.98,0.06,2,-18.39,4.98,0.48,14.49,-9.195,2.49,40.6512
Ord_4678,Prod_17,SHP_6524,3441.09,0.03,43,431.95,30.06,0.4,80.02534883720931,10.045348837209302,0.6990697674418604,2875.8473000000004
Ord_4678,Prod_6,SHP_6525,209.61,0.05,38,-96.29,5.66,0.4,5.5160526315789475,-2.5339473684210527,0.14894736842105263,289.7595
Ord_1806,Prod_6,SHP_2499,9.37,0.09,2,-5.26,1.22,0.36,4.685,-2.63,0.61,12.5667
Ord_1988,Prod_15,SHP_2717,2537.88,0.03,42,-377.25,32.41,0.56,60.425714285714285,-8.982142857142858,0.7716666666666666,2806.5836000000004
Ord_1893,Prod_3,SHP_2599,1662.57,0.1,49,674.99,2.99,0.35,33.93,13.77530612244898,0.06102040816326531,818.3329999999999
Ord_1806,Prod_13,SHP_3073,53.33,0.09,31,-2.44,0.7,0.56,1.7203225806451612,-0.07870967741935483,0.02258064516129032,50.27029999999999
Ord_4597,Prod_1,SHP_6394,380.34,0.02,36,-108.2,6.91,0.58,10.565,-3.0055555555555555,0.19194444444444445,474.0231999999999
Ord_4597,Prod_12,SHP_6393,99.1,0.02,24,28.42,0.99,0.39,4.129166666666666,1.1841666666666668,0.04125,67.708
Ord_4461,Prod_13,SHP_6215,363.54,0.08,17,4.75,5.53,0.59,21.384705882352943,0.27941176470588236,0.32529411764705884,324.17680000000007
Ord_89,Prod_3,SHP_118,501.32,0.04,30,-119.08,13.18,0.37,16.710666666666665,-3.969333333333333,0.4393333333333333,587.1672
Ord_111,Prod_8,SHP_152,633.56,0.09,31,-158.87,6.5,0.78,20.437419354838706,-5.1248387096774195,0.20967741935483872,728.9096
Ord_228,Prod_8,SHP_316,1184.32,0.09,46,-99.55,5.89,0.75,25.746086956521737,-2.1641304347826087,0.12804347826086956,1171.3911999999998
Ord_303,Prod_7,SHP_408,77.99,0.03,20,19.68,0.99,0.39,3.8994999999999997,0.984,0.0495,54.98030000000001
Ord_226,Prod_1,SHP_314,1168.15,0.04,24,-743.96,35.0,0.83,48.67291666666667,-30.998333333333335,1.4583333333333333,1830.384
Ord_89,Prod_6,SHP_119,275.16,0.05,23,43.35,5.01,0.36,11.963478260869566,1.8847826086956523,0.21782608695652173,213.04200000000006
Ord_303,Prod_17,SHP_407,701.46,0.04,43,-90.14,9.4,0.49,16.313023255813956,-2.096279069767442,0.2186046511627907,754.1416
Ord_89,Prod_6,SHP_120,1302.99,0.02,37,545.49,5.09,0.38,35.21594594594595,14.742972972972973,0.13756756756756755,726.3502000000001
Ord_303,Prod_13,SHP_408,53.94,0.05,19,-6.53,1.25,0.59,2.8389473684210524,-0.3436842105263158,0.06578947368421052,56.522999999999996
Ord_303,Prod_13,SHP_408,46.94,0.02,7,7.34,1.22,0.4,6.7057142857142855,1.0485714285714285,0.1742857142857143,37.441199999999995
Ord_326,Prod_6,SHP_434,778.38,0.01,29,257.32,5.86,0.39,26.840689655172415,8.873103448275861,0.20206896551724138,507.41619999999995
Ord_2533,Prod_4,SHP_5885,2441.1405,0.05,19,261.96,8.99,0.55,128.48107894736842,13.78736842105263,0.4731578947368421,2048.133475
Ord_4139,Prod_1,SHP_5765,1379.62,0.1,45,-66.07,6.72,0.75,30.65822222222222,-1.468222222222222,0.14933333333333332,1301.0079999999998
Ord_4129,Prod_4,SHP_5751,1707.99,0.0,29,391.19,3.99,0.59,58.896206896551725,13.489310344827587,0.13758620689655174,1312.81
Ord_4139,Prod_10,SHP_5764,5007.69,0.07,45,-899.34,51.42,0.65,111.282,-19.985333333333333,1.1426666666666667,5505.0716999999995
Ord_4154,Prod_6,SHP_5789,81.78,0.07,4,-12.43,5.97,0.38,20.445,-3.1075,1.4925,82.5154
Ord_4221,Prod_6,SHP_5891,265.92,0.04,29,79.67,2.15,0.4,9.169655172413794,2.7472413793103447,0.07413793103448275,173.46320000000003
Ord_4112,Prod_8,SHP_5728,269.02,0.1,13,-112.0,6.5,0.78,20.693846153846152,-8.615384615384615,0.5,347.618
Ord_4166,Prod_13,SHP_5805,89.89,0.06,32,-8.16,1.25,0.59,2.8090625,-0.255,0.0390625,91.4066
Ord_4138,Prod_6,SHP_5763,135.21,0.04,14,5.89,4.39,0.38,9.657857142857143,0.4207142857142857,0.31357142857142856,119.5216
Ord_4175,Prod_3,SHP_5820,225.25,0.03,29,-7.59,4.71,0.35,7.767241379310345,-0.2617241379310345,0.16241379310344828,221.3725
Ord_4192,Prod_6,SHP_5843,42.77,0.04,4,-1.19,2.27,0.36,10.6925,-0.2975,0.5675,39.9792
Ord_4128,Prod_3,SHP_5750,262.32,0.07,19,5.16,6.46,0.38,13.806315789473684,0.2715789473684211,0.34,232.33759999999998
Ord_4192,Prod_12,SHP_5843,78.09,0.01,26,19.63,0.99,0.36,3.0034615384615386,0.755,0.03807692307692308,56.68910000000001
Ord_4146,Prod_13,SHP_5777,37.06,0.03,17,0.61,0.7,0.57,2.18,0.03588235294117647,0.041176470588235294,34.6382
Ord_1845,Prod_3,SHP_2539,934.87,0.09,31,98.69,12.62,0.37,30.157096774193548,3.1835483870967742,0.40709677419354834,739.4217000000001
Ord_1845,Prod_3,SHP_2539,2130.82,0.05,18,818.92,9.07,0.35,118.3788888888889,45.495555555555555,0.5038888888888889,1196.2890000000002
Ord_1370,Prod_3,SHP_1888,136.2,0.09,32,-154.31,7.01,0.37,4.25625,-4.8221875,0.2190625,271.24199999999996
Ord_1397,Prod_5,SHP_1928,51.14,0.08,28,-81.96,4.08,0.53,1.8264285714285715,-2.927142857142857,0.1457142857142857,124.9288
Ord_1623,Prod_8,SHP_2240,1244.72,0.04,12,269.94,7.18,0.4,103.72666666666667,22.495,0.5983333333333333,917.8111999999999
Ord_1405,Prod_6,SHP_1938,258.54,0.05,37,-116.37,7.3,0.37,6.987567567567568,-3.1451351351351353,0.19729729729729728,354.683
Ord_1549,Prod_6,SHP_2143,175.42,0.0,26,-93.73,7.5,0.4,6.746923076923077,-3.605,0.28846153846153844,261.65
Ord_1405,Prod_4,SHP_1938,4610.2895,0.0,41,1432.86,2.5,0.6,112.44608536585366,34.94780487804878,0.06097560975609756,3174.9295
Ord_1336,Prod_15,SHP_1837,5261.73,0.05,34,650.3,43.71,0.55,154.75676470588235,19.126470588235293,1.2855882352941177,4304.633499999999
Ord_1554,Prod_9,SHP_2148,1112.54,0.01,38,352.96,8.23,0.38,29.277368421052632,9.288421052631579,0.21657894736842107,740.2246
Ord_1491,Prod_9,SHP_2059,542.24,0.02,33,268.53,1.39,0.38,16.431515151515153,8.137272727272727,0.042121212121212115,261.4752000000001
Ord_1491,Prod_17,SHP_2061,1084.12,0.04,45,294.43,6.3,0.38,24.09155555555555,6.542888888888889,0.13999999999999999,740.0251999999998
Ord_1491,Prod_2,SHP_2059,67.87,0.07,29,-112.54,5.0,0.55,2.340344827586207,-3.880689655172414,0.1724137931034483,170.65910000000002
Ord_1559,Prod_6,SHP_2154,1982.16,0.03,47,267.1,19.99,0.36,42.1736170212766,5.682978723404256,0.4253191489361702,1635.6052
Ord_1414,Prod_5,SHP_1951,187.46,0.0,10,49.85,8.99,0.47,18.746000000000002,4.985,0.899,128.62
Ord_1478,Prod_5,SHP_2041,396.04,0.08,13,230.02,3.92,0.44,30.464615384615385,17.693846153846156,0.30153846153846153,130.4168
Ord_1453,Prod_1,SHP_2008,6163.52,0.02,26,755.95,28.66,0.72,237.05846153846156,29.075000000000003,1.1023076923076922,5255.6396
Ord_1450,Prod_13,SHP_2003,608.29,0.02,48,-39.27,5.81,0.6,12.672708333333333,-0.8181250000000001,0.12104166666666666,629.5842
Ord_1389,Prod_7,SHP_1917,10.33,0.04,3,-3.86,1.58,0.39,3.4433333333333334,-1.2866666666666666,0.5266666666666667,12.1968
Ord_1450,Prod_6,SHP_2003,307.42,0.05,39,104.09,1.69,0.38,7.882564102564103,2.668974358974359,0.043333333333333335,186.26900000000003
Ord_1389,Prod_7,SHP_1918,14.39,0.07,2,-10.24,3.37,0.54,7.195,-5.12,1.685,20.252699999999997
Ord_2787,Prod_3,SHP_3830,233.01,0.04,17,88.88,1.49,0.35,13.706470588235293,5.228235294117646,0.08764705882352941,133.31959999999998
Ord_2787,Prod_9,SHP_3831,225.72,0.0,5,16.65,9.83,0.4,45.144,3.3299999999999996,1.966,199.23999999999998
Ord_1596,Prod_2,SHP_2206,1704.58,0.02,43,518.48,4.5,0.56,39.64139534883721,12.057674418604652,0.10465116279069768,1147.5084
Ord_1457,Prod_6,SHP_2012,13.44,0.08,2,-8.88,5.17,0.4,6.72,-4.44,2.585,16.0748
Ord_1510,Prod_3,SHP_2086,580.56,0.1,42,163.63,2.99,0.39,13.822857142857142,3.895952380952381,0.07119047619047619,355.8839999999999
Ord_1489,Prod_13,SHP_2056,203.4,0.04,29,24.59,2.35,0.47,7.013793103448276,0.8479310344827586,0.0810344827586207,168.324
Ord_1457,Prod_1,SHP_2013,1049.49,0.05,24,-5.41,16.36,0.55,43.72875,-0.22541666666666668,0.6816666666666666,986.0654999999999
Ord_2806,Prod_1,SHP_3861,2834.96,0.07,16,587.64,19.99,0.55,177.185,36.7275,1.249375,2028.8828000000003
Ord_2806,Prod_4,SHP_3862,953.989,0.02,9,-249.33,8.08,0.57,105.99877777777778,-27.703333333333333,0.8977777777777778,1176.15922
Ord_1243,Prod_1,SHP_1719,2227.34,0.09,20,-609.09,35.0,,111.367,-30.454500000000003,1.75,2600.9694000000004
Ord_1239,Prod_3,SHP_1712,87.23,0.09,14,-69.53,7.78,0.37,6.230714285714286,-4.966428571428572,0.5557142857142857,141.1293
Ord_1276,Prod_3,SHP_1762,33.39,0.03,8,-35.51,6.27,0.4,4.17375,-4.43875,0.78375,61.628299999999996
Ord_1261,Prod_5,SHP_1742,1031.23,0.07,32,-138.54,19.99,0.55,32.2259375,-4.329375,0.6246875,1077.5939
Ord_1225,Prod_1,SHP_1692,582.59,0.07,4,-121.75,7.07,0.59,145.6475,-30.4375,1.7675,656.4887
Ord_1258,Prod_4,SHP_1739,2251.9135,0.04,41,655.91,2.5,0.55,54.924719512195125,15.997804878048779,0.06097560975609756,1503.4269600000002
Ord_1247,Prod_3,SHP_1723,132.72,0.05,14,-9.18,5.6,0.36,9.48,-0.6557142857142857,0.39999999999999997,129.66400000000002
Ord_2145,Prod_6,SHP_2926,125.9,0.04,21,5.85,3.04,0.36,5.995238095238095,0.2785714285714286,0.14476190476190476,111.974
Ord_1702,Prod_17,SHP_2358,866.66,0.09,10,35.29,14.0,0.36,86.666,3.529,1.4,739.3706
Ord_1753,Prod_3,SHP_2429,809.91,0.07,22,321.67,2.99,0.35,36.81409090909091,14.621363636363638,0.13590909090909092,428.5562999999999
Ord_1753,Prod_6,SHP_2430,1027.66,0.0,50,184.07,8.68,0.37,20.5532,3.6814,0.1736,834.9100000000001
Ord_1753,Prod_13,SHP_2430,301.38,0.06,30,5.08,2.89,0.6,10.046,0.16933333333333334,0.09633333333333334,275.3272
Ord_4809,Prod_2,SHP_6702,842.19,0.0,10,157.45,4.5,0.59,84.21900000000001,15.745,0.45,680.24
Ord_4793,Prod_4,SHP_6682,994.4745,0.05,18,0.71,7.69,0.59,55.248583333333336,0.03944444444444444,0.4272222222222222,936.3507749999999
Ord_3276,Prod_5,SHP_4548,1548.43,0.02,24,622.89,14.48,0.46,64.51791666666666,25.95375,0.6033333333333334,880.0914000000001
Ord_3469,Prod_8,SHP_4804,1457.78,0.04,28,68.23,19.99,0.45,52.06357142857143,2.4367857142857146,0.7139285714285714,1311.2487999999998
Ord_3499,Prod_12,SHP_4846,86.29,0.02,17,34.98,0.49,0.39,5.075882352941177,2.0576470588235294,0.028823529411764706,49.09420000000001
Ord_3303,Prod_2,SHP_4581,478.38,0.09,41,-34.39,4.98,0.58,11.66780487804878,-0.838780487804878,0.12146341463414635,464.7358
Ord_3276,Prod_8,SHP_4549,54.84,0.01,10,-56.3,5.14,0.79,5.484,-5.63,0.514,105.4516
Ord_3320,Prod_3,SHP_4605,2842.54,0.05,50,1315.75,1.49,0.38,56.8508,26.315,0.0298,1383.1730000000002
Ord_3288,Prod_6,SHP_4562,2469.15,0.04,49,1244.81,5.86,0.35,50.39081632653061,25.404285714285713,0.11959183673469388,1119.714
Ord_3486,Prod_13,SHP_4827,67.97,0.06,29,-109.94,5.2,0.41,2.343793103448276,-3.7910344827586204,0.1793103448275862,168.6318
Ord_3435,Prod_8,SHP_4762,198.7,0.1,32,-62.13,2.74,0.71,6.209375,-1.9415625,0.085625,238.21999999999997
Ord_3476,Prod_3,SHP_4813,105.94,0.07,7,-13.33,7.17,0.38,15.134285714285713,-1.9042857142857144,1.0242857142857142,104.68419999999999
Ord_1798,Prod_4,SHP_2490,1379.3375,0.08,14,-78.54,4.2,0.57,98.52410714285715,-5.61,0.3,1343.3305
Ord_1798,Prod_6,SHP_2592,428.14,0.04,19,-6.04,11.54,0.39,22.533684210526314,-0.3178947368421053,0.6073684210526316,405.51439999999997
Ord_1885,Prod_3,SHP_2588,295.24,0.08,49,-279.93,8.49,0.39,6.0253061224489795,-5.712857142857143,0.17326530612244898,543.0608
Ord_974,Prod_6,SHP_1344,1314.64,0.03,23,575.38,6.79,0.37,57.15826086956522,25.016521739130436,0.2952173913043478,693.0308000000001
Ord_959,Prod_8,SHP_1328,990.5,0.04,23,323.73,1.99,0.44,43.06521739130435,14.07521739130435,0.08652173913043479,625.16
Ord_979,Prod_13,SHP_1352,281.81,0.07,50,42.45,0.96,0.6,5.6362,0.8490000000000001,0.0192,218.67330000000004
Ord_1023,Prod_6,SHP_1413,260.59,0.09,43,-157.76,7.03,0.37,6.060232558139535,-3.668837209302325,0.16348837209302325,387.8669
Ord_883,Prod_4,SHP_1214,913.41,0.01,29,237.14,1.25,0.57,31.496896551724138,8.177241379310344,0.04310344827586207,665.8859
Ord_1703,Prod_6,SHP_2359,109.7,0.03,16,-106.77,10.39,0.4,6.85625,-6.673125,0.649375,202.789
Ord_1787,Prod_3,SHP_2474,2378.82,0.02,43,597.16,16.11,0.39,55.321395348837214,13.887441860465115,0.37465116279069766,1717.9736000000003
Ord_1787,Prod_6,SHP_2475,202.62,0.02,6,13.87,8.74,0.4,33.77,2.3116666666666665,1.4566666666666668,175.95759999999999
Ord_1735,Prod_16,SHP_2398,253.38,0.0,17,-35.78,7.59,0.56,14.90470588235294,-2.1047058823529414,0.4464705882352941,281.57
Ord_1738,Prod_15,SHP_2406,3653.22,0.09,22,-116.02,30.0,0.69,166.05545454545452,-5.2736363636363635,1.3636363636363635,3410.4501999999998
Ord_1715,Prod_13,SHP_2374,16.82,0.08,4,-5.54,1.17,0.57,4.205,-1.385,0.2925,19.8444
Ord_1703,Prod_13,SHP_2360,80.89,0.03,26,23.37,0.81,0.4,3.1111538461538464,0.8988461538461539,0.031153846153846157,54.2833
Ord_970,Prod_6,SHP_1340,213.35,0.01,29,63.78,2.0,0.39,7.356896551724137,2.199310344827586,0.06896551724137931,145.4365
Ord_972,Prod_7,SHP_1342,90.88,0.04,41,8.06,0.78,0.52,2.2165853658536583,0.19658536585365854,0.01902439024390244,78.4048
Ord_1015,Prod_9,SHP_1405,124.06,0.09,17,15.74,2.5,0.38,7.29764705882353,0.9258823529411765,0.14705882352941177,94.6546
Ord_1020,Prod_3,SHP_1410,562.8,0.02,36,-17.45,9.73,0.36,15.633333333333333,-0.4847222222222222,0.2702777777777778,559.264
Ord_3090,Prod_5,SHP_4287,864.16,0.09,26,-175.47,19.99,0.55,33.23692307692308,-6.748846153846154,0.7688461538461537,941.8656
Ord_3056,Prod_7,SHP_4245,5.31,0.0,4,-1.5,0.7,0.38,1.3275,-0.375,0.175,6.109999999999999
Ord_3086,Prod_13,SHP_4282,220.82,0.1,23,77.68,1.09,0.43,9.60086956521739,3.3773913043478263,0.04739130434782609,119.96799999999999
Ord_3095,Prod_13,SHP_4293,428.36,0.06,48,74.75,2.25,0.52,8.924166666666666,1.5572916666666667,0.046875,325.65840000000003
Ord_3082,Prod_6,SHP_4277,152.44,0.03,22,-40.76,5.86,0.36,6.929090909090909,-1.8527272727272726,0.26636363636363636,182.7668
Ord_3095,Prod_6,SHP_4292,231.08,0.01,39,-79.08,5.57,0.4,5.925128205128205,-2.0276923076923077,0.14282051282051283,302.2792
Ord_3043,Prod_16,SHP_4225,373.33,0.01,35,-22.18,4.68,0.59,10.666571428571428,-0.6337142857142857,0.1337142857142857,387.0967
Ord_3094,Prod_6,SHP_4291,213.0,0.01,39,-71.09,5.06,0.37,5.461538461538462,-1.8228205128205128,0.12974358974358974,276.9
Ord_3045,Prod_5,SHP_4229,181.32,0.03,7,80.32,8.99,0.5,25.90285714285714,11.474285714285713,1.2842857142857143,86.57039999999998
Ord_1020,Prod_5,SHP_4314,4039.72,0.02,44,-237.6,39.61,0.67,91.81181818181818,-5.3999999999999995,0.9002272727272728,4156.915599999999
Ord_3093,Prod_5,SHP_4290,55.82,0.01,10,-28.85,5.72,0.47,5.582,-2.8850000000000002,0.572,78.3918
Ord_1020,Prod_8,SHP_4313,4584.73,0.07,27,812.38,19.99,0.48,169.8048148148148,30.088148148148147,0.7403703703703703,3431.4289
Ord_1020,Prod_4,SHP_4314,2570.944,0.03,25,553.36,5.92,0.58,102.83776,22.1344,0.2368,1934.53568
Ord_3093,Prod_4,SHP_4290,1335.316,0.03,45,701.66,0.99,0.35,29.67368888888889,15.592444444444444,0.022,592.6065200000002
Ord_3069,Prod_15,SHP_4263,5232.83,0.01,40,-1461.65,70.2,0.74,130.82075,-36.541250000000005,1.7550000000000001,6571.9517
Ord_962,Prod_1,SHP_1331,926.3,0.09,15,-503.8,35.0,0.8,61.75333333333333,-33.586666666666666,2.3333333333333335,1311.733
Ord_962,Prod_13,SHP_1331,85.49,0.08,32,5.72,0.7,0.56,2.6715625,0.17875,0.021875,72.23079999999999
Ord_947,Prod_13,SHP_1311,373.07,0.07,38,149.53,1.09,0.43,9.817631578947369,3.935,0.02868421052631579,196.33510000000004
Ord_947,Prod_6,SHP_1310,55.81,0.03,7,-35.04,8.73,0.37,7.972857142857143,-5.005714285714285,1.247142857142857,80.44569999999999
Ord_1007,Prod_4,SHP_1394,2766.818,0.03,47,846.95,5.92,0.55,58.868468085106386,18.02021276595745,0.12595744680851065,1830.9434600000002
Ord_931,Prod_16,SHP_1288,56.47,0.05,4,-29.9,4.59,0.82,14.1175,-7.475,1.1475,78.9565
Ord_3741,Prod_6,SHP_5189,135.88,0.05,26,-66.02,5.49,0.38,5.226153846153846,-2.539230769230769,0.21115384615384616,189.61599999999999
Ord_3748,Prod_11,SHP_5203,8014.624,0.08,45,1366.1,32.48,0.68,178.10275555555555,30.357777777777777,0.7217777777777777,5974.87408
Ord_3747,Prod_3,SHP_5200,133.15,0.05,21,-51.43,5.36,0.4,6.340476190476191,-2.449047619047619,0.25523809523809526,172.5625
Ord_3701,Prod_16,SHP_5129,238.34,0.06,26,-19.31,3.98,0.56,9.166923076923077,-0.7426923076923077,0.15307692307692308,239.36960000000002
Ord_3747,Prod_12,SHP_5201,136.71,0.04,45,34.72,0.99,0.37,3.0380000000000003,0.7715555555555556,0.022,95.5316
Ord_3748,Prod_5,SHP_5202,28.63,0.09,11,-21.17,4.08,0.53,2.6027272727272726,-1.9245454545454548,0.3709090909090909,43.1433
Ord_3722,Prod_9,SHP_5163,223.2,0.1,24,78.74,1.39,0.39,9.299999999999999,3.2808333333333333,0.057916666666666665,120.75000000000001
Ord_3720,Prod_9,SHP_5160,77.41,0.05,5,9.35,1.39,0.38,15.482,1.8699999999999999,0.27799999999999997,62.7995
Ord_3704,Prod_6,SHP_5132,405.53,0.04,11,130.52,5.09,0.38,36.86636363636364,11.865454545454547,0.4627272727272727,253.69879999999998
Ord_3720,Prod_6,SHP_5161,112.67,0.09,19,-37.85,5.14,0.36,5.93,-1.9921052631578948,0.27052631578947367,135.2397
Ord_797,Prod_8,SHP_1098,986.24,0.02,18,68.9,5.5,0.62,54.791111111111114,3.827777777777778,0.3055555555555556,892.1152000000001
Ord_797,Prod_3,SHP_1096,33.76,0.04,16,-7.15,1.49,0.36,2.11,-0.446875,0.093125,38.0696
Ord_797,Prod_6,SHP_1099,81.66,0.05,15,-31.99,5.02,0.38,5.444,-2.1326666666666667,0.3346666666666666,104.547
Ord_797,Prod_15,SHP_1097,3537.39,0.0,19,232.78,30.0,0.69,186.17842105263156,12.25157894736842,1.5789473684210527,3274.6099999999997
Ord_798,Prod_12,SHP_1100,49.74,0.0,13,17.7,0.5,0.37,3.8261538461538462,1.3615384615384616,0.038461538461538464,31.540000000000003
Ord_786,Prod_17,SHP_1080,4260.73,0.07,44,251.58,56.14,0.39,96.83477272727272,5.717727272727273,1.2759090909090909,3654.7589
Ord_3832,Prod_5,SHP_5313,677.43,0.1,14,75.48,22.24,0.55,48.387857142857136,5.3914285714285715,1.5885714285714285,511.96699999999987
Ord_3826,Prod_1,SHP_5304,2796.67,0.01,50,801.04,5.08,0.59,55.9334,16.020799999999998,0.1016,1962.5833000000002
Ord_3846,Prod_13,SHP_5333,67.88,0.08,31,4.87,0.7,0.57,2.1896774193548385,0.1570967741935484,0.02258064516129032,56.879599999999996
Ord_3902,Prod_11,SHP_5415,418.44,0.05,12,-407.17,45.51,0.65,34.87,-33.93083333333333,3.7925,759.178
Ord_3815,Prod_12,SHP_5290,153.28,0.05,31,73.16,0.5,0.36,4.944516129032258,2.36,0.016129032258064516,71.95600000000002
Ord_3820,Prod_4,SHP_5297,1560.617,0.04,28,214.29,8.99,0.55,55.73632142857143,7.653214285714285,0.32107142857142856,1274.91232
Ord_3902,Prod_5,SHP_5414,5301.2,0.01,47,1126.72,10.12,0.79,112.79148936170212,23.97276595744681,0.21531914893617018,4111.348
Ord_3925,Prod_15,SHP_5452,6356.68,0.03,50,1812.86,12.65,,127.1336,36.2572,0.253,4340.469600000001
Ord_3933,Prod_5,SHP_5462,812.21,0.06,41,-128.02,14.39,0.47,19.810000000000002,-3.122439024390244,0.3509756097560976,877.1074
Ord_3925,Prod_13,SHP_5453,193.15,0.09,47,27.76,0.94,0.56,4.109574468085106,0.5906382978723405,0.02,147.06650000000002
Ord_3936,Prod_1,SHP_5466,597.04,0.05,35,-157.42,7.04,0.81,17.058285714285713,-4.497714285714285,0.20114285714285715,717.568
Ord_3893,Prod_13,SHP_5398,753.75,0.1,23,31.17,7.73,0.59,32.77173913043478,1.355217391304348,0.33608695652173914,639.475
Ord_3936,Prod_12,SHP_5466,54.59,0.0,11,-47.18,6.89,0.39,4.962727272727273,-4.289090909090909,0.6263636363636363,94.88
Ord_3834,Prod_8,SHP_5316,572.33,0.01,14,-62.28,7.12,0.67,40.88071428571429,-4.448571428571428,0.5085714285714286,621.7667
Ord_3834,Prod_3,SHP_5315,564.85,0.09,10,181.02,1.49,0.38,56.485,18.102,0.149,331.50350000000003
Ord_273,Prod_8,SHP_372,759.84,0.06,20,162.83,1.99,0.51,37.992000000000004,8.1415,0.0995,549.4295999999999
Ord_273,Prod_6,SHP_372,147.39,0.08,19,-30.92,5.83,0.36,7.757368421052631,-1.6273684210526316,0.3068421052631579,160.68879999999996
Ord_323,Prod_12,SHP_430,199.39,0.1,39,101.13,0.5,0.36,5.112564102564102,2.593076923076923,0.01282051282051282,77.821
Ord_8,Prod_7,SHP_10,124.56,0.04,32,-14.33,2.0,0.53,3.8925,-0.4478125,0.0625,131.9076
Ord_8,Prod_6,SHP_10,196.85,0.01,45,-166.85,6.18,0.4,4.374444444444444,-3.707777777777778,0.13733333333333334,355.5515
Ord_11,Prod_5,SHP_14,1815.49,0.03,46,782.91,3.04,0.53,39.46717391304348,17.019782608695653,0.06608695652173913,975.0753000000001
Ord_3625,Prod_4,SHP_5019,5518.5315,0.1,34,1111.26,8.99,0.56,162.30975,32.68411764705883,0.26441176470588235,3846.42835
Ord_3586,Prod_17,SHP_4965,3776.28,0.06,46,579.79,30.06,0.4,82.09304347826087,12.604130434782608,0.6534782608695652,2939.8532000000005
Ord_3612,Prod_6,SHP_5001,245.55,0.03,45,-227.25,8.16,0.4,5.456666666666667,-5.05,0.18133333333333335,457.2735
Ord_3612,Prod_4,SHP_5001,120.751,0.03,17,-71.39,5.03,0.6,7.103000000000001,-4.199411764705882,0.2958823529411765,183.48847
Ord_3587,Prod_6,SHP_4967,250.6,0.1,40,-107.06,6.22,0.37,6.265,-2.6765,0.1555,326.38
Ord_3586,Prod_4,SHP_4966,1487.8995,0.09,29,79.32,8.99,0.56,51.306879310344826,2.7351724137931033,0.31,1265.678545
Ord_3612,Prod_6,SHP_5001,1911.69,0.07,34,939.43,5.15,0.36,56.226176470588236,27.630294117647058,0.15147058823529413,833.2917000000001
Ord_3740,Prod_3,SHP_5187,176.28,0.07,31,-80.3,5.74,0.36,5.686451612903226,-2.5903225806451613,0.18516129032258066,238.5004
Ord_3734,Prod_6,SHP_5180,71.6,0.05,14,-30.65,4.7,0.38,5.114285714285714,-2.189285714285714,0.33571428571428574,93.97
Ord_3734,Prod_4,SHP_5181,1699.983,0.1,37,-202.86,5.0,0.83,45.94548648648649,-5.482702702702703,0.13513513513513514,1727.8447
Ord_3743,Prod_6,SHP_5191,254.92,0.1,45,-99.62,5.46,0.36,5.664888888888888,-2.213777777777778,0.12133333333333333,323.58799999999997
Ord_3734,Prod_6,SHP_5179,152.52,0.03,22,-43.87,5.94,0.37,6.9327272727272735,-1.994090909090909,0.27,185.8744
Ord_3723,Prod_16,SHP_5166,259.17,0.01,45,-57.33,3.6,0.56,5.759333333333334,-1.274,0.08,310.30830000000003
Ord_3738,Prod_1,SHP_5185,841.51,0.05,49,20.86,6.25,0.58,17.173673469387754,0.4257142857142857,0.12755102040816327,772.3245
Ord_3723,Prod_12,SHP_5164,101.9,0.0,37,40.52,0.5,0.39,2.754054054054054,1.0951351351351353,0.013513513513513514,60.88
Ord_3715,Prod_6,SHP_5149,150.16,0.09,21,-32.78,5.47,0.35,7.150476190476191,-1.560952380952381,0.2604761904761905,163.9556
Ord_3723,Prod_4,SHP_5167,4697.032,0.0,43,1263.01,5.63,0.6,109.2333023255814,29.372325581395348,0.13093023255813954,3428.392
Ord_3723,Prod_5,SHP_5165,187.33,0.03,7,66.47,9.87,0.58,26.761428571428574,9.495714285714286,1.41,105.37010000000001
Ord_3425,Prod_16,SHP_4747,301.12,0.0,40,-206.05,8.37,0.58,7.5280000000000005,-5.15125,0.20925,498.8
Ord_3417,Prod_15,SHP_4737,3582.79,0.0,28,-1177.14,70.2,0.74,127.95678571428572,-42.04071428571429,2.507142857142857,4689.7300000000005
Ord_3454,Prod_3,SHP_4788,142.94,0.03,17,-129.56,11.51,0.36,8.408235294117647,-7.621176470588235,0.6770588235294117,256.7018
Ord_3279,Prod_1,SHP_4553,6216.6,0.02,38,1082.21,19.99,0.66,163.59473684210528,28.47921052631579,0.5260526315789473,4990.068
Ord_3231,Prod_5,SHP_4482,281.58,0.09,50,-161.56,5.92,0.55,5.6316,-3.2312,0.1184,411.8778
Ord_3231,Prod_3,SHP_4482,198.78,0.02,17,-28.35,7.19,0.4,11.692941176470589,-1.6676470588235295,0.42294117647058826,215.96439999999998
Ord_3454,Prod_1,SHP_4788,1912.76,0.03,17,71.56,8.64,0.78,112.51529411764706,4.209411764705883,0.5082352941176471,1775.1771999999999
Ord_3454,Prod_6,SHP_4788,240.61,0.05,35,-133.12,7.91,0.37,6.8745714285714286,-3.8034285714285714,0.226,353.78950000000003
Ord_3600,Prod_15,SHP_4983,4547.26,0.0,24,468.27,30.0,0.69,189.46916666666667,19.51125,1.25,4048.9900000000002
Ord_3606,Prod_13,SHP_4991,121.2,0.1,47,-20.2,1.25,0.59,2.578723404255319,-0.4297872340425532,0.026595744680851064,128.03
Ord_3632,Prod_11,SHP_5030,5445.992,0.08,31,-791.66,69.64,0.77,175.67716129032257,-25.537419354838708,2.246451612903226,5732.33264
Ord_3626,Prod_3,SHP_5020,188.47,0.03,24,-191.23,11.51,0.36,7.852916666666666,-7.9679166666666665,0.4795833333333333,362.53589999999997
Ord_3606,Prod_12,SHP_4991,117.84,0.04,38,30.76,0.99,0.37,3.1010526315789475,0.8094736842105263,0.02605263157894737,81.3764
Ord_3637,Prod_15,SHP_5036,171.77,0.01,6,-59.88,14.36,0.6,28.628333333333334,-9.98,2.393333333333333,215.57229999999998
Ord_5498,Prod_13,SHP_7686,38.96,0.06,9,0.37,0.94,0.56,4.328888888888889,0.04111111111111111,0.10444444444444444,35.312400000000004
Ord_5496,Prod_6,SHP_7682,257.39,0.08,48,-121.91,5.57,0.4,5.362291666666667,-2.5397916666666664,0.11604166666666667,353.13879999999995
Ord_4741,Prod_10,SHP_6613,3308.28,0.08,25,-581.59,54.74,0.69,132.3312,-23.2636,2.1896,3570.4676000000004
Ord_4617,Prod_15,SHP_6429,1676.46,0.1,30,-626.08,30.0,0.7,55.882,-20.869333333333334,1.0,2104.8940000000002
Ord_4673,Prod_5,SHP_6515,3854.4,0.09,39,1116.98,5.81,0.65,98.83076923076923,28.64051282051282,0.14897435897435896,2384.714
Ord_4617,Prod_3,SHP_6428,420.76,0.05,18,-56.21,15.1,0.38,23.375555555555554,-3.122777777777778,0.8388888888888889,440.83199999999994
Ord_4617,Prod_13,SHP_6428,145.66,0.02,48,28.89,0.7,0.56,3.0345833333333334,0.601875,0.014583333333333332,113.15680000000002
Ord_3138,Prod_12,SHP_4352,94.86,0.08,20,39.69,0.5,0.36,4.743,1.9845,0.025,47.081199999999995
Ord_3138,Prod_13,SHP_4353,744.12,0.02,25,146.51,6.17,0.55,29.7648,5.860399999999999,0.2468,576.5576000000001
Ord_1861,Prod_2,SHP_2697,615.68,0.08,45,-54.34,6.75,0.52,13.681777777777777,-1.2075555555555557,0.15,614.0156
Ord_2319,Prod_13,SHP_3178,396.15,0.05,41,-10.98,4.82,0.47,9.66219512195122,-0.2678048780487805,0.1175609756097561,382.5025
Ord_4570,Prod_4,SHP_6358,328.627,0.0,17,-7.77,4.81,0.58,19.331,-0.45705882352941174,0.2829411764705882,331.587
Ord_4526,Prod_5,SHP_6300,71.2,0.08,9,1.87,5.21,0.56,7.911111111111111,0.20777777777777778,0.5788888888888889,58.42400000000001
Ord_4537,Prod_2,SHP_6314,140.37,0.01,20,-893.39,49.0,0.6,7.0185,-44.6695,2.45,983.3563
Ord_4559,Prod_8,SHP_6344,381.36,0.0,35,128.03,1.99,0.41,10.896,3.658,0.056857142857142856,251.34
Ord_4537,Prod_8,SHP_6316,68.16,0.09,4,-52.44,6.5,0.48,17.04,-13.11,1.625,107.9656
Ord_4537,Prod_15,SHP_6315,5921.74,0.02,45,-287.62,30.0,0.78,131.59422222222221,-6.391555555555556,0.6666666666666666,6060.9252
Ord_4559,Prod_4,SHP_6343,1624.5965,0.07,31,109.84,8.8,0.58,52.40633870967742,3.543225806451613,0.2838709677419355,1392.2347450000002
Ord_3751,Prod_16,SHP_5206,130.96,0.05,42,-66.74,1.92,0.84,3.1180952380952385,-1.5890476190476188,0.045714285714285714,189.232
Ord_196,Prod_1,SHP_266,971.95,0.09,34,-21.1,6.64,0.7,28.586764705882356,-0.6205882352941177,0.1952941176470588,898.9345000000001
Ord_123,Prod_13,SHP_167,82.61,0.08,49,-46.25,1.57,0.59,1.6859183673469387,-0.9438775510204082,0.032040816326530615,120.6812
Ord_107,Prod_6,SHP_147,157.97,0.01,6,-42.38,16.87,0.39,26.328333333333333,-7.0633333333333335,2.811666666666667,181.9003
Ord_313,Prod_5,SHP_419,196.74,0.09,31,-61.59,5.41,0.53,6.346451612903226,-1.9867741935483871,0.17451612903225808,235.2134
Ord_196,Prod_2,SHP_265,321.68,0.04,26,-12.25,4.98,0.58,12.372307692307693,-0.47115384615384615,0.19153846153846155,316.08279999999996
Ord_196,Prod_1,SHP_267,2149.03,0.03,23,-235.56,19.99,0.79,93.43608695652175,-10.241739130434782,0.8691304347826087,2300.1291000000006
Ord_54,Prod_6,SHP_71,152.6,0.1,24,-86.62,7.03,0.37,6.358333333333333,-3.609166666666667,0.29291666666666666,216.93
Ord_29,Prod_6,SHP_39,427.32,0.0,21,52.35,9.03,0.37,20.34857142857143,2.492857142857143,0.43,365.94
Ord_54,Prod_6,SHP_70,368.04,0.07,19,70.39,5.97,0.38,19.370526315789476,3.7047368421052633,0.31421052631578944,265.9172
Ord_55,Prod_1,SHP_72,3338.98,0.0,40,-846.73,35.0,0.81,83.4745,-21.16825,0.875,4150.71
Ord_460,Prod_6,SHP_618,374.67,0.0,29,30.63,6.35,0.38,12.919655172413794,1.0562068965517242,0.2189655172413793,337.69
Ord_460,Prod_17,SHP_617,2503.86,0.06,9,-172.48,28.06,0.56,278.2066666666667,-19.16444444444444,3.1177777777777775,2498.0484
Ord_1513,Prod_4,SHP_2090,3460.5625,0.1,39,573.06,5.92,0.58,88.7323717948718,14.693846153846152,0.1517948717948718,2535.52625
Ord_460,Prod_13,SHP_616,96.71,0.01,28,-72.44,3.97,0.56,3.453928571428571,-2.587142857142857,0.1417857142857143,164.2129
Ord_1465,Prod_6,SHP_2025,941.13,0.1,20,344.95,7.23,0.37,47.0565,17.2475,0.36150000000000004,494.83700000000005
Ord_460,Prod_3,SHP_616,259.69,0.1,11,-45.82,12.98,0.39,23.60818181818182,-4.165454545454545,1.18,266.56100000000004
Ord_4687,Prod_5,SHP_6540,2447.65,0.0,50,1170.35,6.77,0.44,48.953,23.406999999999996,0.1354,1270.5300000000002
Ord_4687,Prod_1,SHP_6541,1069.64,0.09,7,-139.75,19.99,0.66,152.8057142857143,-19.964285714285715,2.8557142857142854,1093.1324
Ord_1791,Prod_6,SHP_2482,21.44,0.02,2,-13.67,8.74,0.36,10.72,-6.835,4.37,25.941200000000002
Ord_1921,Prod_8,SHP_2633,1090.11,0.08,21,55.87,5.5,0.62,51.91,2.6604761904761904,0.2619047619047619,941.5311999999999
Ord_2038,Prod_3,SHP_2785,139.45,0.02,23,-137.49,8.49,0.39,6.063043478260869,-5.977826086956522,0.3691304347826087,265.661
Ord_2022,Prod_6,SHP_2765,1233.51,0.05,40,308.67,9.18,0.4,30.83775,7.71675,0.22949999999999998,853.9844999999998
Ord_1913,Prod_6,SHP_2620,329.91,0.04,50,-279.93,9.54,0.37,6.5982,-5.5986,0.19079999999999997,587.1036
Ord_1894,Prod_8,SHP_4106,972.35,0.05,31,10.96,4.0,0.75,31.366129032258065,0.3535483870967742,0.12903225806451613,908.7725
Ord_1641,Prod_4,SHP_2267,5442.142,0.0,34,1640.3,4.99,0.59,160.063,48.24411764705882,0.14676470588235294,3796.852
Ord_1903,Prod_16,SHP_4128,372.01,0.07,45,-203.68,7.77,0.55,8.26688888888889,-4.526222222222223,0.17266666666666666,541.8793000000001
Ord_1791,Prod_6,SHP_4099,772.24,0.07,25,181.98,8.74,0.4,30.8896,7.2791999999999994,0.3496,527.4632
Ord_1894,Prod_3,SHP_3076,231.29,0.09,47,-147.86,5.68,0.36,4.921063829787234,-3.1459574468085107,0.12085106382978723,352.6539
Ord_1921,Prod_4,SHP_3113,3136.2025,0.07,18,439.78,5.26,0.56,174.23347222222222,24.432222222222222,0.2922222222222222,2471.6283249999997
Ord_2304,Prod_13,SHP_3156,24.91,0.0,5,-0.9,0.71,0.52,4.982,-0.18,0.142,25.099999999999998
Ord_1791,Prod_1,SHP_2482,416.4,0.02,24,24.33,4.96,0.58,17.349999999999998,1.01375,0.20666666666666667,378.78200000000004
Ord_2206,Prod_6,SHP_3005,160.11,0.1,41,-26.73,2.97,0.35,3.9051219512195123,-0.6519512195121951,0.07243902439024391,167.859
Ord_3101,Prod_5,SHP_4301,248.64,0.08,39,-69.27,5.29,0.43,6.375384615384615,-1.776153846153846,0.13564102564102565,292.7288
Ord_3088,Prod_4,SHP_4285,1017.2885,0.1,20,-115.3,8.99,0.6,50.864425,-5.765,0.4495,1021.86965
Ord_3060,Prod_13,SHP_4251,331.99,0.03,48,45.31,2.35,0.47,6.916458333333334,0.9439583333333333,0.04895833333333333,274.3703
Ord_3088,Prod_4,SHP_4284,1390.6935,0.03,24,168.46,7.69,0.59,57.9455625,7.019166666666667,0.3204166666666667,1172.822695
Ord_3055,Prod_4,SHP_5147,1246.3635,0.06,10,-339.11,8.99,0.58,124.63635,-33.911,0.899,1501.7016899999999
Ord_3055,Prod_4,SHP_5146,1403.741,0.01,45,622.25,3.3,0.39,31.194244444444443,13.827777777777778,0.07333333333333333,764.1535900000001
Ord_3055,Prod_2,SHP_5146,597.66,0.08,29,-178.0,13.99,0.52,20.60896551724138,-6.137931034482759,0.4824137931034483,713.8571999999999
Ord_3702,Prod_13,SHP_5130,68.64,0.07,3,-38.93,8.99,0.59,22.88,-12.976666666666667,2.9966666666666666,93.7752
Ord_3702,Prod_3,SHP_5130,67.72,0.01,28,-142.67,6.05,0.37,2.4185714285714286,-5.095357142857142,0.21607142857142855,203.6628
Ord_4670,Prod_8,SHP_6510,1233.22,0.05,43,385.46,1.99,0.5,28.67953488372093,8.964186046511628,0.04627906976744186,784.1089999999999
Ord_4670,Prod_6,SHP_6511,144.82,0.08,39,28.4,1.3,0.37,3.7133333333333334,0.7282051282051282,0.03333333333333333,103.53439999999998
Ord_4776,Prod_3,SHP_6660,181.95,0.03,36,-132.26,6.07,0.39,5.054166666666666,-3.6738888888888885,0.16861111111111113,302.6815
Ord_4749,Prod_7,SHP_6622,255.7,0.0,43,-35.74,3.37,0.54,5.946511627906976,-0.8311627906976745,0.07837209302325582,288.07
Ord_1818,Prod_17,SHP_2511,1043.12,0.06,7,-52.5,13.99,0.38,149.01714285714283,-7.5,1.9985714285714287,1019.0427999999999
Ord_1813,Prod_3,SHP_2506,1216.5,0.1,19,162.18,19.99,0.4,64.02631578947368,8.535789473684211,1.0521052631578947,912.6799999999998
Ord_2006,Prod_11,SHP_2741,2506.38,0.07,20,-500.46,51.94,0.63,125.319,-25.023,2.597,2779.4534
Ord_1818,Prod_4,SHP_2625,2611.8035,0.06,48,644.81,5.92,0.55,54.41257291666667,13.433541666666665,0.12333333333333334,1804.3652900000002
Ord_2005,Prod_4,SHP_2740,568.7435,0.05,19,143.79,3.3,0.39,29.933868421052633,7.567894736842105,0.17368421052631577,393.2163250000001
Ord_1818,Prod_5,SHP_2624,285.91,0.02,45,-104.99,5.22,0.6,6.353555555555556,-2.333111111111111,0.11599999999999999,379.9618
Ord_4587,Prod_6,SHP_6382,107.41,0.05,5,0.19,5.86,0.38,21.482,0.038,1.1720000000000002,95.9895
Ord_2005,Prod_8,SHP_6229,1068.7,0.04,27,-89.5,6.5,0.74,39.58148148148148,-3.314814814814815,0.24074074074074073,1108.952
Ord_4458,Prod_13,SHP_6211,1837.15,0.06,47,196.58,8.99,0.59,39.088297872340426,4.182553191489362,0.19127659574468087,1521.351
Ord_4345,Prod_9,SHP_6060,66.41,0.05,7,-32.35,8.29,0.38,9.487142857142857,-4.621428571428572,1.1842857142857142,87.14949999999999
Ord_4458,Prod_4,SHP_6212,2035.393,0.01,40,1152.69,1.25,0.35,50.884825,28.81725,0.03125,861.09907
Ord_3358,Prod_2,SHP_4654,185.16,0.02,3,-49.34,3.99,0.57,61.72,-16.44666666666667,1.33,226.80679999999998
Ord_3294,Prod_16,SHP_4568,25.72,0.04,2,-15.5,3.37,0.57,12.86,-7.75,1.685,36.8212
Ord_3403,Prod_3,SHP_4718,278.1,0.09,10,68.1,2.99,0.35,27.810000000000002,6.81,0.29900000000000004,181.98100000000002
Ord_3358,Prod_8,SHP_4655,5144.94,0.09,22,729.06,11.25,0.51,233.86090909090908,33.1390909090909,0.5113636363636364,3941.5853999999995
Ord_3358,Prod_4,SHP_4654,1397.383,0.01,46,-135.86,5.0,0.82,30.377891304347827,-2.9534782608695656,0.10869565217391304,1514.26917
Ord_3453,Prod_3,SHP_4787,636.7,0.1,27,-29.91,12.98,0.39,23.581481481481482,-1.1077777777777778,0.48074074074074075,589.96
Ord_3297,Prod_15,SHP_4572,131.27,0.1,5,-70.43,14.36,0.6,26.254,-14.086000000000002,2.872,174.21300000000002
Ord_3423,Prod_12,SHP_4745,111.04,0.08,40,45.1,0.5,0.39,2.7760000000000002,1.1275,0.0125,56.5568
Ord_3390,Prod_12,SHP_4699,244.39,0.08,20,114.1,0.5,0.38,12.2195,5.705,0.025,110.2388
Ord_3312,Prod_3,SHP_4594,137.07,0.09,38,-199.3,6.83,0.38,3.6071052631578944,-5.244736842105263,0.17973684210526317,317.2037
Ord_3312,Prod_6,SHP_4595,203.99,0.02,28,-8.51,4.23,0.39,7.285357142857143,-0.30392857142857144,0.15107142857142858,204.1902
Ord_4118,Prod_1,SHP_5737,712.18,0.06,46,13.98,5.41,0.59,15.482173913043477,0.30391304347826087,0.11760869565217391,650.0591999999999
Ord_4142,Prod_17,SHP_5769,608.93,0.01,6,-193.96,19.99,0.52,101.48833333333333,-32.32666666666667,3.3316666666666666,776.8107
Ord_4147,Prod_1,SHP_5779,2703.45,0.01,26,-445.04,35.0,,103.97884615384615,-17.11692307692308,1.3461538461538463,3086.4554999999996
Ord_2521,Prod_12,SHP_3454,103.79,0.03,40,37.85,0.5,0.39,2.5947500000000003,0.94625,0.0125,62.32630000000001
Ord_2521,Prod_5,SHP_3454,2108.21,0.03,40,273.61,19.99,0.55,52.70525,6.84025,0.49974999999999997,1751.3636999999999
Ord_4118,Prod_6,SHP_5736,197.41,0.06,29,-128.68,8.4,0.37,6.807241379310344,-4.437241379310345,0.2896551724137931,305.84540000000004
Ord_4189,Prod_3,SHP_5839,259.52,0.06,6,45.2,2.99,0.39,43.25333333333333,7.533333333333334,0.49833333333333335,195.75879999999995
Ord_4147,Prod_6,SHP_5778,302.59,0.05,44,-124.44,6.93,0.37,6.877045454545454,-2.828181818181818,0.1575,404.97049999999996
Ord_4163,Prod_3,SHP_5800,86.61,0.1,7,15.69,1.49,0.35,12.372857142857143,2.2414285714285715,0.21285714285714286,60.769000000000005
Ord_4212,Prod_12,SHP_5873,75.73,0.07,24,29.46,0.5,0.37,3.155416666666667,1.2275,0.020833333333333332,40.4689
Ord_4190,Prod_16,SHP_5841,288.45,0.03,30,-5.98,3.98,0.56,9.615,-0.19933333333333333,0.13266666666666665,281.7965
Ord_4190,Prod_7,SHP_5840,74.0,0.08,39,-20.6,0.76,0.83,1.8974358974358974,-0.5282051282051282,0.019487179487179488,87.91999999999999
Ord_4130,Prod_5,SHP_5752,560.39,0.05,37,186.87,3.73,0.46,15.145675675675676,5.050540540540541,0.10081081081081081,341.77049999999997
Ord_4131,Prod_8,SHP_5753,51.94,0.03,4,-12.48,1.99,0.41,12.985,-3.12,0.4975,60.87179999999999
Ord_4190,Prod_3,SHP_5840,109.23,0.02,24,-100.58,6.21,0.37,4.5512500000000005,-4.190833333333333,0.25875,201.4154
Ord_4196,Prod_3,SHP_5849,114.57,0.02,4,-29.98,12.98,0.39,28.6425,-7.495,3.245,129.27859999999998
Ord_4171,Prod_3,SHP_5811,23.54,0.03,2,-14.47,6.19,0.38,11.77,-7.235,3.095,31.113799999999998
Ord_4171,Prod_1,SHP_5812,1539.83,0.08,10,34.85,19.99,0.59,153.983,3.4850000000000003,1.9989999999999999,1361.8036
Ord_4137,Prod_13,SHP_5761,58.64,0.08,27,4.55,1.0,0.38,2.171851851851852,0.1685185185185185,0.037037037037037035,48.3988
Ord_4230,Prod_10,SHP_5903,3050.81,0.01,20,-124.04,36.09,0.77,152.5405,-6.202,1.8045000000000002,3108.2518999999998
Ord_4137,Prod_3,SHP_5762,136.06,0.04,20,-33.22,5.19,0.38,6.803,-1.661,0.2595,158.6476
Ord_4188,Prod_4,SHP_5838,667.998,0.06,23,251.26,1.25,0.36,29.04339130434783,10.924347826086956,0.05434782608695652,375.40812000000005
Ord_2521,Prod_13,SHP_3454,115.51,0.0,40,5.54,0.97,0.59,2.88775,0.1385,0.02425,109.0
Ord_2500,Prod_6,SHP_3427,638.07,0.05,42,278.89,1.97,0.39,15.192142857142859,6.640238095238095,0.04690476190476191,325.3065
Ord_2500,Prod_8,SHP_3426,1769.74,0.07,12,-333.69,4.0,0.79,147.47833333333332,-27.8075,0.3333333333333333,1975.5482
Ord_2512,Prod_5,SHP_3441,1958.32,0.0,29,632.29,10.84,0.63,67.52827586206897,21.80310344827586,0.3737931034482759,1315.19
Ord_2840,Prod_8,SHP_3906,66.88,0.09,8,-17.01,1.99,0.52,8.36,-2.12625,0.24875,75.8808
Ord_2955,Prod_13,SHP_4076,105.95,0.01,8,-44.33,8.99,0.59,13.24375,-5.54125,1.12375,140.2305
Ord_2874,Prod_6,SHP_3958,1291.35,0.04,47,479.62,5.86,0.39,27.475531914893615,10.20468085106383,0.1246808510638298,754.216
Ord_2955,Prod_7,SHP_4076,73.8,0.02,21,11.23,1.35,0.4,3.5142857142857142,0.5347619047619048,0.0642857142857143,59.744
Ord_2746,Prod_11,SHP_3768,7384.18,0.04,33,-513.79,110.2,0.73,223.76303030303032,-15.569393939393938,3.3393939393939394,7492.402800000001
Ord_2840,Prod_9,SHP_3907,447.34,0.08,29,203.01,1.39,0.38,15.425517241379309,7.000344827586207,0.047931034482758615,207.1528
Ord_2689,Prod_13,SHP_3682,243.5,0.09,44,23.87,1.67,0.51,5.534090909090909,0.5425,0.037954545454545456,196.04500000000002
Ord_2680,Prod_3,SHP_3997,73.9,0.06,4,-39.64,13.18,0.37,18.475,-9.91,3.295,95.92600000000002
Ord_2938,Prod_4,SHP_4057,1477.572,0.0,46,840.05,0.99,0.35,32.12113043478261,18.26195652173913,0.021521739130434783,636.5319999999999
Ord_2746,Prod_13,SHP_3766,881.74,0.05,37,18.27,8.99,0.57,23.83081081081081,0.4937837837837838,0.242972972972973,810.393
Ord_2928,Prod_13,SHP_4046,34.41,0.05,12,-17.69,2.4,0.58,2.8674999999999997,-1.4741666666666668,0.19999999999999998,47.9795
Ord_2874,Prod_13,SHP_3959,107.97,0.0,31,2.36,1.86,0.41,3.4829032258064516,0.07612903225806451,0.060000000000000005,103.75
Ord_2680,Prod_3,SHP_3669,197.59,0.09,31,-73.62,5.48,0.37,6.373870967741936,-2.3748387096774195,0.1767741935483871,247.94690000000003
Ord_2746,Prod_6,SHP_3765,382.29,0.05,12,61.47,9.18,0.4,31.8575,5.1225,0.765,292.52549999999997
Ord_1696,Prod_3,SHP_2348,434.11,0.02,37,24.85,5.63,0.4,11.732702702702703,0.6716216216216216,0.15216216216216216,394.9478
Ord_1705,Prod_8,SHP_2362,1154.14,0.07,35,-36.0,5.5,0.75,32.97542857142857,-1.0285714285714285,0.15714285714285714,1103.8502
Ord_1772,Prod_6,SHP_2456,123.34,0.07,11,0.64,5.01,0.36,11.212727272727273,0.05818181818181818,0.45545454545454545,109.05619999999999
Ord_1755,Prod_3,SHP_2433,577.42,0.0,42,253.5,1.49,0.35,13.748095238095237,6.035714285714286,0.035476190476190474,322.42999999999995
Ord_1755,Prod_12,SHP_2434,95.08,0.06,20,39.91,0.5,0.36,4.754,1.9954999999999998,0.025,48.965199999999996
Ord_1705,Prod_6,SHP_2362,223.82,0.09,37,-249.11,10.39,0.4,6.049189189189189,-6.732702702702703,0.28081081081081083,442.3962
Ord_1757,Prod_13,SHP_2436,117.88,0.1,47,-71.0,2.4,0.58,2.5080851063829788,-1.5106382978723405,0.05106382978723404,174.692
Ord_1705,Prod_6,SHP_2363,122.09,0.1,25,14.11,2.04,0.36,4.8836,0.5644,0.0816,93.731
Ord_1764,Prod_1,SHP_2445,786.13,0.04,48,-236.12,7.04,0.81,16.377708333333334,-4.9191666666666665,0.14666666666666667,983.7648
Ord_1696,Prod_6,SHP_2348,288.9,0.02,42,96.34,1.6,0.38,6.878571428571428,2.2938095238095237,0.0380952380952381,185.18199999999993
Ord_1696,Prod_5,SHP_2348,290.3,0.07,39,25.16,4.0,0.42,7.443589743589744,0.6451282051282051,0.10256410256410256,240.819
Ord_1772,Prod_2,SHP_2457,1642.47,0.01,23,-524.03,60.0,0.41,71.41173913043478,-22.78391304347826,2.608695652173913,2090.0753
Ord_2627,Prod_4,SHP_3594,436.4835,0.01,24,0.85,4.81,0.58,18.1868125,0.035416666666666666,0.20041666666666666,426.45866499999994
Ord_2733,Prod_13,SHP_3746,128.22,0.07,44,16.51,0.7,0.58,2.914090909090909,0.37522727272727274,0.015909090909090907,102.03459999999998
Ord_2473,Prod_3,SHP_3389,68.04,0.07,16,-55.52,5.26,0.38,4.2525,-3.47,0.32875,113.53720000000001
Ord_2369,Prod_8,SHP_3253,605.16,0.09,39,154.65,4.0,0.37,15.516923076923076,3.9653846153846155,0.10256410256410256,392.04560000000004
Ord_2333,Prod_2,SHP_3202,589.24,0.08,35,-38.35,8.17,0.5,16.835428571428572,-1.0957142857142859,0.23342857142857143,572.2808000000001
Ord_2369,Prod_15,SHP_3252,7312.86,0.03,44,1279.37,30.0,0.62,166.20136363636362,29.076590909090907,0.6818181818181818,5784.1042
Ord_2473,Prod_5,SHP_3390,331.17,0.07,27,97.19,2.85,0.55,12.265555555555556,3.5996296296296295,0.10555555555555556,207.9481
Ord_2499,Prod_13,SHP_3425,164.5,0.01,28,62.68,1.0,0.38,5.875,2.2385714285714284,0.03571428571428571,99.17499999999998
Ord_2333,Prod_9,SHP_3202,233.05,0.1,25,86.93,1.39,0.37,9.322000000000001,3.4772000000000003,0.0556,121.42500000000001
Ord_948,Prod_3,SHP_1312,161.02,0.08,37,32.19,1.49,0.35,4.351891891891892,0.8699999999999999,0.04027027027027027,114.45840000000001
Ord_1004,Prod_7,SHP_1391,85.66,0.04,39,6.67,0.78,0.52,2.1964102564102563,0.17102564102564102,0.02,74.78359999999999
Ord_1004,Prod_3,SHP_1389,139.54,0.01,26,-54.08,4.95,0.37,5.366923076923077,-2.08,0.1903846153846154,187.27460000000002
Ord_1004,Prod_5,SHP_1390,199.52,0.08,28,13.44,4.0,0.42,7.125714285714286,0.48,0.14285714285714285,166.1184
Ord_987,Prod_6,SHP_1362,905.32,0.02,24,389.07,5.09,0.38,37.72166666666667,16.21125,0.21208333333333332,493.0536
Ord_987,Prod_4,SHP_1363,1702.499,0.08,16,162.11,5.26,0.55,106.4061875,10.131875,0.32875,1398.9290799999999
Ord_1763,Prod_8,SHP_2444,786.26,0.01,44,274.98,1.99,0.46,17.869545454545456,6.249545454545455,0.04522727272727273,501.4273999999999
Ord_1711,Prod_5,SHP_2369,480.43,0.06,31,50.59,8.99,0.39,15.497741935483871,1.6319354838709679,0.29,392.02419999999995
Ord_1711,Prod_3,SHP_3951,1001.99,0.09,44,333.53,2.99,0.39,22.7725,7.580227272727272,0.06795454545454546,575.2909000000001
Ord_1788,Prod_5,SHP_2476,307.49,0.01,24,61.51,6.02,0.43,12.812083333333334,2.5629166666666667,0.2508333333333333,236.88510000000002
Ord_4757,Prod_5,SHP_6634,485.97,0.02,39,48.6,5.16,0.43,12.460769230769232,1.2461538461538462,0.13230769230769232,422.4906
Ord_4757,Prod_2,SHP_6632,194.2,0.0,42,-139.13,5.15,0.59,4.623809523809523,-3.3126190476190476,0.12261904761904763,328.17999999999995
Ord_4757,Prod_5,SHP_6635,109.71,0.1,15,-20.95,3.68,0.52,7.313999999999999,-1.3966666666666667,0.24533333333333335,116.00899999999999
Ord_4680,Prod_3,SHP_6529,94.55,0.01,32,6.74,1.49,0.36,2.9546875,0.210625,0.0465625,85.37450000000001
Ord_4647,Prod_13,SHP_6478,148.99,0.03,41,-115.48,4.17,0.59,3.6339024390243906,-2.816585365853659,0.10170731707317072,255.83030000000002
Ord_4647,Prod_13,SHP_6478,70.66,0.06,21,-57.84,3.97,0.56,3.3647619047619046,-2.7542857142857144,0.18904761904761905,120.2904
Ord_1479,Prod_6,SHP_2042,167.41,0.05,38,-161.57,6.72,0.4,4.405526315789474,-4.251842105263158,0.17684210526315788,313.8895
Ord_1357,Prod_4,SHP_1867,2969.6365,0.04,23,383.45,8.99,0.58,129.1146304347826,16.671739130434784,0.3908695652173913,2458.4110400000004
Ord_1357,Prod_1,SHP_1866,482.91,0.1,29,-16.59,6.25,0.58,16.65206896551724,-0.5720689655172414,0.21551724137931033,444.959
Ord_4594,Prod_6,SHP_6389,59.35,0.02,9,-42.61,8.33,0.38,6.594444444444445,-4.734444444444445,0.9255555555555556,92.44300000000001
Ord_2047,Prod_8,SHP_4299,3277.39,0.02,43,286.01,4.0,0.77,76.21837209302325,6.651395348837209,0.09302325581395349,2921.8322
Ord_3066,Prod_4,SHP_4258,629.5865,0.04,11,-120.09,8.99,0.58,57.235136363636364,-10.917272727272728,0.8172727272727273,715.50304
Ord_3050,Prod_3,SHP_4236,28.41,0.07,12,-44.08,4.77,0.4,2.3675,-3.6733333333333333,0.39749999999999996,65.7313
Ord_3104,Prod_5,SHP_4305,102.15,0.03,40,-138.51,5.33,0.43,2.55375,-3.4627499999999998,0.13325,232.2655
Ord_3040,Prod_8,SHP_4219,1557.42,0.01,21,-123.81,4.0,0.79,74.16285714285715,-5.895714285714286,0.19047619047619047,1661.6558
Ord_3039,Prod_8,SHP_4217,7518.12,0.04,48,1027.63,6.5,0.74,156.6275,21.408958333333334,0.13541666666666666,6183.2652
Ord_3089,Prod_5,SHP_4286,86.7,0.07,50,-185.34,4.86,0.41,1.734,-3.7068,0.09720000000000001,261.111
Ord_3072,Prod_13,SHP_4266,6.77,0.06,1,-3.66,4.28,0.44,6.77,-3.66,4.28,5.743799999999999
Ord_3115,Prod_6,SHP_4325,18.33,0.09,4,-7.08,2.97,0.35,4.5825,-1.77,0.7425,20.7903
Ord_3111,Prod_2,SHP_4315,1944.87,0.06,49,496.43,4.5,0.56,39.691224489795914,10.131224489795919,0.09183673469387756,1327.2477999999999
Ord_3116,Prod_2,SHP_4326,86.0,0.05,10,-66.91,9.23,0.58,8.6,-6.691,0.923,139.38
Ord_3111,Prod_3,SHP_4316,61.82,0.1,12,-10.45,2.99,0.38,5.151666666666666,-0.8708333333333332,0.24916666666666668,63.098
Ord_3040,Prod_17,SHP_4220,1531.93,0.1,18,326.56,14.0,0.36,85.10722222222222,18.142222222222223,0.7777777777777778,1038.1770000000001
Ord_3054,Prod_1,SHP_4243,383.81,0.03,32,-21.15,4.81,0.58,11.9940625,-0.6609375,0.1503125,388.6357
Ord_3117,Prod_16,SHP_4328,475.92,0.05,36,-95.3,4.59,0.82,13.22,-2.647222222222222,0.1275,542.8340000000001
Ord_3068,Prod_11,SHP_4262,3169.992,0.08,40,-973.3,41.64,0.75,79.24980000000001,-24.3325,1.041,3848.05264
Ord_3115,Prod_8,SHP_4324,2948.63,0.05,29,888.62,7.18,0.46,101.67689655172414,30.642068965517243,0.24758620689655172,1905.3985000000002
Ord_3044,Prod_3,SHP_4226,164.62,0.03,31,-93.71,5.74,0.36,5.3103225806451615,-3.022903225806451,0.18516129032258066,247.65139999999997
Ord_3115,Prod_3,SHP_4323,76.38,0.03,13,-29.69,5.24,0.39,5.875384615384615,-2.283846153846154,0.4030769230769231,98.5386
Ord_3106,Prod_6,SHP_4307,856.9,0.02,43,106.93,9.54,0.37,19.927906976744186,2.486744186046512,0.22186046511627905,723.2919999999999
Ord_3040,Prod_5,SHP_4219,410.27,0.08,14,226.72,3.92,0.44,29.305,16.194285714285716,0.27999999999999997,146.80839999999998
Ord_3044,Prod_12,SHP_4228,53.89,0.01,8,17.63,0.5,0.39,6.73625,2.20375,0.0625,35.22110000000001
Ord_3068,Prod_7,SHP_4261,107.96,0.01,30,13.24,1.63,0.36,3.5986666666666665,0.44133333333333336,0.05433333333333333,92.0104
Ord_3097,Prod_3,SHP_4295,172.51,0.03,29,12.55,2.99,0.37,5.948620689655172,0.4327586206896552,0.10310344827586207,151.79469999999998
Ord_3091,Prod_6,SHP_4288,623.35,0.03,16,235.51,5.08,0.38,38.959375,14.719375,0.3175,364.05949999999996
Ord_3040,Prod_2,SHP_4218,374.38,0.03,42,-1.16,3.5,0.58,8.913809523809524,-0.027619047619047616,0.08333333333333333,360.8086
Ord_3044,Prod_10,SHP_4227,4225.77,0.08,36,-1393.69,58.64,0.75,117.38250000000001,-38.71361111111111,1.6288888888888888,5222.758400000001
Ord_3099,Prod_4,SHP_4298,1541.458,0.05,34,-238.16,5.0,0.83,45.337,-7.004705882352941,0.14705882352941177,1697.5451
Ord_3068,Prod_3,SHP_4260,56.22,0.04,6,-20.39,6.19,0.38,9.37,-3.3983333333333334,1.0316666666666667,68.1712
Ord_3117,Prod_6,SHP_4328,146.71,0.01,36,38.63,1.3,0.37,4.075277777777778,1.0730555555555557,0.036111111111111115,105.31290000000001
Ord_707,Prod_6,SHP_969,241.01,0.0,50,-4.69,3.01,0.36,4.8202,-0.09380000000000001,0.0602,242.69
Ord_830,Prod_8,SHP_1138,177.05,0.0,5,-50.67,1.99,0.43,35.410000000000004,-10.134,0.398,225.73000000000002
Ord_708,Prod_12,SHP_970,209.02,0.04,32,101.8,0.5,0.39,6.531875,3.18125,0.015625,98.3592
Ord_725,Prod_6,SHP_990,70.33,0.1,5,1.07,1.97,0.39,14.065999999999999,0.21400000000000002,0.394,60.257
Ord_861,Prod_8,SHP_1185,61.46,0.08,11,-47.83,4.93,0.66,5.587272727272727,-4.348181818181818,0.4481818181818182,99.44319999999999
Ord_867,Prod_6,SHP_1192,846.35,0.04,22,341.53,5.08,0.38,38.470454545454544,15.524090909090908,0.23090909090909092,465.88599999999997
Ord_854,Prod_1,SHP_1177,1463.27,0.09,46,104.22,8.22,0.57,31.81021739130435,2.2656521739130433,0.17869565217391306,1219.1356999999998
Ord_854,Prod_8,SHP_1176,360.24,0.04,18,-36.24,4.0,0.68,20.013333333333335,-2.0133333333333336,0.2222222222222222,378.0704
Ord_867,Prod_4,SHP_1193,1976.3945,0.0,26,473.36,2.79,0.58,76.01517307692308,18.206153846153846,0.10730769230769231,1500.2445000000002
Ord_1768,Prod_8,SHP_2451,1534.7,0.07,49,258.25,3.6,0.64,31.320408163265306,5.270408163265306,0.07346938775510205,1165.421
Ord_1775,Prod_8,SHP_2460,3853.47,0.1,27,21.5,6.5,0.74,142.7211111111111,0.7962962962962963,0.24074074074074073,3440.1229999999996
Ord_1775,Prod_6,SHP_2461,28.23,0.1,5,-14.69,4.7,0.38,5.646,-2.9379999999999997,0.9400000000000001,35.397
Ord_1719,Prod_3,SHP_2379,611.68,0.05,15,134.75,10.55,0.37,40.778666666666666,8.983333333333333,0.7033333333333334,435.79600000000005
Ord_1746,Prod_11,SHP_2418,3590.33,0.01,24,-31.73,43.75,0.65,149.59708333333333,-1.3220833333333333,1.8229166666666667,3542.4067
Ord_1717,Prod_5,SHP_2376,652.24,0.02,27,185.04,8.99,0.44,24.15703703703704,6.853333333333333,0.33296296296296296,445.1652
Ord_1746,Prod_17,SHP_2417,1465.29,0.02,12,373.5,7.11,0.36,122.1075,31.125,0.5925,1055.3742
Ord_1723,Prod_6,SHP_2384,291.16,0.01,41,-89.47,6.57,0.37,7.101463414634147,-2.1821951219512195,0.1602439024390244,371.14840000000004
Ord_1785,Prod_3,SHP_2472,144.03,0.03,38,-139.52,5.47,0.37,3.790263157894737,-3.6715789473684213,0.14394736842105263,273.7591
Ord_1728,Prod_15,SHP_2391,1379.98,0.06,12,-151.73,30.0,0.69,114.99833333333333,-12.644166666666665,2.5,1418.9112
Ord_3213,Prod_6,SHP_4455,146.51,0.04,31,37.14,1.52,0.36,4.726129032258064,1.1980645161290322,0.04903225806451613,101.98959999999998
Ord_3622,Prod_7,SHP_5016,58.86,0.03,17,6.96,1.35,0.4,3.4623529411764706,0.40941176470588236,0.07941176470588236,48.7842
Ord_3572,Prod_1,SHP_4945,1645.51,0.06,28,300.34,9.71,0.57,58.768214285714286,10.72642857142857,0.3467857142857143,1236.7294
Ord_3532,Prod_3,SHP_4892,138.85,0.08,19,-49.35,6.05,0.39,7.307894736842105,-2.5973684210526318,0.31842105263157894,171.042
Ord_3597,Prod_6,SHP_4980,980.07,0.09,32,337.25,5.76,0.4,30.6271875,10.5390625,0.18,548.8537000000001
Ord_3580,Prod_13,SHP_4957,22.37,0.04,8,-14.09,2.4,0.58,2.79625,-1.76125,0.3,33.1652
Ord_3572,Prod_5,SHP_4945,495.8,0.03,25,107.82,6.38,0.56,19.832,4.312799999999999,0.2552,366.726
Ord_3539,Prod_8,SHP_4901,806.05,0.04,39,-63.39,5.99,0.65,20.66794871794872,-1.6253846153846154,0.1535897435897436,831.208
Ord_3542,Prod_3,SHP_4904,151.05,0.09,26,-76.14,5.59,0.4,5.809615384615385,-2.9284615384615384,0.215,208.00549999999998
Ord_3542,Prod_12,SHP_4904,133.04,0.04,13,49.69,0.99,0.37,10.233846153846153,3.822307692307692,0.07615384615384616,77.0384
Ord_3567,Prod_6,SHP_4938,228.82,0.03,33,-107.0,7.3,0.37,6.933939393939394,-3.242424242424242,0.2212121212121212,321.6554
Ord_3615,Prod_3,SHP_5004,68.03,0.05,15,8.87,1.49,0.39,4.535333333333333,0.5913333333333333,0.09933333333333333,54.2685
Ord_444,Prod_3,SHP_595,341.71,0.04,31,32.19,5.14,0.36,11.02290322580645,1.0383870967741935,0.16580645161290322,290.7116
Ord_375,Prod_5,SHP_503,226.18,0.01,44,-115.54,5.72,0.47,5.140454545454546,-2.625909090909091,0.13,333.7382
Ord_1858,Prod_4,SHP_2552,4373.8535,0.04,42,963.68,7.69,0.59,104.13936904761906,22.944761904761904,0.18309523809523812,3227.529360000001
Ord_1858,Prod_1,SHP_2820,73.86,0.08,7,-52.49,9.45,0.6,10.551428571428572,-7.498571428571429,1.3499999999999999,110.99119999999999
Ord_3002,Prod_1,SHP_4154,302.94,0.07,20,-30.2,5.8,0.6,15.147,-1.51,0.29,306.13419999999996
Ord_2240,Prod_1,SHP_3043,122.14,0.04,9,-16.99,4.51,0.59,13.571111111111112,-1.8877777777777776,0.5011111111111111,129.7344
Ord_2242,Prod_6,SHP_3047,700.46,0.02,14,254.31,7.23,0.37,50.03285714285715,18.165,0.5164285714285715,424.91080000000005
Ord_1858,Prod_8,SHP_3184,2302.36,0.05,8,-114.68,7.18,0.48,287.795,-14.335,0.8975,2294.742
Ord_2269,Prod_4,SHP_3091,8252.361,0.07,49,2418.56,4.2,0.59,168.4155306122449,49.35836734693878,0.08571428571428572,5251.935730000001
Ord_1943,Prod_6,SHP_3154,944.76,0.03,46,165.46,8.68,0.37,20.538260869565217,3.5969565217391306,0.18869565217391304,742.2772
Ord_2204,Prod_16,SHP_3003,96.04,0.05,16,-50.75,5.3,0.55,6.0025,-3.171875,0.33125,136.688
Ord_1883,Prod_2,SHP_2585,1068.79,0.07,14,56.05,19.95,0.54,76.34214285714286,4.003571428571428,1.425,917.9747
Ord_1883,Prod_6,SHP_4119,287.13,0.0,46,-186.31,7.96,0.36,6.24195652173913,-4.050217391304348,0.17304347826086958,465.48
Ord_4334,Prod_3,SHP_6041,136.77,0.09,25,-136.25,7.78,0.37,5.4708000000000006,-5.45,0.31120000000000003,252.9307
Ord_1876,Prod_13,SHP_6076,33.86,0.05,12,0.35,0.7,0.56,2.8216666666666668,0.029166666666666664,0.05833333333333333,31.117
Ord_866,Prod_13,SHP_1191,100.68,0.0,36,-45.21,2.4,0.58,2.796666666666667,-1.2558333333333334,0.06666666666666667,143.49
Ord_870,Prod_8,SHP_1197,1806.43,0.04,38,134.85,3.61,0.71,47.53763157894737,3.5486842105263157,0.095,1595.7128000000002
Ord_1297,Prod_6,SHP_1790,261.38,0.05,38,-172.35,8.74,0.36,6.8784210526315785,-4.535526315789474,0.23,411.921
Ord_1302,Prod_2,SHP_1796,88.17,0.1,13,-572.49,49.0,0.56,6.782307692307692,-44.03769230769231,3.769230769230769,602.8430000000001
Ord_1297,Prod_6,SHP_1789,166.8,0.03,23,44.59,1.71,0.4,7.252173913043479,1.9386956521739132,0.07434782608695652,115.49600000000001
Ord_1303,Prod_3,SHP_1798,1502.66,0.07,27,637.6,1.49,0.38,55.654074074074074,23.614814814814817,0.055185185185185184,758.3838
Ord_1284,Prod_13,SHP_1771,238.74,0.1,8,-38.89,8.99,0.58,29.8425,-4.86125,1.12375,244.76600000000002
Ord_1300,Prod_13,SHP_1794,280.43,0.1,25,39.52,2.36,0.55,11.2172,1.5808000000000002,0.0944,210.50699999999998
Ord_1298,Prod_13,SHP_1791,103.39,0.05,20,29.17,0.71,0.52,5.1695,1.4585000000000001,0.0355,68.3405
Ord_1299,Prod_8,SHP_1793,29.66,0.04,5,-32.78,4.32,0.64,5.932,-6.556,0.8640000000000001,56.9336
Ord_1298,Prod_1,SHP_1792,435.39,0.01,28,-48.97,7.69,0.57,15.549642857142857,-1.7489285714285714,0.27464285714285713,472.3161
Ord_1294,Prod_6,SHP_1785,1646.47,0.05,33,743.59,5.81,0.38,49.8930303030303,22.533030303030305,0.17606060606060606,814.7465000000001
Ord_4095,Prod_2,SHP_5707,575.36,0.1,29,84.05,3.99,0.57,19.84,2.8982758620689655,0.13758620689655174,429.78400000000005
Ord_4107,Prod_13,SHP_5722,455.88,0.03,11,9.15,8.99,0.59,41.443636363636365,0.8318181818181819,0.8172727272727273,424.0636
Ord_4104,Prod_3,SHP_5717,254.93,0.01,37,-62.88,5.48,0.37,6.890000000000001,-1.6994594594594594,0.14810810810810812,309.7807
Ord_1300,Prod_9,SHP_5695,130.11,0.1,18,40.3,1.39,0.36,7.228333333333334,2.238888888888889,0.07722222222222222,75.40900000000002
Ord_3877,Prod_13,SHP_5373,13.5,0.04,2,-7.9,1.67,0.51,6.75,-3.95,0.835,19.19
Ord_3915,Prod_1,SHP_5433,7647.97,0.05,47,-1014.01,35.0,0.85,162.72276595744682,-21.574680851063828,0.7446808510638298,8244.5815
Ord_3876,Prod_8,SHP_5372,179.66,0.01,8,-1.73,1.99,0.43,22.4575,-0.21625,0.24875,177.60339999999997
Ord_3877,Prod_1,SHP_5373,540.64,0.02,38,13.89,5.5,0.57,14.227368421052631,0.3655263157894737,0.14473684210526316,510.43719999999996
Ord_3915,Prod_4,SHP_5434,6861.8545,0.07,43,1754.08,3.99,0.59,159.578011627907,40.79255813953488,0.09279069767441861,4623.454685000001
Ord_3876,Prod_8,SHP_5371,273.38,0.06,6,-170.91,16.71,0.66,45.56333333333333,-28.485,2.785,411.17719999999997
Ord_3889,Prod_6,SHP_5392,198.43,0.01,29,-79.67,6.81,0.36,6.842413793103448,-2.7472413793103447,0.23482758620689653,269.3057
Ord_4744,Prod_13,SHP_6616,41.37,0.05,14,1.82,0.7,0.58,2.9549999999999996,0.13,0.049999999999999996,36.781499999999994
Ord_4814,Prod_3,SHP_6708,515.23,0.1,13,171.4,2.99,0.35,39.63307692307693,13.184615384615386,0.23,289.317
Ord_4814,Prod_7,SHP_6709,41.65,0.06,22,-13.86,0.7,0.83,1.893181818181818,-0.63,0.031818181818181815,52.31099999999999
Ord_4473,Prod_2,SHP_6231,3089.06,0.0,50,719.26,13.22,0.56,61.7812,14.3852,0.2644,2356.58
Ord_1227,Prod_12,SHP_1694,79.44,0.06,27,29.85,0.5,0.39,2.942222222222222,1.1055555555555556,0.018518518518518517,44.32359999999999
Ord_1255,Prod_1,SHP_1735,362.52,0.07,25,-68.49,7.51,0.57,14.5008,-2.7396,0.3004,398.1236
Ord_1262,Prod_6,SHP_1743,116.57,0.07,23,-43.18,4.72,0.36,5.068260869565217,-1.877391304347826,0.20521739130434782,146.8701
Ord_1221,Prod_12,SHP_1687,1505.57,0.02,47,-54.63,19.99,0.39,32.03340425531915,-1.162340425531915,0.4253191489361702,1510.0986
Ord_1227,Prod_5,SHP_1695,110.03,0.06,5,-31.33,10.49,0.49,22.006,-6.266,2.098,124.26820000000001
Ord_1253,Prod_4,SHP_1732,1592.0415,0.0,27,-52.7,19.99,0.59,58.9645,-1.951851851851852,0.7403703703703703,1624.7515
Ord_1272,Prod_15,SHP_1757,6739.92,0.01,35,957.29,30.0,0.69,192.56914285714285,27.351142857142857,0.8571428571428571,5685.2308
Ord_1242,Prod_4,SHP_1718,3268.7515,0.04,24,562.91,8.08,0.6,136.19797916666667,23.454583333333332,0.33666666666666667,2567.01144
Ord_1283,Prod_8,SHP_1770,1305.31,0.03,45,589.2,1.99,0.4,29.006888888888888,13.093333333333334,0.044222222222222225,674.9606999999999
Ord_1282,Prod_8,SHP_1768,256.6,0.0,6,-106.76,7.12,0.67,42.76666666666667,-17.793333333333333,1.1866666666666668,356.24
Ord_1253,Prod_3,SHP_1732,230.29,0.0,41,14.48,2.99,0.37,5.616829268292682,0.3531707317073171,0.07292682926829269,212.82
Ord_1214,Prod_6,SHP_1677,32.72,0.09,4,-22.59,8.19,0.37,8.18,-5.6475,2.0475,44.175200000000004
Ord_1255,Prod_6,SHP_1734,338.89,0.07,6,45.76,10.75,0.36,56.48166666666666,7.626666666666666,1.7916666666666667,258.6577
Ord_1283,Prod_8,SHP_1769,39.42,0.08,19,-29.02,1.99,0.55,2.0747368421052634,-1.5273684210526315,0.10473684210526316,63.296400000000006
Ord_1242,Prod_3,SHP_1717,321.91,0.06,22,-24.96,8.4,0.39,14.632272727272728,-1.1345454545454545,0.38181818181818183,319.15540000000004
Ord_1273,Prod_4,SHP_1759,347.2675,0.06,20,-71.09,0.99,0.83,17.363374999999998,-3.5545,0.0495,396.53144999999995
Ord_1251,Prod_17,SHP_1729,4913.7,0.0,33,1054.93,17.85,0.56,148.9,31.96757575757576,0.540909090909091,3840.919999999999
Ord_1256,Prod_4,SHP_1736,607.597,0.07,11,-112.24,5.99,0.58,55.236090909090905,-10.203636363636363,0.5445454545454546,671.31521
Ord_1273,Prod_1,SHP_1758,2723.1,0.07,16,-446.31,35.0,0.85,170.19375,-27.894375,2.1875,2943.7929999999997
Ord_1222,Prod_6,SHP_1688,126.38,0.08,33,26.64,1.3,0.37,3.8296969696969696,0.8072727272727273,0.0393939393939394,88.3296
Ord_1222,Prod_6,SHP_1689,33.1,0.06,4,-24.15,8.74,0.36,8.275,-6.0375,2.185,46.524
Ord_4208,Prod_6,SHP_5867,176.34,0.0,26,-103.32,7.86,0.37,6.782307692307692,-3.9738461538461536,0.30230769230769233,271.79999999999995
Ord_4208,Prod_13,SHP_5868,186.5,0.04,5,4.16,4.27,0.46,37.3,0.8320000000000001,0.8539999999999999,170.60999999999999
Ord_4174,Prod_5,SHP_5818,2429.09,0.06,24,-20.67,10.12,0.79,101.21208333333334,-0.8612500000000001,0.42166666666666663,2293.8946000000005
Ord_4135,Prod_10,SHP_5757,2773.84,0.0,44,-513.76,36.61,0.61,63.041818181818186,-11.676363636363636,0.8320454545454545,3250.99
Ord_4174,Prod_3,SHP_5817,478.94,0.04,37,10.56,7.17,0.38,12.944324324324324,0.28540540540540543,0.19378378378378378,442.0524
Ord_3569,Prod_6,SHP_7126,201.72,0.05,17,-81.61,11.25,0.36,11.865882352941176,-4.800588235294118,0.6617647058823529,261.99399999999997
Ord_5100,Prod_12,SHP_7122,28.39,0.05,6,3.84,0.49,0.39,4.7316666666666665,0.64,0.08166666666666667,22.640500000000003
Ord_5019,Prod_8,SHP_7002,3439.39,0.05,35,1057.62,7.18,0.46,98.26828571428571,30.217714285714283,0.20514285714285713,2202.6205
Ord_5016,Prod_11,SHP_6998,6230.68,0.09,38,835.46,29.1,0.68,163.96526315789475,21.98578947368421,0.7657894736842106,4805.3588
Ord_5019,Prod_13,SHP_7003,10.48,0.02,2,-5.65,0.71,0.52,5.24,-2.825,0.355,15.210400000000002
Ord_5095,Prod_5,SHP_7115,381.79,0.08,28,73.73,5.0,0.49,13.635357142857144,2.6332142857142857,0.17857142857142858,272.5168
Ord_5099,Prod_3,SHP_7121,362.76,0.09,26,19.36,6.46,0.38,13.952307692307691,0.7446153846153846,0.24846153846153846,304.2916
Ord_3602,Prod_7,SHP_4986,128.27,0.0,15,22.85,2.82,0.4,8.551333333333334,1.5233333333333334,0.188,102.60000000000002
Ord_3599,Prod_3,SHP_4982,30.1,0.09,7,-28.31,5.47,0.37,4.3,-4.0442857142857145,0.7814285714285714,50.231
Ord_5007,Prod_1,SHP_6987,570.14,0.03,36,-90.72,8.78,0.57,15.837222222222222,-2.52,0.24388888888888888,634.9758
Ord_3380,Prod_3,SHP_4686,762.2,0.07,50,16.57,8.4,0.39,15.244000000000002,0.33140000000000003,0.168,683.876
Ord_4993,Prod_6,SHP_6969,1581.23,0.03,28,760.79,5.15,0.36,56.472500000000004,27.171071428571427,0.18392857142857144,767.8531
Ord_3380,Prod_6,SHP_4686,235.45,0.06,27,-8.82,5.16,0.38,8.72037037037037,-0.32666666666666666,0.19111111111111112,224.98299999999998
Ord_3361,Prod_11,SHP_4660,7201.89,0.09,26,-650.11,54.12,0.76,276.99576923076927,-25.00423076923077,2.0815384615384613,7149.7099
Ord_3324,Prod_6,SHP_4613,140.31,0.06,20,-94.11,8.74,0.36,7.0155,-4.7055,0.437,217.2614
Ord_3324,Prod_8,SHP_4611,614.15,0.03,15,-54.37,7.12,0.67,40.943333333333335,-3.6246666666666667,0.4746666666666667,642.9755
Ord_3204,Prod_16,SHP_4444,310.52,0.01,23,33.22,3.14,0.6,13.500869565217391,1.4443478260869564,0.13652173913043478,271.0548
Ord_3380,Prod_6,SHP_4686,161.87,0.04,24,-31.27,5.11,0.37,6.744583333333334,-1.3029166666666667,0.21291666666666667,181.5552
Ord_3291,Prod_4,SHP_4565,2357.9085,0.06,43,538.49,3.99,0.59,54.83508139534884,12.523023255813953,0.09279069767441861,1673.9539900000002
Ord_3324,Prod_12,SHP_4612,154.24,0.03,31,68.88,0.49,0.39,4.975483870967742,2.2219354838709675,0.015806451612903224,80.24280000000002
Ord_1257,Prod_4,SHP_1738,2463.2405,0.07,35,310.57,10.78,0.58,70.3783,8.87342857142857,0.308,1969.4636649999995
Ord_1218,Prod_13,SHP_1683,174.59,0.08,42,25.88,0.94,0.56,4.156904761904762,0.6161904761904762,0.02238095238095238,133.80280000000002
Ord_1218,Prod_6,SHP_1682,5.68,0.02,1,-1.82,0.88,0.39,5.68,-1.82,0.88,6.5064
Ord_1219,Prod_6,SHP_1684,57.04,0.05,8,-29.06,6.81,0.36,7.13,-3.6325,0.85125,76.438
Ord_1218,Prod_4,SHP_1682,1265.497,0.1,13,-161.12,3.0,0.59,97.34592307692309,-12.393846153846154,0.23076923076923078,1297.0673000000002
Ord_1246,Prod_8,SHP_1722,28.11,0.03,3,-31.62,2.83,0.77,9.37,-10.540000000000001,0.9433333333333334,56.056700000000006
Ord_1246,Prod_13,SHP_1722,27.06,0.0,14,-0.06,0.7,0.56,1.9328571428571428,-0.004285714285714286,0.049999999999999996,26.419999999999998
Ord_1236,Prod_6,SHP_1709,154.44,0.06,33,54.62,0.88,0.39,4.68,1.655151515151515,0.02666666666666667,89.6736
Ord_1257,Prod_6,SHP_1737,117.78,0.09,32,20.82,1.3,0.37,3.680625,0.650625,0.040625,85.0598
Ord_4610,Prod_5,SHP_6413,383.23,0.01,9,146.51,9.2,0.65,42.58111111111111,16.278888888888886,1.0222222222222221,223.68770000000006
Ord_4610,Prod_2,SHP_6412,114.87,0.1,11,-21.03,3.99,0.58,10.442727272727273,-1.9118181818181819,0.36272727272727273,120.42300000000002
Ord_4584,Prod_3,SHP_6378,106.69,0.01,22,-76.6,5.83,0.36,4.849545454545455,-3.4818181818181815,0.265,176.3931
Ord_2968,Prod_9,SHP_4092,2160.83,0.08,36,485.02,19.99,0.38,60.02305555555555,13.472777777777777,0.5552777777777778,1482.9536
Ord_2884,Prod_6,SHP_3978,122.02,0.04,18,-115.0,10.05,0.37,6.778888888888889,-6.388888888888889,0.5583333333333333,222.0892
Ord_2968,Prod_5,SHP_4093,43.94,0.09,20,-72.23,5.33,0.43,2.197,-3.6115000000000004,0.2665,106.8854
Ord_2911,Prod_4,SHP_4016,906.015,0.05,31,248.67,5.99,0.38,29.226290322580645,8.021612903225806,0.1932258064516129,606.05425
Ord_2968,Prod_8,SHP_4091,1857.88,0.09,47,752.96,1.99,0.44,39.52936170212766,16.020425531914896,0.042340425531914895,935.7208
Ord_2079,Prod_8,SHP_2843,569.21,0.01,14,-38.51,4.0,0.7,40.65785714285715,-2.7507142857142854,0.2857142857142857,598.0279
Ord_2085,Prod_10,SHP_2851,2851.17,0.06,50,-868.88,36.61,0.61,57.0234,-17.3776,0.7322,3512.3698
Ord_2085,Prod_1,SHP_2852,183.43,0.06,15,-41.86,6.27,0.57,12.228666666666667,-2.7906666666666666,0.418,208.01420000000002
Ord_4713,Prod_1,SHP_6576,1141.9,0.02,32,175.32,8.22,0.57,35.684375,5.47875,0.256875,935.5220000000002
Ord_675,Prod_8,SHP_923,132.36,0.05,27,-98.35,4.62,0.64,4.902222222222223,-3.6425925925925924,0.1711111111111111,219.472
Ord_675,Prod_5,SHP_924,1498.46,0.02,42,565.37,5.02,0.55,35.67761904761905,13.461190476190476,0.11952380952380952,898.1008
Ord_4393,Prod_6,SHP_6124,235.49,0.06,5,21.78,5.86,0.37,47.098,4.356,1.1720000000000002,193.7206
Ord_4399,Prod_8,SHP_6131,157.56,0.1,34,-139.35,4.93,0.66,4.634117647058823,-4.098529411764706,0.145,276.224
Ord_4509,Prod_11,SHP_6278,6116.11,0.03,35,91.57,29.21,0.74,174.74599999999998,2.616285714285714,0.8345714285714286,5811.8467
Ord_3617,Prod_8,SHP_5006,1244.01,0.0,42,539.57,1.99,0.4,29.619285714285713,12.846904761904764,0.04738095238095238,702.4499999999999
Ord_3595,Prod_3,SHP_4977,472.35,0.03,31,61.68,6.46,0.38,15.23709677419355,1.9896774193548388,0.20838709677419354,390.03950000000003
Ord_3617,Prod_5,SHP_5007,981.73,0.03,42,388.23,3.63,0.52,23.37452380952381,9.243571428571428,0.08642857142857142,560.4181
Ord_3559,Prod_11,SHP_4929,14493.84,0.0,47,634.76,85.63,0.74,308.3795744680851,13.505531914893616,1.821914893617021,13773.45
Ord_876,Prod_3,SHP_4881,599.1,0.02,24,3.82,12.98,0.39,24.962500000000002,0.15916666666666665,0.5408333333333334,570.318
Ord_3541,Prod_15,SHP_4903,2130.22,0.09,25,-584.6,42.0,0.66,85.2088,-23.384,1.68,2481.1002
Ord_3617,Prod_6,SHP_5008,302.07,0.0,44,-185.98,8.4,0.37,6.865227272727273,-4.226818181818182,0.19090909090909092,479.65
Ord_3559,Prod_6,SHP_4928,943.44,0.08,30,-89.98,19.99,0.4,31.448,-2.9993333333333334,0.6663333333333333,937.9548000000001
Ord_3589,Prod_13,SHP_4969,68.73,0.07,23,17.17,0.81,0.4,2.9882608695652175,0.7465217391304348,0.035217391304347825,45.9389
Ord_3611,Prod_6,SHP_5000,276.65,0.02,41,-75.28,5.87,0.37,6.747560975609756,-1.8360975609756098,0.1431707317073171,340.52699999999993
Ord_3611,Prod_5,SHP_5000,508.38,0.06,49,4.68,5.4,0.51,10.375102040816326,0.09551020408163265,0.11020408163265306,467.79720000000003
Ord_3627,Prod_10,SHP_5023,1217.5,0.07,21,-412.36,36.61,0.61,57.976190476190474,-19.636190476190478,1.7433333333333334,1508.025
Ord_3611,Prod_6,SHP_5000,281.09,0.01,28,-114.58,9.86,0.4,10.03892857142857,-4.092142857142857,0.35214285714285715,382.99909999999994
Ord_3627,Prod_3,SHP_5021,163.27,0.04,31,-0.62,2.99,0.37,5.266774193548388,-0.02,0.09645161290322582,154.3692
Ord_3583,Prod_8,SHP_4960,4620.53,0.0,43,1025.23,19.99,0.52,107.45418604651162,23.842558139534884,0.4648837209302325,3575.31
Ord_3613,Prod_13,SHP_5002,75.39,0.05,45,-4.83,0.7,0.6,1.6753333333333333,-0.10733333333333334,0.015555555555555555,75.7505
Ord_3627,Prod_15,SHP_5024,441.53,0.07,17,-119.55,14.36,0.6,25.972352941176467,-7.0323529411764705,0.8447058823529412,515.8128999999999
Ord_3613,Prod_7,SHP_5002,28.82,0.0,19,2.16,0.7,0.37,1.516842105263158,0.11368421052631579,0.03684210526315789,25.96
Ord_2000,Prod_1,SHP_2733,2545.89,0.01,17,-321.51,35.0,,149.75823529411764,-18.91235294117647,2.0588235294117645,2806.9411
Ord_1872,Prod_7,SHP_2571,43.57,0.1,35,-19.17,0.7,0.81,1.2448571428571429,-0.5477142857142857,0.02,57.683
Ord_1872,Prod_13,SHP_2572,31.87,0.1,8,-1.25,1.2,0.44,3.98375,-0.15625,0.15,28.733
Ord_2286,Prod_3,SHP_3128,126.69,0.04,18,-35.56,5.48,0.37,7.038333333333333,-1.9755555555555557,0.30444444444444446,151.7024
Ord_2286,Prod_6,SHP_3129,162.11,0.04,12,3.91,6.47,0.38,13.509166666666667,0.32583333333333336,0.5391666666666667,145.24560000000002
Ord_1631,Prod_13,SHP_2251,104.27,0.03,8,-23.61,5.81,0.6,13.03375,-2.95125,0.72625,118.94189999999999
Ord_454,Prod_11,SHP_2223,2946.05,0.06,29,-690.21,41.64,0.75,101.58793103448276,-23.80034482758621,1.4358620689655173,3417.8570000000004
Ord_1288,Prod_6,SHP_1777,199.46,0.08,48,-121.2,4.79,0.4,4.1554166666666665,-2.525,0.09979166666666667,299.9132
Ord_1288,Prod_5,SHP_1776,522.97,0.04,48,29.98,5.4,0.51,10.895208333333334,0.6245833333333334,0.1125,466.67120000000006
Ord_1285,Prod_12,SHP_1772,134.81,0.1,46,52.36,0.49,0.37,2.9306521739130433,1.1382608695652174,0.010652173913043479,68.47900000000001
Ord_1286,Prod_7,SHP_1774,52.38,0.06,13,11.72,0.99,0.39,4.02923076923077,0.9015384615384616,0.07615384615384616,36.5272
Ord_1285,Prod_4,SHP_1773,5488.5265,0.05,34,1382.45,4.2,0.57,161.42725,40.66029411764706,0.12352941176470589,3827.450175
Ord_2590,Prod_2,SHP_3546,1427.67,0.04,16,422.8,0.99,0.56,89.229375,26.425,0.061875,946.7732000000001
Ord_2590,Prod_6,SHP_3547,499.26,0.09,11,144.05,5.86,0.37,45.38727272727272,13.095454545454546,0.5327272727272727,304.41659999999996
Ord_411,Prod_15,SHP_1787,3268.56,0.03,33,-1181.71,74.35,0.57,99.04727272727273,-35.80939393939394,2.253030303030303,4277.8632
Ord_442,Prod_5,SHP_592,813.9,0.06,18,256.66,4.8,0.68,45.21666666666667,14.25888888888889,0.26666666666666666,503.60600000000005
Ord_454,Prod_3,SHP_608,176.15,0.01,30,-125.36,6.98,0.39,5.871666666666667,-4.1786666666666665,0.2326666666666667,292.7685
Ord_442,Prod_5,SHP_592,543.22,0.0,35,68.44,7.4,0.48,15.52057142857143,1.9554285714285713,0.21142857142857144,467.38000000000005
Ord_442,Prod_15,SHP_591,1773.86,0.06,36,133.3,14.19,0.56,49.273888888888884,3.702777777777778,0.39416666666666667,1519.9384
Ord_425,Prod_6,SHP_569,284.38,0.04,44,-62.43,5.19,0.37,6.463181818181818,-1.4188636363636364,0.11795454545454546,330.2448
Ord_411,Prod_7,SHP_554,22.45,0.03,15,0.78,0.7,0.37,1.4966666666666666,0.052000000000000005,0.04666666666666666,20.296499999999998
Ord_3031,Prod_3,SHP_4206,533.47,0.09,47,-50.21,7.19,0.4,11.350425531914894,-1.0682978723404255,0.15297872340425533,528.4777
Ord_3031,Prod_13,SHP_4207,61.94,0.09,21,-22.32,2.03,0.57,2.9495238095238094,-1.062857142857143,0.09666666666666665,76.6554
Ord_3021,Prod_13,SHP_4191,352.44,0.09,21,-80.53,8.65,0.57,16.782857142857143,-3.834761904761905,0.41190476190476194,392.60040000000004
Ord_3025,Prod_4,SHP_4197,2750.7105,0.0,48,791.9,5.26,0.56,57.30646875,16.497916666666665,0.10958333333333332,1953.5504999999998
Ord_4026,Prod_7,SHP_5604,84.01,0.08,50,-4.17,0.75,0.52,1.6802000000000001,-0.0834,0.015,80.70920000000001
Ord_4026,Prod_12,SHP_5603,69.06,0.0,21,28.47,0.5,0.37,3.2885714285714287,1.3557142857142856,0.023809523809523808,40.09
Ord_3021,Prod_1,SHP_4191,8094.55,0.05,49,2008.71,19.99,0.59,165.19489795918366,40.994081632653064,0.40795918367346934,5661.1225
Ord_4026,Prod_1,SHP_5605,592.92,0.02,34,-44.92,8.34,0.59,17.438823529411764,-1.3211764705882354,0.24529411764705883,617.6415999999999
Ord_778,Prod_6,SHP_1068,164.92,0.04,31,-54.36,4.86,0.38,5.319999999999999,-1.753548387096774,0.15677419354838712,207.82319999999999
Ord_852,Prod_13,SHP_1174,417.88,0.08,15,-13.95,8.99,0.57,27.858666666666668,-0.9299999999999999,0.5993333333333334,389.40959999999995
Ord_5440,Prod_6,SHP_7601,53.01,0.08,5,3.85,1.79,0.38,10.602,0.77,0.358,43.1292
Ord_5461,Prod_7,SHP_7630,82.93,0.08,38,-10.32,1.38,0.44,2.1823684210526317,-0.2715789473684211,0.03631578947368421,85.2356
Ord_5472,Prod_8,SHP_7645,88.24,0.01,16,-56.6,4.62,0.64,5.515,-3.5375,0.28875,139.33759999999998
Ord_5445,Prod_8,SHP_7607,894.51,0.08,43,294.21,1.99,0.48,20.802558139534884,6.8420930232558135,0.04627906976744186,526.7492
Ord_4110,Prod_5,SHP_5725,922.39,0.03,22,-41.64,58.66,0.76,41.926818181818184,-1.8927272727272728,2.666363636363636,877.6983
Ord_4180,Prod_13,SHP_5827,37.22,0.03,9,-2.76,1.17,0.57,4.135555555555555,-0.30666666666666664,0.13,37.6934
Ord_4110,Prod_6,SHP_5726,79.19,0.0,11,13.91,2.0,0.39,7.199090909090909,1.2645454545454546,0.18181818181818182,63.28
Ord_4234,Prod_13,SHP_5908,105.07,0.08,39,9.11,0.7,0.56,2.6941025641025638,0.23358974358974358,0.017948717948717947,86.8544
Ord_1745,Prod_3,SHP_2416,1355.47,0.04,49,590.04,1.49,0.38,27.66265306122449,12.041632653061225,0.030408163265306123,709.7212
Ord_1692,Prod_8,SHP_2343,1143.88,0.04,15,-88.7,4.0,0.79,76.25866666666667,-5.913333333333333,0.26666666666666666,1182.8248
Ord_1729,Prod_6,SHP_2392,295.12,0.0,41,-151.93,8.19,0.37,7.198048780487805,-3.705609756097561,0.1997560975609756,438.86
Ord_3392,Prod_6,SHP_4703,62.89,0.09,3,-23.2,9.03,0.37,20.963333333333335,-7.733333333333333,3.01,71.3999
Ord_3498,Prod_7,SHP_4844,64.03,0.09,26,11.42,0.8,0.39,2.4626923076923077,0.4392307692307692,0.03076923076923077,46.0473
Ord_3392,Prod_9,SHP_4702,47.12,0.09,4,10.8,1.39,0.38,11.78,2.7,0.3475,30.689199999999996
Ord_3498,Prod_5,SHP_4843,53.32,0.07,10,-20.68,5.71,0.54,5.332,-2.068,0.571,64.55760000000001
Ord_3200,Prod_12,SHP_4439,20.19,0.02,6,1.25,0.99,0.37,3.365,0.20833333333333334,0.165,17.546200000000002
Ord_3498,Prod_4,SHP_4845,2710.5055,0.03,46,624.12,8.8,0.58,58.924032608695654,13.567826086956522,0.19130434782608696,1996.2703350000002
Ord_3426,Prod_6,SHP_4748,145.26,0.05,19,-35.75,5.96,0.38,7.645263157894736,-1.881578947368421,0.3136842105263158,167.78699999999998
Ord_3426,Prod_3,SHP_4748,1876.09,0.02,42,809.74,2.99,0.39,44.66880952380952,19.27952380952381,0.07119047619047619,1025.8382
Ord_2352,Prod_11,SHP_3230,9574.82,0.08,47,-505.98,69.0,0.79,203.7195744680851,-10.765531914893618,1.4680851063829787,9245.8144
Ord_2408,Prod_3,SHP_3303,70.55,0.0,8,-66.17,11.51,0.36,8.81875,-8.27125,1.43875,125.21000000000001
Ord_2390,Prod_12,SHP_3279,15.7,0.01,4,0.71,0.5,0.38,3.925,0.1775,0.125,14.332999999999998
Ord_2359,Prod_9,SHP_3240,1199.7,0.01,37,3.22,19.51,0.36,32.424324324324324,0.08702702702702703,0.5272972972972974,1164.973
Ord_2017,Prod_6,SHP_2759,255.31,0.02,5,41.41,5.79,0.37,51.062,8.282,1.158,203.0038
Ord_2039,Prod_1,SHP_2788,2617.13,0.0,39,368.87,6.88,0.73,67.10589743589743,9.458205128205128,0.1764102564102564,2241.38
Ord_2039,Prod_8,SHP_4151,169.27,0.09,9,-68.93,4.0,0.68,18.80777777777778,-7.65888888888889,0.4444444444444444,218.96570000000003
Ord_3010,Prod_3,SHP_4171,314.26,0.0,39,-71.05,6.28,0.4,8.057948717948717,-1.8217948717948718,0.16102564102564104,379.03000000000003
Ord_2301,Prod_6,SHP_4148,752.63,0.01,24,172.94,9.18,0.4,31.359583333333333,7.2058333333333335,0.3825,562.9837
Ord_2290,Prod_13,SHP_3134,463.93,0.06,45,29.96,2.89,0.6,10.309555555555555,0.6657777777777778,0.06422222222222222,403.24420000000003
Ord_2017,Prod_6,SHP_3099,50.85,0.09,14,-6.81,2.2,0.39,3.632142857142857,-0.4864285714285714,0.15714285714285717,50.8835
Ord_2260,Prod_8,SHP_3077,40.11,0.07,7,-43.71,5.14,0.79,5.7299999999999995,-6.244285714285715,0.7342857142857142,75.8723
Ord_2301,Prod_12,SHP_3148,88.37,0.09,25,33.68,0.5,0.37,3.5348,1.3472,0.02,46.236700000000006
Ord_5118,Prod_2,SHP_7150,178.7,0.07,45,-164.92,5.13,0.59,3.971111111111111,-3.6648888888888886,0.114,325.981
Ord_5115,Prod_12,SHP_7146,512.33,0.01,50,250.66,0.99,0.37,10.2466,5.0132,0.019799999999999998,255.55670000000006
Ord_4323,Prod_10,SHP_7008,1134.2,0.08,19,-351.51,36.61,0.61,59.694736842105264,-18.50052631578947,1.926842105263158,1358.364
Ord_5107,Prod_13,SHP_7131,65.91,0.01,23,0.76,1.34,0.45,2.8656521739130434,0.03304347826086956,0.058260869565217394,63.1509
Ord_5107,Prod_1,SHP_7132,72.72,0.06,4,-36.61,10.68,0.58,18.18,-9.1525,2.67,94.2868
Ord_5128,Prod_13,SHP_7166,235.15,0.03,38,12.7,2.27,0.56,6.188157894736842,0.33421052631578946,0.05973684210526316,213.12550000000002
Ord_5111,Prod_8,SHP_7138,609.97,0.0,15,62.93,1.99,0.54,40.66466666666667,4.195333333333333,0.13266666666666665,545.0500000000001
Ord_3057,Prod_6,SHP_4246,231.35,0.03,46,-81.86,4.7,0.38,5.029347826086957,-1.7795652173913044,0.10217391304347827,301.5695
Ord_3052,Prod_5,SHP_4239,65.42,0.04,36,-112.92,4.08,0.53,1.8172222222222223,-3.1366666666666667,0.11333333333333334,171.6432
Ord_3052,Prod_17,SHP_4240,5750.94,0.01,47,432.98,56.14,0.39,122.36042553191488,9.212340425531915,1.194468085106383,5204.310599999999
Ord_3047,Prod_13,SHP_4232,449.17,0.01,43,198.83,1.09,0.43,10.445813953488372,4.623953488372093,0.025348837209302328,244.75830000000005
Ord_3047,Prod_13,SHP_4232,79.81,0.08,38,5.48,1.0,0.38,2.100263157894737,0.14421052631578948,0.02631578947368421,66.9452
Ord_3038,Prod_5,SHP_4216,2553.84,0.05,25,553.7,5.81,0.65,102.15360000000001,22.148000000000003,0.2324,1866.6380000000001
Ord_4320,Prod_7,SHP_6025,22.28,0.09,20,-2.66,0.7,0.38,1.114,-0.133,0.034999999999999996,22.234800000000003
Ord_4277,Prod_3,SHP_5968,212.28,0.06,43,-103.22,4.95,0.37,4.9367441860465116,-2.4004651162790696,0.11511627906976744,297.81320000000005
Ord_4267,Prod_10,SHP_5956,3044.7,0.04,43,-78.36,26.74,0.6,70.80697674418604,-1.8223255813953487,0.621860465116279,2974.532
Ord_4275,Prod_3,SHP_5966,197.36,0.07,50,-43.5,2.99,0.37,3.9472000000000005,-0.87,0.059800000000000006,224.0548
Ord_4252,Prod_6,SHP_5938,441.4,0.06,46,146.04,2.06,0.39,9.595652173913043,3.174782608695652,0.044782608695652176,266.81600000000003
Ord_4252,Prod_12,SHP_5938,312.63,0.01,40,167.3,0.49,0.38,7.8157499999999995,4.1825,0.01225,141.71369999999996
Ord_4323,Prod_11,SHP_6028,7497.08,0.02,30,698.67,54.12,0.76,249.90266666666668,23.288999999999998,1.8039999999999998,6594.3484
Ord_4253,Prod_6,SHP_5940,215.85,0.09,30,60.95,1.71,0.4,7.194999999999999,2.0316666666666667,0.057,133.76349999999996
Ord_4253,Prod_6,SHP_5939,1585.6,0.08,48,632.13,4.92,0.38,33.03333333333333,13.169375,0.1025,821.7019999999999
Ord_4258,Prod_4,SHP_5945,5085.907,0.03,48,1366.69,8.08,0.57,105.95639583333333,28.472708333333333,0.16833333333333333,3558.55979
Ord_3430,Prod_6,SHP_4755,34.18,0.06,9,-5.46,2.2,0.39,3.7977777777777777,-0.6066666666666667,0.24444444444444446,35.389199999999995
Ord_3514,Prod_12,SHP_4866,130.36,0.02,43,58.52,0.5,0.36,3.0316279069767447,1.3609302325581396,0.011627906976744186,68.7328
Ord_3483,Prod_17,SHP_4823,10854.83,0.08,43,2039.41,28.06,0.56,252.4379069767442,47.42813953488372,0.6525581395348837,7918.973600000001
Ord_3354,Prod_1,SHP_4650,133.85,0.03,9,-5.28,4.51,0.59,14.872222222222222,-0.5866666666666667,0.5011111111111111,130.60449999999997
Ord_3372,Prod_6,SHP_4674,86.69,0.0,12,-43.48,7.37,0.37,7.224166666666666,-3.623333333333333,0.6141666666666666,122.79999999999998
Ord_3483,Prod_13,SHP_4822,51.23,0.1,19,-5.29,0.96,0.58,2.696315789473684,-0.27842105263157896,0.05052631578947368,50.437
Ord_3389,Prod_9,SHP_4698,1484.89,0.03,41,220.99,14.72,0.4,36.216829268292685,5.390000000000001,0.3590243902439025,1204.6333
Ord_3483,Prod_6,SHP_4822,470.11,0.08,25,91.09,5.97,0.38,18.8044,3.6436,0.23879999999999998,335.4412
Ord_3484,Prod_1,SHP_4825,4992.63,0.07,38,44.13,19.99,0.73,131.385,1.1613157894736843,0.5260526315789473,4579.025900000001
Ord_3484,Prod_12,SHP_4824,195.51,0.03,37,95.56,0.49,0.39,5.284054054054054,2.582702702702703,0.013243243243243243,93.59469999999999
Ord_316,Prod_1,SHP_422,2232.06,0.03,14,542.16,7.07,0.59,159.43285714285713,38.72571428571428,0.505,1615.8682
Ord_312,Prod_13,SHP_418,88.0,0.06,8,-6.38,2.89,0.6,11.0,-0.7975,0.36125,86.21
Ord_312,Prod_13,SHP_418,207.19,0.01,17,-85.91,8.99,0.59,12.18764705882353,-5.053529411764706,0.5288235294117647,282.0381
Ord_2083,Prod_5,SHP_2847,3991.99,0.0,42,-1014.11,56.2,0.74,95.04738095238095,-24.14547619047619,1.3380952380952382,4949.9
Ord_312,Prod_13,SHP_2979,92.03,0.03,15,19.71,0.91,0.51,6.1353333333333335,1.314,0.06066666666666667,68.6491
Ord_2126,Prod_13,SHP_2902,639.3,0.05,19,30.21,7.73,0.59,33.647368421052626,1.59,0.4068421052631579,569.3949999999999
Ord_2086,Prod_13,SHP_2855,87.52,0.03,26,-70.02,3.97,0.56,3.366153846153846,-2.693076923076923,0.1526923076923077,150.94439999999997
Ord_2086,Prod_5,SHP_2854,8.48,0.1,1,-7.9,3.63,0.51,8.48,-7.9,3.63,11.902000000000001
Ord_2112,Prod_8,SHP_2888,598.49,0.05,29,34.16,4.0,0.6,20.63758620689655,1.1779310344827585,0.13793103448275862,530.4055000000001
Ord_2083,Prod_2,SHP_2847,57.84,0.07,1,-41.77,4.5,0.56,57.84,-41.77,4.5,91.06120000000001
Ord_2120,Prod_6,SHP_2896,238.49,0.09,39,-110.56,6.22,0.37,6.115128205128205,-2.8348717948717947,0.15948717948717947,321.3659
Ord_2086,Prod_6,SHP_2853,51.3,0.05,5,-32.48,11.15,0.37,10.26,-6.4959999999999996,2.23,70.065
Ord_699,Prod_4,SHP_956,1991.703,0.07,45,559.11,1.25,0.55,44.26006666666667,12.424666666666667,0.027777777777777776,1291.9237899999998
Ord_733,Prod_3,SHP_998,68.88,0.0,24,1.31,1.49,0.39,2.8699999999999997,0.05458333333333334,0.06208333333333333,66.08
Ord_806,Prod_12,SHP_1108,121.65,0.05,42,30.76,0.99,0.36,2.8964285714285714,0.7323809523809525,0.02357142857142857,83.81750000000001
Ord_735,Prod_6,SHP_1001,286.73,0.05,42,-141.51,7.49,0.37,6.826904761904762,-3.369285714285714,0.17833333333333334,406.4135
Ord_806,Prod_5,SHP_1109,19.02,0.05,2,10.73,5.33,0.43,9.51,5.365,2.665,2.0089999999999986
Ord_761,Prod_7,SHP_1039,32.92,0.05,8,-7.73,2.0,0.53,4.115,-0.96625,0.25,37.004000000000005
Ord_758,Prod_6,SHP_1035,278.94,0.01,30,-143.7,9.86,0.4,9.298,-4.79,0.32866666666666666,409.9906
Ord_703,Prod_12,SHP_961,67.35,0.07,24,22.63,0.5,0.39,2.80625,0.9429166666666666,0.020833333333333332,39.5055
Ord_735,Prod_5,SHP_1000,823.63,0.03,44,375.02,3.77,0.39,18.718863636363636,8.523181818181818,0.08568181818181818,420.13110000000006
Ord_762,Prod_6,SHP_1040,336.91,0.1,11,42.5,8.74,0.4,30.62818181818182,3.8636363636363638,0.7945454545454546,251.97900000000004
Ord_837,Prod_3,SHP_1146,181.61,0.03,44,-150.26,5.34,0.38,4.1275,-3.4149999999999996,0.12136363636363635,321.0817
Ord_837,Prod_16,SHP_1147,111.55,0.05,35,-54.25,1.92,0.84,3.1871428571428573,-1.55,0.054857142857142854,158.3025
Ord_321,Prod_6,SHP_428,735.54,0.0,13,171.82,14.3,0.37,56.58,13.216923076923077,1.1,549.4200000000001
Ord_269,Prod_4,SHP_367,6789.9275,0.08,40,1864.66,4.2,0.59,169.7481875,46.6165,0.10500000000000001,4377.8733
Ord_92,Prod_8,SHP_124,310.87,0.07,15,-21.48,4.0,0.6,20.724666666666668,-1.432,0.26666666666666666,306.58910000000003
Ord_169,Prod_6,SHP_229,209.42,0.1,32,65.41,1.72,0.35,6.544375,2.0440625,0.05375,121.34799999999998
Ord_68,Prod_4,SHP_92,1170.025,0.04,14,4.22,8.99,0.57,83.57321428571429,0.30142857142857143,0.6421428571428571,1110.0140000000001
Ord_179,Prod_4,SHP_242,822.8425,0.1,15,4.39,5.92,0.55,54.85616666666667,0.29266666666666663,0.39466666666666667,730.24825
Ord_48,Prod_3,SHP_62,136.29,0.05,18,-77.28,7.72,0.38,7.571666666666666,-4.293333333333333,0.4288888888888889,199.03549999999998
Ord_3549,Prod_1,SHP_4915,195.12,0.0,14,-6.32,4.51,0.59,13.937142857142858,-0.45142857142857146,0.3221428571428571,196.93
Ord_3590,Prod_8,SHP_4970,4359.0,0.02,41,907.67,19.99,0.52,106.3170731707317,22.138292682926828,0.4875609756097561,3344.16
Ord_3561,Prod_5,SHP_4931,852.05,0.1,45,-20.6,10.49,0.49,18.934444444444445,-0.4577777777777778,0.2331111111111111,776.9549999999999
Ord_3533,Prod_3,SHP_4893,41.18,0.1,5,-19.31,7.46,0.36,8.236,-3.8619999999999997,1.492,48.91199999999999
Ord_3562,Prod_1,SHP_4932,209.3,0.01,14,7.86,4.51,0.59,14.950000000000001,0.5614285714285715,0.3221428571428571,194.83700000000002
Ord_3565,Prod_8,SHP_4935,706.53,0.0,16,-314.42,19.99,0.77,44.158125,-19.65125,1.249375,1000.96
Ord_4056,Prod_5,SHP_5654,536.21,0.09,25,106.98,8.99,0.44,21.448400000000003,4.2792,0.35960000000000003,371.9811
Ord_4056,Prod_11,SHP_5655,4428.56,0.03,18,213.62,54.12,0.76,246.03111111111113,11.867777777777778,3.0066666666666664,4027.9632
Ord_4014,Prod_11,SHP_5587,4965.384,0.0,48,-175.46,51.94,0.63,103.4455,-3.655416666666667,1.0820833333333333,5088.904
Ord_4014,Prod_4,SHP_5588,358.4195,0.09,8,-275.06,2.5,0.83,44.8024375,-34.3825,0.3125,598.721745
Ord_4014,Prod_5,SHP_5586,3232.68,0.03,31,875.45,13.99,0.65,104.28,28.240322580645163,0.45129032258064516,2246.2596000000003
Ord_4105,Prod_8,SHP_5718,472.12,0.03,11,56.1,1.99,0.42,42.92,5.1000000000000005,0.1809090909090909,399.8664
Ord_4014,Prod_5,SHP_5586,497.4,0.05,33,37.9,8.99,0.39,15.072727272727272,1.1484848484848484,0.27242424242424246,425.64
Ord_4038,Prod_6,SHP_5624,286.06,0.1,44,-85.09,5.66,0.37,6.501363636363636,-1.9338636363636363,0.12863636363636363,336.884
Ord_4011,Prod_5,SHP_5582,120.22,0.07,8,52.69,5.0,0.49,15.0275,6.58625,0.625,54.114599999999996
Ord_4038,Prod_13,SHP_5625,248.1,0.04,41,49.67,0.96,0.6,6.0512195121951216,1.2114634146341463,0.023414634146341463,187.546
Ord_4077,Prod_5,SHP_5684,569.92,0.03,46,154.09,2.85,0.55,12.389565217391304,3.3497826086956524,0.06195652173913044,395.88239999999996
Ord_4028,Prod_6,SHP_5607,149.0,0.06,28,-119.48,7.44,0.36,5.321428571428571,-4.267142857142857,0.26571428571428574,252.10000000000002
Ord_4073,Prod_1,SHP_5679,2848.83,0.07,45,-1182.87,35.0,0.8,63.30733333333333,-26.285999999999998,0.7777777777777778,3797.2819
Ord_4069,Prod_13,SHP_5675,1101.28,0.05,39,200.53,6.17,0.55,28.23794871794872,5.141794871794872,0.1582051282051282,839.5159999999998
Ord_4077,Prod_6,SHP_5684,183.65,0.02,28,-59.96,5.84,0.37,6.558928571428572,-2.1414285714285715,0.20857142857142857,234.097
Ord_4028,Prod_6,SHP_5608,334.29,0.01,49,-157.28,7.37,0.37,6.822244897959184,-3.209795918367347,0.15040816326530612,480.85710000000006
Ord_5349,Prod_12,SHP_7471,158.7,0.04,40,-196.8,7.5,0.37,3.9675,-4.92,0.1875,341.652
Ord_5378,Prod_8,SHP_7509,569.61,0.02,30,-48.44,4.0,0.79,18.987000000000002,-1.6146666666666667,0.13333333333333333,602.6578
Ord_5378,Prod_3,SHP_7509,823.13,0.0,41,384.51,1.49,0.35,20.076341463414636,9.37829268292683,0.036341463414634144,437.13
Ord_5378,Prod_5,SHP_7511,225.13,0.01,46,-205.75,7.24,0.54,4.894130434782609,-4.4728260869565215,0.15739130434782608,421.3887
Ord_5458,Prod_3,SHP_7627,113.33,0.07,42,-0.4,1.49,0.39,2.6983333333333333,-0.009523809523809525,0.035476190476190474,104.30690000000001
Ord_5425,Prod_6,SHP_7581,520.13,0.1,29,127.55,5.21,0.37,17.93551724137931,4.3982758620689655,0.1796551724137931,335.35699999999997
Ord_5439,Prod_6,SHP_7600,149.31,0.06,23,-98.42,7.81,0.37,6.491739130434783,-4.2791304347826085,0.33956521739130435,230.96140000000003
Ord_5413,Prod_11,SHP_7558,3236.8,0.08,14,501.69,23.78,0.6,231.20000000000002,35.835,1.6985714285714286,2452.386
Ord_5424,Prod_6,SHP_7579,967.41,0.03,26,26.64,19.99,0.38,37.20807692307692,1.0246153846153847,0.7688461538461537,891.7577
Ord_5378,Prod_12,SHP_7510,75.06,0.09,27,26.13,0.5,0.38,2.7800000000000002,0.9677777777777777,0.018518518518518517,41.67460000000001
Ord_5376,Prod_6,SHP_7506,81.9,0.08,12,-23.52,5.2,0.37,6.825,-1.96,0.43333333333333335,93.66799999999999
Ord_5424,Prod_2,SHP_7578,495.32,0.05,5,-72.73,15.66,0.57,99.064,-14.546000000000001,3.132,527.6239999999999
Ord_5490,Prod_3,SHP_7672,878.77,0.08,31,373.52,1.49,0.38,28.34741935483871,12.049032258064516,0.04806451612903226,433.4584
Ord_5490,Prod_3,SHP_7672,61.02,0.0,19,-71.04,5.44,0.36,3.2115789473684213,-3.738947368421053,0.28631578947368425,126.62
Ord_5426,Prod_8,SHP_7582,926.65,0.01,35,-75.38,5.89,0.75,26.475714285714286,-2.1537142857142855,0.1682857142857143,986.8735
Ord_5391,Prod_15,SHP_7528,6325.65,0.02,45,114.46,28.63,0.76,140.57,2.5435555555555553,0.6362222222222222,6056.047
Ord_4822,Prod_12,SHP_6718,21.55,0.09,3,-2.87,0.49,0.38,7.183333333333334,-0.9566666666666667,0.16333333333333333,21.990500000000004
Ord_4822,Prod_6,SHP_6719,266.16,0.03,36,90.91,1.77,0.37,7.393333333333334,2.5252777777777777,0.049166666666666664,165.49520000000004
Ord_4779,Prod_16,SHP_6663,103.92,0.08,33,-52.76,1.92,0.84,3.149090909090909,-1.5987878787878786,0.05818181818181818,146.4464
Ord_4831,Prod_4,SHP_6733,2170.305,0.1,42,264.32,8.99,0.56,51.67392857142857,6.293333333333333,0.21404761904761904,1679.9644999999998
Ord_4831,Prod_6,SHP_6732,171.57,0.04,15,12.5,5.01,0.36,11.437999999999999,0.8333333333333334,0.33399999999999996,147.1972
Ord_1795,Prod_8,SHP_2487,303.62,0.02,46,-59.98,2.74,0.71,6.600434782608696,-1.3039130434782609,0.059565217391304354,354.7876
Ord_1908,Prod_13,SHP_2615,123.26,0.02,38,-4.73,1.86,0.41,3.243684210526316,-0.12447368421052633,0.048947368421052635,123.66480000000001
Ord_1795,Prod_6,SHP_2727,269.93,0.05,48,119.64,0.95,0.36,5.623541666666667,2.4925,0.019791666666666666,135.8435
Ord_2983,Prod_1,SHP_4120,501.38,0.03,31,-71.95,8.78,0.57,16.173548387096773,-2.320967741935484,0.2832258064516129,549.5086
Ord_2986,Prod_8,SHP_4126,3387.32,0.05,33,1413.52,7.18,0.4,102.64606060606062,42.833939393939396,0.21757575757575756,1797.2540000000004
Ord_3004,Prod_8,SHP_4157,951.06,0.02,28,331.27,1.99,0.45,33.96642857142857,11.831071428571429,0.07107142857142858,598.7787999999999
Ord_4967,Prod_3,SHP_6932,109.43,0.09,23,21.77,1.49,0.36,4.757826086956522,0.9465217391304348,0.06478260869565218,76.32130000000001
Ord_4978,Prod_5,SHP_6948,396.78,0.09,47,-321.21,10.16,0.59,8.442127659574467,-6.8342553191489355,0.21617021276595744,672.1197999999999
Ord_5004,Prod_2,SHP_6983,1101.76,0.07,50,-204.22,13.99,0.52,22.0352,-4.0844,0.2798,1214.8668
Ord_4957,Prod_12,SHP_6919,19.47,0.06,3,-14.29,6.89,0.39,6.489999999999999,-4.763333333333333,2.2966666666666664,25.7018
Ord_4960,Prod_4,SHP_6922,2422.4405,0.03,44,568.18,5.31,0.57,55.05546590909091,12.913181818181817,0.12068181818181817,1776.2772850000006
Ord_4968,Prod_8,SHP_6934,249.48,0.1,33,-73.83,2.38,0.74,7.56,-2.2372727272727273,0.07212121212121211,295.98199999999997
Ord_4964,Prod_4,SHP_6929,1233.4775,0.01,39,453.8,5.99,0.38,31.627628205128204,11.635897435897435,0.1535897435897436,761.352725
Ord_4975,Prod_17,SHP_6945,5740.32,0.03,39,1285.74,17.85,0.56,147.1876923076923,32.96769230769231,0.45769230769230773,4264.520399999999
Ord_4956,Prod_3,SHP_6917,49.58,0.1,11,-47.02,6.27,0.4,4.507272727272727,-4.274545454545454,0.57,85.37200000000001
Ord_4956,Prod_5,SHP_6917,465.52,0.02,29,65.35,8.99,0.39,16.052413793103447,2.253448275862069,0.31,381.8696
Ord_4956,Prod_2,SHP_6916,112.12,0.01,9,-8.45,6.12,0.42,12.457777777777778,-0.9388888888888888,0.68,113.3288
Ord_4949,Prod_8,SHP_6906,1235.87,0.07,33,269.27,1.99,0.54,37.450606060606056,8.159696969696968,0.0603030303030303,878.0990999999999
Ord_4973,Prod_7,SHP_6943,46.44,0.06,35,-16.3,0.7,0.81,1.3268571428571427,-0.46571428571428575,0.02,59.25359999999999
Ord_4949,Prod_10,SHP_6905,1640.9,0.02,33,-1348.06,54.11,0.69,49.724242424242426,-40.85030303030303,1.6396969696969697,2902.032
Ord_4289,Prod_5,SHP_5983,150.24,0.08,15,-102.93,12.52,0.57,10.016,-6.862,0.8346666666666667,228.63080000000002
Ord_4273,Prod_10,SHP_5964,10364.36,0.01,44,1049.03,64.66,0.62,235.55363636363637,23.841590909090908,1.4695454545454545,9147.0264
Ord_704,Prod_7,SHP_964,2.24,0.01,1,-1.97,0.7,0.37,2.24,-1.97,0.7,3.4876
Ord_745,Prod_5,SHP_1015,239.3,0.06,34,41.31,2.83,0.37,7.038235294117648,1.215,0.08323529411764706,180.802
Ord_706,Prod_3,SHP_967,182.26,0.01,9,60.61,1.49,0.35,20.25111111111111,6.734444444444445,0.16555555555555557,118.33739999999999
Ord_745,Prod_6,SHP_1016,260.41,0.0,38,-45.75,5.35,0.4,6.852894736842106,-1.2039473684210527,0.14078947368421052,300.81000000000006
Ord_704,Prod_8,SHP_963,857.42,0.07,29,51.18,3.6,0.64,29.566206896551723,1.7648275862068965,0.12413793103448276,742.6206
Ord_872,Prod_5,SHP_1199,2018.45,0.08,29,-812.25,37.58,0.78,69.60172413793103,-28.00862068965517,1.2958620689655171,2631.6440000000002
Ord_4173,Prod_10,SHP_5815,1485.06,0.04,20,25.32,26.85,,74.253,1.266,1.3425,1373.4876000000002
Ord_4177,Prod_6,SHP_5823,124.89,0.07,16,-111.17,11.15,0.37,7.805625,-6.948125,0.696875,216.1677
Ord_4173,Prod_6,SHP_5816,1211.18,0.1,34,208.4,13.26,0.36,35.62294117647059,6.129411764705883,0.39,868.4020000000002
Ord_4186,Prod_1,SHP_5836,2466.02,0.02,15,243.73,19.99,0.66,164.40133333333333,16.248666666666665,1.3326666666666667,2152.9796
Ord_4197,Prod_4,SHP_5850,1062.2195,0.03,18,132.37,5.31,0.57,59.01219444444444,7.353888888888889,0.295,892.672915
Ord_4177,Prod_15,SHP_5822,404.54,0.03,15,43.99,5.3,,26.969333333333335,2.932666666666667,0.35333333333333333,343.1138
Ord_3996,Prod_6,SHP_5558,82.98,0.09,22,13.82,1.3,0.37,3.771818181818182,0.6281818181818182,0.05909090909090909,60.39180000000001
Ord_3996,Prod_3,SHP_5557,267.06,0.02,10,76.47,2.99,0.39,26.706,7.647,0.29900000000000004,182.25879999999998
Ord_3732,Prod_10,SHP_5177,6730.07,0.05,46,-1134.61,66.27,0.65,146.3058695652174,-24.665434782608692,1.4406521739130433,7461.906499999999
Ord_3711,Prod_5,SHP_5143,225.37,0.04,18,77.53,2.85,0.55,12.520555555555555,4.307222222222222,0.15833333333333333,135.9752
Ord_3700,Prod_8,SHP_5127,554.21,0.05,10,-105.37,5.5,0.62,55.42100000000001,-10.537,0.55,626.3695
Ord_3714,Prod_2,SHP_5148,2507.48,0.04,42,762.53,4.5,0.56,59.701904761904764,18.15547619047619,0.10714285714285714,1640.1508000000001
Ord_3711,Prod_3,SHP_5142,1751.08,0.0,28,587.01,10.29,0.39,62.53857142857142,20.964642857142856,0.3675,1153.78
Ord_3711,Prod_3,SHP_5141,15.64,0.08,3,-16.01,6.27,0.4,5.213333333333334,-5.336666666666667,2.09,24.128800000000002
Ord_3519,Prod_8,SHP_4872,1718.87,0.02,40,754.1,1.99,0.44,42.97175,18.8525,0.04975,928.4025999999998
Ord_3431,Prod_3,SHP_4756,194.35,0.0,27,30.88,2.99,0.35,7.198148148148148,1.1437037037037037,0.11074074074074075,160.48
Ord_3442,Prod_1,SHP_4771,528.53,0.05,43,-7.24,4.81,0.58,12.29139534883721,-0.16837209302325581,0.11186046511627906,504.5335
Ord_3459,Prod_3,SHP_4794,145.76,0.0,26,5.67,2.99,0.37,5.606153846153846,0.21807692307692308,0.115,137.1
Ord_3444,Prod_8,SHP_4774,1208.35,0.0,28,145.54,10.25,0.55,43.15535714285714,5.197857142857143,0.36607142857142855,1052.56
Ord_3442,Prod_17,SHP_4772,720.52,0.1,44,-36.79,8.51,0.4,16.375454545454545,-0.8361363636363636,0.1934090909090909,676.7479999999999
Ord_3442,Prod_4,SHP_4772,5975.0495,0.06,47,1417.23,8.99,0.58,127.12871276595745,30.15382978723404,0.19127659574468087,4190.32653
Ord_3376,Prod_8,SHP_4679,671.75,0.07,32,-56.83,4.0,0.77,20.9921875,-1.7759375,0.125,677.5575
Ord_612,Prod_6,SHP_836,44.05,0.07,7,-21.77,5.67,0.36,6.292857142857143,-3.11,0.8099999999999999,57.06649999999999
Ord_1852,Prod_5,SHP_2546,468.46,0.01,33,-292.7,14.37,0.73,14.195757575757575,-8.86969696969697,0.4354545454545454,742.1053999999999
Ord_1811,Prod_4,SHP_2504,3081.471,0.09,31,574.98,4.2,0.57,99.40229032258064,18.54774193548387,0.13548387096774195,2224.95861
Ord_1821,Prod_13,SHP_2515,945.9,0.08,43,105.7,5.53,0.59,21.99767441860465,2.458139534883721,0.1286046511627907,758.9979999999999
Ord_1852,Prod_11,SHP_2807,9708.64,0.1,48,-528.65,69.64,0.77,202.26333333333332,-11.013541666666667,1.4508333333333334,9196.786
Ord_612,Prod_9,SHP_836,3872.38,0.1,50,1110.35,19.99,0.38,77.44760000000001,22.206999999999997,0.3998,2354.802
Ord_1821,Prod_1,SHP_3106,422.83,0.02,14,-21.06,6.64,0.7,30.202142857142857,-1.5042857142857142,0.47428571428571425,428.7934
Ord_2323,Prod_13,SHP_3188,106.45,0.03,18,-5.08,2.27,0.56,5.913888888888889,-0.2822222222222222,0.12611111111111112,106.0665
Ord_3577,Prod_1,SHP_4951,587.92,0.09,35,-7.92,6.25,0.58,16.797714285714285,-0.22628571428571428,0.17857142857142858,536.6772
Ord_3598,Prod_13,SHP_4981,353.25,0.02,31,60.06,2.36,0.55,11.39516129032258,1.9374193548387098,0.07612903225806451,283.765
Ord_3620,Prod_6,SHP_5014,276.75,0.04,50,-117.91,5.57,0.4,5.535,-2.3582,0.1114,378.02
Ord_3640,Prod_3,SHP_5042,37.64,0.01,11,7.52,1.49,0.36,3.421818181818182,0.6836363636363636,0.13545454545454547,28.253600000000002
Ord_3640,Prod_2,SHP_5041,1608.87,0.07,9,346.98,0.99,0.56,178.76333333333332,38.553333333333335,0.11,1148.2791
Ord_3620,Prod_5,SHP_5013,94.35,0.1,8,42.22,2.85,0.55,11.79375,5.2775,0.35625,39.845
Ord_3535,Prod_6,SHP_4895,254.69,0.06,41,-269.37,10.39,0.4,6.211951219512195,-6.57,0.25341463414634147,498.3886
Ord_3558,Prod_13,SHP_4927,19.17,0.1,5,-16.42,3.97,0.56,3.8340000000000005,-3.2840000000000003,0.794,29.703000000000003
Ord_3540,Prod_13,SHP_4902,622.72,0.0,14,76.51,8.99,0.59,44.480000000000004,5.465000000000001,0.6421428571428571,537.22
Ord_3558,Prod_6,SHP_4926,581.52,0.03,16,175.16,7.5,0.38,36.345,10.9475,0.46875,381.4144
Ord_3634,Prod_6,SHP_5033,121.81,0.05,24,-50.21,4.86,0.38,5.0754166666666665,-2.0920833333333335,0.2025,161.0695
Ord_3634,Prod_3,SHP_5032,136.45,0.1,41,-202.08,6.27,0.4,3.3280487804878045,-4.928780487804878,0.15292682926829268,318.615
Ord_3545,Prod_10,SHP_4908,1907.71,0.0,25,32.55,26.74,0.6,76.3084,1.3019999999999998,1.0695999999999999,1848.42
Ord_4722,Prod_3,SHP_6589,38.37,0.1,7,-29.0,5.74,0.36,5.481428571428571,-4.142857142857143,0.8200000000000001,57.793
Ord_4820,Prod_5,SHP_6716,275.11,0.06,38,17.15,4.0,0.42,7.2397368421052635,0.45131578947368417,0.10526315789473684,237.45340000000002
Ord_4820,Prod_13,SHP_6716,102.34,0.01,34,-30.39,2.03,0.57,3.0100000000000002,-0.8938235294117647,0.05970588235294117,129.6766
Ord_2163,Prod_13,SHP_2948,58.48,0.04,33,2.72,1.0,0.35,1.772121212121212,0.08242424242424243,0.030303030303030304,52.4208
Ord_5186,Prod_3,SHP_7246,21.93,0.09,8,-37.79,6.05,0.37,2.74125,-4.72375,0.75625,51.696299999999994
Ord_5186,Prod_6,SHP_7248,75.58,0.0,10,-43.26,8.19,0.37,7.558,-4.326,0.819,110.65
Ord_5186,Prod_16,SHP_7246,477.53,0.03,42,51.17,3.37,0.57,11.369761904761905,1.2183333333333333,0.08023809523809525,408.66409999999996
Ord_5186,Prod_3,SHP_7246,142.3,0.03,5,-24.18,12.98,0.39,28.46,-4.836,2.596,149.231
Ord_5202,Prod_10,SHP_7268,2251.56,0.01,21,226.63,26.22,0.6,107.21714285714286,10.791904761904762,1.2485714285714284,1976.1943999999999
Ord_1207,Prod_2,SHP_7273,8407.08,0.04,39,629.4,68.02,0.58,215.56615384615384,16.138461538461538,1.744102564102564,7373.3768
Ord_1209,Prod_8,SHP_1669,28.65,0.02,16,-23.86,1.99,0.51,1.790625,-1.49125,0.124375,49.947
Ord_1209,Prod_4,SHP_1670,201.535,0.09,12,-122.62,3.3,0.81,16.794583333333332,-10.218333333333334,0.27499999999999997,302.71685
Ord_1207,Prod_5,SHP_1667,295.45,0.03,31,-4.36,4.93,0.57,9.530645161290321,-0.1406451612903226,0.15903225806451612,286.0165
Ord_1213,Prod_6,SHP_1676,172.9,0.0,23,51.43,2.0,0.39,7.517391304347826,2.236086956521739,0.08695652173913043,119.47
Ord_3828,Prod_4,SHP_5308,772.412,0.03,16,-184.69,5.0,0.8,48.27575,-11.543125,0.3125,928.9296400000001
Ord_3810,Prod_5,SHP_5285,622.82,0.0,47,128.88,4.98,0.48,13.251489361702129,2.742127659574468,0.10595744680851064,488.96000000000004
Ord_3851,Prod_4,SHP_5339,1271.0475,0.0,41,-158.24,5.0,0.85,31.001158536585365,-3.8595121951219515,0.12195121951219512,1424.2875
Ord_3819,Prod_13,SHP_5296,17.89,0.0,4,-1.15,0.7,0.52,4.4725,-0.2875,0.175,18.34
Ord_3841,Prod_4,SHP_5327,3015.494,0.08,18,251.54,8.99,0.56,167.52744444444446,13.974444444444444,0.49944444444444447,2513.7244800000003
Ord_3845,Prod_12,SHP_5331,101.25,0.05,28,40.9,0.5,0.37,3.6160714285714284,1.4607142857142856,0.017857142857142856,54.7875
Ord_3855,Prod_2,SHP_5344,3830.84,0.1,14,635.33,23.19,0.59,273.63142857142856,45.38071428571429,1.6564285714285716,2789.2360000000003
Ord_3863,Prod_17,SHP_5354,570.24,0.01,33,-57.83,11.28,0.38,17.28,-1.7524242424242424,0.3418181818181818,611.0876000000001
Ord_3867,Prod_4,SHP_5360,909.721,0.01,29,287.99,5.99,0.38,31.369689655172415,9.930689655172413,0.20655172413793105,606.64379
Ord_3855,Prod_1,SHP_5345,267.43,0.07,22,-45.98,6.13,0.57,12.155909090909091,-2.09,0.2786363636363636,288.5599
Ord_1234,Prod_13,SHP_1705,20.59,0.02,4,1.19,0.83,0.51,5.1475,0.2975,0.2075,18.1582
Ord_1234,Prod_9,SHP_1707,217.35,0.0,23,-67.19,8.29,0.38,9.45,-2.9213043478260867,0.3604347826086956,276.25
Ord_1234,Prod_2,SHP_1706,281.74,0.06,19,25.67,3.5,0.58,14.82842105263158,1.3510526315789475,0.18421052631578946,235.66559999999998
Ord_1277,Prod_5,SHP_1763,187.13,0.09,9,12.4,14.39,0.47,20.79222222222222,1.3777777777777778,1.598888888888889,143.4983
Ord_1234,Prod_15,SHP_1704,2237.76,0.1,12,151.86,23.76,0.58,186.48000000000002,12.655000000000001,1.9800000000000002,1838.364
Ord_1277,Prod_4,SHP_1763,2255.1945,0.03,46,74.51,5.0,0.8,49.02596739130435,1.6197826086956524,0.10869565217391304,2108.028665
Ord_1245,Prod_8,SHP_1721,2004.6,0.02,42,230.3,3.61,0.71,47.72857142857143,5.483333333333333,0.08595238095238095,1730.598
Ord_1264,Prod_7,SHP_1747,47.48,0.07,33,3.35,0.7,0.37,1.4387878787878787,0.10151515151515152,0.02121212121212121,40.106399999999994
Ord_1271,Prod_6,SHP_1756,128.5,0.02,17,-44.69,6.93,0.37,7.5588235294117645,-2.628823529411765,0.4076470588235294,163.69
Ord_1259,Prod_6,SHP_1740,1041.72,0.03,29,437.61,4.92,0.38,35.921379310344825,15.09,0.1696551724137931,567.9384
Ord_1234,Prod_1,SHP_1706,2746.57,0.03,15,617.4,19.99,0.55,183.10466666666667,41.16,1.3326666666666667,2026.7829000000002
Ord_1259,Prod_5,SHP_1740,705.44,0.04,48,165.9,5.3,0.46,14.696666666666667,3.4562500000000003,0.11041666666666666,506.0224000000002
Ord_1216,Prod_10,SHP_1679,2443.85,0.08,24,-120.85,35.84,0.62,101.82708333333333,-5.035416666666666,1.4933333333333334,2333.352
Ord_1125,Prod_3,SHP_1552,372.69,0.01,42,-177.03,8.94,0.4,8.873571428571429,-4.215,0.21285714285714286,537.0531
Ord_3742,Prod_3,SHP_5190,487.98,0.01,38,8.1,7.17,0.38,12.841578947368422,0.2131578947368421,0.1886842105263158,467.8302
Ord_3726,Prod_5,SHP_5170,138.71,0.09,23,-33.16,5.57,0.41,6.030869565217392,-1.4417391304347824,0.24217391304347827,153.8161
Ord_1125,Prod_12,SHP_5193,32.03,0.09,11,7.41,0.5,0.37,2.911818181818182,0.6736363636363637,0.045454545454545456,21.2373
Ord_3719,Prod_10,SHP_5158,5074.07,0.0,46,-1390.53,57.38,0.78,110.30586956521738,-30.22891304347826,1.2473913043478262,6407.219999999999
Ord_1125,Prod_2,SHP_5192,1846.2,0.04,26,-584.93,60.0,0.41,71.00769230769231,-22.49730769230769,2.3076923076923075,2297.282
Ord_1125,Prod_6,SHP_5194,185.82,0.05,44,11.45,2.26,0.36,4.223181818181818,0.2602272727272727,0.05136363636363636,162.81900000000002
Ord_3719,Prod_8,SHP_5159,1526.67,0.01,31,118.82,3.61,0.71,49.24741935483871,3.8329032258064513,0.1164516129032258,1388.9733000000003
Ord_803,Prod_3,SHP_1105,53.93,0.04,26,-10.95,1.49,0.38,2.0742307692307693,-0.4211538461538461,0.05730769230769231,61.2328
Ord_698,Prod_1,SHP_955,4305.79,0.0,30,1020.32,19.99,0.56,143.52633333333333,34.010666666666665,0.6663333333333333,3265.48
Ord_747,Prod_1,SHP_1021,271.33,0.07,29,-191.09,9.45,0.6,9.356206896551724,-6.589310344827586,0.3258620689655172,433.9769
Ord_741,Prod_4,SHP_1010,2405.4575,0.01,40,571.54,7.69,0.59,60.1364375,14.288499999999999,0.19225,1802.1729249999999
Ord_785,Prod_6,SHP_1079,217.85,0.02,5,-25.31,17.48,0.36,43.57,-5.061999999999999,3.496,221.323
Ord_788,Prod_3,SHP_1082,1477.39,0.03,40,641.4,2.99,0.35,36.93475,16.035,0.07475000000000001,788.6783000000001
Ord_808,Prod_10,SHP_1112,1935.1,0.01,11,-42.96,35.89,0.66,175.9181818181818,-3.9054545454545457,3.2627272727272727,1922.8189999999997
Ord_785,Prod_5,SHP_1079,446.53,0.04,48,-261.45,10.16,0.59,9.302708333333333,-5.4468749999999995,0.21166666666666667,679.9587999999999
Ord_785,Prod_2,SHP_1078,468.49,0.03,8,-6.37,13.22,0.56,58.56125,-0.79625,1.6525,447.58529999999996
Ord_728,Prod_13,SHP_993,66.12,0.09,24,4.85,0.7,0.56,2.7550000000000003,0.2020833333333333,0.029166666666666664,54.6192
Ord_539,Prod_1,SHP_730,224.09,0.0,17,-27.92,6.27,0.57,13.181764705882353,-1.6423529411764708,0.36882352941176466,245.74
Ord_505,Prod_1,SHP_681,2154.34,0.1,34,177.66,6.88,0.73,63.36294117647059,5.225294117647059,0.2023529411764706,1754.366
Ord_503,Prod_8,SHP_679,1082.45,0.04,28,271.87,1.99,0.54,38.658928571428575,9.709642857142857,0.07107142857142858,765.292
Ord_528,Prod_8,SHP_716,1014.87,0.04,34,319.52,1.99,0.5,29.849117647058822,9.397647058823528,0.058529411764705885,652.7652
Ord_570,Prod_3,SHP_774,27.99,0.06,7,-0.17,1.49,0.38,3.998571428571428,-0.02428571428571429,0.21285714285714286,24.9906
Ord_521,Prod_13,SHP_702,100.41,0.04,26,-69.91,4.17,0.59,3.861923076923077,-2.688846153846154,0.16038461538461538,162.1336
Ord_532,Prod_5,SHP_721,155.8,0.0,20,27.22,4.0,0.42,7.790000000000001,1.361,0.2,124.58000000000001
Ord_502,Prod_15,SHP_677,4577.18,0.0,49,205.83,30.0,0.61,93.41183673469388,4.200612244897959,0.6122448979591837,4341.35
Ord_504,Prod_12,SHP_680,23.46,0.06,9,4.58,0.5,0.39,2.606666666666667,0.508888888888889,0.05555555555555555,16.9724
Ord_521,Prod_4,SHP_703,8101.9875,0.05,48,2369.84,4.2,0.59,168.79140625,49.37166666666667,0.08750000000000001,5322.848125
Ord_570,Prod_12,SHP_775,21.07,0.08,6,2.28,0.5,0.38,3.5116666666666667,0.37999999999999995,0.08333333333333333,16.6044
Ord_561,Prod_3,SHP_762,1482.01,0.02,46,709.33,1.49,0.37,32.217608695652174,15.420217391304348,0.03239130434782609,741.5497999999999
Ord_511,Prod_6,SHP_690,59.58,0.07,13,14.49,0.88,0.39,4.583076923076923,1.1146153846153846,0.06769230769230769,40.03939999999999
Ord_502,Prod_1,SHP_678,845.9,0.04,39,52.53,5.42,0.66,21.68974358974359,1.346923076923077,0.13897435897435897,754.114
Ord_580,Prod_15,SHP_788,5620.2,0.01,48,176.04,30.0,0.71,117.08749999999999,3.6675,0.625,5357.958
Ord_539,Prod_6,SHP_730,56.05,0.06,10,-27.73,5.49,0.38,5.6049999999999995,-2.773,0.549,74.92699999999999
Ord_2888,Prod_15,SHP_3983,512.81,0.1,16,-177.07,19.19,0.58,32.050625,-11.066875,1.199375,619.4089999999999
Ord_2895,Prod_5,SHP_3995,376.58,0.09,37,1.33,5.4,0.51,10.177837837837837,0.03594594594594595,0.14594594594594595,335.9578
Ord_2907,Prod_8,SHP_4010,164.78,0.0,30,-128.47,5.14,0.79,5.492666666666667,-4.282333333333333,0.1713333333333333,288.11
Ord_561,Prod_12,SHP_4024,173.22,0.02,36,81.77,0.5,0.36,4.8116666666666665,2.2713888888888887,0.013888888888888888,87.48559999999999
Ord_4468,Prod_10,SHP_6224,5287.16,0.05,35,-769.05,66.27,0.65,151.0617142857143,-21.97285714285714,1.8934285714285712,5725.581999999999
Ord_4344,Prod_3,SHP_6059,107.93,0.0,23,-68.14,5.34,0.38,4.692608695652174,-2.962608695652174,0.23217391304347826,170.73000000000002
Ord_4257,Prod_2,SHP_5944,739.28,0.0,39,43.97,8.17,0.5,18.955897435897434,1.1274358974358973,0.2094871794871795,687.14
Ord_4326,Prod_4,SHP_6031,1171.232,0.04,12,-43.25,2.5,0.58,97.60266666666666,-3.6041666666666665,0.20833333333333334,1165.13272
Ord_4319,Prod_6,SHP_6024,73.22,0.06,11,-34.53,6.22,0.37,6.656363636363636,-3.139090909090909,0.5654545454545454,97.13680000000001
Ord_4266,Prod_1,SHP_5955,1609.19,0.03,9,188.91,19.99,0.55,178.79888888888888,20.99,2.221111111111111,1352.0143
Ord_2007,Prod_2,SHP_2742,1959.43,0.09,49,467.72,4.62,0.56,39.98836734693878,9.54530612244898,0.09428571428571429,1310.7413000000001
Ord_1959,Prod_7,SHP_2682,30.65,0.03,9,0.08,1.35,0.4,3.4055555555555554,0.008888888888888889,0.15000000000000002,28.3005
Ord_1959,Prod_8,SHP_2681,144.14,0.05,15,12.09,1.99,0.43,9.609333333333332,0.8059999999999999,0.13266666666666665,122.85299999999998
Ord_1959,Prod_13,SHP_2681,103.2,0.02,23,17.89,0.94,0.56,4.48695652173913,0.7778260869565218,0.0408695652173913,82.306
Ord_2200,Prod_3,SHP_3067,261.02,0.01,49,-94.05,4.95,0.37,5.326938775510204,-1.9193877551020408,0.10102040816326531,347.5098
Ord_4391,Prod_5,SHP_6121,53.14,0.04,7,14.57,4.95,0.37,7.591428571428572,2.0814285714285714,0.7071428571428572,31.4944
Ord_2200,Prod_13,SHP_6176,44.32,0.01,15,-41.55,4.28,0.44,2.9546666666666668,-2.77,0.2853333333333333,81.1468
Ord_2200,Prod_6,SHP_6176,298.57,0.07,45,74.07,2.0,0.39,6.634888888888889,1.646,0.044444444444444446,201.6001
Ord_4048,Prod_3,SHP_5641,241.81,0.02,46,-94.83,4.97,0.38,5.256739130434783,-2.0615217391304346,0.10804347826086956,326.8338
Ord_4010,Prod_8,SHP_5581,1347.63,0.07,48,562.89,1.99,0.4,28.075625000000002,11.726875,0.04145833333333333,688.4159000000001
Ord_4085,Prod_3,SHP_5696,1398.87,0.07,46,601.96,2.99,0.35,30.410217391304347,13.08608695652174,0.065,695.9990999999998
Ord_4070,Prod_2,SHP_5676,1765.45,0.09,15,374.82,3.99,0.6,117.69666666666667,24.988,0.266,1227.7495000000001
Ord_4086,Prod_15,SHP_5697,1479.14,0.06,11,-236.63,30.0,0.78,134.46727272727273,-21.51181818181818,2.727272727272727,1597.0216
Ord_2677,Prod_12,SHP_3666,56.13,0.02,18,-58.47,5.33,0.36,3.1183333333333336,-3.248333333333333,0.2961111111111111,108.1474
Ord_2763,Prod_11,SHP_3791,4064.272,0.01,40,-300.85,51.94,0.63,101.60679999999999,-7.52125,1.2985,4272.53928
Ord_2705,Prod_3,SHP_3704,43.96,0.03,15,-0.24,1.49,0.39,2.9306666666666668,-0.016,0.09933333333333333,41.3912
Ord_2632,Prod_1,SHP_3600,391.23,0.07,24,-27.98,6.25,0.58,16.30125,-1.1658333333333333,0.2604166666666667,385.57390000000004
Ord_2759,Prod_4,SHP_3785,344.301,0.04,7,-22.9,1.25,0.35,49.18585714285714,-3.2714285714285714,0.17857142857142858,352.17895999999996
Ord_2763,Prod_6,SHP_3790,281.79,0.04,37,-50.96,5.83,0.36,7.615945945945946,-1.3772972972972972,0.15756756756756757,315.64840000000004
Ord_2705,Prod_9,SHP_3704,60.19,0.01,7,6.44,2.5,0.38,8.598571428571429,0.92,0.35714285714285715,50.6481
Ord_2759,Prod_7,SHP_3785,24.32,0.05,4,-2.97,0.7,0.8,6.08,-0.7425,0.175,25.374
Ord_2718,Prod_3,SHP_3724,207.92,0.08,33,-124.84,6.97,0.36,6.30060606060606,-3.783030303030303,0.2112121212121212,309.15639999999996
Ord_2608,Prod_6,SHP_3569,76.36,0.07,11,-58.4,8.74,0.36,6.941818181818181,-5.309090909090909,0.7945454545454546,120.67479999999999
Ord_1035,Prod_1,SHP_1429,4754.08,0.0,21,299.88,28.66,0.72,226.3847619047619,14.28,1.3647619047619048,4425.54
Ord_1035,Prod_8,SHP_1428,357.43,0.08,17,-135.98,6.5,0.78,21.02529411764706,-7.998823529411764,0.38235294117647056,458.3156
Ord_1106,Prod_8,SHP_1527,309.46,0.08,49,-82.64,2.74,0.71,6.315510204081632,-1.686530612244898,0.05591836734693878,364.60319999999996
Ord_1086,Prod_6,SHP_1499,265.35,0.02,24,-128.69,11.59,0.4,11.05625,-5.3620833333333335,0.48291666666666666,377.14300000000003
Ord_1115,Prod_13,SHP_1540,945.86,0.1,47,31.59,5.53,0.59,20.12468085106383,0.6721276595744681,0.11765957446808512,814.154
Ord_3750,Prod_6,SHP_5205,725.43,0.0,23,245.97,5.76,0.4,31.540434782608692,10.694347826086956,0.2504347826086956,473.69999999999993
Ord_5076,Prod_13,SHP_7089,938.37,0.02,43,251.17,2.87,0.55,21.822558139534884,5.841162790697674,0.06674418604651162,665.5626000000001
Ord_4950,Prod_7,SHP_6907,46.34,0.05,10,-7.76,0.7,0.8,4.634,-0.776,0.06999999999999999,51.083
Ord_4976,Prod_2,SHP_6946,548.3,0.09,48,-47.92,4.98,0.58,11.422916666666666,-0.9983333333333334,0.10375000000000001,541.8929999999999
Ord_5002,Prod_13,SHP_6981,91.43,0.0,7,-42.98,8.99,0.59,13.061428571428573,-6.14,1.2842857142857143,125.42000000000002
Ord_5008,Prod_3,SHP_6988,825.63,0.03,42,379.74,1.49,0.35,19.657857142857143,9.041428571428572,0.035476190476190474,419.63109999999995
Ord_4971,Prod_6,SHP_6939,231.21,0.0,39,-179.96,8.16,0.4,5.928461538461539,-4.614358974358974,0.20923076923076925,403.01
Ord_4972,Prod_13,SHP_6942,385.05,0.0,46,56.75,3.12,0.45,8.370652173913044,1.233695652173913,0.06782608695652174,325.18
Ord_4985,Prod_8,SHP_6958,87.21,0.02,3,-96.54,4.0,0.75,29.069999999999997,-32.18,1.3333333333333333,178.0058
Ord_4985,Prod_6,SHP_6959,50.19,0.08,5,0.15,2.06,0.39,10.038,0.03,0.41200000000000003,43.9648
Ord_985,Prod_4,SHP_1359,1155.5835,0.04,24,-127.0,5.0,0.8,48.1493125,-5.291666666666667,0.20833333333333334,1231.36016
Ord_1018,Prod_3,SHP_1408,55.59,0.03,8,-17.95,5.74,0.36,6.94875,-2.24375,0.7175,66.1323
Ord_938,Prod_2,SHP_1298,86.68,0.08,11,-474.91,49.0,0.59,7.880000000000001,-43.17363636363637,4.454545454545454,505.65560000000005
Ord_921,Prod_4,SHP_1275,1725.0325,0.08,32,206.35,8.99,0.56,53.907265625,6.4484375,0.2809375,1371.6899
Ord_938,Prod_2,SHP_1297,173.11,0.02,37,-121.58,5.15,0.59,4.678648648648649,-3.285945945945946,0.1391891891891892,286.0778
Ord_923,Prod_1,SHP_1278,512.83,0.01,24,-221.56,11.52,0.83,21.36791666666667,-9.231666666666667,0.48,717.7417
Ord_938,Prod_3,SHP_1299,833.51,0.05,41,364.99,1.49,0.35,20.32951219512195,8.90219512195122,0.036341463414634144,425.3544999999999
Ord_921,Prod_10,SHP_1274,1217.62,0.03,8,-221.5,36.09,0.77,152.2025,-27.6875,4.51125,1366.5013999999999
Ord_4652,Prod_8,SHP_6483,1011.9,0.07,26,247.94,1.99,0.54,38.919230769230765,9.536153846153846,0.07653846153846154,691.137
Ord_4728,Prod_1,SHP_6596,373.13,0.05,33,-35.26,5.03,0.59,11.306969696969697,-1.0684848484848484,0.15242424242424243,384.7035
Ord_4754,Prod_13,SHP_6627,411.75,0.05,36,-182.87,8.99,0.59,11.4375,-5.079722222222222,0.24972222222222223,565.0425
Ord_4350,Prod_8,SHP_6065,82.72,0.08,6,-29.71,1.99,0.49,13.786666666666667,-4.951666666666667,0.33166666666666667,103.82240000000002
Ord_4567,Prod_8,SHP_6355,925.43,0.0,28,368.86,1.99,0.42,33.051071428571426,13.17357142857143,0.07107142857142858,554.5799999999999
Ord_5065,Prod_6,SHP_7071,446.06,0.01,46,161.32,2.15,0.4,9.69695652173913,3.5069565217391303,0.04673913043478261,278.12940000000003
Ord_5068,Prod_1,SHP_7077,211.42,0.0,20,-113.52,9.45,0.6,10.571,-5.676,0.4725,315.49
Ord_5080,Prod_13,SHP_7093,112.6,0.1,41,0.49,1.01,0.55,2.746341463414634,0.011951219512195122,0.024634146341463416,99.83999999999999
Ord_3510,Prod_13,SHP_4861,10.94,0.1,1,-5.16,2.25,0.52,10.94,-5.16,2.25,12.756
Ord_1228,Prod_17,SHP_1697,851.24,0.1,11,-149.46,33.6,0.37,77.38545454545455,-13.587272727272728,3.0545454545454547,881.976
Ord_1238,Prod_4,SHP_1711,1540.285,0.05,50,829.65,1.25,0.36,30.8057,16.593,0.025,632.3707500000002
Ord_1229,Prod_15,SHP_1698,3505.6,0.03,26,1019.7,12.65,,134.83076923076922,39.21923076923077,0.48653846153846153,2368.0819999999994
Ord_1228,Prod_17,SHP_1696,2451.41,0.07,50,773.36,10.17,0.37,49.0282,15.4672,0.2034,1496.2812999999996
Ord_1250,Prod_6,SHP_1726,135.86,0.04,27,-73.42,5.49,0.38,5.031851851851853,-2.7192592592592595,0.20333333333333334,198.3556
Ord_1238,Prod_13,SHP_1711,89.18,0.04,31,21.73,0.81,0.4,2.8767741935483873,0.7009677419354838,0.026129032258064518,63.0728
Ord_3216,Prod_13,SHP_4460,787.56,0.0,35,220.04,2.87,0.55,22.501714285714286,6.2868571428571425,0.082,564.65
Ord_3217,Prod_5,SHP_4461,565.91,0.05,37,192.39,3.73,0.46,15.294864864864865,5.19972972972973,0.10081081081081081,341.4945
Ord_3282,Prod_17,SHP_4556,2174.96,0.05,8,-223.89,17.86,0.58,271.87,-27.98625,2.2325,2272.2419999999997
Ord_3217,Prod_5,SHP_4462,593.21,0.0,39,44.71,8.99,0.39,15.210512820512822,1.1464102564102565,0.23051282051282052,539.51
Ord_2097,Prod_1,SHP_2869,2040.95,0.07,42,-1231.87,35.0,0.83,48.59404761904762,-29.330238095238094,0.8333333333333334,3094.9534999999996
Ord_2171,Prod_1,SHP_2959,302.91,0.05,24,-36.76,6.13,0.57,12.621250000000002,-1.5316666666666665,0.2554166666666667,318.3945
Ord_4060,Prod_9,SHP_5662,985.01,0.04,11,186.05,19.99,0.4,89.54636363636364,16.913636363636364,1.8172727272727272,739.5696
Ord_4060,Prod_5,SHP_5663,350.71,0.02,36,-15.3,6.02,0.48,9.741944444444444,-0.42500000000000004,0.16722222222222222,352.9758
Ord_4084,Prod_3,SHP_5693,201.74,0.08,15,-2.63,7.17,0.38,13.449333333333334,-0.1753333333333333,0.478,181.0608
Ord_4064,Prod_8,SHP_5667,1785.02,0.04,32,52.66,4.0,0.74,55.781875,1.645625,0.125,1656.9592
Ord_4060,Prod_13,SHP_5662,75.23,0.09,2,-51.5,7.73,0.59,37.615,-25.75,3.865,112.2293
Ord_4033,Prod_13,SHP_5615,82.98,0.08,36,-137.87,5.2,0.41,2.305,-3.8297222222222222,0.14444444444444446,209.0116
Ord_4084,Prod_8,SHP_5694,1822.13,0.0,35,155.17,19.99,0.41,52.060857142857145,4.433428571428571,0.5711428571428571,1646.97
Ord_4004,Prod_6,SHP_5574,575.11,0.02,29,71.75,9.03,0.37,19.83137931034483,2.4741379310344827,0.3113793103448276,482.8278
Ord_4009,Prod_6,SHP_5580,314.21,0.0,49,49.77,3.04,0.36,6.4124489795918365,1.0157142857142858,0.062040816326530614,261.4
Ord_4103,Prod_8,SHP_5716,4326.27,0.09,44,1728.2,7.18,0.4,98.32431818181819,39.27727272727273,0.16318181818181818,2201.5257
Ord_336,Prod_7,SHP_5721,10.12,0.09,3,-4.07,1.58,0.39,3.373333333333333,-1.3566666666666667,0.5266666666666667,11.6992
Ord_4004,Prod_1,SHP_5575,236.46,0.05,23,-134.31,9.45,0.6,10.280869565217392,-5.839565217391304,0.41086956521739126,349.497
Ord_4089,Prod_6,SHP_5700,201.83,0.02,6,34.98,5.09,0.4,33.638333333333335,5.829999999999999,0.8483333333333333,157.72340000000003
Ord_4033,Prod_9,SHP_5615,197.45,0.06,34,65.44,1.39,0.38,5.80735294117647,1.924705882352941,0.04088235294117647,118.773
Ord_1556,Prod_4,SHP_2151,4075.376,0.05,43,841.73,8.99,0.58,94.77618604651163,19.575116279069768,0.20906976744186048,3020.8872000000006
Ord_1391,Prod_12,SHP_1921,42.21,0.0,9,18.21,0.99,0.36,4.69,2.0233333333333334,0.11,23.009999999999998
Ord_343,Prod_17,SHP_458,4261.94,0.02,37,4.15,56.14,0.4,115.18756756756756,0.11216216216216217,1.5172972972972973,4116.4112
Ord_356,Prod_2,SHP_471,5977.63,0.1,36,-86.68,55.24,0.57,166.04527777777778,-2.407777777777778,1.5344444444444445,5411.307000000001
Ord_355,Prod_4,SHP_470,932.892,0.05,30,458.98,0.99,0.35,31.096400000000003,15.299333333333333,0.033,426.27740000000006
Ord_5415,Prod_2,SHP_7560,1793.24,0.01,36,739.36,5.1,0.46,49.812222222222225,20.537777777777777,0.14166666666666666,1030.8476
Ord_5346,Prod_13,SHP_7467,199.76,0.07,37,20.0,1.99,0.46,5.398918918918919,0.5405405405405406,0.05378378378378378,163.78679999999997
Ord_5482,Prod_8,SHP_7660,168.99,0.08,8,-47.37,4.0,0.6,21.12375,-5.92125,0.5,198.8408
Ord_5418,Prod_4,SHP_7566,441.8045,0.03,8,-201.49,7.69,0.59,55.2255625,-25.18625,0.96125,622.350365
Ord_5428,Prod_3,SHP_7584,143.1,0.01,23,36.75,1.49,0.39,6.221739130434782,1.5978260869565217,0.06478260869565218,103.42899999999997
Ord_5392,Prod_12,SHP_7530,12.59,0.02,2,-5.92,0.5,0.39,6.295,-2.96,0.25,17.758200000000002
Ord_5427,Prod_3,SHP_7583,20.21,0.0,9,-5.14,1.49,0.38,2.2455555555555557,-0.5711111111111111,0.16555555555555557,23.860000000000003
Ord_5444,Prod_5,SHP_7606,4152.55,0.03,40,813.33,24.49,0.61,103.81375,20.33325,0.61225,3190.1535000000003
Ord_5428,Prod_12,SHP_7585,126.36,0.02,44,50.26,0.5,0.38,2.8718181818181816,1.1422727272727273,0.011363636363636364,73.0728
Ord_5428,Prod_5,SHP_7586,496.62,0.07,24,49.86,10.49,0.49,20.6925,2.0775,0.4370833333333333,401.5066
Ord_5367,Prod_4,SHP_7496,72.0035,0.04,4,-108.08,2.5,0.81,18.000875,-27.02,0.625,174.70336
Ord_5399,Prod_3,SHP_7539,50.19,0.08,13,-64.39,6.83,0.38,3.8607692307692307,-4.953076923076923,0.5253846153846153,103.7348
Ord_5428,Prod_8,SHP_7585,795.52,0.08,36,290.64,1.99,0.43,22.09777777777778,8.073333333333332,0.05527777777777778,439.24839999999995
Ord_5392,Prod_8,SHP_7529,763.85,0.09,22,-126.6,7.53,0.76,34.720454545454544,-5.754545454545454,0.3422727272727273,814.1735000000001
Ord_5444,Prod_3,SHP_7606,312.26,0.08,41,-10.38,4.71,0.35,7.61609756097561,-0.2531707317073171,0.11487804878048781,292.9492
Ord_668,Prod_8,SHP_914,2354.8,0.03,45,332.97,19.99,0.41,52.32888888888889,7.399333333333334,0.4442222222222222,1931.1960000000001
Ord_668,Prod_6,SHP_915,187.88,0.08,50,-38.23,2.97,0.35,3.7576,-0.7646,0.0594,208.1096
Ord_677,Prod_5,SHP_926,323.53,0.06,6,136.32,19.99,0.55,53.92166666666666,22.72,3.3316666666666666,147.8082
Ord_652,Prod_8,SHP_891,253.15,0.03,35,-72.43,3.52,0.68,7.232857142857143,-2.069428571428572,0.10057142857142858,314.4655
Ord_646,Prod_4,SHP_883,453.2455,0.05,25,3.31,4.81,0.58,18.12982,0.1324,0.1924,422.46322499999997
Ord_672,Prod_6,SHP_919,228.01,0.06,36,-185.54,8.73,0.37,6.333611111111111,-5.153888888888889,0.24250000000000002,391.1394
Ord_3222,Prod_3,SHP_4468,2393.63,0.04,35,524.88,19.99,0.4,68.38942857142858,14.996571428571428,0.5711428571428571,1753.0148000000004
Ord_3331,Prod_11,SHP_4622,11036.16,0.05,46,1187.8,59.24,0.61,239.91652173913045,25.821739130434782,1.2878260869565217,9237.312
Ord_3293,Prod_13,SHP_4567,99.08,0.01,50,11.28,0.7,0.56,1.9816,0.2256,0.013999999999999999,86.1092
Ord_3286,Prod_1,SHP_4560,7156.56,0.03,50,1871.26,19.99,0.56,143.1312,37.4252,0.3998,5050.613200000001
Ord_3228,Prod_5,SHP_4478,294.66,0.07,15,86.33,6.67,0.49,19.644000000000002,5.755333333333334,0.44466666666666665,181.03380000000004
Ord_3228,Prod_6,SHP_4477,282.71,0.09,45,-141.44,6.74,0.37,6.282444444444444,-3.143111111111111,0.1497777777777778,391.9661
Ord_3222,Prod_13,SHP_4470,94.6,0.04,33,-6.34,1.25,0.59,2.8666666666666667,-0.1921212121212121,0.03787878787878788,95.90599999999999
Ord_3222,Prod_10,SHP_4469,6177.53,0.1,49,-1195.12,54.74,0.69,126.07204081632652,-24.39020408163265,1.1171428571428572,6700.157
Ord_3228,Prod_2,SHP_4478,724.13,0.01,48,-250.53,13.32,0.43,15.086041666666667,-5.219375,0.2775,954.0986999999999
Ord_3223,Prod_13,SHP_4471,20.5,0.06,7,-4.04,0.96,0.58,2.9285714285714284,-0.5771428571428572,0.13714285714285715,22.349999999999998
Ord_198,Prod_3,SHP_270,403.17,0.02,14,147.45,1.49,0.38,28.797857142857143,10.532142857142857,0.10642857142857143,246.16660000000002
Ord_171,Prod_10,SHP_232,4805.92,0.07,34,-393.96,36.09,0.77,141.3505882352941,-11.58705882352941,1.0614705882352942,4827.3756
Ord_205,Prod_10,SHP_280,6045.98,0.08,41,-996.67,66.27,0.65,147.46292682926827,-24.309024390243902,1.616341463414634,6492.701599999999
Ord_182,Prod_13,SHP_245,192.58,0.05,10,24.6,4.1,0.44,19.258000000000003,2.46,0.41,154.25100000000003
Ord_1192,Prod_5,SHP_1645,430.55,0.0,35,120.01,2.85,0.55,12.301428571428572,3.428857142857143,0.08142857142857143,307.69
Ord_1611,Prod_4,SHP_2225,3337.5165,0.07,35,850.54,2.5,0.57,95.35761428571429,24.301142857142857,0.07142857142857142,2250.8503450000003
Ord_1531,Prod_5,SHP_2117,240.87,0.01,17,-36.77,8.78,0.43,14.168823529411766,-2.1629411764705884,0.5164705882352941,266.4513
Ord_1477,Prod_4,SHP_2040,1772.2245,0.02,31,390.86,4.99,0.57,57.168532258064516,12.608387096774194,0.16096774193548388,1340.93001
Ord_1611,Prod_4,SHP_2225,2679.1235,0.01,47,47.28,19.99,0.59,57.00262765957447,1.0059574468085106,0.4253191489361702,2585.062265
Ord_1611,Prod_4,SHP_2226,1018.402,0.09,35,296.87,5.99,0.38,29.0972,8.482,0.17114285714285715,623.8858200000001
Ord_1531,Prod_1,SHP_2118,1025.02,0.04,30,87.03,8.74,0.61,34.16733333333333,2.9010000000000002,0.29133333333333333,888.2492
Ord_1390,Prod_6,SHP_1920,54.99,0.06,14,8.07,1.3,0.37,3.927857142857143,0.5764285714285714,0.09285714285714286,42.320600000000006
Ord_5492,Prod_13,SHP_7676,109.78,0.03,48,4.48,1.2,0.41,2.2870833333333334,0.09333333333333334,0.024999999999999998,100.80659999999999
Ord_5344,Prod_16,SHP_7462,6.93,0.01,2,-4.64,2.56,0.55,3.465,-2.32,1.28,8.9407
Ord_5483,Prod_3,SHP_7662,26.41,0.05,4,-16.53,5.74,0.36,6.6025,-4.1325,1.435,35.8795
Ord_5372,Prod_3,SHP_7502,165.04,0.08,10,-66.59,13.18,0.37,16.503999999999998,-6.659000000000001,1.318,205.24679999999998
Ord_5483,Prod_4,SHP_7661,2045.066,0.07,14,-4.68,8.99,0.57,146.07614285714286,-0.33428571428571424,0.6421428571428571,1897.60138
Ord_5477,Prod_12,SHP_7652,98.88,0.07,21,36.01,0.99,0.39,4.708571428571428,1.7147619047619047,0.04714285714285714,54.958400000000005
Ord_5492,Prod_15,SHP_7675,12719.7,0.03,46,-545.82,57.0,0.78,276.51521739130436,-11.865652173913045,1.2391304347826086,12826.929
Ord_3500,Prod_2,SHP_4848,1717.88,0.05,28,513.93,4.5,0.56,61.35285714285715,18.354642857142856,0.16071428571428573,1113.556
Ord_3500,Prod_4,SHP_4849,1978.4345,0.09,38,471.09,2.5,0.55,52.06406578947369,12.397105263157894,0.06578947368421052,1326.785395
Ord_3503,Prod_11,SHP_4853,8865.1,0.0,39,1517.12,29.1,0.68,227.31025641025641,38.900512820512816,0.7461538461538462,7318.88
Ord_3503,Prod_12,SHP_4852,134.83,0.07,49,50.74,0.5,0.38,2.751632653061225,1.0355102040816326,0.01020408163265306,74.15190000000001
Ord_1175,Prod_12,SHP_4734,70.02,0.07,10,22.62,0.5,0.38,7.002,2.262,0.05,41.998599999999996
Ord_1168,Prod_6,SHP_1612,108.21,0.08,19,-50.02,5.66,0.4,5.695263157894736,-2.6326315789473687,0.29789473684210527,143.9132
Ord_1151,Prod_4,SHP_1585,1637.457,0.09,31,118.15,8.99,0.58,52.8211935483871,3.8112903225806454,0.29,1362.94587
Ord_1163,Prod_13,SHP_1605,77.96,0.05,16,16.65,0.71,0.52,4.8725,1.040625,0.044375,56.702000000000005
Ord_1162,Prod_9,SHP_1604,64.44,0.0,21,-89.02,6.35,0.36,3.0685714285714285,-4.239047619047619,0.30238095238095236,147.10999999999999
Ord_1175,Prod_4,SHP_1621,2544.985,0.07,36,-113.06,0.99,0.85,70.69402777777778,-3.1405555555555558,0.0275,2478.90605
Ord_3513,Prod_5,SHP_4865,466.36,0.07,20,-192.7,15.68,0.62,23.318,-9.635,0.784,610.7348
Ord_3466,Prod_6,SHP_4801,122.42,0.08,17,-37.04,6.22,0.37,7.201176470588235,-2.1788235294117646,0.36588235294117644,143.4464
Ord_3364,Prod_4,SHP_4664,272.8925,0.01,15,19.61,0.99,0.57,18.192833333333333,1.3073333333333332,0.066,249.56357499999996
Ord_3244,Prod_3,SHP_4497,66.33,0.03,15,-47.23,5.04,0.38,4.422,-3.1486666666666663,0.336,106.53009999999999
Ord_2768,Prod_4,SHP_3799,1777.469,0.01,29,166.37,13.99,0.6,61.29203448275862,5.736896551724138,0.4824137931034483,1579.3343100000002
Ord_2704,Prod_3,SHP_3703,83.89,0.05,12,-29.59,5.48,0.37,6.990833333333334,-2.4658333333333333,0.4566666666666667,103.8055
Ord_2768,Prod_4,SHP_3800,1219.1465,0.01,12,52.93,2.5,0.55,101.59554166666668,4.410833333333334,0.20833333333333334,1151.525035
Ord_2768,Prod_5,SHP_3798,826.27,0.03,27,322.88,8.55,0.42,30.602592592592593,11.958518518518519,0.3166666666666667,470.05190000000005
Ord_2805,Prod_8,SHP_3860,421.08,0.0,47,82.31,1.99,0.52,8.959148936170212,1.751276595744681,0.042340425531914895,336.78
Ord_3336,Prod_4,SHP_4629,309.2215,0.09,7,-68.3,1.25,0.35,44.1745,-9.757142857142856,0.17857142857142858,348.441565
Ord_3365,Prod_12,SHP_4665,123.11,0.06,41,48.93,0.49,0.37,3.002682926829268,1.1934146341463414,0.011951219512195122,66.30340000000001
Ord_3227,Prod_6,SHP_4476,294.78,0.05,42,-113.45,6.93,0.37,7.018571428571428,-2.7011904761904764,0.16499999999999998,386.561
Ord_3287,Prod_15,SHP_4561,6481.95,0.09,29,846.23,43.32,0.55,223.5155172413793,29.180344827586207,1.4937931034482759,5009.0244999999995
Ord_3386,Prod_5,SHP_4694,92.77,0.06,18,-17.91,3.05,0.52,5.153888888888889,-0.995,0.16944444444444443,102.0638
Ord_3336,Prod_2,SHP_4629,343.36,0.08,6,-41.27,13.22,0.56,57.22666666666667,-6.878333333333334,2.2033333333333336,343.9412
Ord_2810,Prod_12,SHP_3868,180.48,0.01,48,82.38,0.5,0.37,3.76,1.7162499999999998,0.010416666666666666,95.7952
Ord_2687,Prod_4,SHP_3680,1274.949,0.05,41,416.99,1.1,0.55,31.096317073170734,10.170487804878048,0.02682926829268293,793.1115500000001
Ord_2784,Prod_8,SHP_3825,1422.31,0.02,33,498.15,1.99,0.44,43.10030303030303,15.095454545454544,0.0603030303030303,893.7237999999999
Ord_2668,Prod_2,SHP_3654,78.79,0.03,5,-21.29,6.75,0.52,15.758000000000001,-4.258,1.35,90.96630000000002
Ord_2636,Prod_4,SHP_3606,936.802,0.07,39,-12.08,8.59,0.56,24.0205641025641,-0.30974358974358973,0.22025641025641024,874.71586
Ord_2599,Prod_6,SHP_3559,159.43,0.05,24,-120.59,8.73,0.37,6.642916666666667,-5.024583333333333,0.36375,263.31850000000003
Ord_2810,Prod_2,SHP_3867,159.89,0.03,37,-185.17,6.89,0.6,4.321351351351351,-5.004594594594594,0.1862162162162162,333.3733
Ord_2700,Prod_4,SHP_3696,169.354,0.09,24,-84.14,5.03,0.6,7.056416666666667,-3.5058333333333334,0.20958333333333334,233.22214000000002
Ord_2827,Prod_6,SHP_3889,614.91,0.02,19,-7.02,17.08,0.4,32.363684210526316,-0.3694736842105263,0.8989473684210525,592.5518
Ord_2810,Prod_5,SHP_3867,350.48,0.02,31,-231.05,13.04,0.6,11.305806451612904,-7.453225806451614,0.42064516129032253,561.4804
Ord_2637,Prod_13,SHP_3608,107.7,0.06,48,14.97,1.0,0.38,2.24375,0.311875,0.020833333333333332,85.268
Ord_2603,Prod_8,SHP_3563,141.77,0.02,8,-24.48,1.99,0.45,17.72125,-3.06,0.24875,161.4246
Ord_2612,Prod_6,SHP_3574,193.16,0.03,28,-71.73,6.6,0.37,6.898571428571429,-2.5617857142857146,0.2357142857142857,252.4952
Ord_2588,Prod_2,SHP_3543,508.73,0.08,36,-229.67,13.32,0.43,14.131388888888889,-6.379722222222222,0.37,684.3816
Ord_2685,Prod_4,SHP_3676,617.219,0.03,11,-136.09,8.99,0.58,56.11081818181819,-12.371818181818183,0.8172727272727273,725.8024300000001
Ord_2742,Prod_5,SHP_3761,890.9,0.05,14,404.29,14.48,0.46,63.635714285714286,28.877857142857145,1.0342857142857143,427.585
Ord_2688,Prod_11,SHP_3681,2657.56,0.1,18,126.28,16.01,0.7,147.64222222222222,7.015555555555555,0.8894444444444445,2249.5139999999997
Ord_575,Prod_3,SHP_781,132.31,0.02,45,10.91,1.49,0.36,2.9402222222222223,0.24244444444444443,0.03311111111111111,117.2638
Ord_768,Prod_6,SHP_1051,100.11,0.07,20,-41.7,4.7,0.38,5.0055,-2.085,0.23500000000000001,130.1023
Ord_591,Prod_7,SHP_806,239.86,0.04,40,-32.06,3.37,0.54,5.9965,-0.8015000000000001,0.08425,258.9556
Ord_768,Prod_11,SHP_1050,4636.62,0.1,24,-318.45,69.0,0.79,193.1925,-13.268749999999999,2.875,4422.407999999999
Ord_591,Prod_8,SHP_807,1269.79,0.08,48,-65.33,5.89,0.75,26.453958333333333,-1.3610416666666667,0.12270833333333332,1227.6467999999998
Ord_751,Prod_5,SHP_1025,173.44,0.05,42,-172.4,6.6,0.49,4.12952380952381,-4.104761904761905,0.15714285714285714,330.568
Ord_531,Prod_1,SHP_720,608.33,0.02,37,-70.04,8.78,0.57,16.44135135135135,-1.8929729729729732,0.2372972972972973,657.4234
Ord_517,Prod_3,SHP_696,84.09,0.02,14,-73.14,7.78,0.37,6.006428571428572,-5.224285714285714,0.5557142857142857,147.7682
Ord_571,Prod_12,SHP_776,102.46,0.08,37,36.64,0.5,0.39,2.769189189189189,0.9902702702702703,0.013513513513513514,57.1232
Ord_564,Prod_12,SHP_766,94.5,0.02,29,39.9,0.5,0.37,3.2586206896551726,1.3758620689655172,0.017241379310344827,52.21
Ord_564,Prod_3,SHP_765,295.97,0.02,31,5.02,5.6,0.36,9.547419354838711,0.16193548387096773,0.18064516129032257,279.4306
Ord_555,Prod_2,SHP_753,1158.45,0.1,29,267.16,4.5,0.56,39.94655172413793,9.21241379310345,0.15517241379310345,770.9449999999999
Ord_564,Prod_2,SHP_765,82.43,0.04,19,-94.76,6.89,0.6,4.338421052631579,-4.987368421052632,0.3626315789473684,167.0028
Ord_567,Prod_6,SHP_770,114.28,0.08,17,-38.72,5.84,0.37,6.722352941176471,-2.277647058823529,0.34352941176470586,138.01760000000002
Ord_770,Prod_5,SHP_1054,110.42,0.09,22,-36.6,3.63,0.51,5.0190909090909095,-1.6636363636363638,0.165,133.4522
Ord_555,Prod_9,SHP_754,2568.71,0.1,43,590.77,19.99,0.38,59.73744186046512,13.738837209302325,0.4648837209302325,1701.0790000000002
Ord_567,Prod_13,SHP_771,1889.04,0.1,49,182.15,8.99,0.59,38.55183673469388,3.7173469387755103,0.18346938775510205,1508.9959999999999
Ord_567,Prod_6,SHP_769,301.36,0.09,39,48.45,2.87,0.4,7.727179487179487,1.2423076923076923,0.07358974358974359,222.91760000000005
Ord_568,Prod_11,SHP_772,7002.08,0.1,49,-1640.51,69.0,0.68,142.8995918367347,-33.479795918367344,1.4081632653061225,7873.382
Ord_770,Prod_2,SHP_1053,633.08,0.04,14,145.48,4.62,0.56,45.220000000000006,10.391428571428571,0.33,457.6568
Ord_571,Prod_5,SHP_776,1097.6,0.05,43,216.12,8.99,0.5,25.525581395348834,5.026046511627907,0.20906976744186048,817.6099999999998
Ord_769,Prod_11,SHP_1052,5140.08,0.06,36,-582.43,51.92,0.69,142.78,-16.17861111111111,1.4422222222222223,5362.1852
Ord_766,Prod_11,SHP_1047,5205.83,0.08,45,-818.77,51.94,0.63,115.68511111111111,-18.19488888888889,1.1542222222222223,5556.1936000000005
Ord_575,Prod_2,SHP_1169,403.73,0.06,39,-44.13,4.5,0.59,10.352051282051283,-1.1315384615384616,0.11538461538461539,419.13620000000003
Ord_575,Prod_8,SHP_781,86.85,0.05,3,-67.22,1.99,0.4,28.95,-22.406666666666666,0.6633333333333333,147.7375
Ord_943,Prod_8,SHP_1304,38.99,0.09,23,-33.52,1.99,0.51,1.695217391304348,-1.4573913043478262,0.08652173913043479,67.0109
Ord_991,Prod_4,SHP_1369,760.2485,0.04,16,29.8,3.3,0.59,47.51553125,1.8625,0.20625,696.7385600000001
Ord_878,Prod_10,SHP_1206,3874.12,0.0,27,-305.98,54.74,0.69,143.48592592592593,-11.332592592592594,2.0274074074074075,4125.360000000001
Ord_917,Prod_6,SHP_1264,48.93,0.0,6,-38.72,10.05,0.37,8.155,-6.453333333333333,1.675,77.6
Ord_917,Prod_17,SHP_1263,3699.22,0.05,45,565.18,30.06,0.4,82.20488888888889,12.559555555555555,0.6679999999999999,2919.0190000000002
Ord_905,Prod_8,SHP_1245,435.27,0.05,27,-147.51,8.99,0.64,16.12111111111111,-5.463333333333333,0.33296296296296296,552.0264999999999
Ord_879,Prod_6,SHP_1208,840.07,0.0,34,-83.75,16.92,0.39,24.70794117647059,-2.463235294117647,0.49764705882352944,906.9000000000001
Ord_905,Prod_5,SHP_1246,723.82,0.05,26,-40.98,19.46,0.44,27.83923076923077,-1.576153846153846,0.7484615384615385,709.149
Ord_3525,Prod_1,SHP_4883,806.37,0.01,48,-166.4,10.68,0.58,16.799375,-3.466666666666667,0.2225,954.0263
Ord_3601,Prod_1,SHP_4985,1221.47,0.09,46,-233.14,13.99,0.58,26.553695652173914,-5.068260869565217,0.3041304347826087,1330.6877
Ord_3525,Prod_15,SHP_4882,1309.53,0.06,6,19.18,18.06,0.57,218.255,3.1966666666666668,3.01,1193.7182
Ord_3548,Prod_2,SHP_4913,951.31,0.06,13,-333.07,60.0,0.41,73.1776923076923,-25.62076923076923,4.615384615384615,1167.3013999999998
Ord_3642,Prod_8,SHP_5044,917.31,0.05,19,-139.86,19.99,0.45,48.27947368421052,-7.361052631578948,1.0521052631578947,991.3145
Ord_3601,Prod_5,SHP_4984,430.33,0.08,26,85.48,5.03,0.54,16.551153846153845,3.287692307692308,0.19346153846153846,305.3936
Ord_3528,Prod_6,SHP_4887,246.57,0.06,50,-132.51,5.49,0.38,4.9314,-2.6502,0.10980000000000001,358.7958
Ord_3554,Prod_6,SHP_4921,82.56,0.01,19,21.74,1.3,0.37,4.345263157894737,1.1442105263157893,0.06842105263157895,58.694400000000016
Ord_3554,Prod_16,SHP_4922,141.07,0.08,11,-5.1,3.14,0.6,12.824545454545454,-0.4636363636363636,0.28545454545454546,131.7444
Ord_2586,Prod_3,SHP_3541,137.64,0.06,13,19.59,2.99,0.38,10.587692307692306,1.5069230769230768,0.23,106.8016
Ord_2757,Prod_5,SHP_3783,79.98,0.09,16,-56.56,7.1,0.42,4.99875,-3.535,0.44375,122.24180000000001
Ord_2587,Prod_6,SHP_3542,40.31,0.08,6,-32.27,8.09,0.36,6.718333333333334,-5.378333333333334,1.3483333333333334,61.26520000000001
Ord_5134,Prod_4,SHP_7175,2484.7455,0.1,46,657.48,4.2,0.55,54.01620652173913,14.29304347826087,0.09130434782608696,1574.5909500000002
Ord_2596,Prod_5,SHP_3555,75.77,0.03,3,64.25,8.99,0.44,25.256666666666664,21.416666666666668,2.9966666666666666,0.2569000000000017
Ord_2651,Prod_16,SHP_3627,58.5,0.0,17,-25.26,1.92,0.84,3.4411764705882355,-1.4858823529411767,0.11294117647058823,81.84
Ord_2741,Prod_6,SHP_3760,1001.17,0.0,47,333.18,5.77,0.38,21.301489361702128,7.088936170212766,0.1227659574468085,662.22
Ord_2592,Prod_2,SHP_3549,927.97,0.08,42,162.17,4.5,0.55,22.09452380952381,3.861190476190476,0.10714285714285714,687.0624
Ord_2803,Prod_6,SHP_3857,264.6,0.1,40,-93.06,6.22,0.37,6.615,-2.3265000000000002,0.1555,324.98
Ord_2598,Prod_11,SHP_3557,6077.11,0.06,43,-353.66,43.75,0.64,141.32813953488372,-8.224651162790698,1.0174418604651163,6022.3934
Ord_2596,Prod_12,SHP_3555,64.29,0.07,16,14.42,0.99,0.39,4.018125,0.90125,0.061875,44.3797
Ord_2803,Prod_4,SHP_3858,3356.735,0.05,21,370.33,4.2,0.6,159.84452380952382,17.634761904761906,0.2,2814.3682500000004
Ord_2592,Prod_6,SHP_3550,59.05,0.08,9,-24.09,5.4,0.37,6.561111111111111,-2.6766666666666667,0.6000000000000001,73.01599999999999
Ord_2651,Prod_8,SHP_3626,1271.12,0.05,35,-62.82,7.53,0.76,36.31771428571428,-1.794857142857143,0.21514285714285716,1262.8539999999998
Ord_1203,Prod_5,SHP_1661,418.34,0.08,35,73.57,5.16,0.43,11.952571428571428,2.102,0.14742857142857144,306.14279999999997
Ord_1203,Prod_6,SHP_1662,17.7,0.06,3,-10.37,4.79,0.4,5.8999999999999995,-3.4566666666666666,1.5966666666666667,22.217999999999996
Ord_1198,Prod_13,SHP_1653,311.98,0.09,15,-9.78,5.53,0.59,20.79866666666667,-0.6519999999999999,0.3686666666666667,288.15180000000004
Ord_1211,Prod_6,SHP_1672,147.16,0.01,21,-92.55,8.4,0.37,7.007619047619047,-4.407142857142857,0.4,229.83839999999998
Ord_1212,Prod_3,SHP_1674,464.59,0.07,17,168.22,1.49,0.38,27.328823529411764,9.895294117647058,0.08764705882352941,262.3587
Ord_1199,Prod_13,SHP_1654,14.49,0.09,3,-12.58,5.0,0.56,4.83,-4.193333333333333,1.6666666666666667,20.765900000000002
Ord_1203,Prod_3,SHP_1660,69.98,0.06,12,-58.33,6.98,0.39,5.831666666666667,-4.860833333333333,0.5816666666666667,117.13119999999999
Ord_1204,Prod_6,SHP_1664,2461.23,0.06,46,748.2,14.3,0.37,53.505,16.26521739130435,0.31086956521739134,1551.0561999999998
Ord_1197,Prod_8,SHP_1651,213.75,0.03,42,-188.77,5.14,0.79,5.089285714285714,-4.49452380952381,0.12238095238095237,390.96750000000003
Ord_1203,Prod_13,SHP_1662,45.61,0.1,12,9.18,0.7,0.44,3.8008333333333333,0.765,0.05833333333333333,31.168999999999997
Ord_1212,Prod_6,SHP_1675,316.68,0.06,47,-161.0,7.49,0.37,6.737872340425532,-3.425531914893617,0.15936170212765957,451.1892
Ord_1211,Prod_11,SHP_1673,6982.87,0.05,32,875.55,29.1,0.68,218.2146875,27.3609375,0.909375,5729.076499999999
Ord_1208,Prod_12,SHP_1668,16.24,0.01,5,0.35,0.99,0.36,3.2479999999999998,0.06999999999999999,0.198,14.737599999999997
Ord_1204,Prod_12,SHP_1663,129.33,0.04,28,48.25,0.99,0.39,4.6189285714285715,1.7232142857142858,0.03535714285714286,74.91680000000002
Ord_1206,Prod_4,SHP_1666,6477.459,0.05,43,1836.46,8.99,0.57,150.63858139534884,42.70837209302326,0.20906976744186048,4308.13605
Ord_1211,Prod_13,SHP_1672,50.07,0.03,19,-0.53,0.86,0.57,2.635263157894737,-0.027894736842105264,0.04526315789473684,48.2379
Ord_549,Prod_6,SHP_745,336.25,0.0,36,25.95,4.82,0.4,9.340277777777779,0.7208333333333333,0.1338888888888889,305.48
Ord_541,Prod_17,SHP_732,6366.52,0.07,23,935.8,14.7,0.57,276.8052173913044,40.68695652173913,0.6391304347826087,4970.363600000001
Ord_549,Prod_5,SHP_744,413.8,0.08,23,51.36,8.99,0.47,17.991304347826087,2.2330434782608695,0.3908695652173913,320.346
Ord_498,Prod_1,SHP_671,6375.28,0.06,35,489.02,19.99,0.71,182.15085714285715,13.972,0.5711428571428571,5483.753199999999
Ord_584,Prod_5,SHP_794,738.69,0.1,35,109.16,7.58,0.51,21.105428571428572,3.1188571428571428,0.21657142857142858,548.081
Ord_549,Prod_4,SHP_746,4001.4685,0.02,22,884.91,3.0,0.58,181.88493181818183,40.223181818181814,0.13636363636363635,3033.52913
Ord_547,Prod_5,SHP_742,26.82,0.0,2,26.21,5.4,0.51,13.41,13.105,2.7,-4.789999999999999
Ord_554,Prod_9,SHP_752,207.55,0.08,4,16.23,2.5,0.36,51.8875,4.0575,0.625,172.216
Ord_547,Prod_9,SHP_742,223.74,0.01,37,39.63,2.5,0.36,6.047027027027028,1.0710810810810811,0.06756756756756757,179.3726
Ord_577,Prod_4,SHP_784,1538.8655,0.05,28,-186.33,19.99,0.59,54.95948214285715,-6.654642857142858,0.7139285714285714,1628.262225
Ord_3419,Prod_3,SHP_4739,303.97,0.1,28,23.3,5.14,0.36,10.856071428571429,0.8321428571428572,0.18357142857142855,245.13300000000004
Ord_3258,Prod_5,SHP_4519,1058.43,0.02,49,245.0,6.68,0.53,21.60061224489796,5.0,0.1363265306122449,785.5814
Ord_4937,Prod_8,SHP_6888,13.52,0.03,11,-27.66,2.96,0.61,1.229090909090909,-2.5145454545454546,0.2690909090909091,37.8144
Ord_4906,Prod_7,SHP_6843,72.18,0.0,46,11.83,0.7,0.37,1.569130434782609,0.25717391304347825,0.015217391304347825,59.650000000000006
Ord_2073,Prod_6,SHP_2837,257.42,0.01,30,59.18,2.87,0.4,8.580666666666668,1.9726666666666666,0.09566666666666666,192.7958
Ord_2067,Prod_8,SHP_2829,676.13,0.03,40,45.39,6.5,0.48,16.90325,1.13475,0.1625,603.9561
Ord_2137,Prod_8,SHP_2915,331.53,0.0,38,-35.97,3.62,0.61,8.724473684210526,-0.9465789473684211,0.09526315789473684,363.88
Ord_2067,Prod_11,SHP_2830,7668.55,0.04,26,-715.78,54.12,0.76,294.9442307692308,-27.529999999999998,2.0815384615384613,8023.468
Ord_2073,Prod_5,SHP_2837,679.6,0.02,6,-85.76,13.99,0.69,113.26666666666667,-14.293333333333335,2.3316666666666666,737.778
Ord_2068,Prod_3,SHP_2831,226.1,0.0,34,-52.21,5.19,0.38,6.6499999999999995,-1.5355882352941177,0.1526470588235294,273.12
Ord_2136,Prod_12,SHP_2914,141.08,0.04,46,36.96,0.99,0.37,3.066956521739131,0.8034782608695652,0.021521739130434783,97.48679999999999
Ord_2136,Prod_3,SHP_2914,182.7,0.08,45,-156.41,5.41,0.35,4.06,-3.4757777777777776,0.12022222222222223,319.084
Ord_4001,Prod_1,SHP_5569,2269.01,0.02,42,-19.37,19.99,0.59,54.02404761904762,-0.4611904761904762,0.4759523809523809,2223.0098000000003
Ord_3949,Prod_6,SHP_5488,130.38,0.08,18,31.52,1.71,0.4,7.243333333333333,1.751111111111111,0.095,86.7196
Ord_3973,Prod_3,SHP_5522,546.01,0.01,32,133.56,5.08,0.36,17.0628125,4.17375,0.15875,401.90989999999994
Ord_4001,Prod_6,SHP_5569,120.52,0.06,15,43.92,1.25,0.35,8.034666666666666,2.928,0.08333333333333333,68.1188
Ord_3998,Prod_8,SHP_5563,357.01,0.01,41,64.5,1.99,0.52,8.707560975609756,1.5731707317073171,0.04853658536585366,286.94989999999996
Ord_4001,Prod_3,SHP_5568,276.3,0.02,49,14.84,2.99,0.37,5.6387755102040815,0.3028571428571429,0.06102040816326531,252.944
Ord_3958,Prod_3,SHP_5500,63.96,0.05,33,-13.71,1.49,0.37,1.9381818181818182,-0.41545454545454547,0.04515151515151515,72.982
Ord_3983,Prod_16,SHP_5539,177.06,0.1,21,-100.61,7.77,0.55,8.431428571428572,-4.790952380952381,0.37,252.19400000000002
Ord_3958,Prod_13,SHP_5500,177.23,0.07,23,4.94,3.12,0.45,7.705652173913043,0.2147826086956522,0.1356521739130435,156.76389999999998
Ord_3985,Prod_6,SHP_5541,477.16,0.02,31,204.18,1.97,0.39,15.39225806451613,6.586451612903226,0.0635483870967742,261.4668
Ord_3948,Prod_6,SHP_5487,48.04,0.09,7,-23.28,5.94,0.37,6.862857142857143,-3.325714285714286,0.8485714285714286,61.056400000000004
Ord_3971,Prod_6,SHP_5519,230.97,0.08,37,-173.73,8.19,0.37,6.242432432432432,-4.695405405405405,0.22135135135135134,378.0324
Ord_4003,Prod_4,SHP_5572,2332.5955,0.07,24,366.86,5.92,0.58,97.19147916666667,15.285833333333334,0.24666666666666667,1796.5338149999998
Ord_3968,Prod_13,SHP_5516,136.5,0.05,38,-216.66,7.49,0.54,3.5921052631578947,-5.701578947368421,0.19710526315789476,338.845
Ord_3971,Prod_9,SHP_5520,723.17,0.09,46,-154.11,12.39,0.35,15.721086956521738,-3.3502173913043483,0.2693478260869565,799.8047
Ord_2997,Prod_4,SHP_6440,1521.1345,0.07,27,270.6,3.99,0.59,56.33831481481481,10.022222222222224,0.14777777777777779,1140.0650849999997
Ord_2061,Prod_12,SHP_2817,92.15,0.08,20,36.98,0.5,0.36,4.6075,1.8489999999999998,0.025,47.29800000000001
Ord_1855,Prod_6,SHP_2678,2096.7,0.03,45,939.67,5.86,0.37,46.59333333333333,20.881555555555554,0.13022222222222224,1088.2689999999998
Ord_1961,Prod_3,SHP_2684,57.28,0.02,14,7.31,1.49,0.38,4.091428571428572,0.5221428571428571,0.10642857142857143,47.334399999999995
Ord_1961,Prod_6,SHP_2685,227.87,0.02,32,-130.61,8.4,0.37,7.1209375,-4.0815625,0.2625,345.5226
Ord_1973,Prod_12,SHP_2698,126.62,0.08,18,60.79,0.5,0.39,7.0344444444444445,3.377222222222222,0.027777777777777776,55.20040000000001
Ord_1973,Prod_10,SHP_2821,979.52,0.1,17,-362.04,36.61,0.61,57.61882352941176,-21.296470588235294,2.1535294117647057,1206.998
Ord_2997,Prod_15,SHP_4147,1616.87,0.1,19,-189.55,30.0,0.61,85.09842105263158,-9.976315789473684,1.5789473684210527,1614.733
Ord_2306,Prod_7,SHP_3158,56.21,0.05,21,12.71,0.8,0.39,2.6766666666666667,0.6052380952380952,0.0380952380952381,39.889500000000005
Ord_2310,Prod_4,SHP_3166,1073.567,0.04,15,-305.97,0.99,0.85,71.57113333333334,-20.398000000000003,0.066,1335.60432
Ord_4573,Prod_5,SHP_6362,52.43,0.03,4,-12.98,6.22,0.55,13.1075,-3.245,1.555,57.61710000000001
Ord_4573,Prod_13,SHP_6363,254.51,0.08,48,49.05,0.7,0.6,5.302291666666666,1.0218749999999999,0.014583333333333332,184.3992
Ord_4347,Prod_6,SHP_6062,157.49,0.09,29,-58.25,4.96,0.36,5.430689655172414,-2.0086206896551726,0.17103448275862068,196.6059
Ord_4512,Prod_13,SHP_6282,870.48,0.07,24,104.37,13.89,0.41,36.27,4.34875,0.57875,691.2864000000001
Ord_4512,Prod_17,SHP_6281,4043.29,0.06,35,-34.3,56.14,0.39,115.52257142857142,-0.9799999999999999,1.604,3778.8526
Ord_4554,Prod_13,SHP_6337,305.48,0.1,27,47.14,2.36,0.55,11.314074074074075,1.7459259259259259,0.0874074074074074,225.43200000000002
Ord_4601,Prod_2,SHP_6398,2175.22,0.0,29,-520.55,60.0,0.41,75.00758620689655,-17.95,2.0689655172413794,2635.7699999999995
Ord_819,Prod_6,SHP_1126,129.16,0.07,20,-56.15,6.22,0.37,6.458,-2.8075,0.311,170.0488
Ord_720,Prod_3,SHP_985,128.69,0.04,28,28.29,1.49,0.35,4.596071428571428,1.0103571428571427,0.053214285714285714,93.76240000000001
Ord_840,Prod_8,SHP_1151,188.54,0.09,23,9.82,1.99,0.52,8.197391304347827,0.42695652173913046,0.08652173913043479,159.76139999999998
Ord_849,Prod_3,SHP_1171,38.76,0.1,4,-12.13,6.97,0.36,9.69,-3.0325,1.7425,40.044000000000004
Ord_874,Prod_6,SHP_1202,144.55,0.07,23,-60.17,5.94,0.37,6.284782608695653,-2.6160869565217393,0.25826086956521743,188.6615
Ord_5390,Prod_6,SHP_7526,210.06,0.08,34,-135.0,7.37,0.37,6.1782352941176475,-3.9705882352941178,0.21676470588235294,320.8852
Ord_5395,Prod_2,SHP_7534,438.07,0.0,37,12.06,4.5,0.59,11.83972972972973,0.32594594594594595,0.12162162162162163,421.51
Ord_5402,Prod_17,SHP_7544,6637.63,0.03,46,1487.94,17.85,0.56,144.2963043478261,32.34652173913044,0.3880434782608696,4932.7111
Ord_5395,Prod_9,SHP_7535,116.37,0.03,19,-32.6,5.3,0.35,6.124736842105263,-1.7157894736842105,0.2789473684210526,140.1789
Ord_5402,Prod_4,SHP_7545,928.9055,0.06,13,-23.93,2.79,0.58,71.45426923076923,-1.8407692307692307,0.21461538461538462,894.31117
Ord_2556,Prod_4,SHP_3498,415.055,0.02,23,-44.13,0.99,0.83,18.04586956521739,-1.9186956521739131,0.043043478260869565,449.8939
Ord_2409,Prod_8,SHP_3304,34.94,0.05,20,-30.7,1.99,0.51,1.7469999999999999,-1.535,0.0995,61.903
Ord_2504,Prod_12,SHP_3432,343.92,0.06,35,154.54,0.99,0.37,9.826285714285715,4.4154285714285715,0.028285714285714286,167.75480000000002
Ord_2567,Prod_9,SHP_3516,357.48,0.01,44,160.02,1.39,0.36,8.124545454545455,3.636818181818182,0.031590909090909086,192.49520000000004
Ord_4007,Prod_3,SHP_5578,967.78,0.04,38,369.33,2.99,0.39,25.467894736842105,9.71921052631579,0.0786842105263158,556.7488000000001
Ord_4006,Prod_5,SHP_5577,186.02,0.01,17,16.48,5.16,0.57,10.942352941176472,0.9694117647058824,0.3035294117647059,162.51980000000003
Ord_4006,Prod_13,SHP_5577,142.44,0.06,5,-22.12,6.17,0.55,28.488,-4.424,1.234,149.84359999999998
Ord_666,Prod_8,SHP_912,482.37,0.03,22,34.03,4.0,0.6,21.92590909090909,1.5468181818181819,0.18181818181818182,429.86890000000005
Ord_666,Prod_2,SHP_910,1811.3,0.07,42,520.41,4.62,0.56,43.12619047619047,12.390714285714285,0.11,1159.4790000000003
Ord_629,Prod_13,SHP_861,777.63,0.03,44,-70.54,8.99,0.56,17.67340909090909,-1.6031818181818183,0.20431818181818182,815.8511
Ord_666,Prod_15,SHP_911,4095.76,0.03,43,-444.14,42.0,0.66,95.25023255813954,-10.328837209302325,0.9767441860465116,4375.0272
Ord_649,Prod_3,SHP_887,71.04,0.07,39,-20.65,1.49,0.37,1.8215384615384618,-0.5294871794871795,0.038205128205128204,85.22720000000001
Ord_2818,Prod_3,SHP_3879,157.57,0.08,27,-57.06,5.01,0.39,5.835925925925926,-2.1133333333333333,0.18555555555555556,197.0144
Ord_2797,Prod_4,SHP_3847,1865.5885,0.02,40,972.9,1.25,0.35,46.6397125,24.322499999999998,0.03125,854.1267300000001
Ord_2797,Prod_6,SHP_3846,225.17,0.1,39,-183.05,8.09,0.36,5.773589743589743,-4.693589743589744,0.20743589743589744,377.613
Ord_2797,Prod_9,SHP_3845,136.98,0.04,16,44.12,1.39,0.38,8.56125,2.7575,0.086875,85.99080000000001
Ord_2797,Prod_4,SHP_3847,1112.157,0.09,24,140.81,3.3,0.59,46.339875,5.867083333333333,0.13749999999999998,867.9528700000001
Ord_954,Prod_13,SHP_1322,88.3,0.09,16,-12.14,2.27,0.56,5.51875,-0.75875,0.141875,90.223
Ord_954,Prod_9,SHP_1321,232.21,0.0,6,-14.03,14.72,0.4,38.70166666666667,-2.3383333333333334,2.4533333333333336,231.52
Ord_1008,Prod_5,SHP_1395,689.67,0.07,38,51.47,8.99,0.47,18.149210526315787,1.3544736842105263,0.23657894736842106,580.9331
Ord_932,Prod_5,SHP_1289,216.25,0.09,19,58.84,2.85,0.55,11.381578947368421,3.0968421052631583,0.15,135.0975
Ord_930,Prod_1,SHP_1286,2788.04,0.01,34,-849.18,35.0,0.83,82.00117647058823,-24.975882352941174,1.0294117647058822,3574.3396
Ord_930,Prod_8,SHP_1286,192.12,0.04,5,-74.85,1.99,0.51,38.424,-14.969999999999999,0.398,257.2952
Ord_877,Prod_13,SHP_1205,75.14,0.05,42,0.82,0.7,0.56,1.789047619047619,0.019523809523809523,0.016666666666666666,69.863
Ord_930,Prod_17,SHP_1287,3917.61,0.08,33,40.76,56.14,0.39,118.71545454545455,1.2351515151515151,1.7012121212121212,3507.3012
Ord_1780,Prod_4,SHP_2467,706.3925,0.06,39,346.14,0.99,0.37,18.112628205128207,8.875384615384615,0.025384615384615384,316.87895000000003
Ord_1776,Prod_16,SHP_2463,192.39,0.08,19,-31.67,4.68,0.59,10.12578947368421,-1.666842105263158,0.24631578947368418,203.98879999999997
Ord_1701,Prod_9,SHP_2357,1102.28,0.03,44,389.61,6.71,0.35,25.05181818181818,8.854772727272728,0.1525,672.8916
Ord_1778,Prod_1,SHP_2465,669.69,0.03,8,-297.02,35.0,0.81,83.71125,-37.1275,4.375,911.6193000000001
Ord_1776,Prod_17,SHP_2462,4962.05,0.08,50,335.29,56.14,0.39,99.241,6.7058,1.1228,4173.656
Ord_1771,Prod_6,SHP_2455,585.47,0.1,17,178.14,5.08,0.38,34.43941176470588,10.478823529411764,0.2988235294117647,343.703
Ord_3155,Prod_6,SHP_4378,34.27,0.1,4,-26.44,9.54,0.37,8.5675,-6.61,2.385,47.74300000000001
Ord_3134,Prod_13,SHP_4348,1553.38,0.1,45,180.88,13.89,0.41,34.519555555555556,4.019555555555556,0.3086666666666667,1203.272
Ord_3194,Prod_5,SHP_4430,48.0,0.09,10,-29.14,6.92,0.49,4.8,-2.914,0.692,65.9
Ord_4846,Prod_13,SHP_6764,390.11,0.02,17,-19.92,8.99,0.59,22.94764705882353,-1.171764705882353,0.5288235294117647,393.2378
Ord_4861,Prod_16,SHP_6783,135.23,0.1,25,-45.65,3.6,0.56,5.409199999999999,-1.8259999999999998,0.14400000000000002,163.757
Ord_4872,Prod_6,SHP_6799,130.49,0.07,27,47.09,0.88,0.39,4.832962962962963,1.744074074074074,0.03259259259259259,73.38570000000001
Ord_4846,Prod_5,SHP_6764,313.43,0.02,12,104.03,8.99,0.5,26.11916666666667,8.669166666666667,0.7491666666666666,194.1414
Ord_2816,Prod_2,SHP_3877,47.04,0.06,1,-24.63,4.62,0.56,47.04,-24.63,4.62,64.2276
Ord_2744,Prod_17,SHP_3763,3361.02,0.04,28,26.05,56.14,0.4,120.03642857142857,0.9303571428571429,2.005,3144.3892
Ord_2143,Prod_4,SHP_2924,738.2505,0.1,8,-286.36,2.5,0.57,92.2813125,-35.795,0.3125,948.28545
Ord_2132,Prod_3,SHP_2908,221.13,0.01,46,59.7,1.49,0.35,4.807173913043478,1.297826086956522,0.03239130434782609,157.7287
Ord_2132,Prod_3,SHP_2909,16.35,0.05,8,-5.62,1.49,0.37,2.04375,-0.7025,0.18625,19.6625
Ord_2133,Prod_1,SHP_2910,96.01,0.01,11,-43.24,6.5,0.59,8.728181818181818,-3.930909090909091,0.5909090909090909,131.78990000000002
Ord_978,Prod_6,SHP_1350,248.86,0.08,41,-168.67,7.5,0.4,6.069756097560976,-4.11390243902439,0.18292682926829268,390.1212
Ord_978,Prod_6,SHP_1351,278.01,0.03,42,-202.31,8.73,0.37,6.619285714285714,-4.816904761904762,0.20785714285714288,463.24969999999996
Ord_886,Prod_3,SHP_1219,325.24,0.05,50,-79.42,5.27,0.36,6.5048,-1.5884,0.1054,383.12800000000004
Ord_3507,Prod_8,SHP_4858,799.84,0.08,26,64.13,3.6,0.64,30.763076923076923,2.4665384615384616,0.13846153846153847,668.1228
Ord_3394,Prod_17,SHP_4707,24.53,0.04,2,-28.14,5.76,0.39,12.265,-14.07,2.88,45.9288
Ord_3455,Prod_8,SHP_4790,220.07,0.01,44,-158.42,4.93,0.66,5.0015909090909085,-3.600454545454545,0.11204545454545455,371.35929999999996
Ord_3329,Prod_6,SHP_4619,10.94,0.08,1,-4.35,2.03,0.37,10.94,-4.35,2.03,12.3848
Ord_3507,Prod_4,SHP_4858,1689.137,0.07,16,71.06,8.08,0.57,105.5710625,4.44125,0.505,1491.7574100000002
Ord_3406,Prod_5,SHP_4722,71.49,0.06,3,41.98,11.17,0.6,23.83,13.993333333333332,3.723333333333333,14.050599999999996
Ord_3394,Prod_15,SHP_4706,577.0,0.04,16,-112.88,19.19,0.58,36.0625,-7.055,1.199375,647.6099999999999
Ord_3394,Prod_3,SHP_4705,125.78,0.02,4,8.43,2.99,0.35,31.445,2.1075,0.7475,111.84440000000001
Ord_3329,Prod_11,SHP_4620,1755.3,0.04,12,-7.01,16.01,0.7,146.275,-0.5841666666666666,1.3341666666666667,1676.088
Ord_3455,Prod_8,SHP_4789,1591.89,0.02,46,-117.31,7.53,0.76,34.60630434782609,-2.550217391304348,0.16369565217391305,1669.8322
Ord_1698,Prod_13,SHP_2351,33.96,0.0,18,0.1,0.7,0.56,1.8866666666666667,0.005555555555555556,0.03888888888888889,33.16
Ord_1724,Prod_8,SHP_2385,1138.43,0.01,37,18.59,4.0,0.74,30.76837837837838,0.5024324324324324,0.10810810810810811,1104.4557000000002
Ord_1756,Prod_6,SHP_2435,82.21,0.04,25,15.25,1.09,0.39,3.2883999999999998,0.61,0.0436,62.581599999999995
Ord_1724,Prod_4,SHP_2385,5271.0455,0.08,50,1379.76,7.69,0.58,105.42091,27.5952,0.15380000000000002,3461.91186
Ord_1769,Prod_2,SHP_2453,2682.8,0.01,45,860.22,3.5,0.57,59.61777777777778,19.116,0.07777777777777778,1792.2520000000002
Ord_1685,Prod_6,SHP_2330,163.14,0.09,24,-62.2,6.18,0.39,6.797499999999999,-2.591666666666667,0.2575,204.4774
Ord_1722,Prod_16,SHP_2383,176.24,0.02,15,9.85,3.37,0.57,11.749333333333334,0.6566666666666666,0.22466666666666668,159.4952
Ord_1767,Prod_8,SHP_2449,114.83,0.04,4,-52.62,1.99,0.4,28.7075,-13.155,0.4975,160.8668
Ord_1718,Prod_6,SHP_2378,1276.04,0.02,31,554.95,5.86,0.36,41.16258064516129,17.901612903225807,0.18903225806451615,689.7092
Ord_1718,Prod_11,SHP_2378,2894.68,0.02,40,-1754.39,69.0,0.68,72.36699999999999,-43.859750000000005,1.725,4522.1764
Ord_1690,Prod_12,SHP_2339,9.25,0.01,2,-4.21,0.99,0.39,4.625,-2.105,0.495,12.377500000000001
Ord_1690,Prod_1,SHP_2340,573.89,0.09,41,-121.44,7.69,0.57,13.99731707317073,-2.961951219512195,0.1875609756097561,635.9899
Ord_1704,Prod_4,SHP_2361,1497.3175,0.01,48,836.51,0.99,0.35,31.194114583333334,17.427291666666665,0.020625,644.844325
Ord_1779,Prod_3,SHP_2466,405.6,0.07,45,-8.59,5.6,0.36,9.013333333333334,-0.19088888888888889,0.12444444444444444,380.198
Ord_2641,Prod_12,SHP_3612,36.52,0.07,14,10.05,0.5,0.39,2.608571428571429,0.7178571428571429,0.03571428571428571,23.4136
Ord_2785,Prod_4,SHP_3826,5678.5525,0.01,42,1550.88,8.99,0.58,135.20363095238093,36.925714285714285,0.21404761904761904,4061.8969749999997
Ord_1195,Prod_3,SHP_1649,990.1,0.03,24,310.22,7.47,0.37,41.25416666666667,12.925833333333335,0.31124999999999997,642.707
Ord_1200,Prod_7,SHP_3603,55.89,0.06,50,-3.05,0.7,0.38,1.1178,-0.061,0.013999999999999999,54.886599999999994
Ord_2786,Prod_8,SHP_3828,626.33,0.01,14,24.56,1.99,0.55,44.737857142857145,1.7542857142857142,0.14214285714285715,593.5167000000001
Ord_1200,Prod_13,SHP_1657,100.87,0.09,36,8.4,0.7,0.58,2.8019444444444446,0.23333333333333334,0.019444444444444445,82.6917
Ord_2717,Prod_13,SHP_3723,132.01,0.04,46,6.93,1.01,0.55,2.869782608695652,0.15065217391304347,0.021956521739130434,118.78959999999998
Ord_2729,Prod_6,SHP_3741,169.13,0.0,50,43.05,1.14,0.4,3.3826,0.861,0.022799999999999997,124.94000000000001
Ord_1194,Prod_13,SHP_1647,65.7,0.01,11,13.41,0.83,0.49,5.972727272727273,1.219090909090909,0.07545454545454545,50.80300000000001
Ord_1195,Prod_3,SHP_1648,127.33,0.02,22,5.3,2.99,0.38,5.787727272727273,0.2409090909090909,0.13590909090909092,116.49340000000001
Ord_1200,Prod_13,SHP_3602,1863.02,0.03,41,360.63,8.99,0.58,45.43951219512195,8.795853658536585,0.21926829268292683,1437.5094
Ord_2717,Prod_6,SHP_3723,276.0,0.08,44,-98.53,5.82,0.37,6.2727272727272725,-2.2393181818181818,0.1322727272727273,346.63
Ord_2684,Prod_6,SHP_3675,157.4,0.07,25,-84.0,6.74,0.37,6.296,-3.36,0.2696,223.642
Ord_2786,Prod_2,SHP_3827,132.01,0.04,28,-93.12,5.15,0.59,4.714642857142857,-3.325714285714286,0.18392857142857144,214.69959999999998
Ord_957,Prod_13,SHP_1325,453.99,0.05,14,14.61,8.99,0.58,32.42785714285714,1.0435714285714286,0.6421428571428571,407.6905
Ord_980,Prod_4,SHP_1354,1326.51,0.03,24,58.17,8.99,0.6,55.27125,2.42375,0.3745833333333333,1219.5547
Ord_980,Prod_8,SHP_1353,243.23,0.07,14,35.33,1.99,0.45,17.373571428571427,2.5235714285714286,0.14214285714285715,188.88389999999998
Ord_940,Prod_5,SHP_1301,138.31,0.07,14,-31.16,6.02,0.48,9.879285714285714,-2.2257142857142855,0.43,153.7683
Ord_934,Prod_8,SHP_1292,199.16,0.1,5,-64.87,1.99,0.44,39.832,-12.974,0.398,242.124
Ord_888,Prod_13,SHP_1221,12.8,0.0,4,-2.21,0.7,0.56,3.2,-0.5525,0.175,14.310000000000002
Ord_929,Prod_3,SHP_1285,563.08,0.1,32,112.97,5.23,0.37,17.59625,3.5303125,0.1634375,388.572
Ord_680,Prod_9,SHP_930,398.76,0.07,34,0.82,6.97,0.35,11.728235294117647,0.02411764705882353,0.205,363.05679999999995
Ord_535,Prod_10,SHP_725,4601.02,0.09,46,-129.53,35.84,0.62,100.02217391304349,-2.8158695652173913,0.7791304347826088,4280.6182
Ord_673,Prod_8,SHP_920,57.5,0.02,2,-83.18,1.99,0.4,28.75,-41.59,0.995,137.54000000000002
Ord_535,Prod_6,SHP_726,89.89,0.1,15,-72.28,7.96,0.36,5.992666666666667,-4.818666666666667,0.5306666666666666,145.221
Ord_535,Prod_3,SHP_724,160.27,0.06,46,-183.36,5.47,0.37,3.484130434782609,-3.9860869565217394,0.11891304347826086,328.54380000000003
Ord_546,Prod_6,SHP_858,2030.44,0.04,49,938.26,5.86,0.36,41.437551020408165,19.148163265306124,0.11959183673469388,1005.1024000000002
Ord_656,Prod_7,SHP_896,50.69,0.04,12,-6.33,2.0,0.53,4.224166666666666,-0.5275,0.16666666666666666,52.992399999999996
Ord_648,Prod_6,SHP_885,122.51,0.06,26,45.14,0.8,0.36,4.711923076923077,1.7361538461538462,0.03076923076923077,69.21940000000001
Ord_648,Prod_4,SHP_886,2846.361,0.08,27,453.65,7.69,0.59,105.42077777777777,16.80185185185185,0.28481481481481485,2157.3121199999996
Ord_546,Prod_6,SHP_741,48.84,0.01,2,-21.2,9.03,0.37,24.42,-10.6,4.515,60.52160000000001
Ord_546,Prod_1,SHP_859,695.99,0.09,47,-157.44,8.78,0.57,14.808297872340425,-3.349787234042553,0.18680851063829787,782.0109
Ord_1782,Prod_3,SHP_2469,115.78,0.07,32,-167.42,6.83,0.38,3.618125,-5.231875,0.2134375,268.2654
Ord_1740,Prod_4,SHP_2409,2465.5015,0.06,14,13.01,8.99,0.6,176.10725,0.9292857142857143,0.6421428571428571,2295.57141
Ord_1782,Prod_1,SHP_2469,210.22,0.0,13,-30.71,7.69,0.57,16.17076923076923,-2.3623076923076924,0.5915384615384616,233.24
Ord_1740,Prod_6,SHP_2409,236.89,0.0,42,-125.29,6.26,0.4,5.640238095238095,-2.9830952380952382,0.14904761904761904,355.92
Ord_827,Prod_5,SHP_1135,395.84,0.0,38,8.42,6.02,0.48,10.416842105263157,0.22157894736842104,0.15842105263157893,381.4
Ord_816,Prod_8,SHP_1121,1461.1,0.01,43,674.46,1.99,0.42,33.97906976744186,15.685116279069769,0.04627906976744186,770.0389999999998
Ord_780,Prod_9,SHP_1071,181.13,0.0,47,-11.39,2.5,0.39,3.8538297872340426,-0.2423404255319149,0.05319148936170213,190.01999999999998
Ord_816,Prod_2,SHP_1120,109.37,0.1,10,-21.66,4.5,0.59,10.937000000000001,-2.166,0.45,115.593
Ord_722,Prod_1,SHP_987,242.63,0.0,19,-36.11,6.27,0.57,12.77,-1.9005263157894736,0.32999999999999996,272.46999999999997
Ord_827,Prod_4,SHP_1134,1201.934,0.03,49,47.42,8.59,0.56,24.529265306122447,0.9677551020408164,0.17530612244897958,1109.86598
Ord_701,Prod_9,SHP_959,355.69,0.09,42,-149.46,8.29,0.38,8.468809523809524,-3.5585714285714287,0.19738095238095235,464.8479
Ord_755,Prod_16,SHP_1032,235.98,0.03,21,11.82,3.37,0.57,11.237142857142857,0.5628571428571428,0.1604761904761905,213.7106
Ord_767,Prod_10,SHP_1048,3416.38,0.01,32,-1142.2,57.38,0.78,106.761875,-35.69375,1.793125,4467.0362000000005
Ord_767,Prod_6,SHP_1049,142.81,0.01,14,39.64,2.27,0.36,10.200714285714286,2.8314285714285714,0.16214285714285714,99.47189999999999
Ord_755,Prod_13,SHP_1032,20.17,0.05,5,-15.42,3.97,0.56,4.034000000000001,-3.084,0.794,30.6115
Ord_822,Prod_3,SHP_1129,263.81,0.03,47,-237.54,7.78,0.37,5.612978723404256,-5.054042553191489,0.16553191489361702,485.6557
Ord_795,Prod_5,SHP_1094,363.23,0.05,47,40.58,4.0,0.42,7.728297872340426,0.8634042553191489,0.0851063829787234,300.48850000000004
Ord_795,Prod_15,SHP_1093,1193.62,0.08,13,-304.47,42.0,0.66,91.81692307692308,-23.42076923076923,3.230769230769231,1360.6004
Ord_812,Prod_17,SHP_1116,697.5,0.02,28,169.89,6.3,0.38,24.910714285714285,6.0675,0.225,507.36
Ord_711,Prod_4,SHP_975,2145.6975,0.08,14,-176.79,4.2,0.6,153.26410714285717,-12.627857142857142,0.3,2146.6317000000004
Ord_711,Prod_4,SHP_974,1341.963,0.0,18,180.78,2.79,0.58,74.5535,10.043333333333333,0.155,1158.393
Ord_807,Prod_4,SHP_1111,1546.3965,0.07,28,226.72,5.26,0.59,55.22844642857143,8.097142857142858,0.18785714285714286,1206.168745
Ord_692,Prod_3,SHP_947,118.38,0.04,16,-42.46,6.05,0.39,7.39875,-2.65375,0.378125,150.0548
Ord_807,Prod_5,SHP_1110,263.8,0.0,7,165.33,5.02,0.55,37.68571428571429,23.618571428571432,0.7171428571428571,93.45000000000002
Ord_753,Prod_3,SHP_1030,43.97,0.04,22,-9.05,1.49,0.37,1.9986363636363635,-0.4113636363636364,0.06772727272727273,49.77119999999999
Ord_686,Prod_13,SHP_940,339.49,0.08,30,-74.21,5.81,0.6,11.316333333333334,-2.4736666666666665,0.19366666666666665,380.7308
Ord_696,Prod_8,SHP_952,65.61,0.08,9,-39.74,3.52,0.68,7.29,-4.415555555555556,0.39111111111111113,96.5812
Ord_696,Prod_1,SHP_953,309.62,0.0,21,-80.2,9.37,0.56,14.743809523809524,-3.8190476190476192,0.44619047619047614,380.45
Ord_794,Prod_16,SHP_1091,321.95,0.03,29,20.76,3.37,0.57,11.101724137931035,0.7158620689655173,0.11620689655172414,288.1615
Ord_773,Prod_4,SHP_1060,1809.0125,0.01,25,795.05,2.5,0.35,72.3605,31.802,0.1,993.3723750000001
Ord_863,Prod_3,SHP_1188,135.88,0.1,24,-75.39,5.59,0.4,5.661666666666666,-3.14125,0.23291666666666666,192.09199999999998
Ord_5015,Prod_4,SHP_6997,3231.564,0.03,43,1166.09,0.99,0.55,75.15265116279069,27.118372093023254,0.023023255813953487,1967.5370800000003
Ord_5017,Prod_9,SHP_7000,1323.31,0.05,38,146.64,14.72,0.4,34.82394736842105,3.8589473684210525,0.3873684210526316,1095.7844999999998
Ord_5009,Prod_9,SHP_6989,180.39,0.04,15,-8.11,6.97,0.35,12.026,-0.5406666666666666,0.4646666666666667,174.31439999999998
Ord_4980,Prod_3,SHP_6951,388.71,0.01,25,36.43,7.27,0.38,15.548399999999999,1.4572,0.2908,341.1229
Ord_4984,Prod_12,SHP_6956,86.1,0.06,31,32.7,0.5,0.36,2.7774193548387096,1.0548387096774194,0.016129032258064516,47.733999999999995
Ord_5021,Prod_6,SHP_7005,210.94,0.08,32,-94.59,6.81,0.36,6.591875,-2.9559375,0.2128125,281.84479999999996
Ord_4984,Prod_1,SHP_6957,298.11,0.08,25,-60.79,6.27,0.57,11.9244,-2.4316,0.25079999999999997,328.78120000000007
Ord_4994,Prod_13,SHP_6970,19.2,0.1,9,-6.84,1.12,0.58,2.1333333333333333,-0.76,0.12444444444444445,23.0
Ord_5027,Prod_3,SHP_7014,243.37,0.01,41,-106.42,5.59,0.4,5.935853658536585,-2.595609756097561,0.13634146341463416,341.7663
Ord_4991,Prod_3,SHP_6967,3390.51,0.05,27,1169.71,19.99,0.37,125.57444444444445,43.32259259259259,0.7403703703703703,2031.2845000000002
Ord_5000,Prod_8,SHP_6979,733.36,0.02,7,-270.48,19.99,0.52,104.76571428571428,-38.64,2.8557142857142854,969.1828
Ord_971,Prod_6,SHP_1341,447.42,0.05,44,41.3,4.78,0.4,10.168636363636365,0.9386363636363636,0.10863636363636364,378.96900000000005
Ord_1024,Prod_3,SHP_1414,75.27,0.06,13,-1.84,2.99,0.37,5.79,-0.14153846153846156,0.23,69.6038
Ord_1024,Prod_8,SHP_1415,1184.53,0.05,31,-26.49,7.12,0.67,38.21064516129032,-0.854516129032258,0.2296774193548387,1144.6735
Ord_1000,Prod_6,SHP_1384,334.71,0.01,25,31.74,6.47,0.38,13.388399999999999,1.2695999999999998,0.2588,293.15289999999993
Ord_1024,Prod_4,SHP_1415,3683.73,0.09,35,708.76,8.99,0.59,105.24942857142857,20.250285714285713,0.25685714285714284,2634.4443
Ord_895,Prod_3,SHP_1231,118.98,0.05,8,-12.77,7.27,0.38,14.8725,-1.59625,0.90875,118.531
Ord_895,Prod_1,SHP_1231,1058.45,0.01,36,-386.02,19.99,0.67,29.40138888888889,-10.722777777777777,0.5552777777777778,1413.8955
Ord_3120,Prod_6,SHP_4331,262.87,0.1,50,-166.29,6.26,0.4,5.2574000000000005,-3.3257999999999996,0.1252,396.613
Ord_3120,Prod_4,SHP_4331,2531.0875,0.01,43,881.68,2.5,0.55,58.862500000000004,20.504186046511627,0.05813953488372093,1621.5966250000001
Ord_2491,Prod_12,SHP_3413,224.58,0.03,35,108.49,0.5,0.39,6.416571428571429,3.0997142857142856,0.014285714285714285,108.85260000000001
Ord_2560,Prod_6,SHP_3505,73.62,0.03,11,-23.5,5.35,0.4,6.692727272727273,-2.1363636363636362,0.48636363636363633,89.5614
Ord_2357,Prod_6,SHP_3238,3080.07,0.1,32,1480.15,4.65,0.37,96.2521875,46.2546875,0.1453125,1287.263
Ord_2490,Prod_11,SHP_3412,7663.74,0.0,50,-375.33,39.25,0.75,153.2748,-7.5066,0.785,7999.82
Ord_2491,Prod_12,SHP_3414,138.59,0.01,36,62.73,0.5,0.38,3.8497222222222223,1.7425,0.013888888888888888,73.97410000000002
Ord_2491,Prod_3,SHP_3415,97.06,0.05,19,-7.36,2.99,0.38,5.108421052631579,-0.3873684210526316,0.1573684210526316,96.57700000000001
Ord_2346,Prod_13,SHP_3220,63.52,0.1,14,8.66,0.71,0.52,4.537142857142857,0.6185714285714285,0.05071428571428571,47.798
Ord_2357,Prod_8,SHP_3237,1793.42,0.06,37,21.5,19.99,0.45,48.47081081081081,0.581081081081081,0.5402702702702702,1644.3248
Ord_2346,Prod_13,SHP_3221,1512.25,0.05,44,195.48,8.99,0.56,34.36931818181818,4.442727272727272,0.20431818181818182,1232.1675
Ord_2561,Prod_6,SHP_3506,186.89,0.02,35,-153.2,7.54,0.38,5.339714285714285,-4.377142857142857,0.21542857142857144,328.81219999999996
Ord_2559,Prod_6,SHP_3503,377.37,0.04,25,151.4,1.97,0.39,15.0948,6.056,0.0788,208.90519999999995
Ord_2559,Prod_1,SHP_3504,1200.7,0.06,47,-37.27,8.79,0.66,25.5468085106383,-0.7929787234042553,0.18702127659574466,1157.1380000000001
Ord_2561,Prod_3,SHP_3506,110.0,0.02,3,-24.43,11.63,0.37,36.666666666666664,-8.143333333333333,3.876666666666667,120.6
Ord_4658,Prod_4,SHP_6491,2693.514,0.02,49,662.05,3.99,0.59,54.96967346938776,13.511224489795918,0.08142857142857143,1973.6037200000003
Ord_1884,Prod_5,SHP_2586,2012.14,0.07,49,241.74,14.45,0.57,41.064081632653064,4.933469387755102,0.29489795918367345,1615.1002
Ord_2248,Prod_1,SHP_3056,241.89,0.02,15,-83.3,10.68,0.58,16.125999999999998,-5.553333333333333,0.712,309.6722
Ord_2248,Prod_7,SHP_3057,83.34,0.01,43,-93.18,2.58,0.82,1.938139534883721,-2.1669767441860466,0.060000000000000005,173.10660000000001
Ord_4596,Prod_13,SHP_6392,156.2,0.03,38,43.0,0.7,0.52,4.110526315789474,1.131578947368421,0.018421052631578946,107.814
Ord_4446,Prod_3,SHP_6194,44.74,0.04,7,-20.1,5.01,0.39,6.3914285714285715,-2.8714285714285714,0.7157142857142856,58.040400000000005
Ord_4446,Prod_3,SHP_6194,90.78,0.06,21,-71.84,5.41,0.35,4.322857142857143,-3.420952380952381,0.25761904761904764,151.7632
Ord_1202,Prod_8,SHP_1659,796.08,0.05,39,30.29,4.0,0.68,20.412307692307692,0.7766666666666666,0.10256410256410256,721.9860000000001
Ord_2532,Prod_11,SHP_3467,5606.91,0.06,47,-300.85,51.94,0.63,119.2959574468085,-6.401063829787234,1.1051063829787233,5519.405400000001
Ord_2548,Prod_3,SHP_3487,181.8,0.05,40,-144.74,5.83,0.36,4.545,-3.6185,0.14575,311.62
Ord_1202,Prod_4,SHP_3289,141.9755,0.09,5,-88.94,0.99,0.35,28.395100000000003,-17.788,0.198,217.147705
Ord_2532,Prod_3,SHP_3466,327.95,0.0,28,43.68,5.14,0.36,11.7125,1.56,0.18357142857142855,279.13
Ord_5480,Prod_4,SHP_7657,812.498,0.0,11,128.95,1.25,0.39,73.86345454545454,11.72272727272727,0.11363636363636363,682.298
Ord_5480,Prod_4,SHP_7658,4657.6515,0.06,37,1242.85,3.9,0.55,125.88247297297298,33.59054054054054,0.1054054054054054,3131.44241
Ord_5476,Prod_4,SHP_7650,2832.88,0.01,48,668.96,8.8,0.58,59.01833333333334,13.936666666666667,0.18333333333333335,2126.7911999999997
Ord_5474,Prod_4,SHP_7647,2288.642,0.05,32,519.59,2.79,0.58,71.5200625,16.2371875,0.0871875,1651.8298999999997
Ord_5476,Prod_13,SHP_7649,173.47,0.05,39,-4.96,1.93,0.52,4.447948717948718,-0.12717948717948718,0.04948717948717948,167.8265
Ord_5480,Prod_15,SHP_7656,2193.93,0.09,10,41.83,24.49,,219.39299999999997,4.183,2.449,1930.1562999999999
Ord_5400,Prod_4,SHP_7541,4361.6985,0.05,26,1069.79,4.2,0.56,167.75763461538463,41.14576923076923,0.16153846153846155,3069.6235750000005
Ord_5206,Prod_12,SHP_7276,153.98,0.02,32,71.6,0.5,0.36,4.811875,2.2375,0.015625,78.8004
Ord_5146,Prod_2,SHP_7192,2531.66,0.02,48,354.74,13.66,0.58,52.742916666666666,7.390416666666667,0.28458333333333335,2112.6268
Ord_5137,Prod_2,SHP_7178,126.57,0.03,17,-752.13,49.0,0.6,7.445294117647059,-44.24294117647059,2.8823529411764706,825.9029
Ord_5160,Prod_5,SHP_7211,118.06,0.05,5,2.63,5.08,0.41,23.612000000000002,0.526,1.016,104.447
Ord_5164,Prod_8,SHP_7216,1444.96,0.09,50,-6.34,4.0,0.78,28.8992,-0.1268,0.08,1317.2536
Ord_5244,Prod_8,SHP_7323,266.27,0.02,9,-5.7,1.99,0.5,29.585555555555555,-0.6333333333333333,0.22111111111111112,264.65459999999996
Ord_5168,Prod_3,SHP_7224,60.68,0.09,29,-115.71,4.77,0.4,2.0924137931034483,-3.9899999999999998,0.16448275862068965,166.15879999999999
Ord_5190,Prod_6,SHP_7254,141.96,0.05,19,38.43,1.71,0.4,7.471578947368421,2.0226315789473683,0.09,94.72199999999998
Ord_5168,Prod_4,SHP_7225,1129.055,0.05,37,337.73,1.1,0.55,30.515,9.127837837837838,0.02972972972972973,733.7722500000002
Ord_5179,Prod_4,SHP_7236,4091.152,0.05,42,1303.92,2.5,0.55,97.40838095238095,31.045714285714286,0.05952380952380952,2580.1744
Ord_5237,Prod_6,SHP_7316,1131.15,0.03,35,433.87,5.76,0.4,32.31857142857143,12.396285714285714,0.16457142857142856,657.5855
Ord_5146,Prod_4,SHP_7192,5382.3105,0.0,29,1419.05,8.99,0.58,185.59691379310343,48.932758620689654,0.31,3954.2704999999996
Ord_5244,Prod_13,SHP_7324,38.44,0.01,10,-26.19,3.97,0.56,3.844,-2.619,0.397,60.2756
Ord_5164,Prod_4,SHP_7217,941.6215,0.01,10,-186.67,8.99,0.57,94.16215,-18.666999999999998,0.899,1109.885285
Ord_86,Prod_2,SHP_115,1020.61,0.04,47,-209.61,13.99,0.52,21.715106382978725,-4.459787234042554,0.2976595744680851,1175.4056
Ord_46,Prod_6,SHP_60,296.13,0.04,47,119.09,1.02,0.39,6.30063829787234,2.5338297872340427,0.02170212765957447,164.17480000000003
Ord_46,Prod_6,SHP_60,217.0,0.01,41,-61.21,4.75,0.36,5.2926829268292686,-1.4929268292682927,0.11585365853658537,271.29
Ord_42,Prod_6,SHP_55,208.28,0.07,19,3.63,5.43,0.36,10.962105263157895,0.19105263157894736,0.28578947368421054,184.6404
Ord_1205,Prod_1,SHP_1665,8295.29,0.08,48,2267.22,19.99,0.55,172.81854166666668,47.23374999999999,0.4164583333333333,5344.456800000002
Ord_86,Prod_16,SHP_1656,592.73,0.02,45,75.01,3.14,0.6,13.171777777777779,1.666888888888889,0.06977777777777779,502.72540000000004
Ord_1210,Prod_6,SHP_1671,81.68,0.08,13,-25.22,5.15,0.36,6.283076923076924,-1.94,0.3961538461538462,95.2156
Ord_86,Prod_6,SHP_1655,755.6,0.05,22,223.44,7.5,0.38,34.345454545454544,10.156363636363636,0.3409090909090909,486.88000000000005
Ord_86,Prod_5,SHP_1655,243.51,0.02,18,-159.86,14.37,0.73,13.528333333333332,-8.881111111111112,0.7983333333333333,384.1298
Ord_5198,Prod_6,SHP_7264,1050.16,0.04,26,265.09,13.26,0.36,40.39076923076924,10.19576923076923,0.51,729.8036000000002
Ord_5225,Prod_11,SHP_7298,951.31,0.08,31,-1099.46,45.51,0.65,30.687419354838706,-35.46645161290323,1.4680645161290322,1929.1552000000001
Ord_5136,Prod_11,SHP_7177,7666.04,0.02,50,-1820.84,80.2,0.71,153.3208,-36.416799999999995,1.604,9253.359199999999
Ord_5224,Prod_6,SHP_7297,283.18,0.03,43,-154.95,7.49,0.37,6.585581395348838,-3.603488372093023,0.17418604651162792,422.14459999999997
Ord_5221,Prod_1,SHP_7294,135.38,0.05,17,-71.12,6.5,0.59,7.963529411764705,-4.183529411764706,0.38235294117647056,193.231
Ord_605,Prod_8,SHP_827,3197.45,0.08,46,97.16,4.0,0.77,69.50978260869564,2.112173913043478,0.08695652173913043,2840.494
Ord_620,Prod_12,SHP_847,168.55,0.05,47,71.77,0.5,0.38,3.586170212765958,1.5270212765957445,0.010638297872340425,87.8525
Ord_615,Prod_1,SHP_842,4538.66,0.0,40,506.86,8.64,0.78,113.4665,12.6715,0.21600000000000003,4023.1599999999994
Ord_625,Prod_3,SHP_853,170.42,0.1,36,-98.31,4.97,0.38,4.733888888888888,-2.7308333333333334,0.13805555555555554,246.718
Ord_607,Prod_8,SHP_831,2323.36,0.08,13,220.39,19.99,0.48,178.72,16.95307692307692,1.5376923076923075,1897.1112000000003
Ord_625,Prod_13,SHP_854,294.26,0.0,48,88.8,0.7,0.6,6.130416666666666,1.8499999999999999,0.014583333333333332,204.76
Ord_606,Prod_11,SHP_830,6408.3,0.1,24,539.54,35.67,0.66,267.0125,22.480833333333333,1.48625,5192.26
Ord_615,Prod_12,SHP_839,13.3,0.09,2,-7.86,0.49,0.38,6.65,-3.93,0.245,19.473000000000003
Ord_616,Prod_2,SHP_843,3816.59,0.01,17,191.47,68.02,0.58,224.50529411764705,11.262941176470589,4.001176470588235,3518.9341000000004
Ord_638,Prod_6,SHP_871,187.28,0.06,42,-94.36,4.79,0.4,4.459047619047619,-2.2466666666666666,0.11404761904761905,265.6132
Ord_620,Prod_16,SHP_848,77.03,0.08,26,-47.75,1.92,0.84,2.9626923076923077,-1.8365384615384615,0.07384615384615384,116.6976
Ord_605,Prod_16,SHP_828,78.57,0.02,21,-20.65,1.32,0.83,3.741428571428571,-0.9833333333333333,0.06285714285714286,96.3286
Ord_615,Prod_10,SHP_840,3379.01,0.06,27,-801.09,54.74,0.69,125.14851851851853,-29.67,2.0274074074074075,3922.6194000000005
Ord_615,Prod_6,SHP_841,687.52,0.08,15,223.76,5.81,0.38,45.834666666666664,14.917333333333334,0.3873333333333333,402.9484
Ord_613,Prod_3,SHP_837,671.03,0.07,47,67.86,6.46,0.38,14.277234042553191,1.4438297872340426,0.13744680851063829,549.7379
Ord_681,Prod_7,SHP_931,67.58,0.09,25,16.8,0.8,0.39,2.7032,0.672,0.032,43.897800000000004
Ord_594,Prod_4,SHP_811,5677.609,0.04,47,1680.79,4.2,0.59,120.80019148936171,35.761489361702125,0.08936170212765958,3765.5146400000003
Ord_609,Prod_9,SHP_833,761.23,0.0,20,107.93,14.72,0.4,38.0615,5.3965000000000005,0.736,638.5799999999999
Ord_626,Prod_6,SHP_856,182.09,0.0,26,-28.15,5.19,0.37,7.003461538461538,-1.0826923076923076,0.19961538461538464,205.05
Ord_4643,Prod_13,SHP_6468,45.57,0.09,16,2.81,0.7,0.56,2.848125,0.175625,0.04375,37.95869999999999
Ord_4817,Prod_5,SHP_6713,351.12,0.09,12,202.63,3.92,0.44,29.26,16.885833333333334,0.32666666666666666,112.9692
Ord_2198,Prod_1,SHP_2996,1610.76,0.1,38,-8.67,16.36,0.55,42.38842105263158,-0.22815789473684212,0.43052631578947365,1441.9940000000001
Ord_2272,Prod_13,SHP_3098,177.22,0.06,30,68.96,1.0,0.38,5.907333333333333,2.2986666666666666,0.03333333333333333,96.62680000000002
Ord_2210,Prod_15,SHP_3009,301.57,0.0,8,-77.31,19.19,0.58,37.69625,-9.66375,2.39875,359.69
Ord_4582,Prod_6,SHP_6376,246.63,0.08,20,31.54,4.86,0.38,12.3315,1.577,0.24300000000000002,190.4996
Ord_1874,Prod_13,SHP_2574,40.02,0.02,4,-1.28,1.09,0.43,10.005,-0.32,0.2725,39.4096
Ord_1917,Prod_13,SHP_2629,202.64,0.03,47,28.75,1.17,0.57,4.311489361702128,0.6117021276595744,0.024893617021276595,166.6408
Ord_1947,Prod_3,SHP_2665,273.42,0.0,7,10.06,14.72,0.37,39.06,1.4371428571428573,2.1028571428571428,248.64
Ord_1917,Prod_3,SHP_4134,179.26,0.01,16,36.78,2.99,0.38,11.20375,2.29875,0.186875,137.6974
Ord_1874,Prod_3,SHP_2574,315.02,0.02,50,95.16,1.49,0.39,6.3004,1.9032,0.0298,212.06959999999995
Ord_3694,Prod_4,SHP_5120,2560.9395,0.06,24,457.79,2.5,0.6,106.7058125,19.074583333333333,0.10416666666666667,1946.9931299999998
Ord_3694,Prod_3,SHP_5119,27.89,0.08,6,-23.81,5.26,0.38,4.648333333333333,-3.9683333333333333,0.8766666666666666,44.2088
Ord_3696,Prod_15,SHP_5123,3575.23,0.04,30,87.88,30.0,0.69,119.17433333333334,2.929333333333333,1.0,3314.3408
Ord_3197,Prod_8,SHP_4434,392.77,0.09,10,-146.2,7.12,0.67,39.277,-14.62,0.712,496.5007
Ord_3197,Prod_11,SHP_4435,7332.088,0.06,24,53.79,85.63,0.74,305.5036666666667,2.24125,3.5679166666666666,6752.742719999999
Ord_3121,Prod_5,SHP_4332,726.22,0.01,41,52.47,8.99,0.47,17.71268292682927,1.2797560975609756,0.21926829268292683,657.4978
Ord_5421,Prod_15,SHP_7572,4000.35,0.07,26,303.39,30.0,0.62,153.85961538461538,11.668846153846154,1.1538461538461537,3386.9355
Ord_5401,Prod_8,SHP_7542,184.35,0.07,22,11.95,1.99,0.52,8.379545454545454,0.5431818181818181,0.09045454545454545,157.50549999999998
Ord_5387,Prod_15,SHP_7523,1270.73,0.08,19,-425.72,30.0,0.73,66.88052631578948,-22.406315789473684,1.5789473684210527,1564.7916
Ord_5352,Prod_5,SHP_7477,475.72,0.02,22,-10.4,10.49,0.49,21.623636363636365,-0.4727272727272727,0.4768181818181818,466.1156
Ord_5463,Prod_6,SHP_7633,189.04,0.03,30,66.28,1.34,0.36,6.301333333333333,2.2093333333333334,0.04466666666666667,115.74879999999999
Ord_5385,Prod_4,SHP_7520,194.174,0.03,11,-20.91,0.99,0.57,17.65218181818182,-1.9009090909090909,0.09,208.26878
Ord_5387,Prod_3,SHP_7522,657.94,0.09,49,7.35,7.17,0.38,13.42734693877551,0.15,0.1463265306122449,584.2054
Ord_5421,Prod_8,SHP_7571,1272.35,0.0,12,297.57,7.18,0.4,106.02916666666665,24.7975,0.5983333333333333,967.5999999999999
Ord_5352,Prod_5,SHP_7478,123.91,0.09,15,39.04,0.96,0.43,8.260666666666667,2.6026666666666665,0.064,72.75810000000001
Ord_2789,Prod_3,SHP_3834,14.75,0.07,2,-11.42,7.01,0.37,7.375,-5.71,3.505,18.127499999999998
Ord_2789,Prod_13,SHP_3833,100.6,0.03,46,11.55,1.0,0.38,2.1869565217391305,0.2510869565217391,0.021739130434782608,85.032
Ord_2760,Prod_6,SHP_3786,1004.18,0.08,19,374.19,6.79,0.37,52.85157894736842,19.69421052631579,0.35736842105263156,542.8656000000001
Ord_2676,Prod_13,SHP_3665,55.68,0.04,27,0.26,0.7,0.57,2.062222222222222,0.00962962962962963,0.025925925925925925,52.492799999999995
Ord_2676,Prod_8,SHP_3664,3333.1,0.1,50,-85.03,4.0,0.79,66.66199999999999,-1.7006000000000001,0.08,3080.82
Ord_2789,Prod_1,SHP_3833,958.06,0.09,6,-77.09,19.99,0.59,159.67666666666665,-12.848333333333334,3.3316666666666666,928.9345999999999
Ord_2807,Prod_16,SHP_3863,174.58,0.08,26,-57.17,4.42,0.58,6.714615384615385,-2.198846153846154,0.16999999999999998,213.36360000000002
Ord_2738,Prod_3,SHP_3756,172.42,0.09,25,-71.6,6.05,0.39,6.8968,-2.864,0.242,222.45219999999998
Ord_2738,Prod_4,SHP_3757,2033.9225,0.02,19,251.2,2.5,0.6,107.04855263157894,13.221052631578948,0.13157894736842105,1739.5440499999997
Ord_965,Prod_16,SHP_1334,191.67,0.03,17,6.02,3.37,0.57,11.27470588235294,0.3541176470588235,0.19823529411764707,176.52989999999997
Ord_944,Prod_13,SHP_1305,80.33,0.09,48,-12.95,0.83,0.57,1.6735416666666667,-0.26979166666666665,0.017291666666666667,85.22030000000001
Ord_1019,Prod_3,SHP_1409,112.36,0.08,33,-159.74,6.27,0.4,3.404848484848485,-4.840606060606061,0.18999999999999997,256.8412
Ord_1019,Prod_4,SHP_1409,481.049,0.09,16,46.51,1.1,0.55,30.0655625,2.906875,0.06875,390.14459
Ord_928,Prod_15,SHP_1283,5178.17,0.03,41,531.69,30.0,0.64,126.29682926829268,12.968048780487806,0.7317073170731707,4461.134899999999
Ord_928,Prod_5,SHP_1284,535.24,0.01,32,216.43,3.73,0.46,16.72625,6.7634375,0.1165625,309.7276
Ord_885,Prod_8,SHP_1217,127.74,0.04,7,-5.57,4.0,0.37,18.248571428571427,-0.7957142857142857,0.5714285714285714,124.2004
Ord_885,Prod_5,SHP_1218,325.92,0.03,33,-36.47,7.29,0.45,9.876363636363637,-1.1051515151515152,0.22090909090909092,345.3224
Ord_3127,Prod_6,SHP_4339,113.14,0.06,3,-21.23,5.08,0.38,37.71333333333333,-7.076666666666667,1.6933333333333334,122.50160000000001
Ord_3159,Prod_3,SHP_4383,706.91,0.03,34,85.68,8.83,0.37,20.791470588235292,2.52,0.2597058823529412,591.1926999999998
Ord_3127,Prod_5,SHP_4338,172.04,0.02,3,143.08,11.1,0.64,57.346666666666664,47.693333333333335,3.6999999999999997,14.41919999999999
Ord_3170,Prod_8,SHP_4398,2337.03,0.1,50,-37.19,19.99,0.45,46.7406,-0.7437999999999999,0.3998,2120.5270000000005
Ord_3127,Prod_1,SHP_4340,1724.82,0.1,32,407.8,5.08,0.59,53.900625,12.74375,0.15875,1139.458
Ord_3137,Prod_5,SHP_4351,42.3,0.06,2,-25.38,6.15,0.44,21.15,-12.69,3.075,58.992000000000004
Ord_3171,Prod_13,SHP_4402,65.61,0.02,31,-16.63,1.63,0.46,2.1164516129032256,-0.5364516129032257,0.05258064516129032,79.2978
Ord_3176,Prod_6,SHP_4407,49.14,0.05,8,-22.56,6.18,0.4,6.1425,-2.82,0.7725,63.063
Ord_3171,Prod_15,SHP_4401,3355.1,0.07,48,-1701.96,59.81,0.6,69.89791666666666,-35.4575,1.2460416666666667,4762.393
Ord_3170,Prod_2,SHP_4398,1503.49,0.03,21,408.73,3.5,0.59,71.59476190476191,19.463333333333335,0.16666666666666666,1046.1553
Ord_3171,Prod_8,SHP_4402,2864.55,0.06,34,1021.07,5.5,0.44,84.25147058823529,30.031470588235294,0.16176470588235295,1666.107
Ord_3159,Prod_6,SHP_4384,190.06,0.06,31,-61.9,5.35,0.4,6.130967741935484,-1.9967741935483871,0.17258064516129032,235.2064
Ord_3170,Prod_8,SHP_4399,10.62,0.02,1,-31.2,2.38,0.74,10.62,-31.2,2.38,39.227599999999995
Ord_3149,Prod_6,SHP_4372,180.79,0.05,8,20.09,5.47,0.39,22.59875,2.51125,0.68375,146.1905
Ord_3161,Prod_6,SHP_4387,212.12,0.02,38,-93.78,5.66,0.4,5.582105263157895,-2.4678947368421054,0.14894736842105263,295.99760000000003
Ord_2715,Prod_6,SHP_3721,134.88,0.0,24,-122.21,8.16,0.4,5.62,-5.092083333333333,0.34,248.93
Ord_2683,Prod_12,SHP_3674,90.5,0.03,28,24.71,0.99,0.37,3.232142857142857,0.8825000000000001,0.03535714285714286,62.085
Ord_2628,Prod_8,SHP_3595,682.77,0.05,49,165.2,1.99,0.49,13.934081632653061,3.371428571428571,0.040612244897959185,481.44149999999996
Ord_2631,Prod_4,SHP_3599,2322.812,0.1,44,454.38,4.2,0.59,52.79118181818182,10.326818181818181,0.09545454545454546,1631.9508
Ord_2593,Prod_1,SHP_3551,153.23,0.08,27,-95.15,4.69,0.68,5.6751851851851844,-3.524074074074074,0.17370370370370372,231.4316
Ord_2631,Prod_13,SHP_3598,111.48,0.09,31,29.57,0.7,0.44,3.5961290322580646,0.9538709677419355,0.02258064516129032,71.17679999999999
Ord_2817,Prod_15,SHP_3878,965.46,0.03,10,-71.48,30.0,0.61,96.546,-7.148000000000001,3.0,977.9762000000001
Ord_2715,Prod_8,SHP_3720,3931.17,0.1,42,1174.02,7.18,0.46,93.59928571428571,27.95285714285714,0.17095238095238094,2356.853
Ord_2661,Prod_6,SHP_3644,65.1,0.03,11,13.31,1.46,0.39,5.918181818181818,1.21,0.13272727272727272,48.37699999999999
Ord_2621,Prod_10,SHP_3586,1187.01,0.0,8,-203.27,32.18,0.78,148.37625,-25.40875,4.0225,1358.1
Ord_2661,Prod_5,SHP_3645,163.75,0.0,19,23.61,4.95,0.41,8.618421052631579,1.2426315789473683,0.2605263157894737,135.19
Ord_2800,Prod_13,SHP_3853,85.87,0.01,47,3.13,0.7,0.56,1.8270212765957448,0.06659574468085107,0.014893617021276595,81.18130000000001
Ord_2800,Prod_1,SHP_3854,8127.32,0.01,42,1141.07,19.99,0.71,193.50761904761904,27.168333333333333,0.4759523809523809,6884.986800000001
Ord_2648,Prod_3,SHP_3622,28.82,0.08,14,-8.36,1.49,0.38,2.0585714285714287,-0.5971428571428571,0.10642857142857143,33.3844
Ord_2661,Prod_3,SHP_3643,323.11,0.0,14,41.52,8.83,0.37,23.079285714285714,2.9657142857142857,0.6307142857142857,272.76000000000005
Ord_2800,Prod_13,SHP_3852,93.85,0.08,24,19.42,0.7,0.52,3.9104166666666664,0.8091666666666667,0.029166666666666664,66.222
Ord_2775,Prod_13,SHP_3810,47.55,0.0,18,10.01,1.0,0.38,2.6416666666666666,0.5561111111111111,0.05555555555555555,36.54
Ord_2800,Prod_6,SHP_3851,481.4,0.04,14,150.72,5.09,0.38,34.385714285714286,10.765714285714285,0.36357142857142855,306.33400000000006
Ord_2774,Prod_9,SHP_3809,3191.24,0.0,38,1620.23,5.01,0.38,83.97999999999999,42.63763157894737,0.1318421052631579,1565.9999999999995
Ord_3254,Prod_15,SHP_4514,1160.55,0.05,43,-179.17,14.36,0.6,26.98953488372093,-4.166744186046511,0.333953488372093,1267.3325000000002
Ord_3377,Prod_13,SHP_4682,74.17,0.01,43,-13.4,1.29,0.42,1.7248837209302326,-0.3116279069767442,0.030000000000000002,85.5383
Ord_3253,Prod_4,SHP_4513,292.808,0.05,43,-129.69,5.03,0.6,6.809488372093023,-3.016046511627907,0.11697674418604652,402.8276
Ord_3505,Prod_8,SHP_4855,1258.97,0.1,41,-112.58,5.5,0.75,30.70658536585366,-2.745853658536585,0.13414634146341464,1240.153
Ord_5389,Prod_4,SHP_7525,1768.969,0.0,31,341.1,5.99,0.58,57.06351612903226,11.003225806451614,0.1932258064516129,1421.879
Ord_5403,Prod_3,SHP_7546,281.17,0.01,38,-78.37,6.05,0.39,7.39921052631579,-2.0623684210526316,0.15921052631578947,350.67830000000004
Ord_5403,Prod_6,SHP_7546,194.65,0.05,10,-3.78,9.03,0.37,19.465,-0.378,0.9029999999999999,179.66750000000002
Ord_2877,Prod_6,SHP_3964,497.52,0.03,39,92.46,5.09,0.38,12.756923076923076,2.3707692307692305,0.1305128205128205,385.04440000000005
Ord_2877,Prod_10,SHP_3963,4650.07,0.04,38,-1143.15,60.19,0.71,122.37026315789473,-30.082894736842107,1.5839473684210525,5547.0272
Ord_2915,Prod_6,SHP_4020,163.36,0.04,24,-65.54,6.6,0.37,6.8066666666666675,-2.7308333333333334,0.27499999999999997,215.7656
Ord_2964,Prod_11,SHP_4087,6139.34,0.08,29,-528.65,69.64,0.77,211.70137931034483,-18.229310344827585,2.4013793103448275,6107.202799999999
Ord_2915,Prod_4,SHP_4020,5154.009,0.03,33,1184.68,13.99,0.57,156.1820909090909,35.89939393939394,0.42393939393939395,3800.7187299999996
Ord_2915,Prod_7,SHP_4021,44.08,0.06,21,-9.09,0.7,0.83,2.099047619047619,-0.43285714285714283,0.03333333333333333,49.825199999999995
Ord_3516,Prod_6,SHP_4869,1419.83,0.07,46,385.8,8.74,0.4,30.86586956521739,8.386956521739132,0.19,925.9018999999998
Ord_3327,Prod_5,SHP_4617,1227.18,0.0,50,-252.53,15.68,0.62,24.5436,-5.0506,0.3136,1464.03
Ord_3271,Prod_8,SHP_4541,174.55,0.05,4,-114.39,10.25,0.55,43.6375,-28.5975,2.5625,269.96250000000003
Ord_3490,Prod_3,SHP_4832,1163.75,0.05,18,222.17,19.99,0.36,64.65277777777777,12.342777777777776,1.1105555555555555,863.4025
Ord_3383,Prod_5,SHP_4690,7.15,0.03,1,-2.55,2.03,0.51,7.15,-2.55,2.03,7.4555
Ord_3224,Prod_3,SHP_4472,76.6,0.01,16,-48.51,5.41,0.35,4.7875,-3.031875,0.338125,118.934
Ord_618,Prod_13,SHP_845,195.49,0.05,34,33.8,1.2,0.55,5.749705882352941,0.9941176470588234,0.03529411764705882,150.71550000000002
Ord_621,Prod_2,SHP_849,939.39,0.07,20,-122.77,19.99,0.57,46.9695,-6.1385,0.9994999999999999,976.4127
Ord_3249,Prod_12,SHP_4506,172.15,0.02,41,86.78,0.5,0.38,4.1987804878048784,2.1165853658536586,0.012195121951219513,81.42699999999999
Ord_2544,Prod_3,SHP_3483,13.29,0.08,2,-10.33,5.41,0.35,6.645,-5.165,2.705,17.1468
Ord_2553,Prod_8,SHP_3495,31.7,0.05,2,-44.39,1.99,0.49,15.85,-22.195,0.995,72.515
Ord_2555,Prod_4,SHP_3497,1124.244,0.03,10,-126.45,7.69,0.58,112.42439999999999,-12.645,0.769,1209.27668
Ord_2407,Prod_15,SHP_3302,6147.24,0.05,40,632.98,30.0,0.62,153.68099999999998,15.8245,0.75,5176.897999999999
Ord_2663,Prod_2,SHP_3648,319.62,0.08,8,-16.64,7.2,0.6,39.9525,-2.08,0.9,303.4904
Ord_2576,Prod_4,SHP_3530,1156.6715,0.01,20,88.52,7.69,0.59,57.833574999999996,4.426,0.3845,1048.894785
Ord_2820,Prod_1,SHP_3882,535.54,0.04,16,60.82,5.1,0.6,33.47125,3.80125,0.31875,448.19839999999994
Ord_2663,Prod_8,SHP_3648,263.39,0.08,32,-59.73,2.83,0.77,8.2309375,-1.8665625,0.0884375,299.2188
Ord_2820,Prod_6,SHP_3881,155.52,0.05,23,-133.73,9.68,0.36,6.761739130434783,-5.814347826086956,0.4208695652173913,271.794
Ord_2663,Prod_11,SHP_3649,7208.8,0.02,26,-633.44,62.74,0.75,277.26153846153846,-24.363076923076925,2.413076923076923,7635.3240000000005
Ord_2605,Prod_6,SHP_3566,197.15,0.0,27,-23.34,5.2,0.37,7.301851851851852,-0.8644444444444445,0.1925925925925926,215.29000000000002
Ord_2582,Prod_5,SHP_3537,5340.5,0.01,48,1215.28,13.99,0.69,111.26041666666667,25.31833333333333,0.2914583333333333,4057.8250000000007
Ord_2419,Prod_6,SHP_3319,192.92,0.09,37,74.58,0.95,0.36,5.214054054054054,2.0156756756756757,0.025675675675675674,100.02720000000001
Ord_2443,Prod_2,SHP_3351,342.4,0.0,26,-14.06,6.96,0.5,13.169230769230769,-0.5407692307692308,0.2676923076923077,349.5
Ord_2525,Prod_1,SHP_3458,1537.5,0.04,21,-531.92,35.0,0.8,73.21428571428571,-25.329523809523806,1.6666666666666667,1972.92
Ord_2354,Prod_12,SHP_3233,33.43,0.06,12,8.47,0.5,0.38,2.785833333333333,0.7058333333333334,0.041666666666666664,22.4542
Ord_2419,Prod_1,SHP_3319,10532.94,0.06,37,406.37,35.0,0.8,284.67405405405407,10.982972972972973,0.9459459459459459,9459.5936
Ord_2367,Prod_6,SHP_3250,1357.53,0.05,39,562.92,5.09,0.38,34.808461538461536,14.433846153846153,0.1305128205128205,721.6435
Ord_2419,Prod_5,SHP_3318,44.17,0.02,5,23.41,4.0,0.42,8.834,4.682,0.8,15.8766
Ord_4996,Prod_16,SHP_6973,68.42,0.05,33,-57.97,2.56,0.55,2.0733333333333333,-1.7566666666666666,0.07757575757575758,120.40899999999999
Ord_3289,Prod_6,SHP_6933,158.78,0.07,23,33.26,2.17,0.38,6.903478260869565,1.4460869565217391,0.09434782608695652,112.23540000000003
Ord_4996,Prod_6,SHP_6972,236.89,0.04,36,-86.3,6.22,0.37,6.580277777777777,-2.397222222222222,0.17277777777777778,307.4944
Ord_4996,Prod_15,SHP_6972,5526.16,0.03,38,1263.98,24.49,0.57,145.42526315789473,33.26263157894737,0.6444736842105263,4071.9051999999997
Ord_3451,Prod_3,SHP_4784,299.66,0.08,30,-18.25,5.75,0.39,9.988666666666667,-0.6083333333333333,0.19166666666666668,288.1872
Ord_3289,Prod_3,SHP_4563,463.42,0.08,33,14.2,7.17,0.38,14.043030303030303,0.4303030303030303,0.21727272727272728,404.9764
Ord_3255,Prod_16,SHP_4515,106.06,0.08,35,-59.74,1.92,0.84,3.0302857142857142,-1.7068571428571429,0.054857142857142854,155.3952
Ord_4998,Prod_3,SHP_6975,146.68,0.08,29,-8.33,2.99,0.37,5.057931034482759,-0.2872413793103448,0.10310344827586207,140.28560000000002
Ord_4963,Prod_3,SHP_6926,3665.41,0.05,30,1236.36,19.99,0.37,122.18033333333332,41.211999999999996,0.6663333333333333,2225.7895
Ord_4955,Prod_4,SHP_6915,2443.342,0.01,44,590.32,3.99,0.59,55.5305,13.416363636363638,0.09068181818181818,1824.5985800000003
Ord_4963,Prod_3,SHP_6925,538.27,0.02,29,225.2,1.49,0.35,18.561034482758622,7.76551724137931,0.05137931034482759,300.8146
Ord_4963,Prod_7,SHP_6927,20.95,0.0,14,2.81,0.7,0.38,1.4964285714285714,0.2007142857142857,0.049999999999999996,17.44
Ord_3643,Prod_12,SHP_5045,129.49,0.04,41,36.02,0.99,0.37,3.1582926829268296,0.8785365853658538,0.024146341463414635,87.30040000000002
Ord_3643,Prod_6,SHP_5045,202.95,0.02,29,-50.64,5.9,0.37,6.998275862068965,-1.7462068965517241,0.20344827586206898,243.63099999999997
Ord_3643,Prod_4,SHP_5046,2753.1925,0.04,26,510.49,4.2,0.59,105.89201923076924,19.63423076923077,0.16153846153846155,2128.3748000000005
Ord_4987,Prod_9,SHP_6962,893.29,0.08,39,256.16,6.71,0.35,22.904871794871795,6.568205128205129,0.17205128205128206,558.9567999999999
Ord_4977,Prod_1,SHP_6947,946.27,0.06,28,66.38,8.74,0.61,33.79535714285714,2.3707142857142856,0.31214285714285717,814.3738
Ord_4961,Prod_4,SHP_6923,1954.796,0.05,17,98.35,4.2,0.59,114.988,5.785294117647059,0.24705882352941178,1754.5062
Ord_4962,Prod_17,SHP_6924,2312.96,0.09,17,43.03,17.85,0.56,136.0564705882353,2.5311764705882354,1.05,2043.9136
Ord_4951,Prod_15,SHP_6908,2415.38,0.08,26,-1131.6,74.35,0.57,92.89923076923077,-43.52307692307692,2.8596153846153842,3279.3996
Ord_4965,Prod_6,SHP_6930,214.03,0.02,34,-138.92,7.96,0.36,6.295,-4.0858823529411765,0.23411764705882354,340.70939999999996
Ord_4981,Prod_3,SHP_6952,1515.0,0.08,49,219.04,12.62,0.37,30.918367346938776,4.4702040816326525,0.25755102040816324,1162.14
Ord_3717,Prod_6,SHP_5155,128.02,0.02,10,-7.9,6.47,0.38,12.802000000000001,-0.79,0.647,126.88960000000002
Ord_3717,Prod_13,SHP_5156,526.82,0.06,15,32.34,8.99,0.56,35.12133333333334,2.156,0.5993333333333334,453.8808
Ord_3717,Prod_3,SHP_5154,676.44,0.07,20,48.76,14.72,0.37,33.822,2.4379999999999997,0.736,565.6092
Ord_3712,Prod_13,SHP_5144,1486.72,0.0,32,294.81,8.99,0.58,46.46,9.2128125,0.2809375,1182.92
Ord_3697,Prod_8,SHP_5124,662.16,0.07,25,185.21,1.99,0.4,26.4864,7.4084,0.0796,428.6088
Ord_3712,Prod_16,SHP_5144,558.04,0.05,45,40.32,3.14,0.6,12.400888888888888,0.896,0.06977777777777779,486.67799999999994
Ord_3708,Prod_3,SHP_5138,12.61,0.07,6,-4.9,1.49,0.37,2.1016666666666666,-0.8166666666666668,0.24833333333333332,15.1373
Ord_3735,Prod_7,SHP_5182,43.54,0.0,34,-17.48,0.7,0.81,1.2805882352941176,-0.5141176470588236,0.020588235294117647,60.31999999999999
Ord_3703,Prod_5,SHP_5131,875.52,0.09,24,5.71,13.99,0.67,36.48,0.23791666666666667,0.5829166666666666,777.0232
Ord_3745,Prod_13,SHP_5196,14.74,0.08,5,-2.58,0.7,0.56,2.948,-0.516,0.13999999999999999,15.440800000000001
Ord_3530,Prod_4,SHP_4890,3206.3955,0.08,35,784.77,2.5,0.55,91.6113,22.422,0.07142857142857142,2162.61386
Ord_3576,Prod_6,SHP_4950,161.96,0.0,26,-51.12,5.67,0.36,6.229230769230769,-1.9661538461538461,0.21807692307692308,207.41000000000003
Ord_3530,Prod_4,SHP_4890,2053.379,0.1,47,1040.4,1.25,0.35,43.68891489361702,22.136170212765958,0.026595744680851064,806.3910999999998
Ord_3636,Prod_6,SHP_5035,287.75,0.02,42,-136.02,7.3,0.37,6.851190476190476,-3.238571428571429,0.1738095238095238,410.71500000000003
Ord_3524,Prod_2,SHP_4877,9059.9,0.07,50,778.01,55.24,0.57,181.19799999999998,15.5602,1.1048,7592.457
Ord_3207,Prod_5,SHP_4448,447.09,0.09,11,89.03,8.66,0.76,40.64454545454545,8.093636363636364,0.7872727272727272,309.16189999999995
Ord_3306,Prod_12,SHP_4585,115.24,0.03,44,43.23,0.5,0.39,2.619090909090909,0.9824999999999999,0.011363636363636364,68.05279999999999
Ord_3207,Prod_17,SHP_4449,4192.88,0.02,29,731.32,17.85,0.56,144.58206896551724,25.21793103448276,0.6155172413793104,3359.8523999999998
Ord_3524,Prod_6,SHP_4879,14.46,0.06,3,-5.26,2.26,0.36,4.82,-1.7533333333333332,0.7533333333333333,16.5924
Ord_3207,Prod_3,SHP_4447,161.77,0.01,42,-150.37,5.47,0.37,3.851666666666667,-3.580238095238095,0.13023809523809524,305.0523
Ord_3524,Prod_8,SHP_4878,368.17,0.0,41,-15.12,2.38,0.74,8.979756097560976,-0.36878048780487804,0.058048780487804874,380.91
Ord_3524,Prod_6,SHP_4880,168.39,0.03,25,-144.89,9.68,0.36,6.7356,-5.795599999999999,0.3872,298.5482999999999
Ord_3724,Prod_12,SHP_5168,13.42,0.03,4,-1.26,0.99,0.37,3.355,-0.315,0.2475,13.2874
Ord_3736,Prod_6,SHP_5183,330.27,0.07,50,-195.57,7.86,0.37,6.6053999999999995,-3.9114,0.1572,494.86109999999996
Ord_3710,Prod_11,SHP_5140,1111.008,0.09,10,-146.29,43.75,0.65,111.1008,-14.629,4.375,1113.55728
Ord_3728,Prod_12,SHP_5172,53.79,0.03,18,11.55,0.99,0.36,2.9883333333333333,0.6416666666666667,0.055,39.63629999999999
Ord_261,Prod_9,SHP_357,524.2,0.04,21,158.98,6.71,0.35,24.961904761904766,7.57047619047619,0.31952380952380954,337.54200000000003
Ord_199,Prod_6,SHP_271,89.97,0.02,15,23.48,1.46,0.39,5.998,1.5653333333333335,0.09733333333333333,63.230599999999995
Ord_277,Prod_7,SHP_376,137.51,0.02,41,21.62,1.35,0.4,3.35390243902439,0.5273170731707317,0.032926829268292684,111.78979999999999
Ord_277,Prod_13,SHP_376,110.31,0.05,18,-1.22,2.27,0.56,6.128333333333334,-0.06777777777777777,0.12611111111111112,103.7445
Ord_199,Prod_1,SHP_272,456.91,0.04,28,-328.18,17.78,0.59,16.318214285714287,-11.720714285714285,0.635,749.0336
Ord_277,Prod_3,SHP_376,154.18,0.08,43,-166.92,5.47,0.37,3.5855813953488376,-3.881860465116279,0.1272093023255814,303.29560000000004
Ord_256,Prod_6,SHP_352,225.16,0.02,32,-33.69,5.2,0.37,7.03625,-1.0528125,0.1625,249.1468
Ord_244,Prod_3,SHP_338,192.18,0.02,25,-48.88,6.05,0.39,7.687200000000001,-1.9552,0.242,231.16639999999998
Ord_290,Prod_3,SHP_392,3482.41,0.05,30,1443.35,9.07,0.35,116.08033333333333,48.111666666666665,0.30233333333333334,1855.8694999999998
Ord_301,Prod_17,SHP_405,700.73,0.08,6,-188.58,26.3,0.38,116.78833333333334,-31.430000000000003,4.383333333333334,806.9516000000001
Ord_1196,Prod_6,SHP_1650,28.32,0.09,5,-14.35,4.75,0.36,5.664,-2.87,0.95,35.3712
Ord_327,Prod_3,SHP_435,60.36,0.03,24,-119.62,6.05,0.37,2.515,-4.984166666666667,0.2520833333333333,172.1192
Ord_3746,Prod_8,SHP_5197,423.14,0.03,26,85.51,4.0,0.37,16.274615384615384,3.288846153846154,0.15384615384615385,320.9358
Ord_3746,Prod_6,SHP_5198,628.39,0.1,22,181.83,5.09,0.4,28.563181818181818,8.265,0.23136363636363635,378.63099999999986
Ord_3725,Prod_8,SHP_5169,320.57,0.09,32,27.95,1.99,0.55,10.0178125,0.8734375,0.0621875,261.7787
Ord_3709,Prod_13,SHP_5139,74.75,0.06,31,-115.43,5.2,0.41,2.411290322580645,-3.7235483870967743,0.16774193548387098,180.495
Ord_3706,Prod_2,SHP_5134,1866.12,0.07,15,400.69,24.49,0.46,124.40799999999999,26.712666666666667,1.6326666666666665,1310.3115999999998
Ord_3716,Prod_6,SHP_5153,418.93,0.03,13,82.25,8.74,0.4,32.22538461538461,6.326923076923077,0.6723076923076923,315.3721
Ord_3752,Prod_11,SHP_5208,4982.944,0.07,30,693.69,29.1,0.68,166.09813333333335,23.123,0.9700000000000001,3911.3479199999997
Ord_3739,Prod_9,SHP_5186,71.07,0.08,20,-15.09,2.5,0.39,3.5534999999999997,-0.7545,0.125,77.9744
Ord_160,Prod_12,SHP_215,32.4,0.05,11,8.78,0.5,0.39,2.9454545454545453,0.7981818181818181,0.045454545454545456,21.5
Ord_57,Prod_2,SHP_76,2799.7,0.04,47,884.08,3.99,0.55,59.56808510638297,18.81021276595745,0.0848936170212766,1799.6420000000003
Ord_200,Prod_7,SHP_273,78.49,0.03,41,5.53,0.75,0.52,1.914390243902439,0.1348780487804878,0.018292682926829267,69.8553
Ord_162,Prod_4,SHP_219,6109.817,0.04,48,1374.95,8.08,0.6,127.28785416666666,28.644791666666666,0.16833333333333333,4482.39432
Ord_200,Prod_3,SHP_273,249.02,0.1,46,-282.61,8.49,0.39,5.4134782608695655,-6.143695652173913,0.18456521739130435,498.238
Ord_113,Prod_15,SHP_154,1211.98,0.1,7,-80.83,26.2,0.59,173.14000000000001,-11.547142857142857,3.742857142857143,1145.4119999999998
Ord_291,Prod_9,SHP_393,683.46,0.09,43,-138.82,12.39,0.35,15.894418604651163,-3.2283720930232556,0.28813953488372096,748.3786
Ord_147,Prod_15,SHP_198,3758.77,0.0,26,753.61,24.49,0.57,144.56807692307692,28.985,0.9419230769230769,2980.67
Ord_322,Prod_4,SHP_429,1060.0605,0.1,47,-71.03,8.59,0.56,22.554478723404255,-1.511276595744681,0.1827659574468085,1016.49445
Ord_162,Prod_5,SHP_219,338.52,0.21,22,-17.75,8.99,0.39,15.387272727272727,-0.8068181818181818,0.40863636363636363,276.19079999999997
Ord_162,Prod_8,SHP_218,90.06,0.09,10,-100.51,8.99,0.79,9.006,-10.051,0.899,173.4746
Ord_162,Prod_3,SHP_217,50.7,0.08,8,-44.07,7.78,0.37,6.3375,-5.50875,0.9725,82.934
Ord_147,Prod_15,SHP_197,9633.59,0.06,47,176.67,64.2,0.59,204.97,3.7589361702127655,1.3659574468085107,8814.7046
Ord_2047,Prod_15,SHP_2798,7817.45,0.03,50,-1303.6,60.2,0.77,156.349,-26.072,1.204,8826.3265
Ord_13,Prod_10,SHP_16,4462.23,0.04,44,440.72,26.22,0.6,101.41431818181817,10.016363636363637,0.5959090909090908,3816.800799999999
Ord_328,Prod_2,SHP_436,1936.3,0.03,36,278.12,13.66,0.58,53.78611111111111,7.725555555555555,0.3794444444444445,1586.431
Ord_336,Prod_11,SHP_450,9502.736,0.02,42,-945.56,81.98,0.78,226.25561904761906,-22.513333333333332,1.951904761904762,10176.26128
Ord_2224,Prod_2,SHP_3024,201.98,0.05,48,-245.67,6.89,0.6,4.207916666666667,-5.118125,0.14354166666666665,430.661
Ord_2303,Prod_15,SHP_3152,9517.6,0.09,37,-1262.44,57.0,0.78,257.23243243243246,-34.120000000000005,1.5405405405405406,9866.456
Ord_1308,Prod_6,SHP_1804,464.77,0.01,24,29.42,9.54,0.37,19.365416666666665,1.2258333333333333,0.39749999999999996,421.16229999999996
Ord_1591,Prod_8,SHP_2199,31.68,0.04,17,-23.69,1.99,0.51,1.8635294117647059,-1.393529411764706,0.11705882352941177,52.11280000000001
Ord_1646,Prod_13,SHP_2273,55.33,0.0,10,13.38,0.71,0.52,5.5329999999999995,1.338,0.071,41.239999999999995
Ord_1591,Prod_16,SHP_2198,180.92,0.1,22,-82.54,6.14,0.59,8.223636363636363,-3.751818181818182,0.27909090909090906,239.228
Ord_1308,Prod_10,SHP_1803,4913.69,0.02,39,-1153.9,58.64,0.75,125.99205128205128,-29.58717948717949,1.5035897435897436,5910.6762
Ord_1338,Prod_1,SHP_1841,1621.1,0.07,33,-971.36,35.0,0.83,49.124242424242425,-29.435151515151517,1.0606060606060606,2443.9829999999997
Ord_1591,Prod_6,SHP_2197,112.91,0.04,16,-72.81,8.4,0.37,7.056875,-4.550625,0.525,172.8036
Ord_1338,Prod_16,SHP_1840,194.29,0.09,29,-177.17,8.37,0.58,6.6996551724137925,-6.109310344827586,0.2886206896551724,345.60389999999995
Ord_1666,Prod_1,SHP_2303,101.52,0.02,6,-16.37,5.41,0.59,16.919999999999998,-2.7283333333333335,0.9016666666666667,110.4496
Ord_1574,Prod_6,SHP_2172,102.32,0.08,15,-32.7,5.74,0.37,6.821333333333333,-2.18,0.38266666666666665,121.09440000000001
Ord_1400,Prod_2,SHP_1932,1401.75,0.02,31,426.44,4.62,0.56,45.21774193548387,13.756129032258064,0.14903225806451614,942.655
Ord_1569,Prod_5,SHP_2165,846.59,0.08,22,-1.95,18.98,0.57,38.48136363636364,-0.08863636363636364,0.8627272727272728,761.8328
Ord_1345,Prod_3,SHP_1848,63.34,0.03,17,-76.02,6.27,0.4,3.7258823529411766,-4.471764705882353,0.36882352941176466,131.1898
Ord_1304,Prod_8,SHP_1799,3812.73,0.02,32,1470.3,1.99,0.49,119.1478125,45.946875,0.0621875,2264.1854000000003
Ord_1331,Prod_4,SHP_1832,3821.039,0.05,38,1057.89,5.99,0.57,100.55365789473684,27.839210526315792,0.15763157894736843,2566.1070500000005
Ord_1345,Prod_6,SHP_1849,151.35,0.07,42,8.33,1.93,0.35,3.6035714285714286,0.19833333333333333,0.04595238095238095,130.49549999999996
Ord_1321,Prod_6,SHP_1820,507.98,0.05,9,170.9,4.86,0.36,56.44222222222223,18.98888888888889,0.54,306.821
Ord_5026,Prod_2,SHP_7013,1262.75,0.07,28,422.23,5.1,0.46,45.098214285714285,15.079642857142858,0.18214285714285713,747.0275000000001
Ord_4970,Prod_15,SHP_6937,2711.14,0.01,28,-307.86,42.0,0.66,96.82642857142856,-10.995000000000001,1.5,2949.8886
Ord_4970,Prod_4,SHP_6938,1829.8715,0.05,34,367.46,3.99,0.57,53.81975,10.807647058823528,0.11735294117647059,1366.927925
Ord_4999,Prod_5,SHP_6976,577.89,0.06,29,-53.89,11.17,0.6,19.927241379310345,-1.8582758620689654,0.38517241379310346,585.9366
Ord_4959,Prod_3,SHP_6921,1133.96,0.02,35,185.09,12.62,0.37,32.398857142857146,5.288285714285714,0.36057142857142854,913.5708000000001
Ord_5020,Prod_3,SHP_7004,109.52,0.09,22,-73.35,5.83,0.36,4.978181818181818,-3.334090909090909,0.265,167.1832
Ord_4737,Prod_6,SHP_6609,172.54,0.08,19,44.23,2.15,0.4,9.081052631578947,2.3278947368421052,0.1131578947368421,112.35679999999999
Ord_4709,Prod_3,SHP_6571,125.79,0.02,21,28.53,1.49,0.39,5.99,1.3585714285714285,0.07095238095238095,93.25420000000001
Ord_4649,Prod_13,SHP_6480,977.92,0.05,39,148.89,5.37,0.56,25.074871794871793,3.8176923076923073,0.1376923076923077,774.764
Ord_4736,Prod_16,SHP_6606,273.36,0.04,16,32.25,3.26,0.56,17.085,2.015625,0.20375,226.91560000000004
Ord_4736,Prod_11,SHP_6608,8058.96,0.08,49,-1621.38,69.0,0.79,164.46857142857144,-33.089387755102045,1.4081632653061225,8966.6232
Ord_4736,Prod_11,SHP_6607,3240.728,0.07,19,-691.31,69.64,0.77,170.56463157894737,-36.38473684210526,3.665263157894737,3635.54704
Ord_4534,Prod_15,SHP_6309,5404.18,0.07,31,241.06,30.0,0.69,174.3283870967742,7.776129032258065,0.967741935483871,4754.8274
Ord_4576,Prod_5,SHP_6367,198.44,0.01,2,-87.46,8.99,0.35,99.22,-43.73,4.495,274.9256
Ord_4368,Prod_5,SHP_6089,409.16,0.05,18,21.96,8.99,0.44,22.73111111111111,1.22,0.49944444444444447,357.752
Ord_4534,Prod_6,SHP_6310,430.19,0.02,40,181.26,1.79,0.38,10.75475,4.531499999999999,0.04475,238.5362
Ord_4435,Prod_11,SHP_6181,3503.12,0.01,23,-168.14,46.2,0.69,152.3095652173913,-7.310434782608695,2.008695652173913,3590.0288
Ord_4368,Prod_4,SHP_6090,2508.316,0.07,46,456.81,8.99,0.56,54.52860869565217,9.930652173913044,0.19543478260869565,1866.93388
Ord_4574,Prod_5,SHP_6365,1280.65,0.06,26,75.36,22.24,0.55,49.25576923076923,2.8984615384615386,0.8553846153846153,1106.2110000000002
Ord_4574,Prod_2,SHP_6364,268.58,0.03,25,-26.33,4.5,0.59,10.7432,-1.0532,0.18,282.3526
Ord_4434,Prod_16,SHP_6180,141.83,0.06,9,-35.69,7.42,0.56,15.75888888888889,-3.9655555555555555,0.8244444444444444,161.59019999999998
Ord_3452,Prod_3,SHP_4785,375.57,0.02,7,12.71,16.11,0.39,53.652857142857144,1.8157142857142858,2.301428571428571,339.2386
Ord_3264,Prod_6,SHP_4527,49.89,0.06,9,-30.84,6.07,0.36,5.543333333333333,-3.4266666666666667,0.6744444444444445,71.6666
Ord_3284,Prod_1,SHP_4558,550.29,0.03,30,-82.5,9.47,0.59,18.343,-2.75,0.3156666666666667,606.8113
Ord_3452,Prod_6,SHP_4786,81.97,0.07,15,-81.33,8.33,0.38,5.464666666666667,-5.422,0.5553333333333333,149.2321
Ord_3462,Prod_15,SHP_4797,5824.01,0.1,41,-288.68,30.0,0.74,142.04902439024391,-7.040975609756098,0.7317073170731707,5500.289000000001
Ord_3264,Prod_4,SHP_4528,1831.529,0.0,25,-139.98,0.99,0.85,73.26116,-5.5992,0.039599999999999996,1970.519
Ord_3210,Prod_1,SHP_4452,494.34,0.05,15,-30.19,6.72,0.75,32.955999999999996,-2.0126666666666666,0.448,493.09299999999996
Ord_848,Prod_4,SHP_4807,242.284,0.03,14,51.75,0.99,0.37,17.306,3.6964285714285716,0.07071428571428572,182.27548
Ord_3226,Prod_13,SHP_4475,992.95,0.04,47,-65.21,8.99,0.59,21.126595744680852,-1.3874468085106382,0.19127659574468087,1009.4520000000001
Ord_3414,Prod_2,SHP_4733,2167.05,0.02,36,684.9,3.5,0.57,60.19583333333334,19.025,0.09722222222222222,1435.3090000000002
Ord_3363,Prod_6,SHP_4663,2040.39,0.07,50,221.09,19.99,0.36,40.8078,4.4218,0.3998,1656.4827000000002
Ord_3225,Prod_12,SHP_4474,78.26,0.04,25,35.09,0.5,0.39,3.1304000000000003,1.4036000000000002,0.02,39.53960000000001
Ord_3333,Prod_1,SHP_4626,1243.45,0.1,39,-1212.55,35.0,0.81,31.883333333333333,-31.09102564102564,0.8974358974358975,2296.6549999999997
Ord_3250,Prod_4,SHP_4507,772.2675,0.02,13,-48.85,8.99,0.59,59.40519230769231,-3.7576923076923077,0.6915384615384615,796.6821500000001
Ord_3261,Prod_3,SHP_4523,140.07,0.04,15,-21.85,6.19,0.38,9.338,-1.4566666666666668,0.4126666666666667,150.1272
Ord_3333,Prod_15,SHP_4625,403.71,0.03,15,-97.47,14.36,0.6,26.913999999999998,-6.498,0.9573333333333333,474.7087
Ord_3465,Prod_4,SHP_4800,4799.7885,0.09,39,1231.89,3.9,0.55,123.07149999999999,31.586923076923078,0.09999999999999999,3132.017535
Ord_848,Prod_10,SHP_1170,1795.49,0.05,15,-626.04,58.72,0.76,119.69933333333333,-41.736,3.9146666666666667,2273.0355
Ord_2482,Prod_4,SHP_3399,2252.262,0.1,42,478.11,5.63,0.56,53.62528571428572,11.383571428571429,0.13404761904761905,1543.2957999999999
Ord_2482,Prod_5,SHP_3400,279.01,0.05,47,-136.84,5.92,0.55,5.936382978723404,-2.911489361702128,0.12595744680851065,395.97950000000003
Ord_1573,Prod_8,SHP_2170,3060.37,0.07,40,234.03,4.0,0.76,76.50925,5.85075,0.1,2608.1141
Ord_1388,Prod_10,SHP_1916,633.13,0.05,10,-203.9,36.61,0.61,63.313,-20.39,3.661,768.7634999999999
Ord_1314,Prod_4,SHP_1810,1297.304,0.0,15,149.82,4.9,0.56,86.48693333333334,9.988,0.3266666666666667,1142.584
Ord_1573,Prod_13,SHP_2171,25.31,0.05,5,-0.5,0.71,0.52,5.061999999999999,-0.1,0.142,23.8345
Ord_1320,Prod_10,SHP_1818,3363.14,0.1,14,98.75,41.91,0.59,240.2242857142857,7.053571428571429,2.9935714285714283,2886.166
Ord_1576,Prod_3,SHP_2174,141.56,0.1,27,-2.85,2.99,0.37,5.242962962962963,-0.10555555555555556,0.11074074074074075,127.264
Ord_3268,Prod_8,SHP_4536,127.49,0.08,6,-57.95,4.0,0.68,21.24833333333333,-9.658333333333333,0.6666666666666666,171.24079999999998
Ord_3437,Prod_2,SHP_4764,15.72,0.0,1,-6.1,4.5,0.59,15.72,-6.1,4.5,17.32
Ord_3257,Prod_15,SHP_4517,10122.72,0.07,36,-381.16,57.0,0.78,281.18666666666667,-10.587777777777779,1.5833333333333333,9738.2896
Ord_3257,Prod_6,SHP_4518,203.6,0.0,39,-166.44,7.44,0.36,5.220512820512821,-4.2676923076923075,0.19076923076923077,362.6
Ord_3437,Prod_4,SHP_4764,201.5945,0.04,11,32.31,0.99,0.37,18.32677272727273,2.9372727272727275,0.09,160.23072
Ord_3257,Prod_13,SHP_4518,115.81,0.1,30,22.06,0.83,0.51,3.8603333333333336,0.7353333333333333,0.027666666666666666,81.339
Ord_3437,Prod_3,SHP_4764,313.83,0.08,36,56.78,2.99,0.39,8.7175,1.5772222222222223,0.08305555555555556,228.95359999999997
Ord_3208,Prod_13,SHP_4450,59.85,0.03,20,-47.41,3.5,0.58,2.9925,-2.3705,0.175,101.9645
Ord_3512,Prod_6,SHP_4864,332.55,0.1,48,-66.87,5.47,0.35,6.9281250000000005,-1.3931250000000002,0.11395833333333333,360.695
Ord_3305,Prod_17,SHP_4583,314.93,0.0,30,-17.5,6.24,0.36,10.497666666666667,-0.5833333333333334,0.20800000000000002,326.19
Ord_3488,Prod_5,SHP_4830,63.85,0.04,5,40.44,2.85,0.55,12.77,8.088,0.5700000000000001,18.006
Ord_3477,Prod_1,SHP_4814,1337.08,0.1,29,-953.0,35.0,0.83,46.10620689655172,-32.86206896551724,1.206896551724138,2121.372
Ord_3343,Prod_9,SHP_4637,671.78,0.1,47,297.23,1.39,0.38,14.293191489361702,6.3240425531914894,0.02957446808510638,305.98199999999997
Ord_3343,Prod_5,SHP_4638,262.09,0.01,12,58.69,10.49,0.49,21.840833333333332,4.890833333333333,0.8741666666666666,190.28909999999996
Ord_3215,Prod_4,SHP_4458,2080.035,0.1,31,844.9,1.25,0.39,67.09790322580645,27.25483870967742,0.04032258064516129,1025.8815
Ord_3266,Prod_10,SHP_4531,3662.16,0.01,26,-372.82,54.74,0.69,140.85230769230768,-14.339230769230769,2.1053846153846156,3943.6184000000003
Ord_3305,Prod_8,SHP_4584,726.82,0.1,25,-173.88,8.65,0.74,29.0728,-6.9552,0.34600000000000003,819.368
Ord_3215,Prod_4,SHP_4459,1559.4355,0.01,11,61.24,3.9,0.55,141.76686363636364,5.567272727272727,0.35454545454545455,1478.701145
Ord_3215,Prod_8,SHP_4458,145.42,0.09,7,-98.46,6.5,0.78,20.774285714285714,-14.065714285714284,0.9285714285714286,224.29219999999998
Ord_3266,Prod_1,SHP_4532,329.37,0.04,21,-53.57,4.53,0.81,15.684285714285714,-2.550952380952381,0.21571428571428572,365.2352
Ord_4807,Prod_13,SHP_6700,78.2,0.09,50,-4.56,1.0,0.35,1.564,-0.09119999999999999,0.02,74.72200000000001
Ord_13,Prod_2,SHP_2477,516.65,0.01,7,57.1,3.5,0.59,73.80714285714285,8.157142857142857,0.5,450.88349999999997
Ord_13,Prod_12,SHP_17,115.1,0.02,23,53.13,0.5,0.36,5.004347826086956,2.31,0.021739130434782608,59.167999999999985
Ord_4578,Prod_5,SHP_6370,1417.21,0.07,28,63.88,18.45,0.65,50.61464285714286,2.2814285714285716,0.6589285714285714,1235.6752999999999
Ord_4578,Prod_9,SHP_6369,729.75,0.02,44,375.25,1.39,0.38,16.585227272727273,8.528409090909092,0.031590909090909086,338.515
Ord_4370,Prod_9,SHP_6092,2325.42,0.02,25,739.91,19.99,0.4,93.0168,29.5964,0.7996,1519.0116000000003
Ord_4578,Prod_4,SHP_6371,1154.9375,0.04,11,-176.06,8.99,0.57,104.99431818181819,-16.005454545454544,0.8172727272727273,1275.81
Ord_3521,Prod_17,SHP_4874,1008.34,0.09,45,218.65,6.3,0.38,22.407555555555557,4.858888888888889,0.13999999999999999,692.6394000000001
Ord_3295,Prod_6,SHP_4570,204.21,0.04,32,-204.81,10.39,0.4,6.3815625,-6.4003125,0.3246875,390.46160000000003
Ord_3360,Prod_13,SHP_4659,31.13,0.06,18,-0.81,1.0,0.35,1.7294444444444443,-0.045000000000000005,0.05555555555555555,29.0722
Ord_3353,Prod_8,SHP_4649,249.24,0.06,22,-92.1,6.5,0.64,11.32909090909091,-4.1863636363636365,0.29545454545454547,319.8856
Ord_3449,Prod_5,SHP_4781,1932.58,0.1,34,356.48,10.84,0.63,56.84058823529411,10.48470588235294,0.31882352941176473,1372.002
Ord_3489,Prod_13,SHP_4831,147.71,0.05,36,40.04,0.7,0.52,4.103055555555556,1.1122222222222222,0.019444444444444445,99.58450000000002
Ord_3313,Prod_9,SHP_4597,782.93,0.03,48,401.07,1.39,0.38,16.311041666666664,8.355625,0.028958333333333332,356.9821
Ord_3313,Prod_10,SHP_4596,2962.96,0.02,48,-612.94,36.61,0.61,61.72833333333333,-12.769583333333335,0.7627083333333333,3480.0308
Ord_3280,Prod_8,SHP_4554,765.96,0.1,26,240.06,1.99,0.42,29.46,9.233076923076924,0.07653846153846154,447.314
Ord_973,Prod_8,SHP_1343,29.05,0.08,4,-20.9,4.32,0.64,7.2625,-5.225,1.08,43.306
Ord_1009,Prod_6,SHP_1397,237.36,0.07,25,-117.86,9.86,0.4,9.4944,-4.7144,0.3944,328.7448
Ord_990,Prod_6,SHP_1367,492.71,0.02,24,67.01,8.68,0.37,20.52958333333333,2.7920833333333337,0.36166666666666664,407.1658
Ord_1010,Prod_5,SHP_1398,195.23,0.08,35,-72.46,5.57,0.41,5.577999999999999,-2.0702857142857143,0.15914285714285714,246.5016
Ord_1010,Prod_11,SHP_1399,4051.8,0.1,35,-684.07,51.94,0.63,115.7657142857143,-19.544857142857143,1.484,4278.75
Ord_1027,Prod_10,SHP_1418,1118.82,0.04,8,-320.3,36.09,0.77,139.8525,-40.0375,4.51125,1358.2772
Ord_1009,Prod_17,SHP_1396,2219.79,0.1,30,-9.45,33.6,0.37,73.993,-0.315,1.12,1973.661
Ord_1027,Prod_7,SHP_1419,79.75,0.1,48,-41.32,1.56,0.49,1.6614583333333333,-0.8608333333333333,0.0325,111.535
Ord_935,Prod_6,SHP_1293,967.27,0.07,28,309.31,7.5,0.38,34.54535714285714,11.046785714285715,0.26785714285714285,582.7511
Ord_880,Prod_10,SHP_1209,4789.89,0.09,48,421.15,26.22,0.6,99.789375,8.773958333333333,0.54625,3911.4298999999996
Ord_1625,Prod_6,SHP_2244,112.05,0.04,28,26.21,1.3,0.37,4.001785714285714,0.9360714285714286,0.04642857142857143,80.05799999999999
Ord_1381,Prod_6,SHP_1904,195.03,0.09,45,-148.87,5.74,0.4,4.334,-3.308222222222222,0.12755555555555556,320.6073
Ord_1381,Prod_6,SHP_1903,74.13,0.08,16,-69.34,6.72,0.4,4.633125,-4.33375,0.42,130.81959999999998
Ord_1381,Prod_3,SHP_1902,351.49,0.03,8,107.32,2.99,0.35,43.93625,13.415,0.37375,230.63530000000003
Ord_1495,Prod_10,SHP_2066,7286.65,0.03,43,474.89,35.02,0.72,169.45697674418605,11.043953488372093,0.8144186046511629,6558.140499999999
Ord_3232,Prod_8,SHP_4483,175.92,0.09,31,-93.41,3.85,0.68,5.674838709677419,-3.013225806451613,0.12419354838709677,249.6472
Ord_3434,Prod_6,SHP_4760,468.48,0.07,43,-213.49,11.25,0.36,10.894883720930233,-4.964883720930232,0.2616279069767442,637.9264000000001
Ord_3232,Prod_3,SHP_4483,621.12,0.1,40,190.53,2.99,0.37,15.528,4.76325,0.07475000000000001,365.48800000000006
Ord_2370,Prod_8,SHP_4538,259.59,0.06,31,34.79,1.99,0.49,8.373870967741935,1.122258064516129,0.06419354838709677,207.23459999999997
Ord_3434,Prod_13,SHP_4761,284.14,0.05,23,-104.18,8.99,0.59,12.35391304347826,-4.529565217391305,0.3908695652173913,365.123
Ord_2370,Prod_1,SHP_4538,431.06,0.02,33,-26.78,6.13,0.57,13.062424242424242,-0.8115151515151515,0.18575757575757576,443.0888
Ord_3440,Prod_7,SHP_4768,14.15,0.1,10,-1.29,0.7,0.37,1.415,-0.129,0.06999999999999999,13.325
Ord_2370,Prod_7,SHP_4538,34.93,0.04,16,-0.05,0.78,0.52,2.183125,-0.003125,0.04875,32.8028
Ord_3475,Prod_1,SHP_4812,876.01,0.07,8,-108.0,8.64,0.78,109.50125,-13.5,1.08,914.0493
Ord_2370,Prod_12,SHP_3254,121.0,0.09,33,51.21,0.5,0.37,3.6666666666666665,1.5518181818181818,0.015151515151515152,58.4
Ord_2465,Prod_5,SHP_3377,24.36,0.08,3,10.04,5.72,0.47,8.12,3.3466666666666662,1.9066666666666665,6.651200000000003
Ord_2370,Prod_4,SHP_3254,1484.185,0.02,27,239.25,4.99,0.57,54.96981481481481,8.86111111111111,0.18481481481481482,1210.2613
Ord_2452,Prod_5,SHP_3363,410.03,0.05,46,-138.39,8.54,0.43,8.913695652173912,-3.008478260869565,0.18565217391304345,519.3784999999999
Ord_2388,Prod_12,SHP_3276,76.89,0.03,20,31.64,0.5,0.37,3.8445,1.582,0.025,42.443299999999994
Ord_2458,Prod_12,SHP_3370,136.79,0.06,33,42.71,0.99,0.39,4.145151515151515,1.2942424242424242,0.03,84.8826
Ord_2392,Prod_6,SHP_3281,351.25,0.01,17,80.73,5.97,0.38,20.66176470588235,4.748823529411765,0.35117647058823526,261.03749999999997
Ord_2501,Prod_4,SHP_3429,1142.485,0.09,38,303.4,1.25,0.57,30.0653947368421,7.984210526315789,0.03289473684210526,735.0113499999999
Ord_1743,Prod_2,SHP_2413,126.79,0.04,10,-16.38,4.98,0.58,12.679,-1.638,0.49800000000000005,133.1184
Ord_1682,Prod_12,SHP_2327,28.01,0.09,6,3.46,0.49,0.39,4.668333333333334,0.5766666666666667,0.08166666666666667,21.5391
Ord_1743,Prod_4,SHP_2414,1770.2015,0.08,11,-165.95,4.2,0.56,160.9274090909091,-15.086363636363636,0.38181818181818183,1790.33538
Ord_1748,Prod_15,SHP_2420,4647.69,0.02,39,182.53,30.0,0.69,119.17153846153845,4.68025641025641,0.7692307692307693,4342.2062
Ord_1762,Prod_8,SHP_2443,1444.88,0.1,15,236.61,7.18,0.46,96.32533333333335,15.774000000000001,0.47866666666666663,1056.6019999999999
Ord_1762,Prod_17,SHP_2443,2287.1,0.07,23,231.49,19.99,0.52,99.4391304347826,10.064782608695653,0.8691304347826087,1875.523
Ord_1709,Prod_4,SHP_2367,356.4645,0.01,19,-9.11,4.81,0.58,18.76128947368421,-0.4794736842105263,0.2531578947368421,357.199855
Ord_1748,Prod_4,SHP_2421,2503.3265,0.04,45,447.12,8.8,0.58,55.62947777777778,9.936,0.19555555555555557,1947.27344
Ord_1762,Prod_3,SHP_2442,265.31,0.09,23,-33.19,7.19,0.4,11.535217391304348,-1.4430434782608694,0.3126086956521739,267.4321
Ord_1710,Prod_7,SHP_2368,71.77,0.03,19,22.71,0.71,0.39,3.7773684210526315,1.1952631578947368,0.03736842105263158,46.19690000000001
Ord_1713,Prod_9,SHP_2371,659.13,0.09,19,187.57,6.66,0.4,34.69105263157895,9.872105263157895,0.3505263157894737,405.57830000000007
Ord_710,Prod_5,SHP_972,2593.08,0.0,32,-673.31,48.2,0.74,81.03375,-21.0409375,1.50625,3218.19
Ord_791,Prod_4,SHP_1087,2024.0285,0.1,21,4.9,8.8,0.59,96.38230952380952,0.23333333333333334,0.41904761904761906,1807.92565
Ord_760,Prod_8,SHP_1037,670.94,0.02,15,87.51,1.99,0.55,44.72933333333334,5.8340000000000005,0.13266666666666665,568.0212
Ord_710,Prod_4,SHP_973,2529.396,0.06,25,371.21,3.0,0.59,101.17584000000001,14.8484,0.12,2003.4222400000003
Ord_3391,Prod_6,SHP_4701,590.6,0.0,25,117.73,8.18,0.39,23.624000000000002,4.7092,0.3272,464.69000000000005
Ord_3415,Prod_5,SHP_4735,236.17,0.09,10,-21.39,15.68,0.62,23.616999999999997,-2.1390000000000002,1.568,220.62469999999996
Ord_3391,Prod_6,SHP_4700,175.35,0.1,36,-174.18,7.54,0.38,4.870833333333334,-4.838333333333334,0.20944444444444443,324.45500000000004
Ord_98,Prod_10,SHP_133,1837.44,0.01,36,-1414.41,54.11,0.69,51.04,-39.28916666666667,1.5030555555555556,3179.3656
Ord_217,Prod_2,SHP_301,199.86,0.03,49,-257.11,6.89,0.6,4.078775510204082,-5.247142857142857,0.14061224489795918,444.0842
Ord_98,Prod_5,SHP_134,3722.29,0.04,36,950.68,13.99,0.65,103.39694444444444,26.407777777777778,0.38861111111111113,2608.7284000000004
Ord_217,Prod_17,SHP_301,1888.02,0.03,18,192.33,19.99,0.52,104.89,10.685,1.1105555555555555,1619.0594
Ord_98,Prod_6,SHP_135,28.05,0.09,4,-5.41,2.17,0.38,7.0125,-1.3525,0.5425,28.7655
Ord_217,Prod_9,SHP_302,322.69,0.01,27,1.91,6.97,0.35,11.951481481481482,0.07074074074074074,0.2581481481481481,310.58309999999994
Ord_4760,Prod_4,SHP_6639,5144.8715,0.09,41,1435.83,3.9,0.55,125.48467073170733,35.02024390243902,0.0951219512195122,3242.1030650000002
Ord_4415,Prod_13,SHP_6154,115.81,0.1,43,-1.49,1.01,0.55,2.6932558139534883,-0.03465116279069767,0.023488372093023256,104.70899999999999
Ord_4397,Prod_5,SHP_6128,141.92,0.06,10,12.2,8.99,0.49,14.191999999999998,1.22,0.899,112.2148
Ord_4415,Prod_2,SHP_6153,1939.66,0.03,39,540.67,4.5,0.59,49.7348717948718,13.863333333333332,0.11538461538461539,1336.3002000000001
Ord_4592,Prod_3,SHP_6387,659.5,0.09,16,248.98,2.99,0.35,41.21875,15.56125,0.186875,348.17499999999995
Ord_4483,Prod_8,SHP_6243,1695.65,0.02,50,51.98,5.5,0.75,33.913000000000004,1.0395999999999999,0.11,1604.257
Ord_4483,Prod_7,SHP_6242,102.59,0.01,32,8.88,1.58,0.39,3.2059375,0.2775,0.049375,91.1041
Ord_4365,Prod_1,SHP_6085,1225.41,0.04,43,-138.02,13.99,0.58,28.497906976744186,-3.2097674418604654,0.32534883720930236,1300.4236
Ord_4415,Prod_12,SHP_6154,21.56,0.0,5,2.75,0.5,0.39,4.311999999999999,0.55,0.1,18.31
Ord_4000,Prod_8,SHP_5565,600.86,0.09,12,-82.67,5.5,0.62,50.071666666666665,-6.889166666666667,0.4583333333333333,623.9526
Ord_4000,Prod_13,SHP_5566,17.06,0.03,5,-7.54,2.03,0.57,3.412,-1.508,0.40599999999999997,22.0582
Ord_4974,Prod_15,SHP_6944,4252.89,0.06,20,969.42,18.06,0.57,212.64450000000002,48.471,0.9029999999999999,3010.2366
Ord_4997,Prod_4,SHP_6974,4408.6695,0.05,35,1140.67,3.9,0.55,125.96198571428572,32.59057142857143,0.11142857142857143,3043.6660250000004
Ord_5012,Prod_10,SHP_6992,3969.43,0.1,31,-796.51,36.09,0.77,128.04612903225805,-25.693870967741937,1.1641935483870969,4332.907
Ord_5012,Prod_4,SHP_6993,2882.707,0.02,16,303.23,5.0,0.59,180.1691875,18.951875,0.3125,2516.8228599999998
Ord_4952,Prod_13,SHP_6909,231.26,0.07,41,32.83,0.96,0.6,5.640487804878049,0.8007317073170731,0.023414634146341463,181.28179999999998
Ord_4966,Prod_6,SHP_6931,941.4,0.05,27,369.48,5.09,0.38,34.86666666666667,13.684444444444445,0.1885185185185185,519.7599999999999
Ord_4952,Prod_8,SHP_6910,987.17,0.01,23,51.59,4.0,0.7,42.920434782608694,2.2430434782608697,0.17391304347826086,921.7082999999999
Ord_4990,Prod_12,SHP_6966,104.33,0.0,39,39.91,0.5,0.39,2.675128205128205,1.0233333333333332,0.01282051282051282,63.92
Ord_4694,Prod_4,SHP_6550,1849.6,0.06,14,62.16,8.99,0.55,132.1142857142857,4.4399999999999995,0.6421428571428571,1667.474
Ord_4729,Prod_8,SHP_6597,99.55,0.03,18,-60.9,4.62,0.64,5.530555555555555,-3.3833333333333333,0.25666666666666665,152.84349999999998
Ord_4763,Prod_8,SHP_6642,1501.8,0.02,47,112.78,4.0,0.74,31.9531914893617,2.3995744680851065,0.0851063829787234,1354.984
Ord_4564,Prod_4,SHP_6351,3713.0125,0.09,48,803.6,7.69,0.57,77.35442708333333,16.741666666666667,0.16020833333333334,2567.551375
Ord_4460,Prod_17,SHP_6214,4733.88,0.02,39,239.41,56.14,0.39,121.38153846153847,6.138717948717948,1.4394871794871795,4343.6524
Ord_4549,Prod_1,SHP_6332,297.85,0.04,5,-69.89,19.99,0.59,59.57000000000001,-13.978,3.9979999999999998,335.836
Ord_4549,Prod_5,SHP_6331,136.1,0.06,12,-3.78,7.94,0.52,11.341666666666667,-0.315,0.6616666666666667,123.774
Ord_215,Prod_4,SHP_299,853.162,0.1,50,-83.95,2.5,0.81,17.06324,-1.679,0.05,849.2958000000001
Ord_215,Prod_12,SHP_299,172.76,0.1,26,73.18,0.49,0.38,6.644615384615384,2.8146153846153847,0.018846153846153846,81.81399999999996
Ord_215,Prod_12,SHP_298,34.42,0.02,13,9.47,0.5,0.39,2.647692307692308,0.7284615384615385,0.038461538461538464,23.7616
Ord_2475,Prod_13,SHP_3392,55.49,0.05,9,7.23,0.91,0.51,6.165555555555556,0.8033333333333333,0.10111111111111111,44.575500000000005
Ord_2502,Prod_4,SHP_3430,2104.991,0.09,20,165.45,8.8,0.59,105.24955,8.272499999999999,0.44000000000000006,1741.29181
Ord_4091,Prod_8,SHP_5703,344.24,0.09,43,30.76,1.99,0.52,8.005581395348838,0.7153488372093023,0.04627906976744186,280.5084
Ord_4090,Prod_8,SHP_5701,283.5,0.1,18,-51.47,6.5,0.48,15.75,-2.8594444444444442,0.3611111111111111,300.12
Ord_4106,Prod_8,SHP_5719,192.99,0.07,6,-123.37,4.0,0.74,32.165,-20.561666666666667,0.6666666666666666,298.8507
Ord_4090,Prod_6,SHP_5702,242.13,0.09,36,-94.74,6.6,0.37,6.725833333333333,-2.6316666666666664,0.18333333333333332,308.4783
Ord_4099,Prod_5,SHP_5711,17.3,0.04,2,-7.49,2.83,0.37,8.65,-3.745,1.415,21.268
Ord_3537,Prod_5,SHP_4897,206.09,0.0,39,36.04,2.03,0.51,5.284358974358974,0.9241025641025641,0.052051282051282045,168.02
Ord_3631,Prod_4,SHP_5029,3671.1415,0.02,33,995.09,8.99,0.55,111.24671212121213,30.154242424242426,0.27242424242424246,2593.6386700000003
Ord_3552,Prod_9,SHP_4919,1390.49,0.01,15,366.8,19.99,0.4,92.69933333333333,24.453333333333333,1.3326666666666667,989.7951
Ord_3277,Prod_4,SHP_4550,2185.9535,0.1,21,268.01,8.99,0.55,104.09302380952381,12.762380952380951,0.4280952380952381,1690.35815
Ord_3277,Prod_4,SHP_4551,1323.5435,0.0,12,-34.73,8.08,0.57,110.29529166666667,-2.8941666666666666,0.6733333333333333,1350.1935
Ord_3495,Prod_8,SHP_4838,705.85,0.04,17,151.67,1.99,0.54,41.52058823529412,8.921764705882353,0.11705882352941177,523.956
Ord_3494,Prod_3,SHP_4837,118.63,0.05,7,6.3,5.08,0.36,16.947142857142858,0.9,0.7257142857142858,101.3185
Ord_3424,Prod_13,SHP_4746,103.55,0.03,15,19.59,1.5,0.48,6.903333333333333,1.306,0.1,79.3535
Ord_3495,Prod_8,SHP_4839,321.3,0.0,37,-47.23,2.83,0.77,8.683783783783785,-1.2764864864864864,0.07648648648648648,365.70000000000005
Ord_3494,Prod_7,SHP_4836,115.02,0.0,28,46.3,0.71,0.39,4.107857142857143,1.6535714285714285,0.025357142857142856,68.01
Ord_4034,Prod_10,SHP_5616,2507.79,0.08,44,-779.81,36.61,0.61,56.99522727272727,-17.722954545454545,0.8320454545454545,3050.3668
Ord_4022,Prod_15,SHP_5597,566.53,0.06,9,-209.6,30.0,0.7,62.94777777777777,-23.288888888888888,3.3333333333333335,712.1382
Ord_4034,Prod_8,SHP_5617,1052.68,0.02,30,-19.27,5.5,0.75,35.089333333333336,-0.6423333333333333,0.18333333333333332,1045.3964
Ord_4025,Prod_3,SHP_5601,271.06,0.0,45,-76.6,5.01,0.39,6.023555555555555,-1.702222222222222,0.11133333333333333,342.65
Ord_4065,Prod_5,SHP_5670,38.71,0.01,3,23.0,7.29,0.45,12.903333333333334,7.666666666666667,2.43,8.032900000000005
Ord_4005,Prod_5,SHP_5576,197.56,0.02,39,-119.86,5.71,0.54,5.065641025641026,-3.0733333333333333,0.1464102564102564,307.7588
Ord_4025,Prod_5,SHP_5602,1211.72,0.04,12,587.84,8.99,0.35,100.97666666666667,48.98666666666667,0.7491666666666666,566.4211999999999
Ord_4025,Prod_5,SHP_5602,58.84,0.05,6,4.29,3.72,0.4,9.806666666666667,0.715,0.62,47.888000000000005
Ord_4065,Prod_9,SHP_5669,733.55,0.07,8,103.13,19.99,0.4,91.69375,12.89125,2.49875,559.0814999999999
Ord_4065,Prod_13,SHP_5669,62.6,0.02,14,7.32,0.94,0.56,4.4714285714285715,0.5228571428571429,0.06714285714285714,53.088
Ord_4025,Prod_4,SHP_5602,407.116,0.08,7,-289.81,19.99,0.59,58.15942857142857,-41.401428571428575,2.8557142857142854,644.36672
Ord_4052,Prod_6,SHP_5648,103.48,0.03,32,20.53,1.14,0.4,3.23375,0.6415625,0.035625,78.7056
Ord_4034,Prod_1,SHP_5618,2536.31,0.01,30,-643.46,35.0,0.81,84.54366666666667,-21.448666666666668,1.1666666666666667,3119.4069
Ord_4081,Prod_8,SHP_5690,575.74,0.06,27,152.6,1.99,0.43,21.323703703703703,5.651851851851852,0.0737037037037037,386.6056
Ord_4025,Prod_6,SHP_5602,75.26,0.01,9,-17.24,5.83,0.36,8.362222222222222,-1.9155555555555555,0.6477777777777778,85.9174
Ord_1747,Prod_12,SHP_2419,115.81,0.07,32,47.56,0.5,0.38,3.6190625,1.48625,0.015625,59.643299999999996
Ord_1688,Prod_8,SHP_2335,695.47,0.03,30,226.73,1.99,0.46,23.182333333333336,7.557666666666666,0.06633333333333333,445.8859
Ord_1688,Prod_4,SHP_2335,575.569,0.04,10,-86.52,5.63,0.56,57.5569,-8.652,0.563,633.43624
Ord_1691,Prod_8,SHP_2342,524.19,0.0,31,-135.46,8.99,0.64,16.909354838709678,-4.369677419354839,0.29,650.6600000000001
Ord_1739,Prod_3,SHP_2407,413.12,0.1,31,-10.22,7.27,0.38,13.326451612903226,-0.32967741935483874,0.23451612903225805,374.75800000000004
Ord_1687,Prod_12,SHP_2334,113.71,0.07,44,41.7,0.5,0.39,2.5843181818181815,0.9477272727272728,0.011363636363636364,63.55029999999999
Ord_1688,Prod_1,SHP_2336,365.62,0.03,10,15.77,8.22,0.57,36.562,1.577,0.8220000000000001,330.6614
Ord_1694,Prod_6,SHP_2346,2145.05,0.07,45,1012.67,5.86,0.35,47.66777777777778,22.503777777777778,0.13022222222222224,976.3665000000002
Ord_1694,Prod_3,SHP_2345,118.56,0.06,22,-63.38,5.68,0.36,5.38909090909091,-2.880909090909091,0.2581818181818182,169.1464
Ord_1688,Prod_7,SHP_2335,152.59,0.02,41,55.48,0.71,0.39,3.7217073170731707,1.353170731707317,0.017317073170731705,93.34820000000002
Ord_1697,Prod_6,SHP_2350,133.69,0.08,23,-92.23,7.15,0.36,5.812608695652174,-4.01,0.31086956521739134,208.07479999999998
Ord_1687,Prod_4,SHP_2333,6111.1685,0.06,41,1663.08,4.99,0.59,149.05289024390243,40.56292682926829,0.12170731707317074,4076.42839
Ord_1691,Prod_3,SHP_2341,1262.72,0.01,50,490.28,2.99,0.39,25.2544,9.8056,0.059800000000000006,756.8228000000001
Ord_1777,Prod_7,SHP_2464,26.08,0.1,13,-27.29,2.58,0.82,2.006153846153846,-2.0992307692307692,0.19846153846153847,48.181999999999995
Ord_2796,Prod_1,SHP_3844,317.82,0.02,8,-33.09,12.9,0.57,39.7275,-4.13625,1.6125,331.6536
Ord_2728,Prod_4,SHP_3740,484.2195,0.02,10,-33.79,1.25,0.55,48.421949999999995,-3.379,0.125,507.07511
Ord_2728,Prod_1,SHP_3739,1199.57,0.06,27,23.7,16.36,0.55,44.428518518518516,0.8777777777777778,0.6059259259259259,1087.5358
Ord_2728,Prod_15,SHP_3739,1225.37,0.08,9,0.98,24.49,0.57,136.1522222222222,0.10888888888888888,2.721111111111111,1101.8703999999998
Ord_4625,Prod_1,SHP_6441,1264.13,0.02,35,-1087.36,35.0,0.85,36.118,-31.067428571428568,1.0,2291.2074000000002
Ord_4625,Prod_6,SHP_6442,297.34,0.04,40,-270.96,11.15,0.37,7.4334999999999996,-6.773999999999999,0.27875,545.2564
Ord_4788,Prod_4,SHP_6674,2478.481,0.09,27,249.1,8.99,0.58,91.7955925925926,9.225925925925926,0.33296296296296296,1997.3277100000005
Ord_4788,Prod_13,SHP_6673,43.65,0.05,16,-3.67,0.97,0.59,2.728125,-0.229375,0.060625,44.167500000000004
Ord_4625,Prod_5,SHP_6441,89.04,0.08,10,-16.49,8.54,0.43,8.904,-1.6489999999999998,0.8539999999999999,89.8668
Ord_4525,Prod_3,SHP_6297,145.15,0.07,24,-169.17,9.92,0.38,6.047916666666667,-7.048749999999999,0.41333333333333333,294.23949999999996
Ord_4525,Prod_5,SHP_6298,131.5,0.01,3,105.9,9.2,0.65,43.833333333333336,35.300000000000004,3.0666666666666664,15.084999999999994
Ord_4525,Prod_1,SHP_6299,158.99,0.07,23,-197.13,9.69,0.83,6.912608695652175,-8.570869565217391,0.42130434782608694,335.3007
Ord_5191,Prod_6,SHP_7255,239.4,0.07,39,-57.37,5.15,0.36,6.138461538461539,-1.471025641025641,0.13205128205128205,274.86199999999997
Ord_5152,Prod_4,SHP_7200,1289.127,0.06,13,-16.34,5.92,0.58,99.16361538461538,-1.2569230769230768,0.4553846153846154,1222.1993799999998
Ord_5182,Prod_4,SHP_7239,6093.242,0.09,50,1174.38,8.08,0.6,121.86484,23.4876,0.1616,4362.39022
Ord_5182,Prod_6,SHP_7239,337.01,0.05,43,147.2,1.25,0.35,7.837441860465116,3.4232558139534883,0.029069767441860465,171.7095
Ord_5207,Prod_5,SHP_7277,11.64,0.05,1,-10.73,4.0,0.42,11.64,-10.73,4.0,17.788
Ord_5222,Prod_8,SHP_7295,1313.64,0.05,16,284.84,6.13,0.45,82.1025,17.8025,0.383125,956.988
Ord_5150,Prod_12,SHP_7198,298.3,0.08,47,146.72,0.5,0.39,6.346808510638298,3.1217021276595744,0.010638297872340425,127.21600000000004
Ord_5013,Prod_3,SHP_6994,356.28,0.07,41,65.76,2.99,0.39,8.689756097560975,1.6039024390243903,0.07292682926829269,262.5904
Ord_5011,Prod_8,SHP_6991,1617.88,0.0,29,271.9,5.5,0.62,55.78896551724138,9.375862068965516,0.1896551724137931,1340.48
Ord_5025,Prod_15,SHP_7012,4042.96,0.05,45,-699.72,42.0,0.66,89.84355555555555,-15.549333333333333,0.9333333333333333,4498.532
Ord_5001,Prod_6,SHP_6980,198.1,0.09,36,-66.93,4.96,0.36,5.502777777777777,-1.8591666666666669,0.13777777777777778,242.24099999999999
Ord_2222,Prod_16,SHP_6470,88.23,0.1,42,-195.93,5.0,0.81,2.100714285714286,-4.665,0.11904761904761904,270.337
Ord_4686,Prod_11,SHP_6539,1940.32,0.0,12,-18.81,43.75,0.65,161.69333333333333,-1.5675,3.6458333333333335,1915.3799999999999
Ord_1832,Prod_8,SHP_2526,57.03,0.0,7,-31.38,3.52,0.68,8.147142857142857,-4.482857142857143,0.5028571428571429,84.89
Ord_2261,Prod_6,SHP_3078,44.08,0.08,10,6.79,1.22,0.36,4.4079999999999995,0.679,0.122,32.5436
Ord_2209,Prod_3,SHP_3008,72.75,0.05,17,-57.89,5.26,0.38,4.279411764705882,-3.405294117647059,0.30941176470588233,121.7425
Ord_2222,Prod_6,SHP_3021,43.72,0.06,8,2.12,2.04,0.36,5.465,0.265,0.255,36.936800000000005
Ord_4362,Prod_5,SHP_6081,246.06,0.08,20,20.67,6.2,0.52,12.303,1.0335,0.31,199.5052
Ord_4436,Prod_6,SHP_6182,54.23,0.08,7,-16.46,5.47,0.35,7.747142857142856,-2.3514285714285714,0.7814285714285714,60.8816
Ord_2159,Prod_3,SHP_2943,221.08,0.0,41,-108.2,5.68,0.36,5.39219512195122,-2.6390243902439026,0.13853658536585364,323.6
Ord_2486,Prod_6,SHP_3405,222.65,0.02,41,-131.16,6.26,0.4,5.430487804878049,-3.199024390243902,0.1526829268292683,343.097
Ord_2396,Prod_13,SHP_3286,213.06,0.03,17,-31.74,5.81,0.6,12.532941176470588,-1.8670588235294117,0.3417647058823529,232.59820000000002
Ord_2188,Prod_3,SHP_2984,1844.97,0.03,44,807.38,2.99,0.36,41.93113636363636,18.349545454545453,0.06795454545454546,979.2509000000001
Ord_2173,Prod_6,SHP_2962,491.78,0.0,38,44.04,6.47,0.38,12.94157894736842,1.1589473684210525,0.17026315789473684,441.2699999999999
Ord_2193,Prod_6,SHP_2990,21.01,0.03,2,-13.13,8.19,0.37,10.505,-6.565,4.095,25.319700000000005
Ord_2173,Prod_8,SHP_2961,677.43,0.1,35,-37.99,4.0,0.68,19.355142857142855,-1.0854285714285714,0.11428571428571428,643.6769999999999
Ord_2440,Prod_10,SHP_3347,707.3,0.06,10,-127.94,26.74,0.6,70.72999999999999,-12.794,2.674,766.0619999999999
Ord_2174,Prod_15,SHP_2963,6131.54,0.06,47,1844.96,12.65,,130.45829787234044,39.25446808510638,0.2691489361702128,3906.0376000000006
Ord_2481,Prod_6,SHP_3398,29.03,0.01,2,-11.83,5.01,0.36,14.515,-5.915,2.505,35.5597
Ord_2440,Prod_13,SHP_3348,335.64,0.02,48,80.13,1.56,0.52,6.9925,1.6693749999999998,0.0325,247.23719999999997
Ord_2396,Prod_4,SHP_5150,4687.6735,0.06,43,1304.56,8.08,0.57,109.01566279069768,30.33860465116279,0.18790697674418605,3093.77309
Ord_3699,Prod_3,SHP_5126,133.04,0.07,48,6.73,1.49,0.36,2.7716666666666665,0.14020833333333335,0.031041666666666665,115.5072
Ord_3267,Prod_1,SHP_4535,1771.67,0.09,30,338.95,9.71,0.57,59.05566666666667,11.298333333333334,0.3236666666666667,1263.5597
Ord_3315,Prod_8,SHP_4599,244.9,0.06,5,-135.4,3.61,0.71,48.980000000000004,-27.080000000000002,0.722,361.996
Ord_3267,Prod_3,SHP_4533,1676.44,0.02,14,607.5,9.07,0.35,119.74571428571429,43.392857142857146,0.6478571428571429,1026.3412
Ord_3461,Prod_6,SHP_4796,87.91,0.05,13,-27.91,5.41,0.37,6.762307692307692,-2.146923076923077,0.41615384615384615,106.0145
Ord_5457,Prod_6,SHP_7626,314.34,0.03,48,-130.5,6.6,0.37,6.548749999999999,-2.71875,0.13749999999999998,428.80979999999994
Ord_5436,Prod_6,SHP_7595,226.41,0.05,34,-164.89,8.73,0.37,6.659117647058824,-4.849705882352941,0.25676470588235295,371.2495
Ord_5419,Prod_5,SHP_7567,835.11,0.0,31,213.79,8.99,0.5,26.93903225806452,6.896451612903226,0.29,612.33
Ord_5455,Prod_10,SHP_7624,2268.91,0.02,26,-624.29,55.81,0.6,87.26576923076922,-24.011153846153846,2.1465384615384617,2792.0117999999998
Ord_5486,Prod_6,SHP_7665,54.61,0.08,11,14.99,0.88,0.39,4.964545454545455,1.3627272727272728,0.08,34.371199999999995
Ord_5377,Prod_5,SHP_7507,74.02,0.02,14,-2.91,3.63,0.51,5.2871428571428565,-0.20785714285714288,0.2592857142857143,71.8196
Ord_5467,Prod_14,SHP_7639,5964.19,0.1,33,988.2,24.49,0.46,180.7330303030303,29.945454545454545,0.7421212121212121,4355.081
Ord_5467,Prod_6,SHP_7639,109.2,0.03,15,-50.27,7.37,0.37,7.28,-3.3513333333333337,0.49133333333333334,148.824
Ord_5371,Prod_6,SHP_7501,123.16,0.1,26,45.79,0.8,0.36,4.736923076923077,1.761153846153846,0.03076923076923077,64.25399999999999
Ord_5377,Prod_6,SHP_7508,1276.17,0.0,22,564.22,6.79,0.37,58.00772727272727,25.64636363636364,0.30863636363636365,705.1600000000001
Ord_5419,Prod_6,SHP_7568,54.52,0.01,10,-20.57,4.72,0.36,5.452,-2.057,0.472,69.82480000000001
Ord_5443,Prod_8,SHP_7605,2587.53,0.02,44,401.85,6.55,0.68,58.807500000000005,9.132954545454545,0.14886363636363636,2127.3794000000003
Ord_718,Prod_8,SHP_982,1194.96,0.04,29,107.45,4.0,0.7,41.20551724137931,3.7051724137931035,0.13793103448275862,1035.7116
Ord_796,Prod_5,SHP_1095,2780.88,0.07,27,595.38,24.49,0.61,102.99555555555555,22.051111111111112,0.907037037037037,1966.3484000000003
Ord_836,Prod_13,SHP_1144,1327.59,0.05,35,371.28,2.9,0.59,37.93114285714285,10.607999999999999,0.08285714285714285,887.0304999999998
Ord_836,Prod_1,SHP_1145,3401.8,0.09,39,-508.87,19.99,0.79,87.22564102564102,-13.047948717948717,0.5125641025641026,3584.5180000000005
Ord_2798,Prod_4,SHP_3849,2628.047,0.05,49,-137.95,19.99,0.59,53.63361224489796,-2.8153061224489795,0.40795918367346934,2614.60465
Ord_836,Prod_8,SHP_3789,130.14,0.04,4,-116.18,8.65,0.74,32.535,-29.045,2.1625,232.46439999999998
Ord_2798,Prod_3,SHP_3848,1893.29,0.07,50,857.34,2.99,0.35,37.8658,17.1468,0.059800000000000006,900.4297
Ord_4721,Prod_3,SHP_6588,203.91,0.02,23,-35.44,6.19,0.38,8.865652173913043,-1.5408695652173912,0.26913043478260873,229.0818
Ord_4758,Prod_1,SHP_6637,448.1,0.1,35,-15.07,4.51,0.59,12.802857142857144,-0.4305714285714286,0.12885714285714286,413.85
Ord_1898,Prod_7,SHP_2604,123.13,0.05,36,20.57,1.35,0.4,3.4202777777777778,0.571388888888889,0.037500000000000006,95.05350000000001
Ord_1898,Prod_15,SHP_2738,1425.21,0.1,9,-65.02,30.0,0.62,158.35666666666668,-7.224444444444444,3.3333333333333335,1317.709
Ord_2020,Prod_15,SHP_2763,5897.47,0.0,46,-1764.29,70.2,0.74,128.2058695652174,-38.35413043478261,1.5260869565217392,7591.56
Ord_2989,Prod_13,SHP_4133,271.78,0.07,47,52.74,1.2,0.55,5.782553191489361,1.122127659574468,0.02553191489361702,198.81539999999998
Ord_2020,Prod_2,SHP_3104,2550.12,0.01,40,882.45,4.5,0.56,63.753,22.06125,0.1125,1637.6687999999997
Ord_2989,Prod_6,SHP_6350,545.38,0.02,24,89.6,8.18,0.39,22.724166666666665,3.733333333333333,0.3408333333333333,436.6924
Ord_4408,Prod_6,SHP_6144,145.86,0.04,14,-92.32,11.59,0.4,10.418571428571429,-6.594285714285713,0.8278571428571428,220.75560000000002
Ord_5364,Prod_1,SHP_7493,522.62,0.02,37,34.52,4.51,0.59,14.124864864864865,0.9329729729729731,0.12189189189189188,473.1376
Ord_5359,Prod_13,SHP_7487,38.29,0.06,20,-16.15,1.63,0.46,1.9144999999999999,-0.8074999999999999,0.08149999999999999,50.51259999999999
Ord_5359,Prod_8,SHP_7486,448.07,0.1,15,-141.02,8.65,0.74,29.871333333333332,-9.401333333333334,0.5766666666666667,535.633
Ord_5479,Prod_1,SHP_7655,88.94,0.05,5,-47.54,7.04,0.81,17.788,-9.508,1.408,124.993
Ord_5362,Prod_5,SHP_7490,1079.19,0.07,12,46.8,39.61,0.67,89.9325,3.9,3.3008333333333333,917.2367
Ord_5362,Prod_6,SHP_7491,19.05,0.04,3,-14.81,6.72,0.4,6.3500000000000005,-4.9366666666666665,2.2399999999999998,26.378
Ord_5479,Prod_7,SHP_7654,113.98,0.1,48,21.29,0.8,0.39,2.3745833333333333,0.44354166666666667,0.016666666666666666,80.49200000000002
Ord_5350,Prod_4,SHP_7473,2750.107,0.0,24,600.42,7.69,0.58,114.58779166666666,25.0175,0.3204166666666667,2141.997
Ord_5368,Prod_13,SHP_7498,120.3,0.01,20,20.38,1.2,0.55,6.015,1.019,0.06,97.517
Ord_5345,Prod_6,SHP_7466,41.7,0.03,6,-14.56,5.37,0.36,6.95,-2.4266666666666667,0.895,49.63900000000001
Ord_5350,Prod_3,SHP_7472,62.54,0.02,3,-30.74,13.18,0.37,20.846666666666668,-10.246666666666666,4.3933333333333335,78.8492
Ord_5345,Prod_6,SHP_7465,43.29,0.09,8,-20.69,4.86,0.38,5.41125,-2.58625,0.6075,55.2239
Ord_5495,Prod_4,SHP_7681,1558.9425,0.02,50,548.44,1.1,0.55,31.17885,10.968800000000002,0.022000000000000002,978.2236500000001
Ord_5438,Prod_3,SHP_7599,299.94,0.06,45,38.74,2.99,0.35,6.665333333333333,0.8608888888888889,0.06644444444444444,240.21359999999999
Ord_5356,Prod_6,SHP_7482,55.38,0.02,7,-25.95,7.37,0.37,7.911428571428572,-3.707142857142857,1.052857142857143,72.8524
Ord_3109,Prod_17,SHP_4310,958.18,0.03,10,126.81,14.0,0.36,95.818,12.681000000000001,1.4,788.6245999999999
Ord_3114,Prod_3,SHP_4321,554.88,0.06,34,-145.33,13.18,0.37,16.32,-4.274411764705882,0.3876470588235294,653.7371999999999
Ord_3114,Prod_6,SHP_4322,152.37,0.09,24,-76.53,6.6,0.37,6.34875,-3.18875,0.27499999999999997,208.5867
Ord_3114,Prod_3,SHP_4321,309.65,0.04,48,-79.81,5.27,0.36,6.451041666666666,-1.6627083333333335,0.10979166666666666,371.804
Ord_3113,Prod_5,SHP_4319,417.53,0.02,41,-309.06,12.52,0.57,10.183658536585366,-7.538048780487805,0.3053658536585366,705.7194
Ord_3114,Prod_3,SHP_4320,167.07,0.04,32,-93.23,5.68,0.36,5.2209375,-2.9134375,0.1775,247.93720000000002
Ord_2449,Prod_5,SHP_3359,550.68,0.08,24,-134.63,15.68,0.62,22.944999999999997,-5.609583333333333,0.6533333333333333,625.5755999999999
Ord_2449,Prod_6,SHP_3360,120.96,0.02,18,-53.69,6.65,0.36,6.72,-2.9827777777777778,0.36944444444444446,165.58079999999998
Ord_2454,Prod_13,SHP_3365,226.15,0.01,31,35.98,2.35,0.47,7.29516129032258,1.1606451612903226,0.07580645161290323,185.5585
Ord_2422,Prod_5,SHP_3323,230.63,0.1,50,-39.71,3.05,0.52,4.6126,-0.7942,0.061,244.227
Ord_2422,Prod_7,SHP_3324,80.79,0.1,22,25.18,0.71,0.39,3.6722727272727274,1.1445454545454545,0.03227272727272727,46.82100000000002
Ord_3975,Prod_5,SHP_5525,3832.37,0.01,36,1322.07,5.81,0.65,106.45472222222222,36.72416666666666,0.1613888888888889,2466.1663
Ord_3954,Prod_4,SHP_5496,4851.5025,0.01,44,1371.67,7.69,0.58,110.26142045454544,31.174318181818183,0.17477272727272727,3423.6274750000002
Ord_3969,Prod_4,SHP_5517,250.376,0.01,6,-131.85,4.99,0.56,41.72933333333334,-21.974999999999998,0.8316666666666667,374.73224
Ord_3976,Prod_7,SHP_5526,75.68,0.08,45,-4.04,0.75,0.52,1.681777777777778,-0.08977777777777778,0.016666666666666666,72.91560000000001
Ord_3975,Prod_3,SHP_5524,24.77,0.1,4,-17.07,5.68,0.36,6.1925,-4.2675,1.42,33.683
Ord_3976,Prod_3,SHP_5526,100.34,0.0,25,-88.19,5.47,0.37,4.0136,-3.5276,0.2188,183.06
Ord_3965,Prod_10,SHP_5510,1616.66,0.0,15,112.58,56.22,0.6,107.77733333333335,7.505333333333334,3.7479999999999998,1447.8600000000001
Ord_3954,Prod_1,SHP_5495,645.14,0.1,49,-26.32,5.5,0.57,13.166122448979591,-0.5371428571428571,0.11224489795918367,601.446
Ord_3954,Prod_1,SHP_5495,1556.61,0.06,17,-485.55,35.0,0.83,91.56529411764706,-28.561764705882354,2.0588235294117645,1913.7633999999998
Ord_3273,Prod_6,SHP_4544,839.7,0.07,44,211.79,5.77,0.38,19.08409090909091,4.813409090909091,0.13113636363636363,563.3610000000001
Ord_3428,Prod_13,SHP_4752,234.76,0.04,11,-45.65,8.99,0.59,21.34181818181818,-4.1499999999999995,0.8172727272727273,262.02959999999996
Ord_3428,Prod_9,SHP_4751,35.68,0.01,3,-11.43,5.76,0.35,11.893333333333333,-3.81,1.92,40.9932
Ord_3273,Prod_13,SHP_4545,1662.5,0.01,46,289.02,8.99,0.56,36.141304347826086,6.283043478260869,0.19543478260869565,1347.865
Ord_3481,Prod_12,SHP_4820,167.55,0.03,44,-223.5,7.5,0.37,3.8079545454545456,-5.079545454545454,0.17045454545454544,378.5235
Ord_3350,Prod_12,SHP_4646,75.19,0.05,19,-93.67,7.5,0.37,3.9573684210526316,-4.93,0.39473684210526316,157.6005
Ord_3408,Prod_8,SHP_4724,641.89,0.03,37,207.3,1.99,0.45,17.348378378378378,5.602702702702703,0.05378378378378378,413.34329999999994
Ord_3518,Prod_5,SHP_4871,479.13,0.05,24,166.92,6.15,0.44,19.96375,6.954999999999999,0.25625000000000003,282.10350000000005
Ord_3400,Prod_5,SHP_4715,156.31,0.06,21,-9.81,4.0,0.42,7.443333333333333,-0.4671428571428572,0.19047619047619047,152.7414
Ord_4149,Prod_4,SHP_5783,4300.626,0.06,26,685.21,8.08,0.59,165.40869230769232,26.35423076923077,0.3107692307692308,3349.2984400000005
Ord_4149,Prod_6,SHP_5783,1041.74,0.1,35,-51.74,17.08,0.4,29.764,-1.4782857142857144,0.48799999999999993,972.226
Ord_4148,Prod_8,SHP_5780,46.86,0.06,27,-37.08,1.99,0.51,1.7355555555555555,-1.3733333333333333,0.0737037037037037,79.13839999999999
Ord_4148,Prod_6,SHP_5781,1089.59,0.01,34,433.24,5.09,0.4,32.04676470588235,12.74235294117647,0.14970588235294116,640.3641
Ord_4159,Prod_6,SHP_5796,1033.44,0.1,37,385.63,4.86,0.38,27.93081081081081,10.422432432432432,0.13135135135135137,539.606
Ord_4813,Prod_6,SHP_6707,140.63,0.09,33,-111.87,5.68,0.4,4.261515151515152,-3.39,0.17212121212121212,234.1633
Ord_4813,Prod_4,SHP_6707,4872.6675,0.09,50,851.31,8.8,0.59,97.45334999999999,17.0262,0.17600000000000002,3574.0174249999995
Ord_4786,Prod_6,SHP_6671,124.71,0.01,16,-30.04,5.96,0.38,7.794375,-1.8775,0.3725,147.5429
Ord_3944,Prod_1,SHP_5482,294.91,0.03,23,-37.27,6.27,0.57,12.82217391304348,-1.6204347826086958,0.2726086956521739,317.0627
Ord_4515,Prod_1,SHP_6285,4976.6,0.06,32,601.88,19.99,0.66,155.51875,18.80875,0.6246875,4056.134000000001
Ord_4565,Prod_3,SHP_6352,1444.0,0.08,48,617.06,2.99,0.35,30.083333333333332,12.855416666666665,0.06229166666666667,708.4300000000001
Ord_1840,Prod_6,SHP_2534,155.73,0.03,21,42.86,1.71,0.4,7.4157142857142855,2.040952380952381,0.08142857142857143,106.48809999999999
Ord_2010,Prod_8,SHP_2748,282.58,0.1,36,21.68,1.99,0.52,7.849444444444444,0.6022222222222222,0.05527777777777778,230.65199999999996
Ord_2575,Prod_13,SHP_3529,15.69,0.09,4,-1.59,0.7,0.44,3.9225,-0.3975,0.175,15.1679
Ord_2575,Prod_12,SHP_3529,14.96,0.02,4,-0.03,0.5,0.38,3.74,-0.0075,0.125,14.1908
Ord_2984,Prod_11,SHP_4124,539.21,0.05,35,11.65,27.75,0.76,15.406,0.33285714285714285,0.7928571428571428,472.84950000000003
Ord_2619,Prod_9,SHP_3584,775.77,0.07,20,179.37,9.83,0.4,38.7885,8.9685,0.4915,532.2660999999999
Ord_2998,Prod_13,SHP_4149,130.9,0.09,46,18.75,0.7,0.56,2.845652173913044,0.4076086956521739,0.015217391304347825,99.669
Ord_2274,Prod_6,SHP_3103,127.48,0.05,19,-41.99,5.84,0.37,6.7094736842105265,-2.21,0.30736842105263157,157.256
Ord_2305,Prod_3,SHP_3157,373.48,0.1,9,112.06,2.99,0.36,41.49777777777778,12.45111111111111,0.33222222222222225,221.082
Ord_3218,Prod_6,SHP_4463,98.39,0.01,13,-31.54,6.6,0.37,7.568461538461539,-2.426153846153846,0.5076923076923077,122.3461
Ord_3368,Prod_15,SHP_4668,3227.38,0.05,26,192.31,30.0,0.64,124.13000000000001,7.396538461538461,1.1538461538461537,2843.701
Ord_3368,Prod_13,SHP_4669,134.52,0.03,48,-6.04,1.2,0.58,2.8025,-0.12583333333333332,0.024999999999999998,135.32440000000003
Ord_3323,Prod_3,SHP_4608,173.7,0.02,21,-31.59,6.16,0.35,8.27142857142857,-1.5042857142857142,0.29333333333333333,195.656
Ord_3265,Prod_17,SHP_4529,599.52,0.04,32,25.14,8.51,0.4,18.735,0.785625,0.2659375,541.8892
Ord_3214,Prod_4,SHP_4457,2143.2155,0.02,37,464.36,8.99,0.55,57.924743243243235,12.550270270270271,0.242972972972973,1627.00119
Ord_3387,Prod_6,SHP_4695,130.16,0.0,18,28.87,2.17,0.38,7.231111111111111,1.603888888888889,0.12055555555555555,99.11999999999999
Ord_3407,Prod_1,SHP_4723,668.8,0.04,20,92.34,5.1,0.6,33.44,4.617,0.255,544.608
Ord_3337,Prod_13,SHP_4630,48.83,0.06,23,1.0,0.7,0.57,2.1230434782608696,0.043478260869565216,0.03043478260869565,44.200199999999995
Ord_3337,Prod_2,SHP_4630,2477.99,0.0,30,747.68,4.5,0.59,82.59966666666666,24.922666666666665,0.15,1725.81
Ord_3344,Prod_3,SHP_4639,1107.64,0.06,28,333.17,7.47,0.37,39.55857142857143,11.898928571428572,0.2667857142857143,700.5416
Ord_3471,Prod_6,SHP_4806,1692.03,0.1,33,574.44,10.75,0.36,51.27363636363636,17.40727272727273,0.32575757575757575,937.637
Ord_2862,Prod_4,SHP_3940,968.235,0.05,31,-158.61,5.0,0.85,31.233387096774194,-5.1164516129032265,0.16129032258064516,1073.43325
Ord_2862,Prod_5,SHP_3938,103.11,0.06,24,-95.41,6.92,0.49,4.29625,-3.9754166666666664,0.28833333333333333,185.4134
Ord_2862,Prod_4,SHP_3939,1599.071,0.04,35,296.66,3.3,0.59,45.68774285714286,8.476,0.09428571428571428,1235.14816
Ord_2868,Prod_15,SHP_3950,5405.44,0.07,18,604.46,64.73,0.56,300.3022222222222,33.58111111111111,3.5961111111111115,4357.8692
Ord_2867,Prod_8,SHP_3947,223.33,0.0,42,-111.89,4.32,0.64,5.317380952380953,-2.664047619047619,0.10285714285714287,330.90000000000003
Ord_2867,Prod_8,SHP_3948,1178.04,0.07,29,-53.81,6.5,0.74,40.622068965517244,-1.8555172413793104,0.22413793103448276,1142.8872
Ord_2867,Prod_13,SHP_3949,121.94,0.01,43,-51.3,2.4,0.58,2.835813953488372,-1.1930232558139535,0.05581395348837209,169.6206
Ord_1942,Prod_5,SHP_2659,107.56,0.1,17,-25.0,54.95,0.37,6.327058823529412,-1.4705882352941178,3.2323529411764707,66.854
Ord_1942,Prod_9,SHP_2660,1386.69,0.05,15,363.0,19.99,0.4,92.446,24.2,1.3326666666666667,934.3655000000001
Ord_1930,Prod_1,SHP_2644,290.07,0.07,18,-114.2,7.04,0.81,16.115,-6.344444444444445,0.39111111111111113,376.9251
Ord_1945,Prod_17,SHP_2663,218.29,0.09,23,-32.43,5.76,0.39,9.490869565217391,-1.41,0.2504347826086956,225.31390000000002
Ord_1930,Prod_6,SHP_2645,196.81,0.06,31,70.39,1.34,0.36,6.348709677419355,2.2706451612903225,0.043225806451612905,113.27139999999999
Ord_2264,Prod_9,SHP_3086,975.12,0.03,30,-6.72,19.51,0.36,32.504,-0.224,0.6503333333333334,933.0764
Ord_2271,Prod_8,SHP_4130,1374.7,0.06,43,-90.3,5.5,0.75,31.969767441860466,-2.1,0.12790697674418605,1377.018
Ord_2271,Prod_8,SHP_3097,516.62,0.06,29,138.33,1.99,0.46,17.81448275862069,4.7700000000000005,0.06862068965517241,345.30279999999993
Ord_2264,Prod_2,SHP_3085,1490.56,0.01,21,-499.51,60.0,0.41,70.97904761904762,-23.786190476190477,2.857142857142857,1915.1644
Ord_2264,Prod_13,SHP_3086,105.44,0.0,17,18.76,1.2,0.55,6.20235294117647,1.1035294117647059,0.07058823529411765,85.47999999999999
Ord_5231,Prod_16,SHP_7305,366.84,0.08,37,-50.1,4.68,0.59,9.914594594594593,-1.354054054054054,0.12648648648648647,382.9128
Ord_5211,Prod_13,SHP_7282,264.05,0.07,50,25.05,1.99,0.46,5.281000000000001,0.501,0.0398,218.5265
Ord_5166,Prod_9,SHP_7220,347.84,0.0,37,-99.25,8.29,0.38,9.401081081081081,-2.6824324324324325,0.22405405405405404,438.79999999999995
Ord_5208,Prod_13,SHP_7278,79.04,0.05,22,-77.93,5.0,0.56,3.592727272727273,-3.5422727272727275,0.22727272727272727,148.01800000000003
Ord_5211,Prod_3,SHP_7281,378.9,0.02,25,28.46,7.17,0.38,15.155999999999999,1.1384,0.2868,335.692
Ord_4324,Prod_6,SHP_6029,1279.45,0.01,25,558.25,7.23,0.37,51.178000000000004,22.33,0.2892,701.1755
Ord_4314,Prod_6,SHP_6019,240.52,0.05,37,-164.18,8.19,0.37,6.500540540540541,-4.437297297297297,0.22135135135135134,384.48400000000004
Ord_4327,Prod_4,SHP_6032,723.3075,0.01,39,216.7,0.99,0.57,18.546346153846155,5.556410256410256,0.025384615384615384,498.384425
Ord_4030,Prod_13,SHP_5610,124.01,0.08,39,-109.02,3.97,0.56,3.1797435897435897,-2.795384615384615,0.1017948717948718,219.13920000000002
Ord_4053,Prod_9,SHP_5649,662.51,0.09,46,293.32,1.39,0.38,14.402391304347827,6.3765217391304345,0.030217391304347824,308.1741
Ord_4030,Prod_13,SHP_5611,1836.84,0.09,49,129.95,8.99,0.59,37.4865306122449,2.6520408163265303,0.18346938775510205,1532.5844
Ord_4047,Prod_5,SHP_5639,30.92,0.02,3,28.64,2.83,0.37,10.306666666666667,9.546666666666667,0.9433333333333334,-1.1683999999999983
Ord_4053,Prod_13,SHP_5650,61.18,0.0,21,6.85,0.7,0.56,2.913333333333333,0.3261904761904762,0.03333333333333333,53.629999999999995
Ord_4093,Prod_3,SHP_5705,23.18,0.05,2,-14.88,6.19,0.38,11.59,-7.44,3.095,30.711
Ord_4093,Prod_2,SHP_5705,1290.37,0.05,10,231.16,24.49,0.46,129.03699999999998,23.116,2.449,970.2015
Ord_4047,Prod_7,SHP_5640,142.8,0.01,24,-25.0,3.37,0.54,5.95,-1.0416666666666667,0.14041666666666666,163.002
Ord_4021,Prod_3,SHP_5596,496.15,0.03,23,213.38,1.49,0.35,21.571739130434782,9.277391304347827,0.06478260869565218,266.39549999999997
Ord_4041,Prod_13,SHP_5630,116.63,0.03,39,6.81,0.96,0.58,2.99051282051282,0.17461538461538462,0.024615384615384615,105.3611
Ord_784,Prod_6,SHP_1077,871.32,0.1,23,315.16,5.86,0.36,37.883478260869566,13.702608695652176,0.25478260869565217,463.16800000000006
Ord_687,Prod_15,SHP_941,1187.12,0.06,10,-127.3,30.0,0.69,118.71199999999999,-12.73,3.0,1213.1927999999998
Ord_716,Prod_3,SHP_980,135.31,0.06,23,-49.32,5.01,0.39,5.88304347826087,-2.1443478260869564,0.21782608695652173,171.5014
Ord_709,Prod_8,SHP_971,729.92,0.0,33,99.31,4.0,0.6,22.118787878787877,3.0093939393939393,0.12121212121212122,626.6099999999999
Ord_687,Prod_6,SHP_942,108.31,0.05,16,-52.77,6.86,0.37,6.769375,-3.298125,0.42875,148.80450000000002
Ord_838,Prod_5,SHP_1148,961.06,0.05,28,361.82,5.02,0.55,34.32357142857143,12.922142857142857,0.17928571428571427,546.1669999999999
Ord_838,Prod_8,SHP_1148,1435.95,0.05,36,486.9,1.99,0.51,39.8875,13.524999999999999,0.05527777777777778,875.2625000000002
Ord_3410,Prod_6,SHP_4727,173.27,0.02,41,51.29,1.3,0.37,4.22609756097561,1.2509756097560976,0.03170731707317073,117.21460000000002
Ord_3274,Prod_8,SHP_4546,745.99,0.02,46,226.09,4.0,0.37,16.217173913043478,4.915,0.08695652173913043,500.98019999999997
Ord_3300,Prod_7,SHP_4577,66.6,0.08,26,13.99,0.8,0.39,2.5615384615384613,0.5380769230769231,0.03076923076923077,46.48199999999999
Ord_3300,Prod_1,SHP_4578,312.25,0.05,9,15.56,5.1,0.6,34.69444444444444,1.728888888888889,0.5666666666666667,275.97749999999996
Ord_3339,Prod_1,SHP_4632,257.41,0.09,43,-131.08,4.69,0.68,5.986279069767442,-3.0483720930232563,0.10906976744186048,360.6331
Ord_3209,Prod_2,SHP_4451,1661.04,0.04,23,475.54,3.5,0.59,72.21913043478261,20.675652173913043,0.15217391304347827,1115.5584
Ord_3433,Prod_8,SHP_4759,3601.07,0.04,50,174.8,14.52,0.65,72.0214,3.4960000000000004,0.2904,3267.7072
Ord_3410,Prod_3,SHP_4726,24.09,0.04,5,-20.23,5.44,0.36,4.818,-4.046,1.088,37.916399999999996
Ord_3206,Prod_2,SHP_4446,210.4,0.07,19,-18.96,4.5,0.59,11.073684210526316,-0.9978947368421053,0.23684210526315788,210.132
Ord_2110,Prod_17,SHP_2885,4502.26,0.09,38,1272.17,26.3,0.38,118.48052631578948,33.478157894736846,0.6921052631578948,2798.5865999999996
Ord_2144,Prod_1,SHP_2925,5318.89,0.06,48,525.15,8.64,0.78,110.81020833333334,10.940624999999999,0.18000000000000002,4465.966600000001
Ord_2110,Prod_6,SHP_2886,192.23,0.07,34,-149.84,7.64,0.36,5.653823529411764,-4.407058823529412,0.22470588235294117,320.9739
Ord_2099,Prod_13,SHP_2872,1090.4,0.06,26,146.24,8.99,0.59,41.93846153846154,5.624615384615385,0.3457692307692308,869.7460000000001
Ord_2123,Prod_4,SHP_2899,1564.1615,0.0,20,682.48,2.5,0.35,78.208075,34.124,0.125,879.1814999999999
Ord_2099,Prod_8,SHP_3068,243.49,0.08,30,-45.89,2.38,0.74,8.116333333333333,-1.5296666666666667,0.07933333333333333,267.5208
Ord_5210,Prod_8,SHP_7280,9.7,0.02,1,-18.03,4.62,0.64,9.7,-18.03,4.62,22.916
Ord_5200,Prod_4,SHP_7266,4815.862,0.08,47,1316.79,4.2,0.57,102.46514893617021,28.016808510638295,0.08936170212765958,3109.60304
Ord_5214,Prod_12,SHP_7285,14.61,0.03,5,1.17,0.5,0.36,2.9219999999999997,0.23399999999999999,0.1,12.5017
Ord_3497,Prod_12,SHP_4842,40.75,0.03,15,12.76,0.5,0.39,2.716666666666667,0.8506666666666667,0.03333333333333333,26.267500000000005
Ord_3299,Prod_3,SHP_4575,788.85,0.06,21,317.53,2.99,0.35,37.56428571428572,15.12047619047619,0.14238095238095239,420.999
Ord_3332,Prod_6,SHP_4623,115.71,0.08,18,-91.61,8.4,0.37,6.428333333333333,-5.089444444444444,0.4666666666666667,189.6632
Ord_3334,Prod_9,SHP_4627,175.23,0.04,46,-13.35,2.5,0.39,3.8093478260869564,-0.2902173913043478,0.05434782608695652,179.0708
Ord_3359,Prod_13,SHP_4657,128.52,0.06,23,42.8,1.0,0.38,5.587826086956523,1.8608695652173912,0.043478260869565216,77.00880000000001
Ord_3299,Prod_6,SHP_4576,364.59,0.07,43,-14.28,5.16,0.38,8.478837209302325,-0.3320930232558139,0.12000000000000001,348.1886999999999
Ord_3497,Prod_13,SHP_4842,424.09,0.01,35,-114.18,7.95,0.58,12.116857142857143,-3.2622857142857145,0.22714285714285715,526.0790999999999
Ord_3359,Prod_6,SHP_4656,287.61,0.02,43,-101.5,6.35,0.37,6.688604651162791,-2.36046511627907,0.14767441860465116,377.0078
Ord_3203,Prod_4,SHP_4443,567.936,0.02,10,-126.09,8.99,0.55,56.793600000000005,-12.609,0.899,673.6772800000001
Ord_3359,Prod_1,SHP_4658,1011.67,0.04,41,-74.64,8.79,0.66,24.674878048780485,-1.8204878048780488,0.214390243902439,1037.0532
Ord_3299,Prod_5,SHP_5504,535.57,0.05,21,131.05,8.99,0.5,25.503333333333337,6.240476190476191,0.4280952380952381,368.7515
Ord_3940,Prod_9,SHP_5475,412.62,0.08,43,175.54,1.39,0.37,9.595813953488372,4.082325581395349,0.032325581395348836,202.68040000000005
Ord_3946,Prod_12,SHP_5485,18.46,0.06,4,-0.43,0.5,0.36,4.615,-0.1075,0.125,17.2824
Ord_3946,Prod_3,SHP_5484,750.39,0.04,23,133.71,11.63,0.37,32.625652173913046,5.813478260869566,0.5056521739130435,575.0344
Ord_740,Prod_4,SHP_1009,1026.6385,0.0,18,-201.05,19.99,0.59,57.035472222222225,-11.169444444444444,1.1105555555555555,1207.6985
Ord_777,Prod_1,SHP_1066,770.53,0.04,44,30.17,6.25,0.58,17.512045454545454,0.6856818181818182,0.14204545454545456,703.2888
Ord_712,Prod_8,SHP_976,1712.66,0.1,12,-390.77,4.0,0.79,142.72166666666666,-32.564166666666665,0.3333333333333333,1928.164
Ord_793,Prod_9,SHP_1089,2833.19,0.06,34,1409.87,5.01,0.38,83.32911764705882,41.46676470588235,0.14735294117647058,1248.3186
Ord_793,Prod_11,SHP_1090,4452.65,0.09,30,-265.12,60.0,0.55,148.42166666666665,-8.837333333333333,2.0,4257.0315
Ord_777,Prod_4,SHP_1065,603.347,0.08,13,142.98,1.25,0.35,46.41130769230769,10.998461538461537,0.09615384615384616,410.84924
Ord_740,Prod_8,SHP_1008,167.37,0.1,4,-132.15,4.0,0.64,41.8425,-33.0375,1.0,278.783
Ord_851,Prod_4,SHP_1173,834.0625,0.01,27,192.29,1.25,0.57,30.891203703703702,7.121851851851852,0.046296296296296294,632.181875
Ord_3237,Prod_5,SHP_4489,129.84,0.05,19,2.39,4.95,0.37,6.833684210526316,0.12578947368421053,0.2605263157894737,116.008
Ord_3302,Prod_17,SHP_4580,89.75,0.03,6,-38.29,7.51,0.39,14.958333333333334,-6.381666666666667,1.2516666666666667,117.8375
Ord_3470,Prod_17,SHP_4805,5615.4,0.07,46,1807.16,26.3,0.38,122.07391304347826,39.28608695652174,0.5717391304347826,3388.861999999999
Ord_5441,Prod_13,SHP_7602,44.64,0.03,7,2.08,1.2,0.55,6.377142857142857,0.29714285714285715,0.17142857142857143,40.0208
Ord_5471,Prod_8,SHP_7644,214.94,0.06,12,26.75,1.99,0.45,17.911666666666665,2.2291666666666665,0.16583333333333333,173.3036
Ord_5453,Prod_2,SHP_7622,388.9,0.1,37,-37.11,4.5,0.59,10.51081081081081,-1.002972972972973,0.12162162162162163,382.62
Ord_5487,Prod_5,SHP_7666,25.84,0.04,6,-4.13,4.86,0.41,4.306666666666667,-0.6883333333333334,0.81,24.0764
Ord_5488,Prod_6,SHP_7668,1767.47,0.05,42,331.56,17.48,0.36,42.08261904761905,7.894285714285714,0.4161904761904762,1330.0565000000001
Ord_5488,Prod_5,SHP_7670,1276.73,0.08,47,357.23,8.55,0.42,27.164468085106382,7.600638297872341,0.1819148936170213,808.8116
Ord_5414,Prod_8,SHP_7559,1383.2,0.01,18,-23.44,12.14,0.67,76.84444444444445,-1.3022222222222224,0.6744444444444445,1380.668
Ord_5441,Prod_4,SHP_7603,1289.62,0.03,41,432.52,1.1,0.55,31.454146341463414,10.549268292682926,0.02682926829268293,817.3114
Ord_5454,Prod_13,SHP_7623,172.01,0.06,26,27.47,1.56,0.52,6.615769230769231,1.0565384615384614,0.060000000000000005,132.65939999999998
Ord_4954,Prod_3,SHP_6912,179.45,0.07,35,-116.35,5.63,0.39,5.127142857142857,-3.3242857142857143,0.16085714285714287,277.6085
Ord_4954,Prod_4,SHP_6914,2455.276,0.04,42,693.06,5.63,0.56,58.458952380952375,16.50142857142857,0.13404761904761905,1658.3749599999996
Ord_4954,Prod_15,SHP_6913,7987.43,0.03,49,1304.9,30.0,0.62,163.0087755102041,26.63061224489796,0.6122448979591837,6412.9071
Ord_4429,Prod_9,SHP_6928,286.81,0.07,39,110.05,1.39,0.36,7.354102564102564,2.8217948717948715,0.035641025641025635,155.2933
Ord_4648,Prod_17,SHP_6479,478.27,0.01,33,-4.85,7.51,0.39,14.493030303030302,-0.14696969696969697,0.22757575757575757,470.82730000000004
Ord_4629,Prod_2,SHP_6446,562.15,0.01,12,148.34,5.1,0.46,46.84583333333333,12.361666666666666,0.425,403.08849999999995
Ord_4742,Prod_9,SHP_6614,370.6,0.03,47,160.72,1.39,0.36,7.885106382978724,3.4195744680851066,0.02957446808510638,197.37200000000004
Ord_4629,Prod_1,SHP_6447,848.19,0.06,25,120.02,5.49,0.6,33.927600000000005,4.8008,0.21960000000000002,671.7886000000001
Ord_4629,Prod_5,SHP_6446,140.77,0.01,7,100.77,3.77,0.39,20.110000000000003,14.395714285714286,0.5385714285714286,34.8223
Ord_4679,Prod_3,SHP_6526,1979.47,0.1,18,690.27,9.07,0.35,109.97055555555556,38.34833333333333,0.5038888888888889,1082.1830000000002
Ord_4679,Prod_4,SHP_6528,2823.037,0.1,29,372.4,4.2,0.59,97.34610344827585,12.841379310344827,0.14482758620689656,2164.1333
Ord_4679,Prod_8,SHP_6527,187.8,0.08,23,-41.83,2.38,0.74,8.165217391304349,-1.818695652173913,0.10347826086956521,212.226
Ord_4437,Prod_12,SHP_6183,152.26,0.04,42,64.99,0.5,0.38,3.625238095238095,1.5473809523809523,0.011904761904761904,80.67960000000001
Ord_4449,Prod_3,SHP_6197,513.08,0.03,18,198.94,1.49,0.38,28.504444444444445,11.052222222222222,0.08277777777777778,297.2576
Ord_4449,Prod_6,SHP_6198,98.8,0.07,16,-62.0,7.15,0.36,6.175,-3.875,0.446875,146.73399999999998
Ord_4472,Prod_2,SHP_6230,157.94,0.04,6,9.15,4.5,0.55,26.323333333333334,1.5250000000000001,0.75,137.9724
Ord_4604,Prod_1,SHP_6403,234.24,0.09,24,-151.8,9.45,0.6,9.76,-6.325,0.39375,355.50840000000005
Ord_4429,Prod_3,SHP_6173,158.79,0.05,13,1.16,5.63,0.4,12.214615384615383,0.08923076923076922,0.4330769230769231,144.0605
Ord_1736,Prod_9,SHP_2400,262.31,0.04,23,27.55,5.25,0.36,11.404782608695653,1.1978260869565218,0.22826086956521738,219.0176
Ord_1749,Prod_1,SHP_2423,679.52,0.09,40,-152.4,9.47,0.59,16.988,-3.81,0.23675000000000002,761.2932
Ord_1770,Prod_5,SHP_2454,387.03,0.04,50,-7.73,4.95,0.41,7.7406,-0.15460000000000002,0.099,374.3288
Ord_1742,Prod_3,SHP_2412,367.11,0.09,14,116.8,1.49,0.38,26.22214285714286,8.342857142857143,0.10642857142857143,215.7801
Ord_1736,Prod_10,SHP_2402,1696.7,0.04,9,-82.81,23.58,0.74,188.52222222222224,-9.20111111111111,2.6199999999999997,1688.0620000000001
Ord_1752,Prod_5,SHP_2428,404.91,0.06,33,65.63,4.98,0.48,12.270000000000001,1.9887878787878785,0.1509090909090909,310.0054
Ord_1749,Prod_1,SHP_2424,5176.27,0.01,38,-743.45,35.0,0.84,136.2176315789474,-19.564473684210526,0.9210526315789473,5832.9573
Ord_1765,Prod_7,SHP_2447,26.11,0.08,10,2.65,0.8,0.39,2.6109999999999998,0.265,0.08,20.5712
Ord_1736,Prod_3,SHP_2399,431.37,0.03,28,-28.67,9.73,0.36,15.406071428571428,-1.0239285714285715,0.34750000000000003,437.3689
Ord_1749,Prod_4,SHP_2422,2731.73,0.07,21,310.59,8.99,0.58,130.08238095238096,14.79,0.4280952380952381,2220.9289
Ord_1741,Prod_7,SHP_2410,162.16,0.05,49,24.95,1.35,0.4,3.3093877551020405,0.5091836734693878,0.027551020408163266,127.752
Ord_1752,Prod_6,SHP_2428,100.36,0.02,11,18.41,2.15,0.4,9.123636363636363,1.6736363636363636,0.19545454545454544,77.7928
Ord_1736,Prod_6,SHP_2401,514.03,0.05,45,82.19,5.01,0.36,11.422888888888888,1.8264444444444443,0.11133333333333333,401.1285
Ord_1761,Prod_3,SHP_2441,204.99,0.03,41,-95.99,4.95,0.37,4.999756097560976,-2.341219512195122,0.12073170731707318,289.88030000000003
Ord_2147,Prod_9,SHP_2928,125.57,0.03,22,-45.16,5.3,0.35,5.707727272727272,-2.0527272727272727,0.2409090909090909,161.66289999999998
Ord_2190,Prod_3,SHP_2986,74.25,0.01,17,-56.17,5.26,0.38,4.367647058823529,-3.3041176470588236,0.30941176470588233,124.41749999999999
Ord_2100,Prod_3,SHP_2874,104.89,0.07,24,22.84,1.49,0.38,4.370416666666666,0.9516666666666667,0.06208333333333333,73.21770000000001
Ord_2074,Prod_3,SHP_2838,78.17,0.01,21,-72.7,5.44,0.36,3.7223809523809526,-3.461904761904762,0.2590476190476191,144.6483
Ord_2190,Prod_6,SHP_2986,23.23,0.09,4,-19.06,6.72,0.4,5.8075,-4.765,1.68,33.479299999999995
Ord_2707,Prod_5,SHP_3706,267.06,0.03,42,-96.95,5.22,0.6,6.3585714285714285,-2.3083333333333336,0.12428571428571428,350.7782
Ord_2707,Prod_6,SHP_3707,449.79,0.06,11,13.21,17.48,0.36,40.89,1.200909090909091,1.589090909090909,392.11260000000004
Ord_2709,Prod_11,SHP_3709,2272.56,0.06,15,111.05,16.01,0.7,151.504,7.403333333333333,1.0673333333333335,2009.1463999999999
Ord_2795,Prod_8,SHP_3843,596.56,0.04,20,60.7,5.5,0.51,29.827999999999996,3.035,0.275,506.4976
Ord_2642,Prod_9,SHP_3614,61.52,0.02,16,-8.89,2.5,0.39,3.845,-0.555625,0.15625,66.6796
Ord_2303,Prod_12,SHP_3748,98.51,0.1,21,45.93,0.5,0.39,4.690952380952381,2.1871428571428573,0.023809523809523808,42.229000000000006
Ord_2659,Prod_8,SHP_3638,4744.64,0.04,46,1033.38,19.99,0.52,103.14434782608696,22.464782608695653,0.4345652173913043,3501.4844000000003
Ord_2825,Prod_13,SHP_3887,92.18,0.02,31,5.7,0.97,0.59,2.9735483870967743,0.18387096774193548,0.03129032258064516,83.66640000000001
Ord_2303,Prod_8,SHP_3747,904.93,0.08,31,-53.4,4.0,0.74,29.191290322580645,-1.7225806451612902,0.12903225806451613,881.9355999999999
Ord_2819,Prod_7,SHP_3880,14.85,0.05,6,-2.79,1.02,0.81,2.475,-0.465,0.17,15.877500000000001
Ord_2622,Prod_6,SHP_3588,154.6,0.02,22,-23.53,5.11,0.37,7.027272727272727,-1.0695454545454546,0.2322727272727273,169.92799999999997
Ord_2659,Prod_7,SHP_3641,34.22,0.07,31,-3.19,0.7,0.38,1.1038709677419354,-0.10290322580645161,0.02258064516129032,34.3146
Ord_2622,Prod_17,SHP_3587,2360.43,0.1,31,66.22,33.6,0.37,76.14290322580645,2.1361290322580646,1.0838709677419356,2024.5669999999998
Ord_2825,Prod_3,SHP_3887,127.45,0.06,17,-42.17,6.05,0.39,7.497058823529412,-2.4805882352941175,0.3558823529411765,155.923
Ord_2780,Prod_13,SHP_3818,1502.47,0.07,43,214.05,8.99,0.56,34.941162790697675,4.977906976744186,0.20906976744186048,1174.2571
Ord_2659,Prod_9,SHP_3640,607.13,0.1,41,274.66,1.39,0.38,14.808048780487805,6.699024390243903,0.03390243902439024,270.367
Ord_2770,Prod_8,SHP_3803,1618.31,0.08,41,504.71,1.99,0.54,39.470975609756096,12.309999999999999,0.04853658536585366,982.1451999999999
Ord_2780,Prod_1,SHP_3819,2014.13,0.1,24,-794.94,35.0,0.83,83.92208333333333,-33.1225,1.4583333333333333,2572.657
Ord_2153,Prod_4,SHP_2935,2175.218,0.07,13,44.55,3.99,0.58,167.32446153846152,3.4269230769230767,0.30692307692307697,1974.4127399999998
Ord_2180,Prod_15,SHP_2972,1505.67,0.1,22,-436.23,30.0,0.73,68.43954545454545,-19.828636363636363,1.3636363636363635,1761.333
Ord_2140,Prod_6,SHP_2919,19.81,0.02,2,-10.39,6.22,0.37,9.905,-5.195,3.11,23.5838
Ord_2175,Prod_8,SHP_2964,475.58,0.04,29,108.21,4.0,0.37,16.399310344827587,3.731379310344827,0.13793103448275862,344.34680000000003
Ord_2169,Prod_6,SHP_2956,1321.55,0.1,25,448.24,10.75,0.36,52.861999999999995,17.9296,0.43,730.405
Ord_2160,Prod_15,SHP_2944,3636.37,0.06,33,-176.91,30.0,0.69,110.1930303030303,-5.36090909090909,0.9090909090909091,3565.0977999999996
Ord_2170,Prod_7,SHP_2957,55.2,0.05,15,4.26,1.63,0.36,3.68,0.284,0.10866666666666666,46.550000000000004
Ord_2101,Prod_11,SHP_2875,10714.78,0.0,41,-627.64,66.67,0.65,261.33609756097565,-15.30829268292683,1.6260975609756099,11275.75
Ord_2077,Prod_17,SHP_2841,887.94,0.02,7,49.45,7.11,0.36,126.84857142857143,7.064285714285715,1.0157142857142858,813.6212
Ord_2124,Prod_3,SHP_2900,926.85,0.09,34,382.94,1.49,0.38,27.26029411764706,11.262941176470589,0.043823529411764706,459.0035
Ord_2070,Prod_11,SHP_2833,3905.75,0.01,21,55.3,29.21,0.76,185.98809523809524,2.6333333333333333,1.390952380952381,3782.1825
Ord_2071,Prod_6,SHP_2835,95.89,0.0,14,-46.31,7.15,0.36,6.849285714285714,-3.307857142857143,0.5107142857142858,135.05
Ord_2071,Prod_13,SHP_2835,80.38,0.09,23,-71.11,4.17,0.59,3.494782608695652,-3.0917391304347825,0.18130434782608695,140.0858
Ord_2107,Prod_2,SHP_2882,2409.96,0.07,32,575.1,4.5,0.59,75.31125,17.971875,0.140625,1661.6628
Ord_2178,Prod_2,SHP_2967,139.69,0.01,16,-95.64,9.23,0.58,8.730625,-5.9775,0.576875,224.7031
Ord_2095,Prod_6,SHP_2866,19.36,0.1,2,-11.85,6.18,0.39,9.68,-5.925,3.09,23.094
Ord_2095,Prod_3,SHP_2867,206.27,0.09,30,-54.44,5.48,0.37,6.875666666666667,-1.8146666666666667,0.18266666666666667,236.66570000000002
Ord_2119,Prod_2,SHP_2895,1623.09,0.02,28,245.88,13.22,0.56,57.967499999999994,8.781428571428572,0.47214285714285714,1331.5281999999997
Ord_2178,Prod_4,SHP_2968,6030.58,0.09,39,1197.86,8.99,0.58,154.6302564102564,30.714358974358973,0.23051282051282052,4280.977800000001
Ord_2194,Prod_5,SHP_2991,525.78,0.03,20,180.64,6.93,0.49,26.288999999999998,9.032,0.3465,322.4366
Ord_2161,Prod_6,SHP_2945,203.48,0.04,30,-71.91,6.35,0.37,6.782666666666667,-2.397,0.21166666666666664,260.9008
Ord_2071,Prod_8,SHP_2834,1651.09,0.05,22,-2.38,12.14,0.67,75.04954545454545,-0.10818181818181817,0.5518181818181819,1558.7755
Ord_3534,Prod_4,SHP_4894,1735.3515,0.08,31,258.62,8.99,0.56,55.97908064516129,8.34258064516129,0.29,1328.91338
Ord_3639,Prod_8,SHP_5039,623.29,0.0,20,57.44,5.5,0.51,31.164499999999997,2.872,0.275,560.3499999999999
Ord_3543,Prod_1,SHP_4905,1184.11,0.07,6,-145.07,19.99,0.71,197.35166666666666,-24.17833333333333,3.3316666666666666,1226.3022999999998
Ord_3570,Prod_4,SHP_4942,2094.978,0.06,44,697.29,1.25,0.55,47.613136363636364,15.847499999999998,0.028409090909090908,1270.7393200000001
Ord_3638,Prod_6,SHP_5037,36.43,0.04,5,-22.04,7.15,0.36,7.286,-4.4079999999999995,1.4300000000000002,49.8628
Ord_3610,Prod_13,SHP_4999,88.59,0.05,7,-26.29,5.81,0.6,12.655714285714286,-3.755714285714286,0.83,104.6405
Ord_3592,Prod_4,SHP_4973,2614.3705,0.07,25,384.01,7.69,0.58,104.57482,15.3604,0.30760000000000004,2039.6645649999998
Ord_3592,Prod_17,SHP_4973,636.5,0.01,46,-71.98,9.44,0.39,13.83695652173913,-1.5647826086956522,0.20521739130434782,692.675
Ord_3639,Prod_5,SHP_5040,40.34,0.03,2,-23.62,7.74,0.5,20.17,-11.81,3.87,55.0098
Ord_3582,Prod_6,SHP_4959,539.66,0.0,26,147.08,5.97,0.38,20.756153846153843,5.656923076923078,0.2296153846153846,386.6099999999999
Ord_3543,Prod_3,SHP_4906,514.22,0.02,17,187.37,2.99,0.35,30.24823529411765,11.021764705882353,0.1758823529411765,313.5756
Ord_3639,Prod_10,SHP_5038,2173.26,0.0,35,-465.66,36.61,0.61,62.093142857142865,-13.30457142857143,1.046,2602.31
Ord_3553,Prod_16,SHP_4920,128.31,0.05,39,-55.72,1.92,0.84,3.29,-1.4287179487179487,0.04923076923076923,175.6945
Ord_3593,Prod_5,SHP_4975,1175.53,0.03,18,257.59,14.48,0.46,65.30722222222222,14.310555555555554,0.8044444444444445,868.1940999999999
Ord_3630,Prod_6,SHP_5028,134.68,0.1,29,-66.46,4.7,0.38,4.644137931034483,-2.2917241379310345,0.1620689655172414,182.97199999999998
Ord_3574,Prod_16,SHP_4948,416.99,0.02,32,-93.62,4.59,0.82,13.0309375,-2.925625,0.1434375,497.6802
Ord_3588,Prod_3,SHP_4968,107.63,0.0,15,-29.89,5.48,0.37,7.175333333333333,-1.9926666666666668,0.36533333333333334,132.04
Ord_3574,Prod_6,SHP_4947,438.66,0.01,41,58.86,4.78,0.4,10.699024390243903,1.435609756097561,0.11658536585365854,370.63340000000005
Ord_3633,Prod_3,SHP_5031,1169.26,0.02,41,515.62,1.49,0.38,28.518536585365855,12.57609756097561,0.036341463414634144,628.7648
Ord_2696,Prod_13,SHP_3690,62.78,0.04,20,-17.75,2.03,0.57,3.1390000000000002,-0.8875,0.10149999999999999,75.9888
Ord_2624,Prod_4,SHP_3591,4924.135,0.07,28,1049.54,8.99,0.58,175.8619642857143,37.48357142857143,0.32107142857142856,3520.9155500000006
Ord_2772,Prod_9,SHP_3806,56.9,0.03,7,12.64,1.39,0.36,8.128571428571428,1.8057142857142858,0.19857142857142857,41.163
Ord_2600,Prod_16,SHP_3560,106.64,0.1,30,-31.95,1.32,0.83,3.554666666666667,-1.065,0.044000000000000004,126.60600000000001
Ord_2658,Prod_5,SHP_3637,1082.66,0.08,14,-256.93,48.2,0.74,77.33285714285715,-18.35214285714286,3.442857142857143,1204.7772
Ord_2772,Prod_3,SHP_3806,1413.82,0.1,47,226.53,11.63,0.37,30.08127659574468,4.819787234042553,0.24744680851063833,1034.2779999999998
Ord_2624,Prod_8,SHP_3590,1211.0,0.0,36,-27.99,6.5,0.79,33.638888888888886,-0.7775,0.18055555555555555,1232.49
Ord_2722,Prod_12,SHP_3729,34.01,0.0,12,10.58,0.5,0.39,2.8341666666666665,0.8816666666666667,0.041666666666666664,22.93
Ord_2706,Prod_2,SHP_3705,1361.91,0.05,20,312.52,3.5,0.59,68.0955,15.626,0.175,977.7945000000002
Ord_2722,Prod_5,SHP_3730,1008.95,0.04,41,69.31,8.99,0.5,24.608536585365854,1.6904878048780487,0.21926829268292683,890.2920000000001
Ord_2772,Prod_6,SHP_3807,308.92,0.04,45,-143.58,7.37,0.37,6.864888888888889,-3.190666666666667,0.16377777777777777,432.7732
Ord_2696,Prod_4,SHP_3691,2836.0505,0.01,25,561.13,8.99,0.59,113.44202,22.4452,0.35960000000000003,2237.569995
Ord_2658,Prod_3,SHP_3636,120.98,0.0,28,-92.85,5.34,0.38,4.320714285714286,-3.3160714285714286,0.1907142857142857,208.49
Ord_2722,Prod_1,SHP_3731,3508.33,0.04,21,-546.98,35.0,0.85,167.06333333333333,-26.046666666666667,1.6666666666666667,3879.9768
Ord_4620,Prod_3,SHP_6435,59.62,0.04,10,-56.3,7.78,0.37,5.962,-5.63,0.778,105.7552
Ord_1833,Prod_3,SHP_2527,611.16,0.04,46,100.22,4.98,0.4,13.28608695652174,2.178695652173913,0.1082608695652174,481.5135999999999
Ord_2324,Prod_7,SHP_3189,121.87,0.07,39,11.32,1.35,0.4,3.124871794871795,0.29025641025641025,0.03461538461538462,100.66910000000001
Ord_2220,Prod_3,SHP_3019,41.06,0.04,4,-16.39,6.28,0.35,10.265,-4.0975,1.57,49.5276
Ord_4424,Prod_1,SHP_6165,994.04,0.03,10,-335.06,35.0,,99.404,-33.506,3.5,1264.2788
Ord_4444,Prod_13,SHP_6192,159.41,0.0,44,34.68,0.98,0.52,3.6229545454545455,0.7881818181818182,0.022272727272727274,123.75
Ord_5435,Prod_16,SHP_7594,316.99,0.04,47,-276.54,8.37,0.58,6.744468085106383,-5.883829787234043,0.1780851063829787,572.4804
Ord_5435,Prod_4,SHP_7594,1991.8985,0.07,20,88.36,7.69,0.58,99.594925,4.418,0.3845,1756.4156050000001
Ord_5384,Prod_9,SHP_7519,181.5,0.08,43,-6.24,2.5,0.37,4.22093023255814,-0.14511627906976746,0.05813953488372093,170.72
Ord_5348,Prod_8,SHP_7470,356.72,0.07,9,12.61,1.99,0.44,39.635555555555555,1.401111111111111,0.22111111111111112,317.1496
Ord_5353,Prod_4,SHP_7479,2841.4395,0.08,28,374.63,7.69,0.59,101.47998214285714,13.379642857142857,0.27464285714285713,2231.8043399999997
Ord_5411,Prod_6,SHP_7555,127.16,0.1,20,-74.03,6.92,0.37,6.358,-3.7015000000000002,0.346,181.55399999999997
Ord_5388,Prod_6,SHP_7524,243.05,0.02,39,-70.85,5.35,0.4,6.232051282051282,-1.8166666666666664,0.13717948717948716,303.689
Ord_5348,Prod_15,SHP_7469,3872.87,0.03,23,565.34,30.0,0.62,168.38565217391303,24.580000000000002,1.3043478260869565,3161.3439
Ord_5459,Prod_6,SHP_7628,603.69,0.0,47,131.39,4.86,0.38,12.844468085106383,2.795531914893617,0.10340425531914894,467.44000000000005
