"ord_id","prioridade_pedidos","data_pedido"
Ord_1,LOW,2010-10-13
Ord_2,HIGH,2012-10-01
Ord_3,HIGH,2011-07-10
Ord_4,NOT SPECIFIED,2010-08-28
Ord_5,HIGH,2011-06-17
Ord_6,HIGH,2011-03-24
Ord_7,LOW,2010-02-26
Ord_8,MEDIUM,2010-11-23
Ord_9,NOT SPECIFIED,2012-06-08
Ord_10,NOT SPECIFIED,2012-08-04
Ord_11,MEDIUM,2011-05-30
Ord_12,NOT SPECIFIED,2009-11-25
Ord_13,CRITICAL,2012-02-14
Ord_14,LOW,2012-04-15
Ord_15,NOT SPECIFIED,2010-03-12
Ord_16,LOW,2011-03-09
Ord_17,HIGH,2012-08-04
Ord_18,HIGH,2011-05-06
Ord_19,HIGH,2010-12-23
Ord_20,LOW,2010-11-08
Ord_21,NOT SPECIFIED,2012-10-21
Ord_22,NOT SPECIFIED,2011-01-01
Ord_23,HIGH,2011-10-10
Ord_24,LOW,2010-09-23
Ord_25,CRITICAL,2011-07-19
Ord_26,HIGH,2009-10-09
Ord_27,NOT SPECIFIED,2010-12-09
Ord_28,CRITICAL,2012-10-08
Ord_29,HIGH,2012-05-02
Ord_30,MEDIUM,2010-03-08
Ord_31,NOT SPECIFIED,2011-05-28
Ord_32,MEDIUM,2010-09-19
Ord_33,HIGH,2011-08-31
Ord_34,NOT SPECIFIED,2011-07-08
Ord_35,CRITICAL,2009-01-30
Ord_36,LOW,2012-01-08
Ord_37,CRITICAL,2010-11-07
Ord_38,NOT SPECIFIED,2010-04-29
Ord_39,NOT SPECIFIED,2011-12-31
Ord_40,HIGH,2009-08-12
Ord_41,LOW,2011-11-12
Ord_42,HIGH,2012-01-20
Ord_43,MEDIUM,2009-03-20
Ord_44,LOW,2012-07-21
Ord_45,CRITICAL,2012-06-12
Ord_46,LOW,2009-01-15
Ord_47,LOW,2010-06-04
Ord_48,NOT SPECIFIED,2010-02-18
Ord_49,NOT SPECIFIED,2011-11-16
Ord_50,LOW,2011-08-07
Ord_51,MEDIUM,2010-06-08
Ord_52,MEDIUM,2009-10-17
Ord_53,HIGH,2011-08-28
Ord_54,CRITICAL,2011-09-29
Ord_55,LOW,2012-05-04
Ord_56,HIGH,2011-05-17
Ord_57,MEDIUM,2009-11-17
Ord_58,NOT SPECIFIED,2011-10-10
Ord_59,NOT SPECIFIED,2012-10-07
Ord_60,MEDIUM,2011-08-13
Ord_61,HIGH,2011-08-16
Ord_62,LOW,2009-03-04
Ord_63,CRITICAL,2009-08-18
Ord_64,NOT SPECIFIED,2010-11-16
Ord_65,LOW,2011-05-27
Ord_66,NOT SPECIFIED,2010-08-23
Ord_67,NOT SPECIFIED,2011-08-19
Ord_68,MEDIUM,2012-01-03
Ord_69,HIGH,2012-11-29
Ord_70,MEDIUM,2012-03-17
Ord_71,LOW,2010-04-12
Ord_72,HIGH,2010-08-24
Ord_73,HIGH,2011-07-04
Ord_74,CRITICAL,2010-11-10
Ord_75,CRITICAL,2010-06-24
Ord_76,MEDIUM,2012-09-19
Ord_77,LOW,2011-12-24
Ord_78,MEDIUM,2012-03-23
Ord_79,CRITICAL,2011-10-15
Ord_80,CRITICAL,2010-08-07
Ord_81,LOW,2009-03-03
Ord_82,LOW,2010-02-09
Ord_83,CRITICAL,2009-01-17
Ord_84,CRITICAL,2010-08-30
Ord_85,HIGH,2009-09-11
Ord_86,NOT SPECIFIED,2009-07-16
Ord_87,LOW,2012-11-15
Ord_88,LOW,2011-09-10
Ord_89,NOT SPECIFIED,2011-04-10
Ord_90,HIGH,2011-10-09
Ord_91,CRITICAL,2012-10-23
Ord_92,LOW,2012-01-08
Ord_93,NOT SPECIFIED,2010-01-25
Ord_94,NOT SPECIFIED,2011-01-27
Ord_95,HIGH,2009-08-27
Ord_96,CRITICAL,2011-03-17
Ord_97,CRITICAL,2012-06-06
Ord_98,HIGH,2011-04-11
Ord_99,LOW,2012-11-06
Ord_100,HIGH,2012-05-16
Ord_101,NOT SPECIFIED,2012-04-09
Ord_102,MEDIUM,2012-08-05
Ord_103,NOT SPECIFIED,2009-07-22
Ord_104,NOT SPECIFIED,2010-05-09
Ord_105,NOT SPECIFIED,2009-02-18
Ord_106,HIGH,2012-06-27
Ord_107,MEDIUM,2010-09-30
Ord_108,CRITICAL,2010-04-15
Ord_109,NOT SPECIFIED,2011-09-14
Ord_110,HIGH,2010-09-21
Ord_111,NOT SPECIFIED,2010-08-17
Ord_112,LOW,2009-09-16
Ord_113,HIGH,2009-06-22
Ord_114,NOT SPECIFIED,2012-08-28
Ord_115,CRITICAL,2011-06-07
Ord_116,NOT SPECIFIED,2009-10-09
Ord_117,NOT SPECIFIED,2010-12-05
Ord_118,LOW,2009-06-07
Ord_119,CRITICAL,2009-07-27
Ord_120,LOW,2011-09-05
Ord_121,HIGH,2009-01-11
Ord_122,MEDIUM,2010-08-15
Ord_123,NOT SPECIFIED,2009-08-05
Ord_124,MEDIUM,2011-09-17
Ord_125,LOW,2011-10-22
Ord_126,MEDIUM,2009-11-14
Ord_127,MEDIUM,2010-07-03
Ord_128,LOW,2009-01-30
Ord_129,NOT SPECIFIED,2012-03-15
Ord_130,LOW,2009-08-10
Ord_131,LOW,2010-04-01
Ord_132,HIGH,2010-07-31
Ord_133,LOW,2009-05-29
Ord_134,HIGH,2010-10-11
Ord_135,HIGH,2010-05-18
Ord_136,CRITICAL,2011-02-08
Ord_137,CRITICAL,2010-12-07
Ord_138,CRITICAL,2009-01-06
Ord_139,CRITICAL,2012-03-12
Ord_140,LOW,2010-08-26
Ord_141,HIGH,2011-06-20
Ord_142,HIGH,2010-08-04
Ord_143,HIGH,2010-11-23
Ord_144,NOT SPECIFIED,2009-08-02
Ord_145,CRITICAL,2011-08-10
Ord_146,CRITICAL,2010-05-06
Ord_147,LOW,2012-06-28
Ord_148,MEDIUM,2011-03-23
Ord_149,CRITICAL,2011-11-19
Ord_150,LOW,2012-11-26
Ord_151,NOT SPECIFIED,2010-07-29
Ord_152,LOW,2012-05-12
Ord_153,HIGH,2012-03-03
Ord_154,HIGH,2010-08-20
Ord_155,NOT SPECIFIED,2010-06-27
Ord_156,CRITICAL,2012-10-29
Ord_157,NOT SPECIFIED,2010-01-16
Ord_158,LOW,2012-06-29
Ord_159,NOT SPECIFIED,2011-08-08
Ord_160,MEDIUM,2010-02-21
Ord_161,MEDIUM,2011-06-20
Ord_162,CRITICAL,2009-09-04
Ord_163,NOT SPECIFIED,2009-06-21
Ord_164,CRITICAL,2012-02-08
Ord_165,HIGH,2009-03-11
Ord_166,LOW,2011-06-04
Ord_167,LOW,2012-03-02
Ord_168,MEDIUM,2011-08-12
Ord_169,CRITICAL,2009-09-01
Ord_170,CRITICAL,2010-01-26
Ord_171,CRITICAL,2011-09-02
Ord_172,CRITICAL,2012-02-07
Ord_173,CRITICAL,2011-03-19
Ord_174,NOT SPECIFIED,2011-05-08
Ord_175,CRITICAL,2009-09-25
Ord_176,NOT SPECIFIED,2012-07-09
Ord_177,HIGH,2010-01-14
Ord_178,HIGH,2009-08-26
Ord_179,CRITICAL,2009-10-08
Ord_180,HIGH,2011-11-10
Ord_181,HIGH,2012-04-15
Ord_182,MEDIUM,2012-01-02
Ord_183,NOT SPECIFIED,2011-03-08
Ord_184,HIGH,2009-07-02
Ord_185,CRITICAL,2011-04-15
Ord_186,HIGH,2011-11-25
Ord_187,CRITICAL,2012-04-25
Ord_188,MEDIUM,2011-03-26
Ord_189,LOW,2010-07-14
Ord_190,NOT SPECIFIED,2010-10-23
Ord_191,NOT SPECIFIED,2009-08-24
Ord_192,LOW,2011-06-09
Ord_193,MEDIUM,2012-11-23
Ord_194,NOT SPECIFIED,2009-05-01
Ord_195,CRITICAL,2012-05-11
Ord_196,CRITICAL,2010-10-15
Ord_197,LOW,2011-07-23
Ord_198,CRITICAL,2011-07-11
Ord_199,CRITICAL,2012-09-16
Ord_200,MEDIUM,2009-01-16
Ord_201,LOW,2010-10-20
Ord_202,HIGH,2010-08-30
Ord_203,CRITICAL,2010-05-07
Ord_204,CRITICAL,2011-06-21
Ord_205,MEDIUM,2010-11-24
Ord_206,MEDIUM,2012-04-27
Ord_207,LOW,2012-08-28
Ord_208,HIGH,2011-07-31
Ord_209,MEDIUM,2012-10-06
Ord_210,NOT SPECIFIED,2010-02-06
Ord_211,NOT SPECIFIED,2011-10-17
Ord_212,NOT SPECIFIED,2009-08-20
Ord_213,CRITICAL,2010-06-14
Ord_214,NOT SPECIFIED,2010-02-27
Ord_215,HIGH,2009-08-15
Ord_216,HIGH,2011-05-14
Ord_217,CRITICAL,2010-10-07
Ord_218,NOT SPECIFIED,2009-10-23
Ord_219,MEDIUM,2010-06-09
Ord_220,NOT SPECIFIED,2011-01-10
Ord_221,CRITICAL,2009-01-30
Ord_222,LOW,2011-03-28
Ord_223,LOW,2010-11-22
Ord_224,NOT SPECIFIED,2011-05-30
Ord_225,HIGH,2012-05-13
Ord_226,MEDIUM,2010-06-08
Ord_227,MEDIUM,2009-11-29
Ord_228,HIGH,2012-09-01
Ord_229,MEDIUM,2010-02-26
Ord_230,MEDIUM,2012-05-21
Ord_231,NOT SPECIFIED,2009-11-08
Ord_232,MEDIUM,2010-08-27
Ord_233,HIGH,2012-08-17
Ord_234,HIGH,2012-11-09
Ord_235,CRITICAL,2011-06-02
Ord_236,HIGH,2011-08-10
Ord_237,LOW,2009-02-27
Ord_238,NOT SPECIFIED,2010-06-07
Ord_239,LOW,2012-02-17
Ord_240,LOW,2012-02-23
Ord_241,CRITICAL,2009-10-15
Ord_242,CRITICAL,2009-03-13
Ord_243,MEDIUM,2010-03-12
Ord_244,LOW,2009-07-07
Ord_245,LOW,2012-11-21
Ord_246,MEDIUM,2009-03-02
Ord_247,HIGH,2011-09-22
Ord_248,NOT SPECIFIED,2011-07-21
Ord_249,NOT SPECIFIED,2009-07-13
Ord_250,HIGH,2010-03-29
Ord_251,LOW,2010-02-06
Ord_252,LOW,2012-09-12
Ord_253,NOT SPECIFIED,2010-12-22
Ord_254,CRITICAL,2009-05-30
Ord_255,CRITICAL,2012-12-21
Ord_256,NOT SPECIFIED,2012-02-14
Ord_257,NOT SPECIFIED,2010-07-03
Ord_258,CRITICAL,2011-05-16
Ord_259,MEDIUM,2010-03-07
Ord_260,NOT SPECIFIED,2009-04-27
Ord_261,HIGH,2012-04-07
Ord_262,MEDIUM,2010-12-31
Ord_263,NOT SPECIFIED,2010-02-02
Ord_264,NOT SPECIFIED,2012-04-15
Ord_265,HIGH,2010-05-19
Ord_266,NOT SPECIFIED,2009-07-27
Ord_267,NOT SPECIFIED,2009-03-31
Ord_268,CRITICAL,2012-06-11
Ord_269,NOT SPECIFIED,2010-09-01
Ord_270,CRITICAL,2012-08-09
Ord_271,HIGH,2010-05-07
Ord_272,MEDIUM,2011-08-25
Ord_273,CRITICAL,2010-09-21
Ord_274,LOW,2012-06-30
Ord_275,CRITICAL,2011-01-17
Ord_276,CRITICAL,2010-10-10
Ord_277,HIGH,2011-06-09
Ord_278,LOW,2012-06-26
Ord_279,MEDIUM,2010-03-16
Ord_280,CRITICAL,2010-11-13
Ord_281,MEDIUM,2009-11-14
Ord_282,HIGH,2011-09-12
Ord_283,MEDIUM,2009-11-23
Ord_284,CRITICAL,2010-07-10
Ord_285,MEDIUM,2009-03-06
Ord_286,LOW,2011-02-17
Ord_287,HIGH,2011-11-19
Ord_288,CRITICAL,2011-06-03
Ord_289,HIGH,2010-05-25
Ord_290,NOT SPECIFIED,2009-05-30
Ord_291,HIGH,2012-08-30
Ord_292,CRITICAL,2011-12-16
Ord_293,NOT SPECIFIED,2009-12-09
Ord_294,CRITICAL,2012-07-03
Ord_295,HIGH,2010-12-24
Ord_296,LOW,2011-05-17
Ord_297,NOT SPECIFIED,2012-01-11
Ord_298,NOT SPECIFIED,2011-10-03
Ord_299,NOT SPECIFIED,2010-03-05
Ord_300,HIGH,2011-11-05
Ord_301,HIGH,2009-01-05
Ord_302,MEDIUM,2010-11-25
Ord_303,HIGH,2011-04-08
Ord_304,CRITICAL,2010-03-31
Ord_305,NOT SPECIFIED,2012-03-10
Ord_306,MEDIUM,2009-02-20
Ord_307,CRITICAL,2009-10-01
Ord_308,NOT SPECIFIED,2012-11-01
Ord_309,HIGH,2011-07-21
Ord_310,NOT SPECIFIED,2010-11-23
Ord_311,NOT SPECIFIED,2010-02-06
Ord_312,MEDIUM,2011-01-04
Ord_313,MEDIUM,2009-08-02
Ord_314,HIGH,2010-06-05
Ord_315,CRITICAL,2009-08-02
Ord_316,HIGH,2010-12-28
Ord_317,CRITICAL,2012-10-10
Ord_318,CRITICAL,2011-04-02
Ord_319,CRITICAL,2009-11-25
Ord_320,CRITICAL,2012-04-11
Ord_321,LOW,2010-02-16
Ord_322,HIGH,2010-09-24
Ord_323,LOW,2009-02-21
Ord_324,CRITICAL,2012-11-11
Ord_325,CRITICAL,2011-10-27
Ord_326,LOW,2009-12-16
Ord_327,CRITICAL,2010-05-07
Ord_328,MEDIUM,2011-01-08
Ord_329,HIGH,2012-07-09
Ord_330,HIGH,2009-03-09
Ord_331,HIGH,2011-12-30
Ord_332,NOT SPECIFIED,2009-03-29
Ord_333,CRITICAL,2011-02-13
Ord_334,NOT SPECIFIED,2011-01-28
Ord_335,MEDIUM,2012-09-08
Ord_336,CRITICAL,2009-05-18
Ord_337,LOW,2012-07-29
Ord_338,CRITICAL,2012-04-22
Ord_339,NOT SPECIFIED,2012-07-16
Ord_340,HIGH,2012-09-22
Ord_341,CRITICAL,2010-05-20
Ord_342,HIGH,2009-12-02
Ord_343,MEDIUM,2010-06-01
Ord_344,MEDIUM,2010-09-25
Ord_345,MEDIUM,2012-11-19
Ord_346,LOW,2010-12-14
Ord_347,LOW,2012-10-25
Ord_348,HIGH,2010-06-17
Ord_349,LOW,2012-06-29
Ord_350,LOW,2009-02-01
Ord_351,CRITICAL,2011-08-25
Ord_352,LOW,2009-06-20
Ord_353,CRITICAL,2010-05-03
Ord_354,LOW,2009-04-07
Ord_355,LOW,2011-09-02
Ord_356,MEDIUM,2011-04-14
Ord_357,NOT SPECIFIED,2011-02-13
Ord_358,MEDIUM,2011-07-30
Ord_359,MEDIUM,2010-08-10
Ord_360,HIGH,2009-04-06
Ord_361,HIGH,2010-10-26
Ord_362,LOW,2012-05-26
Ord_363,LOW,2012-09-10
Ord_364,LOW,2011-03-16
Ord_365,HIGH,2011-06-18
Ord_366,LOW,2011-01-11
Ord_367,NOT SPECIFIED,2009-03-05
Ord_368,LOW,2009-12-14
Ord_369,NOT SPECIFIED,2009-02-02
Ord_370,LOW,2009-08-26
Ord_371,LOW,2012-03-06
Ord_372,HIGH,2009-11-19
Ord_373,LOW,2010-07-24
Ord_374,MEDIUM,2010-08-04
Ord_375,MEDIUM,2011-03-07
Ord_376,NOT SPECIFIED,2011-10-20
Ord_377,NOT SPECIFIED,2009-08-04
Ord_378,LOW,2010-04-28
Ord_379,LOW,2009-04-22
Ord_380,HIGH,2011-12-04
Ord_381,NOT SPECIFIED,2010-08-06
Ord_382,LOW,2011-09-15
Ord_383,NOT SPECIFIED,2009-10-02
Ord_384,CRITICAL,2009-03-01
Ord_385,NOT SPECIFIED,2009-06-24
Ord_386,MEDIUM,2011-01-16
Ord_387,LOW,2012-01-20
Ord_388,CRITICAL,2010-05-21
Ord_389,NOT SPECIFIED,2012-03-15
Ord_390,MEDIUM,2011-08-07
Ord_391,HIGH,2011-05-21
Ord_392,NOT SPECIFIED,2010-12-22
Ord_393,LOW,2009-07-03
Ord_394,CRITICAL,2009-05-27
Ord_395,HIGH,2012-08-22
Ord_396,CRITICAL,2011-01-26
Ord_397,CRITICAL,2012-12-03
Ord_398,NOT SPECIFIED,2010-09-06
Ord_399,LOW,2011-03-29
Ord_400,HIGH,2010-08-20
Ord_401,LOW,2010-12-02
Ord_402,CRITICAL,2011-03-26
Ord_403,CRITICAL,2009-12-19
Ord_404,LOW,2011-04-29
Ord_405,HIGH,2010-10-24
Ord_406,HIGH,2010-05-12
Ord_407,MEDIUM,2010-04-11
Ord_408,LOW,2009-01-24
Ord_409,HIGH,2010-11-17
Ord_410,HIGH,2010-09-29
Ord_411,CRITICAL,2010-08-03
Ord_412,MEDIUM,2011-06-13
Ord_413,CRITICAL,2010-05-05
Ord_414,HIGH,2010-08-30
Ord_415,HIGH,2012-10-30
Ord_416,HIGH,2009-07-15
Ord_417,LOW,2012-08-07
Ord_418,CRITICAL,2009-02-01
Ord_419,MEDIUM,2012-07-07
Ord_420,MEDIUM,2009-03-27
Ord_421,NOT SPECIFIED,2010-09-23
Ord_422,LOW,2011-03-28
Ord_423,LOW,2009-07-01
Ord_424,HIGH,2010-12-11
Ord_425,HIGH,2009-09-16
Ord_426,HIGH,2011-02-04
Ord_427,MEDIUM,2010-09-11
Ord_428,MEDIUM,2010-03-02
Ord_429,CRITICAL,2009-09-15
Ord_430,MEDIUM,2010-12-30
Ord_431,MEDIUM,2011-07-25
Ord_432,LOW,2009-12-23
Ord_433,HIGH,2012-10-31
Ord_434,CRITICAL,2009-12-22
Ord_435,HIGH,2012-04-14
Ord_436,MEDIUM,2011-05-13
Ord_437,CRITICAL,2011-12-07
Ord_438,NOT SPECIFIED,2010-12-04
Ord_439,HIGH,2009-11-24
Ord_440,NOT SPECIFIED,2011-09-13
Ord_441,NOT SPECIFIED,2010-12-03
Ord_442,LOW,2011-12-18
Ord_443,LOW,2012-08-09
Ord_444,CRITICAL,2010-08-24
Ord_445,HIGH,2011-05-22
Ord_446,CRITICAL,2012-11-18
Ord_447,HIGH,2012-06-28
Ord_448,LOW,2009-02-04
Ord_449,NOT SPECIFIED,2009-12-25
Ord_450,HIGH,2011-09-26
Ord_451,MEDIUM,2011-09-22
Ord_452,CRITICAL,2009-02-15
Ord_453,MEDIUM,2009-10-11
Ord_454,MEDIUM,2011-03-10
Ord_455,HIGH,2012-08-11
Ord_456,HIGH,2009-12-25
Ord_457,LOW,2012-06-29
Ord_458,NOT SPECIFIED,2009-01-18
Ord_459,HIGH,2012-05-20
Ord_460,HIGH,2009-03-19
Ord_461,NOT SPECIFIED,2009-09-05
Ord_462,NOT SPECIFIED,2009-11-03
Ord_463,HIGH,2011-03-26
Ord_464,HIGH,2012-02-10
Ord_465,CRITICAL,2009-05-06
Ord_466,NOT SPECIFIED,2010-11-23
Ord_467,NOT SPECIFIED,2011-02-10
Ord_468,NOT SPECIFIED,2010-03-29
Ord_469,LOW,2012-09-05
Ord_470,CRITICAL,2011-01-31
Ord_471,CRITICAL,2009-08-07
Ord_472,HIGH,2012-05-05
Ord_473,HIGH,2009-11-10
Ord_474,NOT SPECIFIED,2010-06-14
Ord_475,LOW,2012-01-07
Ord_476,HIGH,2010-12-19
Ord_477,CRITICAL,2012-11-29
Ord_478,MEDIUM,2009-04-18
Ord_479,HIGH,2009-09-24
Ord_480,MEDIUM,2011-03-11
Ord_481,HIGH,2010-12-13
Ord_482,MEDIUM,2012-01-21
Ord_483,LOW,2012-01-06
Ord_484,NOT SPECIFIED,2009-12-10
Ord_485,CRITICAL,2010-02-12
Ord_486,CRITICAL,2009-06-26
Ord_487,CRITICAL,2011-02-08
Ord_488,CRITICAL,2011-02-20
Ord_489,HIGH,2012-09-10
Ord_490,CRITICAL,2010-02-12
Ord_491,LOW,2010-02-01
Ord_492,NOT SPECIFIED,2011-09-26
Ord_493,LOW,2010-08-12
Ord_494,HIGH,2010-08-20
Ord_495,MEDIUM,2012-05-17
Ord_496,LOW,2010-07-09
Ord_497,NOT SPECIFIED,2011-10-22
Ord_498,MEDIUM,2010-07-15
Ord_499,NOT SPECIFIED,2011-03-04
Ord_500,HIGH,2009-01-05
Ord_501,MEDIUM,2009-05-12
Ord_502,MEDIUM,2010-02-22
Ord_503,CRITICAL,2011-06-23
Ord_504,MEDIUM,2009-03-20
Ord_505,LOW,2011-01-22
Ord_506,LOW,2011-07-28
Ord_507,HIGH,2010-04-03
Ord_508,NOT SPECIFIED,2010-11-21
Ord_509,MEDIUM,2010-09-11
Ord_510,NOT SPECIFIED,2011-08-31
Ord_511,HIGH,2009-06-07
Ord_512,HIGH,2009-03-22
Ord_513,CRITICAL,2010-09-30
Ord_514,LOW,2010-09-15
Ord_515,NOT SPECIFIED,2010-01-10
Ord_516,CRITICAL,2010-06-26
Ord_517,LOW,2011-07-23
Ord_518,CRITICAL,2010-10-10
Ord_519,LOW,2009-02-05
Ord_520,LOW,2011-11-09
Ord_521,LOW,2009-07-26
Ord_522,MEDIUM,2009-04-18
Ord_523,LOW,2012-02-24
Ord_524,LOW,2012-07-28
Ord_525,LOW,2011-12-14
Ord_526,LOW,2010-06-13
Ord_527,NOT SPECIFIED,2010-10-01
Ord_528,HIGH,2012-04-27
Ord_529,CRITICAL,2011-09-24
Ord_530,HIGH,2012-06-30
Ord_531,CRITICAL,2011-11-10
Ord_532,NOT SPECIFIED,2009-11-05
Ord_533,NOT SPECIFIED,2009-02-19
Ord_534,CRITICAL,2010-03-02
Ord_535,CRITICAL,2009-06-28
Ord_536,HIGH,2009-01-26
Ord_537,CRITICAL,2011-08-02
Ord_538,HIGH,2010-07-04
Ord_539,NOT SPECIFIED,2012-10-01
Ord_540,NOT SPECIFIED,2011-07-14
Ord_541,MEDIUM,2010-07-25
Ord_542,LOW,2009-07-06
Ord_543,NOT SPECIFIED,2012-12-11
Ord_544,MEDIUM,2011-12-01
Ord_545,CRITICAL,2009-04-04
Ord_546,MEDIUM,2010-06-25
Ord_547,NOT SPECIFIED,2011-02-16
Ord_548,LOW,2010-08-26
Ord_549,HIGH,2010-11-04
Ord_550,LOW,2009-04-28
Ord_551,LOW,2009-08-06
Ord_552,MEDIUM,2009-03-18
Ord_553,NOT SPECIFIED,2009-01-05
Ord_554,LOW,2012-10-08
Ord_555,NOT SPECIFIED,2010-11-05
Ord_556,NOT SPECIFIED,2012-12-10
Ord_557,CRITICAL,2009-02-05
Ord_558,MEDIUM,2011-09-28
Ord_559,LOW,2012-06-05
Ord_560,MEDIUM,2010-09-26
Ord_561,MEDIUM,2009-01-21
Ord_562,CRITICAL,2012-10-05
Ord_563,CRITICAL,2009-03-25
Ord_564,NOT SPECIFIED,2012-09-20
Ord_565,NOT SPECIFIED,2010-02-05
Ord_566,HIGH,2010-03-19
Ord_567,LOW,2011-11-19
Ord_568,MEDIUM,2009-04-29
Ord_569,LOW,2011-04-03
Ord_570,MEDIUM,2011-04-16
Ord_571,LOW,2010-06-15
Ord_572,HIGH,2009-08-09
Ord_573,MEDIUM,2009-09-20
Ord_574,CRITICAL,2012-03-20
Ord_575,NOT SPECIFIED,2012-03-23
Ord_576,LOW,2010-07-19
Ord_577,MEDIUM,2012-11-21
Ord_578,HIGH,2009-03-27
Ord_579,NOT SPECIFIED,2010-05-14
Ord_580,CRITICAL,2010-10-17
Ord_581,NOT SPECIFIED,2010-08-24
Ord_582,HIGH,2011-08-10
Ord_583,MEDIUM,2009-09-24
Ord_584,HIGH,2012-10-30
Ord_585,MEDIUM,2010-05-07
Ord_586,LOW,2011-04-09
Ord_587,HIGH,2010-06-03
Ord_588,MEDIUM,2010-05-22
Ord_589,MEDIUM,2012-10-25
Ord_590,NOT SPECIFIED,2010-01-05
Ord_591,MEDIUM,2011-12-30
Ord_592,LOW,2011-02-14
Ord_593,MEDIUM,2010-05-28
Ord_594,MEDIUM,2010-06-28
Ord_595,LOW,2011-03-01
Ord_596,NOT SPECIFIED,2012-02-27
Ord_597,NOT SPECIFIED,2012-03-19
Ord_598,CRITICAL,2012-03-04
Ord_599,CRITICAL,2012-03-09
Ord_600,HIGH,2010-01-05
Ord_601,MEDIUM,2012-04-21
Ord_602,LOW,2009-06-17
Ord_603,MEDIUM,2012-06-13
Ord_604,MEDIUM,2012-07-16
Ord_605,NOT SPECIFIED,2009-05-15
Ord_606,CRITICAL,2011-01-02
Ord_607,LOW,2012-01-05
Ord_608,NOT SPECIFIED,2009-01-23
Ord_609,NOT SPECIFIED,2011-12-24
Ord_610,CRITICAL,2012-11-20
Ord_611,MEDIUM,2012-12-29
Ord_612,MEDIUM,2010-01-31
Ord_613,MEDIUM,2009-02-04
Ord_614,MEDIUM,2011-12-24
Ord_615,LOW,2010-02-27
Ord_616,CRITICAL,2012-06-25
Ord_617,HIGH,2012-03-13
Ord_618,MEDIUM,2010-12-28
Ord_619,HIGH,2012-07-03
Ord_620,NOT SPECIFIED,2012-04-05
Ord_621,LOW,2009-07-24
Ord_622,MEDIUM,2011-07-18
Ord_623,LOW,2010-04-15
Ord_624,LOW,2010-06-15
Ord_625,HIGH,2011-03-15
Ord_626,HIGH,2009-12-06
Ord_627,MEDIUM,2010-07-22
Ord_628,CRITICAL,2011-10-08
Ord_629,LOW,2010-09-07
Ord_630,NOT SPECIFIED,2012-01-22
Ord_631,HIGH,2012-04-05
Ord_632,MEDIUM,2009-12-12
Ord_633,MEDIUM,2012-03-23
Ord_634,CRITICAL,2011-09-13
Ord_635,CRITICAL,2012-09-05
Ord_636,MEDIUM,2010-08-21
Ord_637,HIGH,2012-10-26
Ord_638,LOW,2010-10-06
Ord_639,CRITICAL,2010-03-13
Ord_640,LOW,2011-05-25
Ord_641,NOT SPECIFIED,2011-05-09
Ord_642,NOT SPECIFIED,2010-01-18
Ord_643,CRITICAL,2009-12-12
Ord_644,CRITICAL,2010-01-22
Ord_645,NOT SPECIFIED,2012-12-09
Ord_646,MEDIUM,2009-08-28
Ord_647,HIGH,2012-11-04
Ord_648,LOW,2010-07-20
Ord_649,CRITICAL,2011-11-15
Ord_650,MEDIUM,2009-03-22
Ord_651,CRITICAL,2009-08-06
Ord_652,HIGH,2012-03-23
Ord_653,LOW,2011-04-13
Ord_654,CRITICAL,2011-09-06
Ord_655,MEDIUM,2012-05-23
Ord_656,LOW,2012-03-04
Ord_657,NOT SPECIFIED,2009-11-03
Ord_658,HIGH,2009-08-12
Ord_659,HIGH,2010-07-07
Ord_660,HIGH,2010-11-05
Ord_661,NOT SPECIFIED,2012-05-05
Ord_662,MEDIUM,2010-06-23
Ord_663,MEDIUM,2012-07-28
Ord_664,CRITICAL,2009-03-07
Ord_665,NOT SPECIFIED,2011-01-24
Ord_666,MEDIUM,2009-08-15
Ord_667,CRITICAL,2009-10-02
Ord_668,LOW,2012-01-01
Ord_669,HIGH,2009-11-27
Ord_670,LOW,2010-08-04
Ord_671,NOT SPECIFIED,2010-11-08
Ord_672,HIGH,2012-12-04
Ord_673,LOW,2011-03-10
Ord_674,CRITICAL,2009-07-16
Ord_675,NOT SPECIFIED,2009-02-22
Ord_676,CRITICAL,2012-09-21
Ord_677,NOT SPECIFIED,2012-11-10
Ord_678,LOW,2010-04-12
Ord_679,HIGH,2011-08-25
Ord_680,MEDIUM,2010-11-20
Ord_681,CRITICAL,2010-06-15
Ord_682,HIGH,2012-04-14
Ord_683,CRITICAL,2012-03-18
Ord_684,LOW,2009-05-05
Ord_685,NOT SPECIFIED,2012-04-18
Ord_686,MEDIUM,2011-01-09
Ord_687,NOT SPECIFIED,2009-03-06
Ord_688,CRITICAL,2010-06-07
Ord_689,MEDIUM,2012-01-16
Ord_690,CRITICAL,2010-02-02
Ord_691,MEDIUM,2012-08-18
Ord_692,HIGH,2012-10-06
Ord_693,MEDIUM,2011-03-24
Ord_694,CRITICAL,2012-10-02
Ord_695,MEDIUM,2012-08-14
Ord_696,CRITICAL,2011-02-26
Ord_697,LOW,2012-11-10
Ord_698,MEDIUM,2012-09-13
Ord_699,NOT SPECIFIED,2012-05-10
Ord_700,CRITICAL,2010-12-25
Ord_701,NOT SPECIFIED,2012-03-24
Ord_702,MEDIUM,2009-05-20
Ord_703,CRITICAL,2009-06-21
Ord_704,CRITICAL,2011-08-07
Ord_705,MEDIUM,2010-03-26
Ord_706,NOT SPECIFIED,2012-12-15
Ord_707,MEDIUM,2009-12-07
Ord_708,CRITICAL,2009-12-09
Ord_709,CRITICAL,2010-12-21
Ord_710,LOW,2012-08-10
Ord_711,HIGH,2010-11-12
Ord_712,CRITICAL,2012-05-05
Ord_713,LOW,2010-07-21
Ord_714,CRITICAL,2012-05-04
Ord_715,CRITICAL,2010-08-24
Ord_716,MEDIUM,2011-03-10
Ord_717,HIGH,2011-11-12
Ord_718,MEDIUM,2012-03-22
Ord_719,LOW,2009-11-16
Ord_720,LOW,2009-09-05
Ord_721,HIGH,2012-07-19
Ord_722,MEDIUM,2012-08-20
Ord_723,LOW,2010-08-23
Ord_724,MEDIUM,2012-12-25
Ord_725,NOT SPECIFIED,2011-06-16
Ord_726,HIGH,2010-06-23
Ord_727,NOT SPECIFIED,2010-10-29
Ord_728,CRITICAL,2009-07-15
Ord_729,NOT SPECIFIED,2009-04-26
Ord_730,MEDIUM,2011-09-04
Ord_731,CRITICAL,2012-09-24
Ord_732,HIGH,2011-10-11
Ord_733,HIGH,2012-02-17
Ord_734,MEDIUM,2009-06-18
Ord_735,NOT SPECIFIED,2011-05-26
Ord_736,LOW,2010-09-20
Ord_737,MEDIUM,2011-05-28
Ord_738,MEDIUM,2012-07-28
Ord_739,NOT SPECIFIED,2012-05-05
Ord_740,HIGH,2010-06-17
Ord_741,CRITICAL,2010-07-19
Ord_742,NOT SPECIFIED,2011-07-04
Ord_743,MEDIUM,2012-06-12
Ord_744,HIGH,2012-04-13
Ord_745,CRITICAL,2012-10-25
Ord_746,NOT SPECIFIED,2009-08-01
Ord_747,LOW,2012-04-11
Ord_748,MEDIUM,2011-09-20
Ord_749,CRITICAL,2012-11-13
Ord_750,CRITICAL,2012-06-16
Ord_751,LOW,2010-02-26
Ord_752,HIGH,2009-08-11
Ord_753,LOW,2012-11-22
Ord_754,NOT SPECIFIED,2012-07-21
Ord_755,NOT SPECIFIED,2009-04-10
Ord_756,LOW,2011-11-18
Ord_757,NOT SPECIFIED,2010-01-14
Ord_758,MEDIUM,2011-02-24
Ord_759,CRITICAL,2009-02-13
Ord_760,HIGH,2010-06-15
Ord_761,HIGH,2011-10-29
Ord_762,CRITICAL,2010-10-22
Ord_763,MEDIUM,2011-04-08
Ord_764,CRITICAL,2012-07-09
Ord_765,HIGH,2012-06-23
Ord_766,NOT SPECIFIED,2010-07-16
Ord_767,LOW,2009-07-26
Ord_768,HIGH,2009-08-23
Ord_769,LOW,2011-08-01
Ord_770,CRITICAL,2012-05-29
Ord_771,LOW,2010-05-06
Ord_772,LOW,2009-10-18
Ord_773,MEDIUM,2010-07-15
Ord_774,LOW,2009-07-12
Ord_775,MEDIUM,2012-05-10
Ord_776,HIGH,2011-07-24
Ord_777,MEDIUM,2012-08-30
Ord_778,LOW,2011-11-19
Ord_779,LOW,2009-09-16
Ord_780,HIGH,2011-09-15
Ord_781,CRITICAL,2009-01-22
Ord_782,HIGH,2009-11-03
Ord_783,LOW,2011-05-28
Ord_784,HIGH,2012-06-11
Ord_785,HIGH,2010-01-20
Ord_786,NOT SPECIFIED,2010-05-02
Ord_787,CRITICAL,2012-07-11
Ord_788,CRITICAL,2011-07-03
Ord_789,NOT SPECIFIED,2012-06-17
Ord_790,MEDIUM,2010-12-12
Ord_791,MEDIUM,2012-04-26
Ord_792,LOW,2009-08-05
Ord_793,LOW,2010-09-06
Ord_794,HIGH,2012-09-15
Ord_795,MEDIUM,2011-07-27
Ord_796,NOT SPECIFIED,2009-06-25
Ord_797,MEDIUM,2009-08-27
Ord_798,CRITICAL,2011-01-10
Ord_799,LOW,2012-03-31
Ord_800,CRITICAL,2011-04-22
Ord_801,NOT SPECIFIED,2009-08-28
Ord_802,LOW,2009-08-05
Ord_803,LOW,2012-09-05
Ord_804,MEDIUM,2011-10-09
Ord_805,MEDIUM,2010-08-22
Ord_806,NOT SPECIFIED,2012-08-04
Ord_807,MEDIUM,2010-12-14
Ord_808,LOW,2009-12-24
Ord_809,MEDIUM,2010-10-12
Ord_810,NOT SPECIFIED,2009-01-15
Ord_811,NOT SPECIFIED,2011-04-05
Ord_812,LOW,2012-01-20
Ord_813,NOT SPECIFIED,2011-09-24
Ord_814,CRITICAL,2011-10-09
Ord_815,NOT SPECIFIED,2011-05-04
Ord_816,LOW,2011-10-09
Ord_817,NOT SPECIFIED,2010-04-10
Ord_818,NOT SPECIFIED,2012-08-19
Ord_819,NOT SPECIFIED,2012-07-01
Ord_820,MEDIUM,2009-11-20
Ord_821,MEDIUM,2012-09-16
Ord_822,NOT SPECIFIED,2009-09-17
Ord_823,CRITICAL,2010-07-21
Ord_824,LOW,2010-11-09
Ord_825,CRITICAL,2011-01-10
Ord_826,NOT SPECIFIED,2010-12-24
Ord_827,NOT SPECIFIED,2012-05-30
Ord_828,CRITICAL,2009-02-12
Ord_829,NOT SPECIFIED,2009-09-04
Ord_830,LOW,2010-08-26
Ord_831,MEDIUM,2009-07-21
Ord_832,HIGH,2011-09-12
Ord_833,CRITICAL,2009-03-18
Ord_834,LOW,2010-01-27
Ord_835,CRITICAL,2011-09-11
Ord_836,NOT SPECIFIED,2011-02-03
Ord_837,LOW,2011-02-15
Ord_838,LOW,2012-03-01
Ord_839,CRITICAL,2009-08-10
Ord_840,NOT SPECIFIED,2010-12-13
Ord_841,NOT SPECIFIED,2009-10-15
Ord_842,NOT SPECIFIED,2009-10-07
Ord_843,MEDIUM,2010-09-17
Ord_844,HIGH,2009-07-03
Ord_845,HIGH,2010-10-09
Ord_846,CRITICAL,2009-09-23
Ord_847,MEDIUM,2011-10-02
Ord_848,HIGH,2011-01-19
Ord_849,MEDIUM,2011-01-22
Ord_850,NOT SPECIFIED,2009-03-23
Ord_851,CRITICAL,2011-01-07
Ord_852,MEDIUM,2011-06-22
Ord_853,CRITICAL,2011-08-03
Ord_854,CRITICAL,2011-11-07
Ord_855,LOW,2010-08-26
Ord_856,CRITICAL,2010-03-17
Ord_857,CRITICAL,2009-07-07
Ord_858,NOT SPECIFIED,2009-03-27
Ord_859,HIGH,2010-02-17
Ord_860,CRITICAL,2011-02-01
Ord_861,HIGH,2012-03-17
Ord_862,CRITICAL,2009-01-10
Ord_863,CRITICAL,2010-04-16
Ord_864,MEDIUM,2010-03-07
Ord_865,CRITICAL,2012-10-16
Ord_866,CRITICAL,2009-09-11
Ord_867,LOW,2010-10-12
Ord_868,CRITICAL,2011-06-19
Ord_869,NOT SPECIFIED,2012-11-07
Ord_870,MEDIUM,2011-11-12
Ord_871,HIGH,2011-05-06
Ord_872,CRITICAL,2011-09-08
Ord_873,LOW,2011-03-21
Ord_874,MEDIUM,2010-05-11
Ord_875,LOW,2012-02-06
Ord_876,CRITICAL,2010-12-28
Ord_877,CRITICAL,2011-09-08
Ord_878,CRITICAL,2012-05-31
Ord_879,CRITICAL,2009-09-12
Ord_880,HIGH,2012-06-17
Ord_881,CRITICAL,2010-12-29
Ord_882,NOT SPECIFIED,2011-04-30
Ord_883,CRITICAL,2010-05-03
Ord_884,NOT SPECIFIED,2012-08-22
Ord_885,HIGH,2011-07-03
Ord_886,MEDIUM,2010-02-22
Ord_887,HIGH,2011-11-30
Ord_888,CRITICAL,2010-08-13
Ord_889,LOW,2011-10-29
Ord_890,CRITICAL,2009-11-28
Ord_891,CRITICAL,2011-08-02
Ord_892,HIGH,2012-11-03
Ord_893,LOW,2011-07-21
Ord_894,NOT SPECIFIED,2010-10-12
Ord_895,LOW,2012-05-10
Ord_896,LOW,2012-02-11
Ord_897,LOW,2009-03-22
Ord_898,CRITICAL,2011-10-22
Ord_899,CRITICAL,2009-11-04
Ord_900,CRITICAL,2009-01-02
Ord_901,LOW,2012-10-28
Ord_902,NOT SPECIFIED,2011-04-03
Ord_903,HIGH,2009-10-05
Ord_904,CRITICAL,2012-01-30
Ord_905,HIGH,2012-02-12
Ord_906,NOT SPECIFIED,2012-01-19
Ord_907,NOT SPECIFIED,2009-06-25
Ord_908,NOT SPECIFIED,2011-05-28
Ord_909,MEDIUM,2009-08-04
Ord_910,CRITICAL,2010-08-17
Ord_911,LOW,2009-01-22
Ord_912,HIGH,2011-03-07
Ord_913,LOW,2010-01-31
Ord_914,MEDIUM,2010-03-08
Ord_915,HIGH,2010-11-04
Ord_916,CRITICAL,2009-09-25
Ord_917,HIGH,2009-02-13
Ord_918,LOW,2011-08-19
Ord_919,HIGH,2011-03-12
Ord_920,HIGH,2012-03-28
Ord_921,NOT SPECIFIED,2009-09-25
Ord_922,CRITICAL,2012-08-12
Ord_923,LOW,2012-01-31
Ord_924,CRITICAL,2010-02-27
Ord_925,CRITICAL,2010-06-28
Ord_926,HIGH,2012-05-19
Ord_927,HIGH,2011-01-14
Ord_928,HIGH,2009-06-01
Ord_929,CRITICAL,2010-08-21
Ord_930,MEDIUM,2010-02-19
Ord_931,MEDIUM,2009-11-23
Ord_932,LOW,2009-12-18
Ord_933,NOT SPECIFIED,2009-07-06
Ord_934,NOT SPECIFIED,2012-07-17
Ord_935,LOW,2009-06-12
Ord_936,NOT SPECIFIED,2012-07-19
Ord_937,MEDIUM,2011-03-19
Ord_938,HIGH,2012-12-27
Ord_939,CRITICAL,2011-09-08
Ord_940,CRITICAL,2010-12-08
Ord_941,MEDIUM,2009-03-15
Ord_942,HIGH,2011-10-20
Ord_943,HIGH,2011-01-13
Ord_944,CRITICAL,2009-08-14
Ord_945,LOW,2009-01-31
Ord_946,CRITICAL,2009-08-15
Ord_947,HIGH,2009-07-03
Ord_948,NOT SPECIFIED,2009-04-08
Ord_949,LOW,2012-08-18
Ord_950,CRITICAL,2009-01-10
Ord_951,CRITICAL,2009-07-04
Ord_952,LOW,2010-06-19
Ord_953,NOT SPECIFIED,2012-12-16
Ord_954,NOT SPECIFIED,2012-09-20
Ord_955,LOW,2010-03-03
Ord_956,NOT SPECIFIED,2010-11-01
Ord_957,LOW,2010-02-28
Ord_958,MEDIUM,2011-05-07
Ord_959,NOT SPECIFIED,2012-07-10
Ord_960,CRITICAL,2011-09-29
Ord_961,LOW,2010-10-25
Ord_962,LOW,2010-09-17
Ord_963,HIGH,2011-11-23
Ord_964,CRITICAL,2012-09-13
Ord_965,HIGH,2012-08-03
Ord_966,NOT SPECIFIED,2010-11-17
Ord_967,LOW,2012-08-10
Ord_968,MEDIUM,2011-02-03
Ord_969,CRITICAL,2009-12-14
Ord_970,LOW,2011-04-17
Ord_971,CRITICAL,2009-09-06
Ord_972,CRITICAL,2012-08-16
Ord_973,MEDIUM,2010-10-12
Ord_974,HIGH,2011-07-13
Ord_975,CRITICAL,2012-12-03
Ord_976,NOT SPECIFIED,2012-07-13
Ord_977,LOW,2009-02-04
Ord_978,MEDIUM,2011-12-20
Ord_979,MEDIUM,2011-05-30
Ord_980,CRITICAL,2010-10-09
Ord_981,HIGH,2011-03-10
Ord_982,MEDIUM,2010-01-22
Ord_983,HIGH,2011-04-11
Ord_984,MEDIUM,2011-04-16
Ord_985,LOW,2010-11-27
Ord_986,CRITICAL,2010-08-09
Ord_987,MEDIUM,2010-08-26
Ord_988,LOW,2011-06-07
Ord_989,LOW,2010-05-20
Ord_990,MEDIUM,2010-12-29
Ord_991,CRITICAL,2011-09-07
Ord_992,CRITICAL,2009-09-06
Ord_993,NOT SPECIFIED,2009-02-25
Ord_994,CRITICAL,2010-01-02
Ord_995,CRITICAL,2012-05-31
Ord_996,MEDIUM,2009-05-12
Ord_997,NOT SPECIFIED,2010-10-22
Ord_998,LOW,2009-06-17
Ord_999,LOW,2011-07-10
Ord_1000,HIGH,2009-12-11
Ord_1001,MEDIUM,2009-09-27
Ord_1002,LOW,2011-01-26
Ord_1003,CRITICAL,2011-02-13
Ord_1004,NOT SPECIFIED,2012-07-20
Ord_1005,HIGH,2010-01-18
Ord_1006,NOT SPECIFIED,2011-10-12
Ord_1007,HIGH,2010-07-29
Ord_1008,LOW,2010-10-26
Ord_1009,NOT SPECIFIED,2012-10-04
Ord_1010,HIGH,2012-08-07
Ord_1011,MEDIUM,2011-02-19
Ord_1012,CRITICAL,2010-09-24
Ord_1013,LOW,2009-12-18
Ord_1014,CRITICAL,2012-04-12
Ord_1015,CRITICAL,2009-06-01
Ord_1016,LOW,2011-02-16
Ord_1017,NOT SPECIFIED,2012-02-26
Ord_1018,MEDIUM,2012-07-10
Ord_1019,MEDIUM,2012-05-17
Ord_1020,HIGH,2009-01-22
Ord_1021,CRITICAL,2011-03-04
Ord_1022,CRITICAL,2011-06-22
Ord_1023,HIGH,2009-06-29
Ord_1024,MEDIUM,2012-03-27
Ord_1025,CRITICAL,2012-05-03
Ord_1026,LOW,2011-11-19
Ord_1027,MEDIUM,2010-11-13
Ord_1028,NOT SPECIFIED,2012-12-02
Ord_1029,HIGH,2010-10-29
Ord_1030,CRITICAL,2009-02-23
Ord_1031,NOT SPECIFIED,2010-05-20
Ord_1032,NOT SPECIFIED,2009-07-26
Ord_1033,NOT SPECIFIED,2012-09-05
Ord_1034,HIGH,2011-07-25
Ord_1035,HIGH,2011-09-08
Ord_1036,HIGH,2009-12-16
Ord_1037,CRITICAL,2010-08-17
Ord_1038,NOT SPECIFIED,2010-11-13
Ord_1039,HIGH,2010-03-23
Ord_1040,CRITICAL,2010-12-24
Ord_1041,MEDIUM,2010-11-21
Ord_1042,CRITICAL,2010-02-07
Ord_1043,HIGH,2009-05-08
Ord_1044,CRITICAL,2011-05-01
Ord_1045,LOW,2011-05-01
Ord_1046,CRITICAL,2009-07-29
Ord_1047,HIGH,2010-11-08
Ord_1048,CRITICAL,2012-08-30
Ord_1049,LOW,2009-09-06
Ord_1050,MEDIUM,2010-12-12
Ord_1051,NOT SPECIFIED,2012-06-02
Ord_1052,NOT SPECIFIED,2011-02-05
Ord_1053,NOT SPECIFIED,2010-12-14
Ord_1054,NOT SPECIFIED,2012-04-04
Ord_1055,NOT SPECIFIED,2010-05-30
Ord_1056,NOT SPECIFIED,2012-10-30
Ord_1057,LOW,2009-12-05
Ord_1058,NOT SPECIFIED,2010-07-22
Ord_1059,MEDIUM,2010-02-21
Ord_1060,HIGH,2010-12-12
Ord_1061,HIGH,2011-06-05
Ord_1062,NOT SPECIFIED,2010-11-21
Ord_1063,CRITICAL,2011-12-18
Ord_1064,CRITICAL,2010-04-03
Ord_1065,LOW,2012-01-11
Ord_1066,NOT SPECIFIED,2012-11-28
Ord_1067,CRITICAL,2009-05-16
Ord_1068,HIGH,2012-06-26
Ord_1069,NOT SPECIFIED,2011-08-20
Ord_1070,HIGH,2012-10-14
Ord_1071,HIGH,2009-08-06
Ord_1072,HIGH,2009-10-07
Ord_1073,NOT SPECIFIED,2012-08-03
Ord_1074,LOW,2011-12-31
Ord_1075,HIGH,2009-07-03
Ord_1076,LOW,2009-07-30
Ord_1077,LOW,2009-01-10
Ord_1078,HIGH,2012-11-07
Ord_1079,CRITICAL,2011-02-07
Ord_1080,MEDIUM,2010-08-22
Ord_1081,HIGH,2012-03-12
Ord_1082,MEDIUM,2011-11-09
Ord_1083,LOW,2012-11-01
Ord_1084,MEDIUM,2011-07-18
Ord_1085,NOT SPECIFIED,2010-09-29
Ord_1086,HIGH,2011-01-25
Ord_1087,NOT SPECIFIED,2009-06-25
Ord_1088,HIGH,2012-04-27
Ord_1089,LOW,2010-11-06
Ord_1090,LOW,2009-04-26
Ord_1091,LOW,2012-11-05
Ord_1092,NOT SPECIFIED,2010-09-05
Ord_1093,HIGH,2011-07-03
Ord_1094,NOT SPECIFIED,2009-01-12
Ord_1095,HIGH,2009-12-19
Ord_1096,LOW,2011-06-14
Ord_1097,LOW,2010-11-21
Ord_1098,MEDIUM,2009-12-06
Ord_1099,CRITICAL,2010-05-07
Ord_1100,CRITICAL,2011-02-20
Ord_1101,MEDIUM,2010-09-14
Ord_1102,CRITICAL,2011-12-04
Ord_1103,MEDIUM,2012-08-14
Ord_1104,NOT SPECIFIED,2011-08-18
Ord_1105,LOW,2011-01-06
Ord_1106,LOW,2009-05-10
Ord_1107,HIGH,2010-01-04
Ord_1108,LOW,2011-05-22
Ord_1109,LOW,2012-01-24
Ord_1110,HIGH,2010-07-21
Ord_1111,NOT SPECIFIED,2011-11-06
Ord_1112,NOT SPECIFIED,2012-07-05
Ord_1113,CRITICAL,2012-03-02
Ord_1114,CRITICAL,2011-09-16
Ord_1115,NOT SPECIFIED,2009-07-14
Ord_1116,HIGH,2011-10-29
Ord_1117,CRITICAL,2011-01-15
Ord_1118,CRITICAL,2010-10-14
Ord_1119,NOT SPECIFIED,2009-11-04
Ord_1120,CRITICAL,2009-07-02
Ord_1121,HIGH,2012-03-02
Ord_1122,MEDIUM,2011-02-04
Ord_1123,LOW,2011-03-18
Ord_1124,CRITICAL,2011-03-18
Ord_1125,LOW,2010-07-24
Ord_1126,HIGH,2012-10-17
Ord_1127,NOT SPECIFIED,2011-11-27
Ord_1128,MEDIUM,2009-03-05
Ord_1129,CRITICAL,2012-01-25
Ord_1130,LOW,2010-05-08
Ord_1131,MEDIUM,2009-09-28
Ord_1132,HIGH,2012-07-02
Ord_1133,MEDIUM,2010-10-04
Ord_1134,CRITICAL,2009-05-26
Ord_1135,CRITICAL,2010-02-20
Ord_1136,HIGH,2010-12-04
Ord_1137,LOW,2010-08-05
Ord_1138,MEDIUM,2011-12-09
Ord_1139,MEDIUM,2009-02-04
Ord_1140,HIGH,2012-05-28
Ord_1141,LOW,2012-08-05
Ord_1142,NOT SPECIFIED,2009-06-19
Ord_1143,MEDIUM,2010-03-02
Ord_1144,NOT SPECIFIED,2009-03-11
Ord_1145,NOT SPECIFIED,2011-09-07
Ord_1146,LOW,2010-07-23
Ord_1147,MEDIUM,2009-04-07
Ord_1148,NOT SPECIFIED,2012-03-23
Ord_1149,CRITICAL,2010-08-09
Ord_1150,MEDIUM,2011-06-29
Ord_1151,CRITICAL,2009-06-22
Ord_1152,MEDIUM,2012-01-21
Ord_1153,MEDIUM,2010-12-07
Ord_1154,NOT SPECIFIED,2012-09-02
Ord_1155,NOT SPECIFIED,2010-06-06
Ord_1156,CRITICAL,2010-12-14
Ord_1157,HIGH,2010-05-10
Ord_1158,MEDIUM,2011-04-12
Ord_1159,MEDIUM,2009-01-29
Ord_1160,HIGH,2009-12-12
Ord_1161,NOT SPECIFIED,2012-01-25
Ord_1162,LOW,2012-06-12
Ord_1163,LOW,2009-04-06
Ord_1164,NOT SPECIFIED,2009-04-10
Ord_1165,LOW,2009-09-24
Ord_1166,NOT SPECIFIED,2011-06-30
Ord_1167,CRITICAL,2009-01-03
Ord_1168,CRITICAL,2010-06-24
Ord_1169,HIGH,2012-04-22
Ord_1170,LOW,2010-04-22
Ord_1171,MEDIUM,2011-05-03
Ord_1172,NOT SPECIFIED,2010-12-12
Ord_1173,NOT SPECIFIED,2009-04-11
Ord_1174,NOT SPECIFIED,2011-03-15
Ord_1175,CRITICAL,2011-12-20
Ord_1176,LOW,2012-03-23
Ord_1177,LOW,2011-05-14
Ord_1178,HIGH,2009-06-11
Ord_1179,MEDIUM,2011-03-30
Ord_1180,MEDIUM,2011-04-19
Ord_1181,LOW,2009-02-06
Ord_1182,HIGH,2009-06-23
Ord_1183,HIGH,2011-02-05
Ord_1184,NOT SPECIFIED,2011-05-31
Ord_1185,MEDIUM,2012-07-05
Ord_1186,HIGH,2010-09-19
Ord_1187,HIGH,2012-12-20
Ord_1188,LOW,2011-07-21
Ord_1189,MEDIUM,2010-03-07
Ord_1190,NOT SPECIFIED,2010-07-19
Ord_1191,LOW,2009-06-12
Ord_1192,HIGH,2009-04-11
Ord_1193,NOT SPECIFIED,2012-10-13
Ord_1194,NOT SPECIFIED,2009-06-14
Ord_1195,CRITICAL,2009-02-26
Ord_1196,NOT SPECIFIED,2012-04-15
Ord_1197,MEDIUM,2010-06-20
Ord_1198,HIGH,2011-06-22
Ord_1199,MEDIUM,2012-06-24
Ord_1200,CRITICAL,2009-01-27
Ord_1201,LOW,2010-02-28
Ord_1202,MEDIUM,2012-01-30
Ord_1203,HIGH,2011-01-10
Ord_1204,HIGH,2009-04-28
Ord_1205,CRITICAL,2009-09-13
Ord_1206,HIGH,2011-09-27
Ord_1207,NOT SPECIFIED,2010-06-23
Ord_1208,CRITICAL,2010-02-22
Ord_1209,HIGH,2012-06-07
Ord_1210,HIGH,2010-01-21
Ord_1211,MEDIUM,2010-01-07
Ord_1212,NOT SPECIFIED,2012-12-01
Ord_1213,MEDIUM,2012-12-10
Ord_1214,LOW,2012-11-18
Ord_1215,NOT SPECIFIED,2012-12-15
Ord_1216,LOW,2012-10-27
Ord_1217,NOT SPECIFIED,2012-07-11
Ord_1218,HIGH,2012-07-09
Ord_1219,CRITICAL,2011-04-25
Ord_1220,CRITICAL,2011-12-31
Ord_1221,MEDIUM,2009-07-17
Ord_1222,NOT SPECIFIED,2010-01-16
Ord_1223,HIGH,2009-07-16
Ord_1224,MEDIUM,2010-05-15
Ord_1225,HIGH,2009-11-19
Ord_1226,MEDIUM,2010-02-10
Ord_1227,CRITICAL,2012-10-18
Ord_1228,HIGH,2009-03-08
Ord_1229,LOW,2012-10-12
Ord_1230,HIGH,2010-10-09
Ord_1231,HIGH,2011-07-03
Ord_1232,HIGH,2009-12-12
Ord_1233,MEDIUM,2012-12-18
Ord_1234,LOW,2010-10-23
Ord_1235,LOW,2009-02-14
Ord_1236,HIGH,2012-01-05
Ord_1237,LOW,2012-08-16
Ord_1238,MEDIUM,2012-04-10
Ord_1239,NOT SPECIFIED,2009-12-06
Ord_1240,MEDIUM,2010-09-25
Ord_1241,NOT SPECIFIED,2009-01-09
Ord_1242,NOT SPECIFIED,2012-10-19
Ord_1243,LOW,2011-04-06
Ord_1244,HIGH,2011-01-11
Ord_1245,HIGH,2012-08-28
Ord_1246,MEDIUM,2011-04-22
Ord_1247,NOT SPECIFIED,2009-06-10
Ord_1248,LOW,2011-04-26
Ord_1249,NOT SPECIFIED,2012-03-14
Ord_1250,LOW,2011-06-29
Ord_1251,CRITICAL,2009-01-05
Ord_1252,CRITICAL,2010-03-08
Ord_1253,HIGH,2011-01-18
Ord_1254,NOT SPECIFIED,2009-04-27
Ord_1255,MEDIUM,2011-10-05
Ord_1256,HIGH,2009-01-07
Ord_1257,LOW,2010-09-25
Ord_1258,HIGH,2012-04-29
Ord_1259,HIGH,2010-08-24
Ord_1260,MEDIUM,2009-03-16
Ord_1261,MEDIUM,2010-04-15
Ord_1262,CRITICAL,2010-02-20
Ord_1263,NOT SPECIFIED,2010-12-22
Ord_1264,LOW,2010-03-30
Ord_1265,MEDIUM,2010-09-29
Ord_1266,CRITICAL,2009-06-11
Ord_1267,NOT SPECIFIED,2009-06-21
Ord_1268,MEDIUM,2009-10-04
Ord_1269,CRITICAL,2012-01-19
Ord_1270,HIGH,2012-02-27
Ord_1271,MEDIUM,2012-07-12
Ord_1272,LOW,2012-06-01
Ord_1273,MEDIUM,2010-03-14
Ord_1274,LOW,2010-02-02
Ord_1275,LOW,2012-05-12
Ord_1276,NOT SPECIFIED,2012-03-15
Ord_1277,NOT SPECIFIED,2012-05-12
Ord_1278,LOW,2010-01-02
Ord_1279,MEDIUM,2009-08-17
Ord_1280,LOW,2012-08-17
Ord_1281,HIGH,2012-09-28
Ord_1282,HIGH,2012-03-20
Ord_1283,MEDIUM,2010-06-26
Ord_1284,NOT SPECIFIED,2009-08-09
Ord_1285,LOW,2010-06-16
Ord_1286,NOT SPECIFIED,2009-10-21
Ord_1287,LOW,2010-12-21
Ord_1288,HIGH,2009-03-28
Ord_1289,NOT SPECIFIED,2011-04-02
Ord_1290,HIGH,2009-12-21
Ord_1291,MEDIUM,2010-02-14
Ord_1292,HIGH,2011-09-25
Ord_1293,HIGH,2010-12-08
Ord_1294,LOW,2010-10-19
Ord_1295,NOT SPECIFIED,2010-12-30
Ord_1296,MEDIUM,2012-06-08
Ord_1297,HIGH,2011-09-15
Ord_1298,HIGH,2009-03-23
Ord_1299,MEDIUM,2010-03-25
Ord_1300,MEDIUM,2009-01-17
Ord_1301,NOT SPECIFIED,2012-07-14
Ord_1302,NOT SPECIFIED,2009-12-27
Ord_1303,HIGH,2011-10-22
Ord_1304,CRITICAL,2011-03-17
Ord_1305,CRITICAL,2010-10-26
Ord_1306,LOW,2009-06-13
Ord_1307,HIGH,2011-07-19
Ord_1308,HIGH,2010-01-22
Ord_1309,HIGH,2009-11-21
Ord_1310,NOT SPECIFIED,2011-10-07
Ord_1311,CRITICAL,2010-03-08
Ord_1312,LOW,2009-04-19
Ord_1313,CRITICAL,2012-02-19
Ord_1314,NOT SPECIFIED,2011-06-17
Ord_1315,HIGH,2012-05-18
Ord_1316,LOW,2009-12-14
Ord_1317,CRITICAL,2012-03-14
Ord_1318,MEDIUM,2011-09-12
Ord_1319,LOW,2010-10-21
Ord_1320,LOW,2012-04-29
Ord_1321,LOW,2012-03-11
Ord_1322,LOW,2011-11-14
Ord_1323,LOW,2011-03-16
Ord_1324,HIGH,2011-09-22
Ord_1325,HIGH,2009-11-22
Ord_1326,LOW,2010-09-28
Ord_1327,NOT SPECIFIED,2011-10-06
Ord_1328,NOT SPECIFIED,2009-09-29
Ord_1329,HIGH,2009-12-28
Ord_1330,LOW,2010-03-30
Ord_1331,MEDIUM,2011-04-11
Ord_1332,MEDIUM,2009-06-03
Ord_1333,LOW,2010-01-28
Ord_1334,CRITICAL,2011-03-17
Ord_1335,HIGH,2012-01-05
Ord_1336,NOT SPECIFIED,2009-05-24
Ord_1337,NOT SPECIFIED,2010-05-16
Ord_1338,LOW,2009-12-01
Ord_1339,HIGH,2011-05-01
Ord_1340,CRITICAL,2011-07-01
Ord_1341,NOT SPECIFIED,2012-05-20
Ord_1342,LOW,2009-11-02
Ord_1343,HIGH,2009-03-01
Ord_1344,MEDIUM,2012-08-15
Ord_1345,CRITICAL,2009-01-04
Ord_1346,CRITICAL,2009-10-13
Ord_1347,MEDIUM,2010-06-05
Ord_1348,CRITICAL,2012-02-23
Ord_1349,CRITICAL,2012-10-31
Ord_1350,LOW,2009-04-23
Ord_1351,MEDIUM,2009-08-16
Ord_1352,CRITICAL,2009-11-24
Ord_1353,MEDIUM,2010-01-10
Ord_1354,HIGH,2009-09-16
Ord_1355,LOW,2010-10-23
Ord_1356,CRITICAL,2009-12-20
Ord_1357,CRITICAL,2011-06-22
Ord_1358,LOW,2010-08-17
Ord_1359,MEDIUM,2010-04-20
Ord_1360,NOT SPECIFIED,2010-02-24
Ord_1361,NOT SPECIFIED,2011-12-09
Ord_1362,LOW,2010-12-12
Ord_1363,LOW,2009-11-30
Ord_1364,HIGH,2011-07-06
Ord_1365,LOW,2012-06-11
Ord_1366,LOW,2010-03-08
Ord_1367,CRITICAL,2009-04-08
Ord_1368,MEDIUM,2012-12-02
Ord_1369,NOT SPECIFIED,2011-07-18
Ord_1370,MEDIUM,2009-07-22
Ord_1371,MEDIUM,2009-11-15
Ord_1372,NOT SPECIFIED,2012-06-15
Ord_1373,NOT SPECIFIED,2010-10-13
Ord_1374,HIGH,2009-12-04
Ord_1375,NOT SPECIFIED,2012-04-03
Ord_1376,MEDIUM,2009-05-21
Ord_1377,HIGH,2010-08-11
Ord_1378,HIGH,2012-04-27
Ord_1379,NOT SPECIFIED,2010-02-20
Ord_1380,NOT SPECIFIED,2009-08-14
Ord_1381,NOT SPECIFIED,2010-03-07
Ord_1382,NOT SPECIFIED,2009-02-12
Ord_1383,HIGH,2011-09-10
Ord_1384,CRITICAL,2009-01-10
Ord_1385,CRITICAL,2011-01-09
Ord_1386,HIGH,2012-09-05
Ord_1387,LOW,2009-02-12
Ord_1388,MEDIUM,2010-02-10
Ord_1389,NOT SPECIFIED,2011-08-09
Ord_1390,HIGH,2010-07-20
Ord_1391,HIGH,2011-01-19
Ord_1392,CRITICAL,2011-07-23
Ord_1393,HIGH,2009-10-20
Ord_1394,NOT SPECIFIED,2011-04-08
Ord_1395,MEDIUM,2011-06-10
Ord_1396,NOT SPECIFIED,2012-02-05
Ord_1397,HIGH,2010-12-24
Ord_1398,HIGH,2009-09-28
Ord_1399,HIGH,2012-03-10
Ord_1400,MEDIUM,2009-10-13
Ord_1401,CRITICAL,2012-10-30
Ord_1402,HIGH,2012-03-12
Ord_1403,HIGH,2012-09-23
Ord_1404,NOT SPECIFIED,2011-04-29
Ord_1405,NOT SPECIFIED,2011-05-20
Ord_1406,LOW,2011-10-28
Ord_1407,HIGH,2012-07-21
Ord_1408,MEDIUM,2009-11-25
Ord_1409,LOW,2012-07-12
Ord_1410,NOT SPECIFIED,2010-01-13
Ord_1411,CRITICAL,2010-08-05
Ord_1412,NOT SPECIFIED,2012-04-05
Ord_1413,NOT SPECIFIED,2012-03-16
Ord_1414,LOW,2009-11-02
Ord_1415,MEDIUM,2011-04-10
Ord_1416,MEDIUM,2009-01-07
Ord_1417,CRITICAL,2012-10-29
Ord_1418,NOT SPECIFIED,2009-11-06
Ord_1419,LOW,2012-09-08
Ord_1420,MEDIUM,2009-08-12
Ord_1421,MEDIUM,2009-07-31
Ord_1422,MEDIUM,2009-09-18
Ord_1423,MEDIUM,2012-12-25
Ord_1424,NOT SPECIFIED,2012-09-11
Ord_1425,MEDIUM,2010-08-13
Ord_1426,LOW,2009-09-29
Ord_1427,LOW,2012-10-18
Ord_1428,LOW,2011-03-12
Ord_1429,CRITICAL,2011-05-24
Ord_1430,MEDIUM,2009-05-20
Ord_1431,MEDIUM,2011-03-10
Ord_1432,NOT SPECIFIED,2009-05-18
Ord_1433,HIGH,2009-08-11
Ord_1434,NOT SPECIFIED,2010-09-11
Ord_1435,CRITICAL,2012-06-07
Ord_1436,NOT SPECIFIED,2011-02-26
Ord_1437,CRITICAL,2012-01-12
Ord_1438,MEDIUM,2012-04-01
Ord_1439,LOW,2011-02-07
Ord_1440,CRITICAL,2011-10-24
Ord_1441,MEDIUM,2010-07-29
Ord_1442,LOW,2011-10-07
Ord_1443,HIGH,2012-05-06
Ord_1444,HIGH,2012-03-28
Ord_1445,CRITICAL,2012-08-29
Ord_1446,NOT SPECIFIED,2011-02-14
Ord_1447,MEDIUM,2010-04-06
Ord_1448,LOW,2011-12-21
Ord_1449,CRITICAL,2009-10-09
Ord_1450,HIGH,2011-07-30
Ord_1451,CRITICAL,2011-02-16
Ord_1452,NOT SPECIFIED,2012-09-05
Ord_1453,HIGH,2012-08-10
Ord_1454,NOT SPECIFIED,2012-11-09
Ord_1455,CRITICAL,2009-11-21
Ord_1456,LOW,2010-01-22
Ord_1457,HIGH,2010-07-30
Ord_1458,LOW,2010-02-03
Ord_1459,CRITICAL,2011-06-11
Ord_1460,CRITICAL,2012-03-26
Ord_1461,HIGH,2012-11-18
Ord_1462,HIGH,2010-04-09
Ord_1463,LOW,2010-09-30
Ord_1464,HIGH,2011-01-27
Ord_1465,MEDIUM,2011-12-18
Ord_1466,LOW,2011-01-25
Ord_1467,CRITICAL,2010-09-17
Ord_1468,LOW,2012-12-30
Ord_1469,HIGH,2012-07-09
Ord_1470,NOT SPECIFIED,2011-04-22
Ord_1471,MEDIUM,2012-04-17
Ord_1472,HIGH,2011-06-16
Ord_1473,LOW,2011-07-04
Ord_1474,NOT SPECIFIED,2009-07-30
Ord_1475,NOT SPECIFIED,2011-04-12
Ord_1476,NOT SPECIFIED,2012-03-20
Ord_1477,MEDIUM,2012-12-19
Ord_1478,HIGH,2009-03-15
Ord_1479,HIGH,2010-11-22
Ord_1480,CRITICAL,2010-03-15
Ord_1481,HIGH,2010-03-02
Ord_1482,MEDIUM,2011-09-15
Ord_1483,MEDIUM,2010-11-24
Ord_1484,HIGH,2010-09-14
Ord_1485,HIGH,2011-08-07
Ord_1486,MEDIUM,2011-04-02
Ord_1487,MEDIUM,2009-08-24
Ord_1488,LOW,2010-07-21
Ord_1489,NOT SPECIFIED,2009-04-10
Ord_1490,CRITICAL,2009-09-17
Ord_1491,HIGH,2012-04-06
Ord_1492,HIGH,2010-02-22
Ord_1493,LOW,2012-09-19
Ord_1494,CRITICAL,2010-03-22
Ord_1495,MEDIUM,2010-10-20
Ord_1496,MEDIUM,2010-03-21
Ord_1497,LOW,2012-07-07
Ord_1498,CRITICAL,2011-04-09
Ord_1499,CRITICAL,2011-02-07
Ord_1500,LOW,2010-10-18
Ord_1501,LOW,2010-08-04
Ord_1502,LOW,2012-03-08
Ord_1503,HIGH,2012-11-11
Ord_1504,MEDIUM,2009-06-29
Ord_1505,LOW,2009-02-16
Ord_1506,CRITICAL,2010-12-27
Ord_1507,HIGH,2010-11-25
Ord_1508,MEDIUM,2009-11-25
Ord_1509,HIGH,2012-08-19
Ord_1510,NOT SPECIFIED,2009-03-24
Ord_1511,MEDIUM,2012-03-29
Ord_1512,MEDIUM,2011-12-16
Ord_1513,CRITICAL,2010-08-27
Ord_1514,HIGH,2011-12-10
Ord_1515,HIGH,2012-10-19
Ord_1516,NOT SPECIFIED,2011-10-28
Ord_1517,NOT SPECIFIED,2012-02-13
Ord_1518,LOW,2010-09-29
Ord_1519,MEDIUM,2010-11-18
Ord_1520,HIGH,2009-11-09
Ord_1521,MEDIUM,2009-10-23
Ord_1522,HIGH,2010-08-14
Ord_1523,HIGH,2011-10-18
Ord_1524,NOT SPECIFIED,2012-09-24
Ord_1525,MEDIUM,2011-03-04
Ord_1526,HIGH,2010-05-25
Ord_1527,MEDIUM,2010-08-13
Ord_1528,MEDIUM,2010-09-10
Ord_1529,HIGH,2009-04-05
Ord_1530,CRITICAL,2012-01-28
Ord_1531,CRITICAL,2009-02-23
Ord_1532,CRITICAL,2011-08-30
Ord_1533,CRITICAL,2010-12-19
Ord_1534,LOW,2010-03-24
Ord_1535,LOW,2012-05-25
Ord_1536,MEDIUM,2009-12-12
Ord_1537,HIGH,2010-11-30
Ord_1538,MEDIUM,2011-05-04
Ord_1539,CRITICAL,2010-02-15
Ord_1540,LOW,2011-04-20
Ord_1541,CRITICAL,2010-07-14
Ord_1542,LOW,2012-02-15
Ord_1543,NOT SPECIFIED,2009-09-14
Ord_1544,NOT SPECIFIED,2009-09-12
Ord_1545,CRITICAL,2012-05-08
Ord_1546,LOW,2009-05-05
Ord_1547,CRITICAL,2011-04-17
Ord_1548,MEDIUM,2009-05-21
Ord_1549,LOW,2010-06-25
Ord_1550,LOW,2012-10-26
Ord_1551,CRITICAL,2010-07-17
Ord_1552,HIGH,2012-05-14
Ord_1553,LOW,2009-06-13
Ord_1554,LOW,2012-09-04
Ord_1555,HIGH,2010-06-27
Ord_1556,LOW,2009-04-09
Ord_1557,MEDIUM,2011-02-24
Ord_1558,HIGH,2011-02-18
Ord_1559,HIGH,2009-08-17
Ord_1560,LOW,2012-07-07
Ord_1561,NOT SPECIFIED,2010-02-21
Ord_1562,LOW,2010-09-30
Ord_1563,CRITICAL,2009-09-12
Ord_1564,MEDIUM,2009-07-04
Ord_1565,NOT SPECIFIED,2012-01-31
Ord_1566,LOW,2011-10-09
Ord_1567,MEDIUM,2012-02-02
Ord_1568,MEDIUM,2009-02-10
Ord_1569,HIGH,2011-05-22
Ord_1570,MEDIUM,2009-09-24
Ord_1571,LOW,2011-01-10
Ord_1572,HIGH,2010-07-22
Ord_1573,NOT SPECIFIED,2012-04-26
Ord_1574,MEDIUM,2010-12-21
Ord_1575,LOW,2011-10-03
Ord_1576,LOW,2010-02-16
Ord_1577,NOT SPECIFIED,2012-10-06
Ord_1578,CRITICAL,2009-04-10
Ord_1579,CRITICAL,2010-03-09
Ord_1580,HIGH,2009-07-30
Ord_1581,CRITICAL,2011-12-07
Ord_1582,HIGH,2009-01-20
Ord_1583,MEDIUM,2010-05-14
Ord_1584,MEDIUM,2012-04-09
Ord_1585,NOT SPECIFIED,2010-12-03
Ord_1586,HIGH,2011-03-13
Ord_1587,LOW,2010-06-14
Ord_1588,MEDIUM,2010-05-09
Ord_1589,LOW,2010-06-17
Ord_1590,MEDIUM,2010-02-09
Ord_1591,LOW,2011-05-03
Ord_1592,CRITICAL,2012-12-24
Ord_1593,CRITICAL,2012-05-28
Ord_1594,HIGH,2010-11-19
Ord_1595,CRITICAL,2009-02-11
Ord_1596,HIGH,2012-11-13
Ord_1597,NOT SPECIFIED,2009-12-06
Ord_1598,LOW,2011-02-14
Ord_1599,MEDIUM,2011-02-06
Ord_1600,CRITICAL,2010-04-01
Ord_1601,MEDIUM,2012-02-21
Ord_1602,MEDIUM,2009-12-06
Ord_1603,LOW,2012-06-27
Ord_1604,LOW,2009-05-22
Ord_1605,HIGH,2010-03-05
Ord_1606,LOW,2009-06-18
Ord_1607,MEDIUM,2012-05-07
Ord_1608,NOT SPECIFIED,2012-04-01
Ord_1609,LOW,2011-07-17
Ord_1610,MEDIUM,2012-01-26
Ord_1611,NOT SPECIFIED,2010-11-27
Ord_1612,NOT SPECIFIED,2009-03-28
Ord_1613,LOW,2012-12-03
Ord_1614,HIGH,2010-02-01
Ord_1615,MEDIUM,2009-11-25
Ord_1616,CRITICAL,2012-09-03
Ord_1617,NOT SPECIFIED,2009-03-29
Ord_1618,LOW,2010-03-17
Ord_1619,HIGH,2009-01-04
Ord_1620,CRITICAL,2011-05-25
Ord_1621,MEDIUM,2011-05-20
Ord_1622,NOT SPECIFIED,2011-09-07
Ord_1623,LOW,2009-07-21
Ord_1624,CRITICAL,2011-12-17
Ord_1625,HIGH,2012-11-08
Ord_1626,LOW,2010-06-09
Ord_1627,LOW,2012-03-04
Ord_1628,NOT SPECIFIED,2012-12-21
Ord_1629,HIGH,2009-02-27
Ord_1630,MEDIUM,2010-03-10
Ord_1631,MEDIUM,2010-09-12
Ord_1632,LOW,2010-03-24
Ord_1633,NOT SPECIFIED,2011-11-01
Ord_1634,NOT SPECIFIED,2010-11-04
Ord_1635,HIGH,2009-12-12
Ord_1636,LOW,2011-06-14
Ord_1637,LOW,2012-03-07
Ord_1638,NOT SPECIFIED,2011-09-23
Ord_1639,HIGH,2010-10-22
Ord_1640,NOT SPECIFIED,2012-04-25
Ord_1641,MEDIUM,2009-08-18
Ord_1642,CRITICAL,2009-04-02
Ord_1643,CRITICAL,2012-05-24
Ord_1644,MEDIUM,2009-07-04
Ord_1645,HIGH,2011-03-17
Ord_1646,MEDIUM,2012-06-16
Ord_1647,CRITICAL,2012-04-15
Ord_1648,MEDIUM,2011-03-24
Ord_1649,LOW,2012-05-02
Ord_1650,HIGH,2011-12-04
Ord_1651,CRITICAL,2010-10-04
Ord_1652,CRITICAL,2009-09-19
Ord_1653,CRITICAL,2009-12-07
Ord_1654,CRITICAL,2011-08-28
Ord_1655,LOW,2012-03-20
Ord_1656,MEDIUM,2010-01-22
Ord_1657,HIGH,2012-10-22
Ord_1658,NOT SPECIFIED,2009-03-22
Ord_1659,MEDIUM,2009-02-16
Ord_1660,LOW,2009-07-04
Ord_1661,LOW,2011-11-25
Ord_1662,NOT SPECIFIED,2010-05-11
Ord_1663,CRITICAL,2010-05-01
Ord_1664,CRITICAL,2009-01-05
Ord_1665,MEDIUM,2009-03-23
Ord_1666,MEDIUM,2009-03-24
Ord_1667,NOT SPECIFIED,2010-01-03
Ord_1668,LOW,2009-07-26
Ord_1669,HIGH,2011-01-04
Ord_1670,HIGH,2012-02-01
Ord_1671,MEDIUM,2010-10-27
Ord_1672,MEDIUM,2011-08-22
Ord_1673,LOW,2010-06-07
Ord_1674,CRITICAL,2012-05-13
Ord_1675,MEDIUM,2012-05-26
Ord_1676,LOW,2012-02-26
Ord_1677,LOW,2011-10-07
Ord_1678,MEDIUM,2012-04-11
Ord_1679,CRITICAL,2012-12-10
Ord_1680,LOW,2009-12-22
Ord_1681,NOT SPECIFIED,2012-04-30
Ord_1682,MEDIUM,2011-07-15
Ord_1683,MEDIUM,2009-02-12
Ord_1684,HIGH,2012-12-27
Ord_1685,NOT SPECIFIED,2011-08-19
Ord_1686,CRITICAL,2011-02-06
Ord_1687,NOT SPECIFIED,2012-09-13
Ord_1688,HIGH,2010-11-18
Ord_1689,LOW,2010-07-25
Ord_1690,LOW,2012-07-29
Ord_1691,NOT SPECIFIED,2009-07-21
Ord_1692,NOT SPECIFIED,2010-12-09
Ord_1693,HIGH,2011-02-20
Ord_1694,CRITICAL,2009-12-13
Ord_1695,HIGH,2012-04-24
Ord_1696,LOW,2012-02-23
Ord_1697,NOT SPECIFIED,2012-01-22
Ord_1698,CRITICAL,2011-09-04
Ord_1699,MEDIUM,2011-11-22
Ord_1700,HIGH,2009-12-23
Ord_1701,NOT SPECIFIED,2011-10-23
Ord_1702,LOW,2009-03-01
Ord_1703,HIGH,2012-08-06
Ord_1704,MEDIUM,2009-11-22
Ord_1705,NOT SPECIFIED,2011-11-10
Ord_1706,NOT SPECIFIED,2009-01-27
Ord_1707,HIGH,2010-11-20
Ord_1708,HIGH,2012-01-09
Ord_1709,CRITICAL,2009-03-18
Ord_1710,CRITICAL,2011-04-13
Ord_1711,LOW,2012-07-21
Ord_1712,NOT SPECIFIED,2012-07-15
Ord_1713,HIGH,2009-10-10
Ord_1714,LOW,2012-05-22
Ord_1715,NOT SPECIFIED,2009-05-23
Ord_1716,CRITICAL,2009-04-16
Ord_1717,NOT SPECIFIED,2009-12-26
Ord_1718,NOT SPECIFIED,2010-10-09
Ord_1719,CRITICAL,2010-02-09
Ord_1720,LOW,2011-11-26
Ord_1721,CRITICAL,2011-05-04
Ord_1722,NOT SPECIFIED,2010-06-03
Ord_1723,MEDIUM,2009-08-28
Ord_1724,HIGH,2009-10-13
Ord_1725,NOT SPECIFIED,2009-12-22
Ord_1726,LOW,2012-07-26
Ord_1727,MEDIUM,2009-08-05
Ord_1728,MEDIUM,2011-01-29
Ord_1729,NOT SPECIFIED,2010-09-21
Ord_1730,HIGH,2010-08-03
Ord_1731,HIGH,2012-07-25
Ord_1732,LOW,2010-01-26
Ord_1733,CRITICAL,2012-01-16
Ord_1734,MEDIUM,2011-06-19
Ord_1735,MEDIUM,2010-06-09
Ord_1736,HIGH,2011-11-26
Ord_1737,HIGH,2012-08-05
Ord_1738,LOW,2011-02-15
Ord_1739,HIGH,2011-05-26
Ord_1740,LOW,2009-11-08
Ord_1741,LOW,2012-09-13
Ord_1742,HIGH,2009-10-28
Ord_1743,MEDIUM,2012-06-08
Ord_1744,NOT SPECIFIED,2010-12-02
Ord_1745,MEDIUM,2012-10-17
Ord_1746,NOT SPECIFIED,2012-09-21
Ord_1747,HIGH,2011-07-12
Ord_1748,MEDIUM,2011-05-22
Ord_1749,LOW,2011-11-10
Ord_1750,HIGH,2009-09-18
Ord_1751,CRITICAL,2009-02-24
Ord_1752,NOT SPECIFIED,2009-03-20
Ord_1753,HIGH,2012-05-17
Ord_1754,CRITICAL,2010-02-17
Ord_1755,CRITICAL,2009-08-02
Ord_1756,MEDIUM,2009-03-17
Ord_1757,LOW,2009-01-09
Ord_1758,HIGH,2012-09-02
Ord_1759,NOT SPECIFIED,2009-04-09
Ord_1760,LOW,2009-04-06
Ord_1761,MEDIUM,2009-12-09
Ord_1762,NOT SPECIFIED,2009-04-01
Ord_1763,CRITICAL,2010-08-05
Ord_1764,LOW,2010-09-28
Ord_1765,LOW,2010-06-17
Ord_1766,NOT SPECIFIED,2010-05-10
Ord_1767,CRITICAL,2012-12-09
Ord_1768,MEDIUM,2012-04-09
Ord_1769,CRITICAL,2009-11-20
Ord_1770,MEDIUM,2009-07-26
Ord_1771,MEDIUM,2009-04-02
Ord_1772,HIGH,2011-06-01
Ord_1773,LOW,2009-12-02
Ord_1774,LOW,2011-03-15
Ord_1775,MEDIUM,2011-12-20
Ord_1776,HIGH,2012-01-05
Ord_1777,NOT SPECIFIED,2010-10-10
Ord_1778,MEDIUM,2012-04-09
Ord_1779,NOT SPECIFIED,2012-07-22
Ord_1780,LOW,2009-09-23
Ord_1781,MEDIUM,2010-01-20
Ord_1782,HIGH,2012-03-16
Ord_1783,CRITICAL,2011-09-10
Ord_1784,NOT SPECIFIED,2010-04-18
Ord_1785,MEDIUM,2012-12-06
Ord_1786,MEDIUM,2009-01-24
Ord_1787,NOT SPECIFIED,2010-03-07
Ord_1788,LOW,2010-02-27
Ord_1789,LOW,2010-08-16
Ord_1790,HIGH,2009-12-20
Ord_1791,MEDIUM,2009-12-05
Ord_1792,NOT SPECIFIED,2010-06-27
Ord_1793,MEDIUM,2009-05-13
Ord_1794,LOW,2011-02-25
Ord_1795,LOW,2011-06-05
Ord_1796,MEDIUM,2010-03-13
Ord_1797,NOT SPECIFIED,2009-09-19
Ord_1798,LOW,2010-02-25
Ord_1799,HIGH,2011-03-20
Ord_1800,CRITICAL,2012-11-10
Ord_1801,MEDIUM,2010-11-29
Ord_1802,NOT SPECIFIED,2011-07-14
Ord_1803,MEDIUM,2012-05-12
Ord_1804,LOW,2009-12-28
Ord_1805,MEDIUM,2009-03-15
Ord_1806,CRITICAL,2011-03-01
Ord_1807,MEDIUM,2012-07-13
Ord_1808,HIGH,2011-11-16
Ord_1809,MEDIUM,2012-07-19
Ord_1810,HIGH,2012-09-03
Ord_1811,LOW,2012-09-19
Ord_1812,MEDIUM,2009-04-01
Ord_1813,MEDIUM,2010-01-03
Ord_1814,NOT SPECIFIED,2011-01-24
Ord_1815,CRITICAL,2010-05-17
Ord_1816,LOW,2011-09-23
Ord_1817,MEDIUM,2011-09-15
Ord_1818,MEDIUM,2012-12-21
Ord_1819,CRITICAL,2009-10-31
Ord_1820,HIGH,2012-01-05
Ord_1821,MEDIUM,2009-04-22
Ord_1822,LOW,2011-07-16
Ord_1823,HIGH,2010-06-30
Ord_1824,NOT SPECIFIED,2009-07-24
Ord_1825,LOW,2010-10-15
Ord_1826,MEDIUM,2009-02-26
Ord_1827,LOW,2012-10-22
Ord_1828,LOW,2009-04-14
Ord_1829,CRITICAL,2010-09-08
Ord_1830,LOW,2010-09-17
Ord_1831,NOT SPECIFIED,2011-08-06
Ord_1832,HIGH,2009-06-10
Ord_1833,MEDIUM,2012-08-20
Ord_1834,NOT SPECIFIED,2010-03-15
Ord_1835,LOW,2012-11-01
Ord_1836,NOT SPECIFIED,2012-07-26
Ord_1837,HIGH,2010-05-15
Ord_1838,LOW,2012-10-28
Ord_1839,CRITICAL,2009-05-21
Ord_1840,NOT SPECIFIED,2011-09-02
Ord_1841,HIGH,2012-10-09
Ord_1842,MEDIUM,2009-12-19
Ord_1843,MEDIUM,2012-03-03
Ord_1844,HIGH,2012-09-14
Ord_1845,NOT SPECIFIED,2012-11-08
Ord_1846,MEDIUM,2010-02-23
Ord_1847,NOT SPECIFIED,2010-03-12
Ord_1848,LOW,2011-08-23
Ord_1849,MEDIUM,2012-06-11
Ord_1850,LOW,2010-03-16
Ord_1851,NOT SPECIFIED,2012-10-04
Ord_1852,LOW,2010-12-05
Ord_1853,LOW,2009-01-06
Ord_1854,CRITICAL,2009-06-02
Ord_1855,HIGH,2009-10-22
Ord_1856,NOT SPECIFIED,2010-10-22
Ord_1857,NOT SPECIFIED,2012-02-09
Ord_1858,CRITICAL,2011-11-01
Ord_1859,HIGH,2011-01-13
Ord_1860,NOT SPECIFIED,2009-04-29
Ord_1861,CRITICAL,2010-08-04
Ord_1862,LOW,2012-04-22
Ord_1863,CRITICAL,2009-02-26
Ord_1864,CRITICAL,2010-01-08
Ord_1865,MEDIUM,2010-09-15
Ord_1866,NOT SPECIFIED,2009-06-02
Ord_1867,MEDIUM,2010-02-25
Ord_1868,NOT SPECIFIED,2010-05-23
Ord_1869,CRITICAL,2010-07-25
Ord_1870,CRITICAL,2011-01-20
Ord_1871,LOW,2010-01-02
Ord_1872,CRITICAL,2011-03-17
Ord_1873,NOT SPECIFIED,2009-09-30
Ord_1874,MEDIUM,2011-05-19
Ord_1875,LOW,2009-04-08
Ord_1876,HIGH,2010-02-11
Ord_1877,LOW,2010-05-31
Ord_1878,NOT SPECIFIED,2012-09-22
Ord_1879,LOW,2012-06-02
Ord_1880,NOT SPECIFIED,2012-12-09
Ord_1881,LOW,2012-02-09
Ord_1882,CRITICAL,2012-08-21
Ord_1883,LOW,2010-10-20
Ord_1884,MEDIUM,2010-03-24
Ord_1885,LOW,2012-06-27
Ord_1886,LOW,2012-06-19
Ord_1887,CRITICAL,2012-04-04
Ord_1888,MEDIUM,2012-06-02
Ord_1889,HIGH,2009-03-18
Ord_1890,HIGH,2012-05-13
Ord_1891,HIGH,2011-10-18
Ord_1892,NOT SPECIFIED,2012-06-24
Ord_1893,HIGH,2012-08-12
Ord_1894,NOT SPECIFIED,2010-10-16
Ord_1895,LOW,2009-06-22
Ord_1896,CRITICAL,2009-06-15
Ord_1897,NOT SPECIFIED,2011-12-21
Ord_1898,LOW,2011-06-28
Ord_1899,HIGH,2009-08-14
Ord_1900,MEDIUM,2012-01-05
Ord_1901,MEDIUM,2012-08-23
Ord_1902,NOT SPECIFIED,2009-05-27
Ord_1903,LOW,2010-09-01
Ord_1904,HIGH,2012-08-05
Ord_1905,MEDIUM,2010-07-16
Ord_1906,MEDIUM,2011-12-08
Ord_1907,CRITICAL,2009-01-19
Ord_1908,HIGH,2012-07-29
Ord_1909,MEDIUM,2010-04-29
Ord_1910,LOW,2012-12-09
Ord_1911,MEDIUM,2009-07-27
Ord_1912,CRITICAL,2010-01-15
Ord_1913,NOT SPECIFIED,2009-06-15
Ord_1914,HIGH,2010-11-03
Ord_1915,HIGH,2012-10-28
Ord_1916,HIGH,2010-12-01
Ord_1917,NOT SPECIFIED,2011-05-21
Ord_1918,CRITICAL,2012-09-02
Ord_1919,CRITICAL,2011-01-16
Ord_1920,LOW,2010-09-12
Ord_1921,LOW,2012-04-27
Ord_1922,HIGH,2011-12-31
Ord_1923,LOW,2010-11-06
Ord_1924,HIGH,2011-01-31
Ord_1925,HIGH,2011-10-30
Ord_1926,HIGH,2010-06-26
Ord_1927,LOW,2010-03-09
Ord_1928,MEDIUM,2010-10-31
Ord_1929,MEDIUM,2009-07-29
Ord_1930,LOW,2009-07-26
Ord_1931,NOT SPECIFIED,2009-01-11
Ord_1932,CRITICAL,2011-02-02
Ord_1933,CRITICAL,2011-02-18
Ord_1934,NOT SPECIFIED,2009-05-14
Ord_1935,HIGH,2010-09-10
Ord_1936,NOT SPECIFIED,2010-04-15
Ord_1937,HIGH,2011-12-29
Ord_1938,NOT SPECIFIED,2010-09-29
Ord_1939,CRITICAL,2009-02-21
Ord_1940,MEDIUM,2009-05-18
Ord_1941,HIGH,2009-10-26
Ord_1942,CRITICAL,2009-03-24
Ord_1943,CRITICAL,2010-12-25
Ord_1944,HIGH,2012-04-22
Ord_1945,NOT SPECIFIED,2010-11-17
Ord_1946,MEDIUM,2010-12-19
Ord_1947,CRITICAL,2012-09-11
Ord_1948,NOT SPECIFIED,2009-07-21
Ord_1949,NOT SPECIFIED,2011-06-14
Ord_1950,LOW,2009-10-04
Ord_1951,MEDIUM,2011-08-21
Ord_1952,LOW,2011-08-21
Ord_1953,MEDIUM,2011-01-24
Ord_1954,HIGH,2009-08-27
Ord_1955,MEDIUM,2010-03-09
Ord_1956,LOW,2012-10-30
Ord_1957,NOT SPECIFIED,2010-10-19
Ord_1958,CRITICAL,2011-02-21
Ord_1959,LOW,2010-07-16
Ord_1960,NOT SPECIFIED,2009-09-12
Ord_1961,LOW,2009-05-11
Ord_1962,LOW,2012-01-03
Ord_1963,HIGH,2011-12-21
Ord_1964,LOW,2009-12-09
Ord_1965,NOT SPECIFIED,2011-10-26
Ord_1966,NOT SPECIFIED,2009-08-31
Ord_1967,MEDIUM,2011-12-18
Ord_1968,NOT SPECIFIED,2010-01-17
Ord_1969,CRITICAL,2009-06-06
Ord_1970,HIGH,2011-05-08
Ord_1971,LOW,2009-05-19
Ord_1972,NOT SPECIFIED,2012-07-02
Ord_1973,MEDIUM,2011-05-27
Ord_1974,CRITICAL,2011-07-27
Ord_1975,NOT SPECIFIED,2011-11-26
Ord_1976,LOW,2012-11-08
Ord_1977,LOW,2011-04-02
Ord_1978,HIGH,2010-01-11
Ord_1979,NOT SPECIFIED,2010-02-13
Ord_1980,NOT SPECIFIED,2012-12-12
Ord_1981,MEDIUM,2010-06-10
Ord_1982,CRITICAL,2010-12-28
Ord_1983,LOW,2010-10-16
Ord_1984,HIGH,2010-03-16
Ord_1985,CRITICAL,2009-11-04
Ord_1986,MEDIUM,2009-06-22
Ord_1987,HIGH,2009-05-25
Ord_1988,NOT SPECIFIED,2010-12-20
Ord_1989,LOW,2010-06-01
Ord_1990,CRITICAL,2011-12-22
Ord_1991,LOW,2010-11-25
Ord_1992,MEDIUM,2010-01-07
Ord_1993,HIGH,2009-12-19
Ord_1994,NOT SPECIFIED,2012-01-23
Ord_1995,LOW,2011-08-12
Ord_1996,HIGH,2009-09-14
Ord_1997,NOT SPECIFIED,2012-12-23
Ord_1998,MEDIUM,2009-04-14
Ord_1999,MEDIUM,2011-02-13
Ord_2000,CRITICAL,2009-02-24
Ord_2001,CRITICAL,2011-10-26
Ord_2002,CRITICAL,2009-04-06
Ord_2003,CRITICAL,2012-05-13
Ord_2004,NOT SPECIFIED,2010-10-07
Ord_2005,HIGH,2009-03-29
Ord_2006,LOW,2012-09-04
Ord_2007,LOW,2011-04-29
Ord_2008,HIGH,2011-04-24
Ord_2009,HIGH,2012-05-13
Ord_2010,LOW,2011-12-30
Ord_2011,CRITICAL,2011-06-29
Ord_2012,LOW,2010-06-15
Ord_2013,MEDIUM,2010-05-14
Ord_2014,LOW,2010-04-03
Ord_2015,HIGH,2010-08-17
Ord_2016,MEDIUM,2010-05-30
Ord_2017,HIGH,2012-01-16
Ord_2018,CRITICAL,2010-11-30
Ord_2019,CRITICAL,2011-12-29
Ord_2020,CRITICAL,2009-07-28
Ord_2021,MEDIUM,2010-10-13
Ord_2022,MEDIUM,2009-05-05
Ord_2023,MEDIUM,2012-03-28
Ord_2024,LOW,2009-08-16
Ord_2025,HIGH,2010-06-10
Ord_2026,MEDIUM,2012-02-15
Ord_2027,MEDIUM,2012-06-16
Ord_2028,LOW,2012-09-27
Ord_2029,LOW,2010-09-26
Ord_2030,LOW,2011-03-20
Ord_2031,LOW,2010-05-06
Ord_2032,NOT SPECIFIED,2009-01-09
Ord_2033,HIGH,2011-02-24
Ord_2034,NOT SPECIFIED,2011-11-30
Ord_2035,CRITICAL,2009-07-31
Ord_2036,HIGH,2010-07-26
Ord_2037,HIGH,2012-10-12
Ord_2038,LOW,2009-07-08
Ord_2039,CRITICAL,2012-09-20
Ord_2040,CRITICAL,2012-06-10
Ord_2041,HIGH,2012-08-27
Ord_2042,LOW,2009-06-07
Ord_2043,HIGH,2010-07-25
Ord_2044,LOW,2009-01-07
Ord_2045,LOW,2010-05-12
Ord_2046,LOW,2009-11-10
Ord_2047,CRITICAL,2009-08-22
Ord_2048,MEDIUM,2010-10-16
Ord_2049,CRITICAL,2011-03-21
Ord_2050,MEDIUM,2012-09-01
Ord_2051,HIGH,2010-06-21
Ord_2052,MEDIUM,2012-01-27
Ord_2053,CRITICAL,2009-09-01
Ord_2054,MEDIUM,2011-10-25
Ord_2055,MEDIUM,2010-03-03
Ord_2056,LOW,2011-03-03
Ord_2057,NOT SPECIFIED,2011-02-14
Ord_2058,NOT SPECIFIED,2012-09-25
Ord_2059,MEDIUM,2011-11-11
Ord_2060,MEDIUM,2009-06-24
Ord_2061,CRITICAL,2011-07-27
Ord_2062,HIGH,2012-02-14
Ord_2063,CRITICAL,2012-12-03
Ord_2064,CRITICAL,2010-01-14
Ord_2065,HIGH,2011-06-03
Ord_2066,HIGH,2012-11-30
Ord_2067,HIGH,2010-06-02
Ord_2068,MEDIUM,2009-08-31
Ord_2069,HIGH,2012-10-14
Ord_2070,MEDIUM,2009-06-02
Ord_2071,HIGH,2009-06-29
Ord_2072,LOW,2010-06-28
Ord_2073,CRITICAL,2009-01-16
Ord_2074,NOT SPECIFIED,2010-10-28
Ord_2075,NOT SPECIFIED,2009-02-08
Ord_2076,CRITICAL,2011-11-09
Ord_2077,CRITICAL,2012-03-16
Ord_2078,CRITICAL,2009-09-30
Ord_2079,HIGH,2009-06-11
Ord_2080,LOW,2012-01-12
Ord_2081,NOT SPECIFIED,2010-03-24
Ord_2082,MEDIUM,2011-11-22
Ord_2083,MEDIUM,2009-05-28
Ord_2084,LOW,2011-06-25
Ord_2085,LOW,2010-04-05
Ord_2086,MEDIUM,2011-01-06
Ord_2087,LOW,2012-08-10
Ord_2088,NOT SPECIFIED,2009-12-23
Ord_2089,LOW,2012-08-09
Ord_2090,CRITICAL,2011-06-16
Ord_2091,NOT SPECIFIED,2009-03-17
Ord_2092,HIGH,2011-04-28
Ord_2093,LOW,2010-02-24
Ord_2094,CRITICAL,2009-09-11
Ord_2095,NOT SPECIFIED,2010-07-05
Ord_2096,LOW,2012-06-12
Ord_2097,HIGH,2010-03-27
Ord_2098,LOW,2010-03-03
Ord_2099,NOT SPECIFIED,2012-09-24
Ord_2100,NOT SPECIFIED,2010-04-23
Ord_2101,MEDIUM,2011-08-17
Ord_2102,HIGH,2011-04-18
Ord_2103,NOT SPECIFIED,2009-01-01
Ord_2104,HIGH,2011-05-09
Ord_2105,HIGH,2011-08-04
Ord_2106,NOT SPECIFIED,2012-06-26
Ord_2107,MEDIUM,2012-02-12
Ord_2108,NOT SPECIFIED,2011-08-04
Ord_2109,NOT SPECIFIED,2011-12-10
Ord_2110,MEDIUM,2011-02-24
Ord_2111,CRITICAL,2010-07-18
Ord_2112,NOT SPECIFIED,2011-12-06
Ord_2113,LOW,2012-02-27
Ord_2114,LOW,2009-10-04
Ord_2115,NOT SPECIFIED,2010-12-03
Ord_2116,HIGH,2012-02-27
Ord_2117,CRITICAL,2009-12-20
Ord_2118,LOW,2010-09-19
Ord_2119,MEDIUM,2010-05-07
Ord_2120,NOT SPECIFIED,2009-06-20
Ord_2121,MEDIUM,2009-03-13
Ord_2122,MEDIUM,2010-05-11
Ord_2123,MEDIUM,2011-01-03
Ord_2124,MEDIUM,2012-11-06
Ord_2125,HIGH,2011-11-22
Ord_2126,NOT SPECIFIED,2010-08-18
Ord_2127,MEDIUM,2011-02-06
Ord_2128,CRITICAL,2009-10-10
Ord_2129,HIGH,2012-02-07
Ord_2130,HIGH,2012-01-20
Ord_2131,MEDIUM,2011-10-03
Ord_2132,CRITICAL,2011-06-14
Ord_2133,CRITICAL,2009-06-22
Ord_2134,CRITICAL,2012-07-22
Ord_2135,HIGH,2011-01-06
Ord_2136,CRITICAL,2010-08-28
Ord_2137,LOW,2010-05-18
Ord_2138,LOW,2011-10-28
Ord_2139,NOT SPECIFIED,2011-11-19
Ord_2140,MEDIUM,2012-12-14
Ord_2141,MEDIUM,2011-12-19
Ord_2142,CRITICAL,2011-03-18
Ord_2143,HIGH,2012-05-31
Ord_2144,HIGH,2011-07-15
Ord_2145,HIGH,2010-06-14
Ord_2146,LOW,2011-06-06
Ord_2147,NOT SPECIFIED,2010-06-22
Ord_2148,CRITICAL,2012-02-01
Ord_2149,CRITICAL,2010-01-16
Ord_2150,HIGH,2009-08-14
Ord_2151,CRITICAL,2012-03-30
Ord_2152,LOW,2011-05-21
Ord_2153,MEDIUM,2010-04-17
Ord_2154,HIGH,2011-03-02
Ord_2155,NOT SPECIFIED,2010-10-06
Ord_2156,NOT SPECIFIED,2011-04-21
Ord_2157,LOW,2012-10-29
Ord_2158,LOW,2010-07-15
Ord_2159,MEDIUM,2012-01-23
Ord_2160,NOT SPECIFIED,2010-06-16
Ord_2161,CRITICAL,2010-06-19
Ord_2162,HIGH,2012-09-10
Ord_2163,CRITICAL,2009-01-12
Ord_2164,CRITICAL,2012-06-18
Ord_2165,HIGH,2010-05-26
Ord_2166,HIGH,2009-10-30
Ord_2167,NOT SPECIFIED,2009-08-22
Ord_2168,HIGH,2010-04-01
Ord_2169,MEDIUM,2010-05-12
Ord_2170,CRITICAL,2010-03-24
Ord_2171,LOW,2012-01-24
Ord_2172,CRITICAL,2011-12-02
Ord_2173,CRITICAL,2011-03-02
Ord_2174,HIGH,2011-09-11
Ord_2175,LOW,2010-07-25
Ord_2176,LOW,2010-07-13
Ord_2177,HIGH,2009-04-19
Ord_2178,NOT SPECIFIED,2011-05-23
Ord_2179,CRITICAL,2011-12-20
Ord_2180,MEDIUM,2012-02-05
Ord_2181,CRITICAL,2009-01-13
Ord_2182,CRITICAL,2010-12-11
Ord_2183,CRITICAL,2009-10-29
Ord_2184,NOT SPECIFIED,2012-04-08
Ord_2185,HIGH,2011-08-15
Ord_2186,HIGH,2012-02-11
Ord_2187,NOT SPECIFIED,2011-03-23
Ord_2188,HIGH,2009-05-23
Ord_2189,MEDIUM,2011-09-09
Ord_2190,CRITICAL,2011-03-08
Ord_2191,MEDIUM,2012-05-16
Ord_2192,HIGH,2009-09-29
Ord_2193,HIGH,2010-10-24
Ord_2194,MEDIUM,2009-07-06
Ord_2195,NOT SPECIFIED,2012-02-14
Ord_2196,NOT SPECIFIED,2010-11-14
Ord_2197,MEDIUM,2010-12-09
Ord_2198,HIGH,2012-10-07
Ord_2199,CRITICAL,2010-02-08
Ord_2200,HIGH,2010-10-30
Ord_2201,HIGH,2011-12-25
Ord_2202,LOW,2010-03-19
Ord_2203,NOT SPECIFIED,2011-12-14
Ord_2204,LOW,2009-09-21
Ord_2205,LOW,2009-12-27
Ord_2206,CRITICAL,2011-12-20
Ord_2207,MEDIUM,2011-12-25
Ord_2208,LOW,2010-11-24
Ord_2209,HIGH,2011-12-22
Ord_2210,NOT SPECIFIED,2011-09-14
Ord_2211,CRITICAL,2009-06-14
Ord_2212,NOT SPECIFIED,2009-06-15
Ord_2213,HIGH,2009-08-25
Ord_2214,NOT SPECIFIED,2011-12-30
Ord_2215,MEDIUM,2010-04-06
Ord_2216,LOW,2010-11-25
Ord_2217,NOT SPECIFIED,2010-08-11
Ord_2218,LOW,2012-02-15
Ord_2219,LOW,2010-06-04
Ord_2220,CRITICAL,2011-04-18
Ord_2221,MEDIUM,2012-02-10
Ord_2222,LOW,2009-10-01
Ord_2223,HIGH,2011-09-07
Ord_2224,NOT SPECIFIED,2009-12-19
Ord_2225,MEDIUM,2009-04-06
Ord_2226,LOW,2012-08-07
Ord_2227,NOT SPECIFIED,2009-12-08
Ord_2228,MEDIUM,2010-05-12
Ord_2229,CRITICAL,2011-03-26
Ord_2230,HIGH,2009-10-01
Ord_2231,LOW,2010-03-19
Ord_2232,HIGH,2012-10-27
Ord_2233,MEDIUM,2012-03-08
Ord_2234,CRITICAL,2012-01-18
Ord_2235,LOW,2011-06-12
Ord_2236,LOW,2011-08-24
Ord_2237,LOW,2012-04-03
Ord_2238,MEDIUM,2011-11-06
Ord_2239,NOT SPECIFIED,2009-09-01
Ord_2240,NOT SPECIFIED,2011-10-05
Ord_2241,HIGH,2010-01-25
Ord_2242,LOW,2010-05-20
Ord_2243,LOW,2012-07-02
Ord_2244,MEDIUM,2010-10-10
Ord_2245,CRITICAL,2011-09-22
Ord_2246,NOT SPECIFIED,2011-12-10
Ord_2247,LOW,2012-03-26
Ord_2248,LOW,2011-10-10
Ord_2249,MEDIUM,2012-10-21
Ord_2250,NOT SPECIFIED,2010-02-01
Ord_2251,LOW,2011-07-15
Ord_2252,CRITICAL,2009-04-13
Ord_2253,LOW,2011-01-02
Ord_2254,CRITICAL,2011-09-10
Ord_2255,NOT SPECIFIED,2010-06-29
Ord_2256,MEDIUM,2010-05-13
Ord_2257,LOW,2010-01-13
Ord_2258,MEDIUM,2012-04-24
Ord_2259,CRITICAL,2012-01-15
Ord_2260,CRITICAL,2012-05-17
Ord_2261,NOT SPECIFIED,2010-05-09
Ord_2262,LOW,2009-07-24
Ord_2263,MEDIUM,2012-05-27
Ord_2264,HIGH,2012-08-20
Ord_2265,MEDIUM,2012-09-09
Ord_2266,CRITICAL,2010-03-25
Ord_2267,CRITICAL,2012-04-12
Ord_2268,LOW,2011-02-25
Ord_2269,CRITICAL,2009-10-05
Ord_2270,HIGH,2009-05-20
Ord_2271,NOT SPECIFIED,2011-01-22
Ord_2272,MEDIUM,2012-04-23
Ord_2273,CRITICAL,2011-04-11
Ord_2274,CRITICAL,2011-03-04
Ord_2275,HIGH,2009-05-21
Ord_2276,NOT SPECIFIED,2011-05-04
Ord_2277,LOW,2012-10-30
Ord_2278,CRITICAL,2009-02-06
Ord_2279,CRITICAL,2010-07-23
Ord_2280,CRITICAL,2009-08-15
Ord_2281,CRITICAL,2011-09-19
Ord_2282,CRITICAL,2010-10-04
Ord_2283,NOT SPECIFIED,2011-01-29
Ord_2284,LOW,2011-08-26
Ord_2285,CRITICAL,2011-12-07
Ord_2286,HIGH,2012-09-15
Ord_2287,HIGH,2012-03-03
Ord_2288,LOW,2009-01-24
Ord_2289,CRITICAL,2010-08-03
Ord_2290,HIGH,2012-08-04
Ord_2291,HIGH,2012-09-06
Ord_2292,MEDIUM,2012-07-19
Ord_2293,CRITICAL,2012-01-10
Ord_2294,LOW,2009-11-23
Ord_2295,LOW,2011-04-28
Ord_2296,LOW,2011-07-27
Ord_2297,LOW,2011-03-21
Ord_2298,MEDIUM,2011-02-14
Ord_2299,HIGH,2011-01-06
Ord_2300,LOW,2012-02-19
Ord_2301,CRITICAL,2009-11-04
Ord_2302,NOT SPECIFIED,2011-11-24
Ord_2303,CRITICAL,2009-11-02
Ord_2304,MEDIUM,2011-08-26
Ord_2305,CRITICAL,2010-09-26
Ord_2306,CRITICAL,2009-05-26
Ord_2307,MEDIUM,2010-05-08
Ord_2308,LOW,2012-03-09
Ord_2309,LOW,2010-10-10
Ord_2310,NOT SPECIFIED,2010-07-31
Ord_2311,NOT SPECIFIED,2009-05-14
Ord_2312,CRITICAL,2012-01-10
Ord_2313,LOW,2010-07-03
Ord_2314,HIGH,2010-07-24
Ord_2315,HIGH,2009-12-17
Ord_2316,HIGH,2012-04-24
Ord_2317,LOW,2010-05-13
Ord_2318,CRITICAL,2009-07-11
Ord_2319,HIGH,2011-01-23
Ord_2320,HIGH,2011-03-22
Ord_2321,MEDIUM,2009-04-10
Ord_2322,NOT SPECIFIED,2009-08-15
Ord_2323,LOW,2009-05-28
Ord_2324,NOT SPECIFIED,2009-01-09
Ord_2325,CRITICAL,2010-12-13
Ord_2326,LOW,2010-12-17
Ord_2327,NOT SPECIFIED,2011-10-20
Ord_2328,CRITICAL,2010-08-07
Ord_2329,CRITICAL,2011-05-24
Ord_2330,NOT SPECIFIED,2009-01-05
Ord_2331,CRITICAL,2012-04-30
Ord_2332,NOT SPECIFIED,2010-03-01
Ord_2333,HIGH,2010-04-16
Ord_2334,CRITICAL,2009-04-08
Ord_2335,MEDIUM,2010-12-04
Ord_2336,NOT SPECIFIED,2011-07-15
Ord_2337,NOT SPECIFIED,2012-10-29
Ord_2338,MEDIUM,2009-01-07
Ord_2339,LOW,2012-01-29
Ord_2340,LOW,2012-04-10
Ord_2341,MEDIUM,2012-10-23
Ord_2342,HIGH,2010-12-04
Ord_2343,MEDIUM,2011-04-29
Ord_2344,CRITICAL,2010-05-25
Ord_2345,NOT SPECIFIED,2009-10-04
Ord_2346,MEDIUM,2010-05-06
Ord_2347,NOT SPECIFIED,2012-07-02
Ord_2348,NOT SPECIFIED,2011-04-13
Ord_2349,LOW,2012-01-05
Ord_2350,MEDIUM,2010-09-24
Ord_2351,MEDIUM,2011-02-15
Ord_2352,LOW,2010-03-28
Ord_2353,MEDIUM,2011-12-24
Ord_2354,LOW,2009-08-29
Ord_2355,MEDIUM,2010-02-08
Ord_2356,LOW,2010-12-28
Ord_2357,CRITICAL,2009-10-28
Ord_2358,LOW,2010-09-19
Ord_2359,MEDIUM,2012-08-23
Ord_2360,MEDIUM,2009-10-07
Ord_2361,NOT SPECIFIED,2010-03-05
Ord_2362,CRITICAL,2012-01-30
Ord_2363,NOT SPECIFIED,2011-01-19
Ord_2364,MEDIUM,2009-07-02
Ord_2365,NOT SPECIFIED,2012-02-07
Ord_2366,CRITICAL,2011-11-08
Ord_2367,CRITICAL,2009-04-08
Ord_2368,LOW,2011-10-05
Ord_2369,NOT SPECIFIED,2009-03-22
Ord_2370,HIGH,2010-05-23
Ord_2371,HIGH,2010-10-06
Ord_2372,LOW,2010-10-20
Ord_2373,NOT SPECIFIED,2012-12-01
Ord_2374,MEDIUM,2012-03-14
Ord_2375,MEDIUM,2011-11-17
Ord_2376,MEDIUM,2012-07-30
Ord_2377,CRITICAL,2010-09-03
Ord_2378,CRITICAL,2011-10-01
Ord_2379,LOW,2010-07-27
Ord_2380,NOT SPECIFIED,2012-04-25
Ord_2381,CRITICAL,2012-07-23
Ord_2382,NOT SPECIFIED,2010-07-14
Ord_2383,NOT SPECIFIED,2009-12-03
Ord_2384,HIGH,2012-06-29
Ord_2385,CRITICAL,2009-06-09
Ord_2386,NOT SPECIFIED,2011-09-15
Ord_2387,LOW,2011-08-11
Ord_2388,LOW,2011-09-22
Ord_2389,NOT SPECIFIED,2011-10-20
Ord_2390,MEDIUM,2010-12-20
Ord_2391,CRITICAL,2009-02-24
Ord_2392,HIGH,2011-09-19
Ord_2393,NOT SPECIFIED,2010-03-07
Ord_2394,MEDIUM,2009-10-20
Ord_2395,LOW,2011-08-08
Ord_2396,LOW,2010-12-26
Ord_2397,HIGH,2012-06-08
Ord_2398,CRITICAL,2011-02-28
Ord_2399,MEDIUM,2009-02-08
Ord_2400,CRITICAL,2012-09-19
Ord_2401,LOW,2011-10-25
Ord_2402,HIGH,2009-11-29
Ord_2403,CRITICAL,2010-01-20
Ord_2404,LOW,2011-02-03
Ord_2405,MEDIUM,2009-05-28
Ord_2406,LOW,2012-12-03
Ord_2407,MEDIUM,2012-09-23
Ord_2408,HIGH,2009-04-04
Ord_2409,CRITICAL,2010-11-09
Ord_2410,MEDIUM,2009-03-27
Ord_2411,MEDIUM,2009-08-16
Ord_2412,LOW,2010-01-10
Ord_2413,LOW,2010-07-16
Ord_2414,NOT SPECIFIED,2011-05-20
Ord_2415,LOW,2009-07-17
Ord_2416,NOT SPECIFIED,2009-08-07
Ord_2417,LOW,2012-07-16
Ord_2418,NOT SPECIFIED,2009-06-04
Ord_2419,MEDIUM,2012-03-17
Ord_2420,MEDIUM,2010-01-10
Ord_2421,CRITICAL,2011-04-28
Ord_2422,LOW,2012-09-02
Ord_2423,CRITICAL,2010-07-28
Ord_2424,CRITICAL,2012-06-19
Ord_2425,LOW,2009-12-30
Ord_2426,HIGH,2010-11-27
Ord_2427,MEDIUM,2012-03-18
Ord_2428,NOT SPECIFIED,2012-01-08
Ord_2429,MEDIUM,2010-12-30
Ord_2430,HIGH,2012-09-16
Ord_2431,MEDIUM,2011-12-07
Ord_2432,LOW,2012-12-27
Ord_2433,CRITICAL,2009-03-14
Ord_2434,HIGH,2009-04-21
Ord_2435,NOT SPECIFIED,2012-03-31
Ord_2436,MEDIUM,2012-12-29
Ord_2437,LOW,2010-08-16
Ord_2438,MEDIUM,2010-01-29
Ord_2439,MEDIUM,2009-12-28
Ord_2440,MEDIUM,2012-05-07
Ord_2441,NOT SPECIFIED,2010-09-14
Ord_2442,CRITICAL,2011-08-13
Ord_2443,LOW,2009-06-17
Ord_2444,MEDIUM,2011-12-02
Ord_2445,HIGH,2010-10-31
Ord_2446,LOW,2011-12-16
Ord_2447,LOW,2009-02-15
Ord_2448,LOW,2012-07-26
Ord_2449,HIGH,2012-08-24
Ord_2450,CRITICAL,2010-11-21
Ord_2451,HIGH,2009-03-12
Ord_2452,HIGH,2012-03-01
Ord_2453,NOT SPECIFIED,2012-07-16
Ord_2454,CRITICAL,2011-02-10
Ord_2455,LOW,2010-03-30
Ord_2456,LOW,2012-01-19
Ord_2457,NOT SPECIFIED,2012-11-03
Ord_2458,CRITICAL,2012-08-21
Ord_2459,CRITICAL,2012-10-17
Ord_2460,MEDIUM,2010-05-14
Ord_2461,LOW,2010-05-05
Ord_2462,LOW,2011-03-13
Ord_2463,MEDIUM,2011-02-07
Ord_2464,CRITICAL,2009-07-24
Ord_2465,HIGH,2010-08-09
Ord_2466,NOT SPECIFIED,2009-04-15
Ord_2467,MEDIUM,2010-06-07
Ord_2468,MEDIUM,2011-05-08
Ord_2469,HIGH,2012-10-16
Ord_2470,HIGH,2010-02-17
Ord_2471,MEDIUM,2009-12-02
Ord_2472,NOT SPECIFIED,2009-05-13
Ord_2473,NOT SPECIFIED,2009-10-08
Ord_2474,CRITICAL,2012-09-08
Ord_2475,LOW,2012-07-29
Ord_2476,CRITICAL,2012-03-04
Ord_2477,LOW,2011-09-09
Ord_2478,LOW,2009-01-21
Ord_2479,CRITICAL,2009-12-26
Ord_2480,NOT SPECIFIED,2012-02-08
Ord_2481,CRITICAL,2009-03-30
Ord_2482,HIGH,2010-01-24
Ord_2483,CRITICAL,2011-04-30
Ord_2484,NOT SPECIFIED,2009-11-08
Ord_2485,HIGH,2010-11-14
Ord_2486,CRITICAL,2009-12-11
Ord_2487,CRITICAL,2009-01-16
Ord_2488,NOT SPECIFIED,2009-05-25
Ord_2489,MEDIUM,2009-07-06
Ord_2490,NOT SPECIFIED,2011-03-05
Ord_2491,NOT SPECIFIED,2012-09-25
Ord_2492,CRITICAL,2011-04-05
Ord_2493,CRITICAL,2011-12-11
Ord_2494,NOT SPECIFIED,2011-11-13
Ord_2495,CRITICAL,2011-01-10
Ord_2496,LOW,2010-01-23
Ord_2497,LOW,2012-02-17
Ord_2498,MEDIUM,2009-11-12
Ord_2499,NOT SPECIFIED,2010-06-19
Ord_2500,CRITICAL,2012-11-10
Ord_2501,HIGH,2010-08-22
Ord_2502,CRITICAL,2012-09-16
Ord_2503,LOW,2009-07-03
Ord_2504,CRITICAL,2012-09-01
Ord_2505,MEDIUM,2010-03-03
Ord_2506,LOW,2010-11-01
Ord_2507,HIGH,2009-08-21
Ord_2508,LOW,2010-03-15
Ord_2509,CRITICAL,2012-07-18
Ord_2510,CRITICAL,2010-02-21
Ord_2511,HIGH,2012-01-11
Ord_2512,HIGH,2009-04-03
Ord_2513,NOT SPECIFIED,2009-09-15
Ord_2514,CRITICAL,2009-09-11
Ord_2515,MEDIUM,2009-09-29
Ord_2516,LOW,2012-04-27
Ord_2517,NOT SPECIFIED,2011-02-12
Ord_2518,NOT SPECIFIED,2009-12-31
Ord_2519,NOT SPECIFIED,2010-09-20
Ord_2520,MEDIUM,2012-03-29
Ord_2521,HIGH,2011-10-03
Ord_2522,CRITICAL,2011-12-10
Ord_2523,LOW,2010-01-11
Ord_2524,HIGH,2012-08-09
Ord_2525,NOT SPECIFIED,2012-12-13
Ord_2526,LOW,2009-08-06
Ord_2527,HIGH,2011-06-15
Ord_2528,CRITICAL,2010-08-23
Ord_2529,LOW,2011-02-10
Ord_2530,HIGH,2010-12-20
Ord_2531,LOW,2012-10-18
Ord_2532,HIGH,2010-09-17
Ord_2533,MEDIUM,2010-11-23
Ord_2534,HIGH,2012-04-16
Ord_2535,HIGH,2011-08-20
Ord_2536,LOW,2011-12-17
Ord_2537,HIGH,2009-04-24
Ord_2538,CRITICAL,2012-08-02
Ord_2539,LOW,2012-05-21
Ord_2540,NOT SPECIFIED,2010-07-27
Ord_2541,NOT SPECIFIED,2011-01-04
Ord_2542,HIGH,2012-04-29
Ord_2543,HIGH,2012-11-05
Ord_2544,LOW,2012-07-14
Ord_2545,CRITICAL,2010-10-29
Ord_2546,CRITICAL,2011-11-29
Ord_2547,NOT SPECIFIED,2010-03-31
Ord_2548,HIGH,2012-12-29
Ord_2549,LOW,2012-01-31
Ord_2550,NOT SPECIFIED,2011-11-01
Ord_2551,NOT SPECIFIED,2012-10-18
Ord_2552,LOW,2011-07-12
Ord_2553,CRITICAL,2011-10-04
Ord_2554,MEDIUM,2011-11-02
Ord_2555,CRITICAL,2011-09-19
Ord_2556,CRITICAL,2011-10-20
Ord_2557,LOW,2012-09-30
Ord_2558,NOT SPECIFIED,2010-06-30
Ord_2559,NOT SPECIFIED,2012-09-17
Ord_2560,CRITICAL,2009-05-28
Ord_2561,LOW,2012-02-11
Ord_2562,HIGH,2012-05-12
Ord_2563,HIGH,2010-02-03
Ord_2564,MEDIUM,2012-06-26
Ord_2565,LOW,2009-11-30
Ord_2566,MEDIUM,2011-01-21
Ord_2567,NOT SPECIFIED,2009-08-04
Ord_2568,NOT SPECIFIED,2009-05-22
Ord_2569,NOT SPECIFIED,2011-06-11
Ord_2570,MEDIUM,2009-03-24
Ord_2571,CRITICAL,2010-04-24
Ord_2572,HIGH,2012-03-02
Ord_2573,HIGH,2009-02-12
Ord_2574,HIGH,2009-12-28
Ord_2575,HIGH,2011-01-24
Ord_2576,LOW,2010-09-26
Ord_2577,HIGH,2011-04-30
Ord_2578,CRITICAL,2010-01-26
Ord_2579,CRITICAL,2011-01-04
Ord_2580,MEDIUM,2009-09-20
Ord_2581,LOW,2011-05-14
Ord_2582,NOT SPECIFIED,2011-09-18
Ord_2583,MEDIUM,2010-10-13
Ord_2584,HIGH,2009-05-07
Ord_2585,HIGH,2009-03-15
Ord_2586,MEDIUM,2010-11-29
Ord_2587,NOT SPECIFIED,2010-01-14
Ord_2588,CRITICAL,2010-08-19
Ord_2589,CRITICAL,2012-09-04
Ord_2590,HIGH,2009-04-02
Ord_2591,NOT SPECIFIED,2012-02-06
Ord_2592,NOT SPECIFIED,2012-09-15
Ord_2593,HIGH,2011-10-02
Ord_2594,MEDIUM,2010-12-07
Ord_2595,MEDIUM,2011-01-03
Ord_2596,HIGH,2009-01-08
Ord_2597,CRITICAL,2011-10-22
Ord_2598,LOW,2011-10-24
Ord_2599,CRITICAL,2009-05-09
Ord_2600,NOT SPECIFIED,2010-05-24
Ord_2601,LOW,2011-02-11
Ord_2602,HIGH,2011-08-11
Ord_2603,NOT SPECIFIED,2010-10-08
Ord_2604,LOW,2009-11-17
Ord_2605,MEDIUM,2011-06-03
Ord_2606,NOT SPECIFIED,2012-02-07
Ord_2607,HIGH,2011-09-06
Ord_2608,HIGH,2011-01-29
Ord_2609,NOT SPECIFIED,2010-03-07
Ord_2610,LOW,2010-02-27
Ord_2611,HIGH,2009-10-11
Ord_2612,CRITICAL,2010-06-25
Ord_2613,LOW,2012-05-04
Ord_2614,MEDIUM,2011-01-17
Ord_2615,CRITICAL,2012-03-30
Ord_2616,CRITICAL,2012-02-09
Ord_2617,CRITICAL,2012-07-21
Ord_2618,NOT SPECIFIED,2012-07-31
Ord_2619,MEDIUM,2012-09-09
Ord_2620,CRITICAL,2011-05-11
Ord_2621,MEDIUM,2009-07-07
Ord_2622,LOW,2009-05-24
Ord_2623,NOT SPECIFIED,2010-04-22
Ord_2624,HIGH,2010-03-07
Ord_2625,MEDIUM,2010-11-07
Ord_2626,CRITICAL,2010-01-29
Ord_2627,HIGH,2010-01-08
Ord_2628,HIGH,2011-09-30
Ord_2629,LOW,2009-10-17
Ord_2630,CRITICAL,2011-08-16
Ord_2631,HIGH,2010-01-05
Ord_2632,LOW,2010-04-28
Ord_2633,HIGH,2010-11-09
Ord_2634,CRITICAL,2010-03-21
Ord_2635,MEDIUM,2012-05-11
Ord_2636,HIGH,2009-03-19
Ord_2637,NOT SPECIFIED,2012-06-15
Ord_2638,CRITICAL,2009-01-19
Ord_2639,MEDIUM,2012-07-21
Ord_2640,LOW,2010-09-25
Ord_2641,MEDIUM,2009-08-25
Ord_2642,LOW,2012-07-10
Ord_2643,MEDIUM,2010-09-10
Ord_2644,LOW,2010-07-27
Ord_2645,CRITICAL,2011-02-11
Ord_2646,HIGH,2010-04-15
Ord_2647,CRITICAL,2011-04-30
Ord_2648,CRITICAL,2012-05-03
Ord_2649,CRITICAL,2009-02-02
Ord_2650,HIGH,2011-12-22
Ord_2651,NOT SPECIFIED,2009-08-31
Ord_2652,CRITICAL,2012-05-25
Ord_2653,HIGH,2011-03-05
Ord_2654,LOW,2010-04-12
Ord_2655,MEDIUM,2011-07-28
Ord_2656,NOT SPECIFIED,2012-10-28
Ord_2657,HIGH,2012-10-15
Ord_2658,LOW,2012-12-06
Ord_2659,LOW,2012-05-06
Ord_2660,HIGH,2009-06-05
Ord_2661,NOT SPECIFIED,2010-06-10
Ord_2662,CRITICAL,2010-06-29
Ord_2663,HIGH,2009-05-24
Ord_2664,HIGH,2010-04-29
Ord_2665,LOW,2012-06-06
Ord_2666,MEDIUM,2012-04-29
Ord_2667,NOT SPECIFIED,2011-05-07
Ord_2668,CRITICAL,2010-10-30
Ord_2669,CRITICAL,2012-10-15
Ord_2670,CRITICAL,2012-04-24
Ord_2671,MEDIUM,2012-07-30
Ord_2672,HIGH,2009-03-21
Ord_2673,MEDIUM,2009-10-21
Ord_2674,CRITICAL,2010-03-06
Ord_2675,CRITICAL,2012-08-05
Ord_2676,NOT SPECIFIED,2012-09-30
Ord_2677,LOW,2012-02-08
Ord_2678,HIGH,2010-09-24
Ord_2679,LOW,2011-09-05
Ord_2680,NOT SPECIFIED,2011-03-04
Ord_2681,MEDIUM,2010-09-02
Ord_2682,CRITICAL,2009-03-13
Ord_2683,MEDIUM,2010-08-01
Ord_2684,MEDIUM,2012-08-06
Ord_2685,LOW,2011-12-03
Ord_2686,MEDIUM,2011-11-18
Ord_2687,LOW,2012-02-09
Ord_2688,NOT SPECIFIED,2010-06-03
Ord_2689,NOT SPECIFIED,2009-12-04
Ord_2690,LOW,2010-09-07
Ord_2691,NOT SPECIFIED,2012-09-01
Ord_2692,LOW,2012-07-16
Ord_2693,CRITICAL,2011-03-24
Ord_2694,MEDIUM,2009-11-25
Ord_2695,MEDIUM,2012-07-25
Ord_2696,LOW,2009-01-16
Ord_2697,LOW,2010-11-29
Ord_2698,MEDIUM,2010-07-25
Ord_2699,HIGH,2009-01-21
Ord_2700,LOW,2012-08-18
Ord_2701,HIGH,2011-07-31
Ord_2702,LOW,2010-07-20
Ord_2703,HIGH,2010-07-23
Ord_2704,CRITICAL,2011-03-31
Ord_2705,CRITICAL,2010-10-24
Ord_2706,HIGH,2012-05-22
Ord_2707,HIGH,2011-12-02
Ord_2708,CRITICAL,2012-06-19
Ord_2709,CRITICAL,2010-10-04
Ord_2710,MEDIUM,2010-04-01
Ord_2711,LOW,2010-08-30
Ord_2712,LOW,2010-08-24
Ord_2713,LOW,2010-03-25
Ord_2714,LOW,2010-06-13
Ord_2715,HIGH,2012-10-23
Ord_2716,CRITICAL,2012-09-13
Ord_2717,LOW,2009-11-30
Ord_2718,NOT SPECIFIED,2012-01-27
Ord_2719,NOT SPECIFIED,2010-03-01
Ord_2720,NOT SPECIFIED,2009-06-25
Ord_2721,LOW,2012-07-11
Ord_2722,CRITICAL,2009-11-03
Ord_2723,HIGH,2012-02-18
Ord_2724,HIGH,2010-08-03
Ord_2725,NOT SPECIFIED,2010-10-29
Ord_2726,LOW,2010-04-20
Ord_2727,LOW,2010-12-12
Ord_2728,HIGH,2011-06-10
Ord_2729,HIGH,2011-04-03
Ord_2730,MEDIUM,2010-07-15
Ord_2731,CRITICAL,2011-08-17
Ord_2732,CRITICAL,2009-04-28
Ord_2733,HIGH,2012-07-17
Ord_2734,MEDIUM,2009-09-17
Ord_2735,CRITICAL,2009-11-29
Ord_2736,LOW,2009-06-23
Ord_2737,LOW,2009-05-03
Ord_2738,NOT SPECIFIED,2009-05-02
Ord_2739,NOT SPECIFIED,2009-02-02
Ord_2740,LOW,2011-02-24
Ord_2741,LOW,2012-02-04
Ord_2742,LOW,2009-06-30
Ord_2743,CRITICAL,2011-07-18
Ord_2744,HIGH,2012-09-03
Ord_2745,MEDIUM,2012-03-31
Ord_2746,LOW,2009-04-21
Ord_2747,CRITICAL,2009-12-06
Ord_2748,MEDIUM,2009-05-07
Ord_2749,NOT SPECIFIED,2012-10-29
Ord_2750,NOT SPECIFIED,2009-04-20
Ord_2751,HIGH,2010-09-24
Ord_2752,LOW,2011-06-06
Ord_2753,HIGH,2009-09-30
Ord_2754,NOT SPECIFIED,2009-10-05
Ord_2755,CRITICAL,2011-12-18
Ord_2756,NOT SPECIFIED,2009-06-30
Ord_2757,MEDIUM,2009-06-12
Ord_2758,HIGH,2010-10-01
Ord_2759,HIGH,2009-06-01
Ord_2760,CRITICAL,2010-11-10
Ord_2761,CRITICAL,2009-09-10
Ord_2762,HIGH,2012-06-10
Ord_2763,HIGH,2010-02-07
Ord_2764,HIGH,2012-04-23
Ord_2765,NOT SPECIFIED,2009-03-12
Ord_2766,MEDIUM,2009-11-23
Ord_2767,HIGH,2010-07-07
Ord_2768,MEDIUM,2011-01-08
Ord_2769,CRITICAL,2012-03-04
Ord_2770,CRITICAL,2011-01-11
Ord_2771,HIGH,2012-06-19
Ord_2772,MEDIUM,2011-12-05
Ord_2773,HIGH,2011-07-23
Ord_2774,NOT SPECIFIED,2012-11-16
Ord_2775,CRITICAL,2009-12-10
Ord_2776,NOT SPECIFIED,2009-07-21
Ord_2777,HIGH,2012-08-22
Ord_2778,CRITICAL,2009-01-21
Ord_2779,NOT SPECIFIED,2011-03-08
Ord_2780,LOW,2012-11-20
Ord_2781,NOT SPECIFIED,2011-04-08
Ord_2782,LOW,2010-10-15
Ord_2783,CRITICAL,2010-11-09
Ord_2784,LOW,2009-07-21
Ord_2785,CRITICAL,2009-08-04
Ord_2786,LOW,2012-09-14
Ord_2787,HIGH,2012-12-10
Ord_2788,MEDIUM,2012-03-10
Ord_2789,NOT SPECIFIED,2009-09-02
Ord_2790,NOT SPECIFIED,2011-03-19
Ord_2791,MEDIUM,2012-04-14
Ord_2792,NOT SPECIFIED,2012-04-13
Ord_2793,HIGH,2011-07-07
Ord_2794,MEDIUM,2011-04-25
Ord_2795,HIGH,2011-09-28
Ord_2796,MEDIUM,2011-12-24
Ord_2797,LOW,2011-11-08
Ord_2798,HIGH,2011-05-11
Ord_2799,LOW,2010-04-10
Ord_2800,NOT SPECIFIED,2009-06-11
Ord_2801,MEDIUM,2011-06-10
Ord_2802,NOT SPECIFIED,2009-10-13
Ord_2803,HIGH,2012-01-30
Ord_2804,MEDIUM,2012-08-15
Ord_2805,NOT SPECIFIED,2009-03-02
Ord_2806,NOT SPECIFIED,2010-12-24
Ord_2807,HIGH,2010-12-05
Ord_2808,NOT SPECIFIED,2010-12-03
Ord_2809,LOW,2010-10-06
Ord_2810,HIGH,2009-02-20
Ord_2811,MEDIUM,2009-07-17
Ord_2812,HIGH,2012-12-02
Ord_2813,CRITICAL,2012-03-10
Ord_2814,CRITICAL,2012-04-12
Ord_2815,NOT SPECIFIED,2011-08-14
Ord_2816,HIGH,2009-04-21
Ord_2817,LOW,2010-12-14
Ord_2818,MEDIUM,2009-10-15
Ord_2819,MEDIUM,2011-10-31
Ord_2820,CRITICAL,2009-06-17
Ord_2821,MEDIUM,2011-05-23
Ord_2822,NOT SPECIFIED,2009-11-20
Ord_2823,HIGH,2009-08-22
Ord_2824,CRITICAL,2010-07-21
Ord_2825,MEDIUM,2009-02-12
Ord_2826,LOW,2012-05-07
Ord_2827,CRITICAL,2011-11-18
Ord_2828,HIGH,2012-03-24
Ord_2829,CRITICAL,2011-11-15
Ord_2830,CRITICAL,2010-09-17
Ord_2831,NOT SPECIFIED,2009-04-19
Ord_2832,HIGH,2010-05-20
Ord_2833,LOW,2011-12-26
Ord_2834,CRITICAL,2012-07-12
Ord_2835,LOW,2010-09-04
Ord_2836,NOT SPECIFIED,2010-05-13
Ord_2837,CRITICAL,2010-12-01
Ord_2838,LOW,2009-03-25
Ord_2839,NOT SPECIFIED,2012-09-06
Ord_2840,LOW,2010-06-17
Ord_2841,CRITICAL,2012-10-04
Ord_2842,HIGH,2012-04-21
Ord_2843,MEDIUM,2010-12-11
Ord_2844,CRITICAL,2011-11-10
Ord_2845,MEDIUM,2011-08-20
Ord_2846,CRITICAL,2009-05-15
Ord_2847,CRITICAL,2012-02-04
Ord_2848,NOT SPECIFIED,2010-05-26
Ord_2849,CRITICAL,2010-04-20
Ord_2850,MEDIUM,2012-03-01
Ord_2851,LOW,2011-06-28
Ord_2852,NOT SPECIFIED,2009-07-27
Ord_2853,HIGH,2010-05-11
Ord_2854,NOT SPECIFIED,2011-08-30
Ord_2855,CRITICAL,2011-10-20
Ord_2856,HIGH,2012-07-27
Ord_2857,CRITICAL,2011-04-13
Ord_2858,LOW,2010-05-30
Ord_2859,CRITICAL,2012-05-23
Ord_2860,MEDIUM,2011-07-13
Ord_2861,CRITICAL,2011-05-31
Ord_2862,LOW,2010-05-31
Ord_2863,MEDIUM,2010-10-14
Ord_2864,LOW,2010-11-14
Ord_2865,MEDIUM,2010-01-15
Ord_2866,NOT SPECIFIED,2012-04-09
Ord_2867,CRITICAL,2010-02-06
Ord_2868,CRITICAL,2011-01-18
Ord_2869,MEDIUM,2011-05-15
Ord_2870,MEDIUM,2009-01-26
Ord_2871,CRITICAL,2011-08-14
Ord_2872,LOW,2011-09-04
Ord_2873,CRITICAL,2009-01-31
Ord_2874,MEDIUM,2010-07-26
Ord_2875,HIGH,2010-01-12
Ord_2876,HIGH,2011-11-30
Ord_2877,MEDIUM,2011-07-18
Ord_2878,LOW,2009-11-17
Ord_2879,CRITICAL,2012-04-25
Ord_2880,NOT SPECIFIED,2010-06-13
Ord_2881,HIGH,2011-11-18
Ord_2882,LOW,2011-02-10
Ord_2883,MEDIUM,2012-04-17
Ord_2884,MEDIUM,2012-02-02
Ord_2885,MEDIUM,2012-05-03
Ord_2886,CRITICAL,2009-03-19
Ord_2887,HIGH,2012-05-19
Ord_2888,LOW,2012-09-15
Ord_2889,NOT SPECIFIED,2009-12-06
Ord_2890,MEDIUM,2012-03-10
Ord_2891,MEDIUM,2010-02-19
Ord_2892,MEDIUM,2010-12-02
Ord_2893,NOT SPECIFIED,2012-04-28
Ord_2894,HIGH,2011-12-01
Ord_2895,MEDIUM,2010-11-30
Ord_2896,CRITICAL,2010-12-04
Ord_2897,HIGH,2010-10-07
Ord_2898,HIGH,2009-01-01
Ord_2899,MEDIUM,2012-03-13
Ord_2900,CRITICAL,2010-06-16
Ord_2901,LOW,2011-08-06
Ord_2902,HIGH,2012-10-03
Ord_2903,HIGH,2012-11-15
Ord_2904,MEDIUM,2010-05-25
Ord_2905,NOT SPECIFIED,2009-03-27
Ord_2906,HIGH,2009-07-12
Ord_2907,MEDIUM,2009-01-10
Ord_2908,LOW,2009-07-24
Ord_2909,CRITICAL,2009-01-14
Ord_2910,CRITICAL,2010-01-25
Ord_2911,CRITICAL,2009-11-04
Ord_2912,HIGH,2011-10-07
Ord_2913,LOW,2012-04-09
Ord_2914,MEDIUM,2011-08-20
Ord_2915,HIGH,2011-10-20
Ord_2916,LOW,2011-12-07
Ord_2917,CRITICAL,2009-05-07
Ord_2918,NOT SPECIFIED,2011-04-22
Ord_2919,LOW,2009-06-22
Ord_2920,NOT SPECIFIED,2010-07-30
Ord_2921,NOT SPECIFIED,2009-12-01
Ord_2922,NOT SPECIFIED,2009-07-21
Ord_2923,HIGH,2010-05-31
Ord_2924,LOW,2010-11-26
Ord_2925,HIGH,2011-09-03
Ord_2926,LOW,2010-10-27
Ord_2927,LOW,2009-10-13
Ord_2928,MEDIUM,2012-09-07
Ord_2929,NOT SPECIFIED,2011-10-12
Ord_2930,NOT SPECIFIED,2011-06-03
Ord_2931,MEDIUM,2012-11-19
Ord_2932,NOT SPECIFIED,2010-12-05
Ord_2933,NOT SPECIFIED,2012-05-26
Ord_2934,HIGH,2009-07-26
Ord_2935,HIGH,2010-07-03
Ord_2936,LOW,2011-02-02
Ord_2937,LOW,2012-04-07
Ord_2938,LOW,2009-04-04
Ord_2939,MEDIUM,2009-11-10
Ord_2940,CRITICAL,2009-06-04
Ord_2941,LOW,2009-01-09
Ord_2942,HIGH,2011-10-02
Ord_2943,NOT SPECIFIED,2012-10-11
Ord_2944,HIGH,2012-10-29
Ord_2945,MEDIUM,2011-03-18
Ord_2946,MEDIUM,2009-01-15
Ord_2947,MEDIUM,2012-10-23
Ord_2948,NOT SPECIFIED,2010-07-03
Ord_2949,HIGH,2012-06-22
Ord_2950,HIGH,2010-12-16
Ord_2951,CRITICAL,2012-06-07
Ord_2952,HIGH,2012-05-30
Ord_2953,NOT SPECIFIED,2012-06-29
Ord_2954,MEDIUM,2009-08-24
Ord_2955,HIGH,2012-10-24
Ord_2956,CRITICAL,2009-02-13
Ord_2957,CRITICAL,2009-09-02
Ord_2958,HIGH,2012-05-18
Ord_2959,LOW,2009-09-16
Ord_2960,MEDIUM,2010-06-16
Ord_2961,CRITICAL,2010-02-26
Ord_2962,CRITICAL,2010-04-06
Ord_2963,MEDIUM,2010-07-30
Ord_2964,CRITICAL,2012-07-31
Ord_2965,CRITICAL,2010-05-19
Ord_2966,LOW,2012-03-02
Ord_2967,HIGH,2011-03-15
Ord_2968,LOW,2012-11-10
Ord_2969,HIGH,2011-11-05
Ord_2970,MEDIUM,2009-01-18
Ord_2971,HIGH,2010-09-09
Ord_2972,MEDIUM,2009-01-17
Ord_2973,CRITICAL,2011-05-02
Ord_2974,LOW,2011-02-27
Ord_2975,MEDIUM,2010-05-06
Ord_2976,CRITICAL,2012-04-09
Ord_2977,CRITICAL,2011-06-23
Ord_2978,HIGH,2011-02-24
Ord_2979,HIGH,2010-05-23
Ord_2980,NOT SPECIFIED,2010-04-26
Ord_2981,MEDIUM,2009-04-28
Ord_2982,HIGH,2010-07-20
Ord_2983,MEDIUM,2009-06-01
Ord_2984,CRITICAL,2011-12-20
Ord_2985,CRITICAL,2011-02-02
Ord_2986,NOT SPECIFIED,2009-04-22
Ord_2987,NOT SPECIFIED,2010-12-13
Ord_2988,NOT SPECIFIED,2012-08-28
Ord_2989,NOT SPECIFIED,2010-05-25
Ord_2990,CRITICAL,2012-08-21
Ord_2991,LOW,2011-07-22
Ord_2992,HIGH,2009-01-10
Ord_2993,NOT SPECIFIED,2012-02-10
Ord_2994,HIGH,2012-08-29
Ord_2995,LOW,2010-08-28
Ord_2996,MEDIUM,2009-08-05
Ord_2997,HIGH,2011-10-25
Ord_2998,MEDIUM,2010-10-31
Ord_2999,NOT SPECIFIED,2010-01-12
Ord_3000,NOT SPECIFIED,2010-09-24
Ord_3001,LOW,2012-05-02
Ord_3002,CRITICAL,2012-10-28
Ord_3003,HIGH,2012-06-27
Ord_3004,CRITICAL,2009-04-13
Ord_3005,HIGH,2012-10-03
Ord_3006,NOT SPECIFIED,2011-08-17
Ord_3007,HIGH,2012-12-11
Ord_3008,NOT SPECIFIED,2012-06-08
Ord_3009,HIGH,2009-02-02
Ord_3010,NOT SPECIFIED,2010-01-13
Ord_3011,HIGH,2010-04-12
Ord_3012,MEDIUM,2009-03-17
Ord_3013,HIGH,2011-11-13
Ord_3014,CRITICAL,2012-05-14
Ord_3015,HIGH,2009-11-11
Ord_3016,LOW,2011-08-09
Ord_3017,NOT SPECIFIED,2010-05-21
Ord_3018,CRITICAL,2010-02-26
Ord_3019,CRITICAL,2010-03-13
Ord_3020,CRITICAL,2011-07-25
Ord_3021,HIGH,2009-11-29
Ord_3022,NOT SPECIFIED,2009-12-14
Ord_3023,CRITICAL,2012-04-27
Ord_3024,NOT SPECIFIED,2011-04-17
Ord_3025,NOT SPECIFIED,2012-06-08
Ord_3026,HIGH,2009-04-04
Ord_3027,MEDIUM,2011-06-21
Ord_3028,NOT SPECIFIED,2012-09-12
Ord_3029,MEDIUM,2009-10-04
Ord_3030,MEDIUM,2011-11-29
Ord_3031,CRITICAL,2012-12-12
Ord_3032,NOT SPECIFIED,2009-01-31
Ord_3033,CRITICAL,2010-07-04
Ord_3034,NOT SPECIFIED,2011-04-08
Ord_3035,NOT SPECIFIED,2011-07-04
Ord_3036,LOW,2012-08-23
Ord_3037,LOW,2010-03-12
Ord_3038,CRITICAL,2009-03-05
Ord_3039,HIGH,2010-08-23
Ord_3040,NOT SPECIFIED,2011-03-18
Ord_3041,HIGH,2010-12-26
Ord_3042,MEDIUM,2012-06-15
Ord_3043,LOW,2011-04-23
Ord_3044,NOT SPECIFIED,2010-09-09
Ord_3045,MEDIUM,2012-05-06
Ord_3046,HIGH,2009-04-01
Ord_3047,MEDIUM,2011-06-30
Ord_3048,HIGH,2010-10-07
Ord_3049,HIGH,2009-02-10
Ord_3050,HIGH,2011-12-24
Ord_3051,NOT SPECIFIED,2010-05-14
Ord_3052,CRITICAL,2009-08-23
Ord_3053,LOW,2010-12-10
Ord_3054,NOT SPECIFIED,2010-02-25
Ord_3055,HIGH,2010-08-26
Ord_3056,NOT SPECIFIED,2010-08-25
Ord_3057,HIGH,2011-07-22
Ord_3058,CRITICAL,2012-07-14
Ord_3059,HIGH,2012-11-19
Ord_3060,MEDIUM,2011-07-06
Ord_3061,HIGH,2010-07-17
Ord_3062,MEDIUM,2011-11-16
Ord_3063,MEDIUM,2009-01-17
Ord_3064,NOT SPECIFIED,2009-04-10
Ord_3065,NOT SPECIFIED,2010-12-05
Ord_3066,CRITICAL,2012-03-30
Ord_3067,NOT SPECIFIED,2009-09-16
Ord_3068,LOW,2009-11-02
Ord_3069,NOT SPECIFIED,2010-12-17
Ord_3070,NOT SPECIFIED,2012-07-12
Ord_3071,NOT SPECIFIED,2012-11-28
Ord_3072,HIGH,2012-11-10
Ord_3073,MEDIUM,2009-03-01
Ord_3074,MEDIUM,2011-06-11
Ord_3075,MEDIUM,2011-01-09
Ord_3076,NOT SPECIFIED,2012-11-26
Ord_3077,CRITICAL,2012-04-17
Ord_3078,MEDIUM,2010-08-16
Ord_3079,LOW,2009-11-21
Ord_3080,NOT SPECIFIED,2012-02-25
Ord_3081,NOT SPECIFIED,2010-06-06
Ord_3082,NOT SPECIFIED,2012-08-12
Ord_3083,CRITICAL,2012-08-11
Ord_3084,MEDIUM,2009-03-21
Ord_3085,LOW,2009-09-30
Ord_3086,CRITICAL,2011-04-25
Ord_3087,LOW,2010-09-21
Ord_3088,LOW,2010-11-27
Ord_3089,MEDIUM,2009-07-17
Ord_3090,CRITICAL,2010-01-20
Ord_3091,CRITICAL,2012-06-04
Ord_3092,HIGH,2012-02-23
Ord_3093,CRITICAL,2012-04-29
Ord_3094,HIGH,2010-02-20
Ord_3095,HIGH,2010-08-15
Ord_3096,LOW,2011-12-05
Ord_3097,HIGH,2009-01-03
Ord_3098,HIGH,2010-03-29
Ord_3099,LOW,2010-12-01
Ord_3100,NOT SPECIFIED,2011-08-17
Ord_3101,CRITICAL,2012-07-29
Ord_3102,LOW,2010-09-19
Ord_3103,MEDIUM,2010-04-19
Ord_3104,HIGH,2011-11-21
Ord_3105,CRITICAL,2011-08-14
Ord_3106,CRITICAL,2009-10-28
Ord_3107,CRITICAL,2009-07-09
Ord_3108,CRITICAL,2011-10-21
Ord_3109,LOW,2009-03-28
Ord_3110,MEDIUM,2010-08-03
Ord_3111,HIGH,2012-05-26
Ord_3112,NOT SPECIFIED,2010-02-02
Ord_3113,MEDIUM,2011-08-03
Ord_3114,LOW,2010-10-04
Ord_3115,MEDIUM,2012-09-18
Ord_3116,CRITICAL,2012-01-06
Ord_3117,CRITICAL,2010-09-07
Ord_3118,HIGH,2009-04-16
Ord_3119,CRITICAL,2011-08-01
Ord_3120,MEDIUM,2012-10-20
Ord_3121,LOW,2011-08-09
Ord_3122,MEDIUM,2011-02-23
Ord_3123,HIGH,2011-06-11
Ord_3124,MEDIUM,2010-04-19
Ord_3125,CRITICAL,2011-07-19
Ord_3126,CRITICAL,2009-02-27
Ord_3127,NOT SPECIFIED,2012-01-04
Ord_3128,CRITICAL,2011-05-09
Ord_3129,LOW,2012-09-30
Ord_3130,CRITICAL,2009-05-14
Ord_3131,HIGH,2011-05-02
Ord_3132,NOT SPECIFIED,2011-02-05
Ord_3133,NOT SPECIFIED,2010-05-25
Ord_3134,NOT SPECIFIED,2009-04-05
Ord_3135,HIGH,2009-09-01
Ord_3136,LOW,2009-04-27
Ord_3137,LOW,2009-08-31
Ord_3138,HIGH,2009-10-09
Ord_3139,NOT SPECIFIED,2010-04-30
Ord_3140,NOT SPECIFIED,2010-08-20
Ord_3141,CRITICAL,2011-09-07
Ord_3142,NOT SPECIFIED,2009-03-05
Ord_3143,HIGH,2011-03-15
Ord_3144,LOW,2012-03-02
Ord_3145,MEDIUM,2009-03-27
Ord_3146,MEDIUM,2010-10-21
Ord_3147,CRITICAL,2009-03-01
Ord_3148,NOT SPECIFIED,2011-05-31
Ord_3149,MEDIUM,2010-03-01
Ord_3150,LOW,2010-01-26
Ord_3151,MEDIUM,2011-12-17
Ord_3152,MEDIUM,2011-10-18
Ord_3153,CRITICAL,2011-02-05
Ord_3154,LOW,2010-02-24
Ord_3155,MEDIUM,2012-11-28
Ord_3156,CRITICAL,2009-02-01
Ord_3157,HIGH,2011-12-17
Ord_3158,LOW,2009-10-04
Ord_3159,CRITICAL,2011-02-06
Ord_3160,LOW,2010-11-01
Ord_3161,NOT SPECIFIED,2012-11-07
Ord_3162,NOT SPECIFIED,2011-10-19
Ord_3163,HIGH,2009-11-16
Ord_3164,HIGH,2010-02-19
Ord_3165,NOT SPECIFIED,2011-11-03
Ord_3166,CRITICAL,2012-04-03
Ord_3167,HIGH,2011-09-03
Ord_3168,HIGH,2010-07-17
Ord_3169,LOW,2009-04-08
Ord_3170,LOW,2011-11-19
Ord_3171,LOW,2010-02-26
Ord_3172,LOW,2012-01-04
Ord_3173,LOW,2009-01-31
Ord_3174,HIGH,2009-09-26
Ord_3175,LOW,2010-09-22
Ord_3176,MEDIUM,2010-06-25
Ord_3177,NOT SPECIFIED,2011-04-24
Ord_3178,MEDIUM,2009-02-07
Ord_3179,HIGH,2010-11-29
Ord_3180,CRITICAL,2011-05-03
Ord_3181,MEDIUM,2012-06-02
Ord_3182,NOT SPECIFIED,2010-04-26
Ord_3183,CRITICAL,2011-12-16
Ord_3184,HIGH,2009-07-01
Ord_3185,NOT SPECIFIED,2012-09-12
Ord_3186,LOW,2009-06-24
Ord_3187,HIGH,2010-08-26
Ord_3188,LOW,2012-04-11
Ord_3189,MEDIUM,2009-01-16
Ord_3190,HIGH,2009-08-24
Ord_3191,MEDIUM,2011-08-30
Ord_3192,NOT SPECIFIED,2010-09-06
Ord_3193,CRITICAL,2012-11-06
Ord_3194,NOT SPECIFIED,2011-11-05
Ord_3195,MEDIUM,2010-08-28
Ord_3196,NOT SPECIFIED,2011-02-14
Ord_3197,MEDIUM,2009-01-26
Ord_3198,HIGH,2012-04-14
Ord_3199,HIGH,2010-09-26
Ord_3200,CRITICAL,2011-07-20
Ord_3201,MEDIUM,2012-02-29
Ord_3202,HIGH,2012-01-11
Ord_3203,HIGH,2011-09-11
Ord_3204,HIGH,2011-04-06
Ord_3205,HIGH,2009-09-28
Ord_3206,CRITICAL,2012-08-17
Ord_3207,LOW,2010-01-01
Ord_3208,CRITICAL,2012-02-17
Ord_3209,NOT SPECIFIED,2010-06-19
Ord_3210,CRITICAL,2010-01-25
Ord_3211,MEDIUM,2010-09-14
Ord_3212,CRITICAL,2012-08-26
Ord_3213,LOW,2012-10-23
Ord_3214,HIGH,2011-10-16
Ord_3215,HIGH,2012-01-23
Ord_3216,HIGH,2009-09-19
Ord_3217,MEDIUM,2009-12-11
Ord_3218,MEDIUM,2010-04-11
Ord_3219,CRITICAL,2010-08-04
Ord_3220,NOT SPECIFIED,2009-07-27
Ord_3221,MEDIUM,2011-01-07
Ord_3222,LOW,2009-11-23
Ord_3223,MEDIUM,2009-05-17
Ord_3224,LOW,2011-11-26
Ord_3225,CRITICAL,2012-09-16
Ord_3226,CRITICAL,2009-09-30
Ord_3227,MEDIUM,2009-03-28
Ord_3228,LOW,2012-09-12
Ord_3229,HIGH,2010-01-09
Ord_3230,HIGH,2011-11-01
Ord_3231,MEDIUM,2012-08-15
Ord_3232,CRITICAL,2011-05-03
Ord_3233,LOW,2009-04-06
Ord_3234,LOW,2009-12-29
Ord_3235,CRITICAL,2009-08-14
Ord_3236,HIGH,2010-08-15
Ord_3237,MEDIUM,2009-01-06
Ord_3238,LOW,2010-05-29
Ord_3239,NOT SPECIFIED,2010-09-30
Ord_3240,MEDIUM,2012-02-27
Ord_3241,MEDIUM,2012-01-12
Ord_3242,LOW,2009-06-03
Ord_3243,HIGH,2011-05-12
Ord_3244,CRITICAL,2012-05-13
Ord_3245,MEDIUM,2012-06-20
Ord_3246,HIGH,2010-05-05
Ord_3247,HIGH,2011-03-22
Ord_3248,HIGH,2009-04-09
Ord_3249,MEDIUM,2011-05-28
Ord_3250,LOW,2011-06-02
Ord_3251,LOW,2010-01-03
Ord_3252,LOW,2011-10-16
Ord_3253,NOT SPECIFIED,2010-08-20
Ord_3254,NOT SPECIFIED,2012-05-18
Ord_3255,CRITICAL,2011-08-08
Ord_3256,MEDIUM,2012-03-22
Ord_3257,NOT SPECIFIED,2009-06-19
Ord_3258,NOT SPECIFIED,2010-08-07
Ord_3259,MEDIUM,2009-01-17
Ord_3260,MEDIUM,2009-01-27
Ord_3261,HIGH,2011-06-30
Ord_3262,HIGH,2012-08-01
Ord_3263,LOW,2011-09-12
Ord_3264,CRITICAL,2010-11-09
Ord_3265,NOT SPECIFIED,2010-06-02
Ord_3266,LOW,2010-04-19
Ord_3267,CRITICAL,2010-08-04
Ord_3268,NOT SPECIFIED,2011-03-11
Ord_3269,CRITICAL,2009-09-25
Ord_3270,MEDIUM,2010-06-21
Ord_3271,HIGH,2009-11-18
Ord_3272,MEDIUM,2009-02-04
Ord_3273,NOT SPECIFIED,2011-06-24
Ord_3274,MEDIUM,2010-07-18
Ord_3275,HIGH,2011-09-27
Ord_3276,MEDIUM,2009-10-04
Ord_3277,NOT SPECIFIED,2010-03-12
Ord_3278,NOT SPECIFIED,2009-01-31
Ord_3279,NOT SPECIFIED,2012-08-07
Ord_3280,MEDIUM,2010-09-17
Ord_3281,HIGH,2012-12-04
Ord_3282,LOW,2010-09-27
Ord_3283,NOT SPECIFIED,2012-12-24
Ord_3284,CRITICAL,2009-05-28
Ord_3285,LOW,2011-01-01
Ord_3286,NOT SPECIFIED,2009-10-01
Ord_3287,LOW,2009-11-08
Ord_3288,LOW,2012-11-22
Ord_3289,LOW,2010-10-23
Ord_3290,NOT SPECIFIED,2011-01-21
Ord_3291,NOT SPECIFIED,2012-02-06
Ord_3292,HIGH,2011-01-01
Ord_3293,LOW,2012-06-27
Ord_3294,CRITICAL,2012-09-30
Ord_3295,CRITICAL,2012-12-16
Ord_3296,CRITICAL,2010-01-17
Ord_3297,NOT SPECIFIED,2011-06-24
Ord_3298,CRITICAL,2009-12-16
Ord_3299,LOW,2012-09-23
Ord_3300,LOW,2011-10-30
Ord_3301,NOT SPECIFIED,2012-11-01
Ord_3302,LOW,2012-06-24
Ord_3303,MEDIUM,2010-03-14
Ord_3304,CRITICAL,2009-09-26
Ord_3305,MEDIUM,2010-02-11
Ord_3306,CRITICAL,2009-06-30
Ord_3307,LOW,2009-03-04
Ord_3308,LOW,2010-10-06
Ord_3309,LOW,2009-10-30
Ord_3310,LOW,2010-09-18
Ord_3311,LOW,2011-04-15
Ord_3312,NOT SPECIFIED,2011-07-13
Ord_3313,LOW,2009-12-25
Ord_3314,MEDIUM,2011-04-15
Ord_3315,CRITICAL,2009-08-18
Ord_3316,HIGH,2011-02-01
Ord_3317,NOT SPECIFIED,2011-12-30
Ord_3318,LOW,2012-03-09
Ord_3319,MEDIUM,2011-12-15
Ord_3320,HIGH,2009-01-18
Ord_3321,LOW,2011-11-25
Ord_3322,CRITICAL,2009-07-17
Ord_3323,LOW,2010-07-20
Ord_3324,HIGH,2010-04-16
Ord_3325,LOW,2011-03-13
Ord_3326,MEDIUM,2012-11-27
Ord_3327,HIGH,2011-01-02
Ord_3328,HIGH,2012-04-13
Ord_3329,NOT SPECIFIED,2009-08-22
Ord_3330,MEDIUM,2011-03-26
Ord_3331,HIGH,2012-02-06
Ord_3332,HIGH,2009-05-07
Ord_3333,HIGH,2009-01-26
Ord_3334,HIGH,2012-03-19
Ord_3335,HIGH,2010-05-26
Ord_3336,CRITICAL,2012-05-09
Ord_3337,NOT SPECIFIED,2010-12-03
Ord_3338,LOW,2009-01-13
Ord_3339,MEDIUM,2009-01-05
Ord_3340,NOT SPECIFIED,2010-11-23
Ord_3341,HIGH,2011-11-19
Ord_3342,CRITICAL,2009-11-07
Ord_3343,MEDIUM,2011-04-21
Ord_3344,MEDIUM,2012-09-29
Ord_3345,HIGH,2011-09-19
Ord_3346,LOW,2012-12-10
Ord_3347,CRITICAL,2009-02-05
Ord_3348,MEDIUM,2011-05-20
Ord_3349,NOT SPECIFIED,2009-05-12
Ord_3350,CRITICAL,2011-10-26
Ord_3351,HIGH,2011-07-07
Ord_3352,NOT SPECIFIED,2012-07-11
Ord_3353,HIGH,2009-11-04
Ord_3354,LOW,2009-10-31
Ord_3355,CRITICAL,2009-10-19
Ord_3356,NOT SPECIFIED,2011-02-28
Ord_3357,LOW,2010-08-28
Ord_3358,LOW,2010-04-30
Ord_3359,HIGH,2010-01-03
Ord_3360,CRITICAL,2009-03-31
Ord_3361,MEDIUM,2012-06-28
Ord_3362,LOW,2011-06-13
Ord_3363,MEDIUM,2012-08-12
Ord_3364,HIGH,2010-04-09
Ord_3365,LOW,2012-10-05
Ord_3366,MEDIUM,2011-07-27
Ord_3367,LOW,2012-05-12
Ord_3368,MEDIUM,2012-11-19
Ord_3369,CRITICAL,2009-02-10
Ord_3370,HIGH,2009-10-17
Ord_3371,CRITICAL,2012-01-04
Ord_3372,MEDIUM,2012-09-09
Ord_3373,MEDIUM,2010-07-16
Ord_3374,MEDIUM,2009-10-29
Ord_3375,LOW,2010-10-08
Ord_3376,HIGH,2011-11-18
Ord_3377,LOW,2012-01-26
Ord_3378,NOT SPECIFIED,2010-01-06
Ord_3379,HIGH,2012-01-19
Ord_3380,CRITICAL,2012-09-18
Ord_3381,MEDIUM,2010-08-13
Ord_3382,LOW,2009-08-28
Ord_3383,MEDIUM,2011-10-11
Ord_3384,LOW,2012-11-24
Ord_3385,HIGH,2012-04-27
Ord_3386,CRITICAL,2011-02-22
Ord_3387,CRITICAL,2010-04-29
Ord_3388,LOW,2012-12-24
Ord_3389,LOW,2010-07-31
Ord_3390,NOT SPECIFIED,2009-04-07
Ord_3391,MEDIUM,2009-03-10
Ord_3392,LOW,2009-02-15
Ord_3393,MEDIUM,2012-04-02
Ord_3394,NOT SPECIFIED,2010-11-29
Ord_3395,CRITICAL,2009-06-01
Ord_3396,CRITICAL,2012-12-02
Ord_3397,NOT SPECIFIED,2011-11-18
Ord_3398,MEDIUM,2009-02-04
Ord_3399,LOW,2011-08-05
Ord_3400,CRITICAL,2009-04-21
Ord_3401,MEDIUM,2010-10-31
Ord_3402,NOT SPECIFIED,2010-05-20
Ord_3403,MEDIUM,2010-09-04
Ord_3404,HIGH,2010-10-18
Ord_3405,MEDIUM,2012-06-05
Ord_3406,NOT SPECIFIED,2012-03-28
Ord_3407,LOW,2009-07-07
Ord_3408,HIGH,2009-11-10
Ord_3409,LOW,2012-03-30
Ord_3410,NOT SPECIFIED,2009-07-09
Ord_3411,NOT SPECIFIED,2011-06-10
Ord_3412,LOW,2009-03-24
Ord_3413,HIGH,2009-07-03
Ord_3414,CRITICAL,2009-01-20
Ord_3415,MEDIUM,2011-06-18
Ord_3416,NOT SPECIFIED,2009-11-01
Ord_3417,NOT SPECIFIED,2011-04-28
Ord_3418,HIGH,2011-09-13
Ord_3419,MEDIUM,2012-12-17
Ord_3420,HIGH,2012-04-13
Ord_3421,LOW,2012-11-30
Ord_3422,CRITICAL,2009-11-04
Ord_3423,MEDIUM,2012-01-21
Ord_3424,NOT SPECIFIED,2009-10-12
Ord_3425,CRITICAL,2011-05-23
Ord_3426,MEDIUM,2012-03-11
Ord_3427,CRITICAL,2012-03-05
Ord_3428,MEDIUM,2012-06-10
Ord_3429,HIGH,2011-02-26
Ord_3430,CRITICAL,2009-10-30
Ord_3431,MEDIUM,2010-11-13
Ord_3432,NOT SPECIFIED,2010-05-01
Ord_3433,HIGH,2012-02-08
Ord_3434,MEDIUM,2010-03-03
Ord_3435,HIGH,2010-08-09
Ord_3436,MEDIUM,2009-02-10
Ord_3437,MEDIUM,2012-04-13
Ord_3438,LOW,2011-06-18
Ord_3439,HIGH,2010-11-17
Ord_3440,MEDIUM,2012-12-30
Ord_3441,HIGH,2010-06-08
Ord_3442,MEDIUM,2012-09-23
Ord_3443,CRITICAL,2012-04-12
Ord_3444,CRITICAL,2011-09-24
Ord_3445,LOW,2012-08-12
Ord_3446,HIGH,2009-03-02
Ord_3447,CRITICAL,2011-01-15
Ord_3448,LOW,2010-06-11
Ord_3449,NOT SPECIFIED,2009-03-14
Ord_3450,MEDIUM,2009-07-02
Ord_3451,LOW,2011-07-30
Ord_3452,HIGH,2011-02-26
Ord_3453,HIGH,2009-07-16
Ord_3454,MEDIUM,2009-09-13
Ord_3455,NOT SPECIFIED,2012-01-28
Ord_3456,HIGH,2010-03-07
Ord_3457,CRITICAL,2011-11-17
Ord_3458,MEDIUM,2011-10-17
Ord_3459,LOW,2012-08-01
Ord_3460,CRITICAL,2009-02-11
Ord_3461,LOW,2012-11-25
Ord_3462,CRITICAL,2010-12-12
Ord_3463,HIGH,2009-08-08
Ord_3464,HIGH,2012-10-31
Ord_3465,NOT SPECIFIED,2011-07-18
Ord_3466,LOW,2012-05-31
Ord_3467,HIGH,2009-02-25
Ord_3468,CRITICAL,2011-08-13
Ord_3469,HIGH,2011-08-16
Ord_3470,MEDIUM,2011-07-27
Ord_3471,LOW,2011-03-07
Ord_3472,NOT SPECIFIED,2010-07-19
Ord_3473,MEDIUM,2009-12-05
Ord_3474,NOT SPECIFIED,2012-05-12
Ord_3475,MEDIUM,2011-07-02
Ord_3476,CRITICAL,2011-09-27
Ord_3477,MEDIUM,2011-03-11
Ord_3478,NOT SPECIFIED,2010-06-19
Ord_3479,NOT SPECIFIED,2011-03-12
Ord_3480,LOW,2012-01-18
Ord_3481,NOT SPECIFIED,2011-08-24
Ord_3482,MEDIUM,2009-11-12
Ord_3483,HIGH,2011-06-01
Ord_3484,NOT SPECIFIED,2011-04-09
Ord_3485,CRITICAL,2012-03-06
Ord_3486,NOT SPECIFIED,2009-12-01
Ord_3487,CRITICAL,2011-07-03
Ord_3488,LOW,2009-02-10
Ord_3489,LOW,2009-01-21
Ord_3490,MEDIUM,2011-01-01
Ord_3491,CRITICAL,2009-09-15
Ord_3492,MEDIUM,2010-06-28
Ord_3493,HIGH,2011-08-08
Ord_3494,NOT SPECIFIED,2012-02-15
Ord_3495,HIGH,2009-09-19
Ord_3496,HIGH,2009-09-01
Ord_3497,HIGH,2009-12-14
Ord_3498,LOW,2009-10-10
Ord_3499,CRITICAL,2011-02-06
Ord_3500,HIGH,2011-12-08
Ord_3501,CRITICAL,2009-04-13
Ord_3502,MEDIUM,2010-10-19
Ord_3503,MEDIUM,2009-01-22
Ord_3504,CRITICAL,2012-10-05
Ord_3505,LOW,2011-10-21
Ord_3506,MEDIUM,2012-03-07
Ord_3507,MEDIUM,2011-09-30
Ord_3508,CRITICAL,2009-11-18
Ord_3509,HIGH,2009-07-22
Ord_3510,NOT SPECIFIED,2010-02-20
Ord_3511,MEDIUM,2012-05-09
Ord_3512,MEDIUM,2009-02-13
Ord_3513,CRITICAL,2012-07-23
Ord_3514,LOW,2012-05-17
Ord_3515,MEDIUM,2010-08-18
Ord_3516,CRITICAL,2009-02-28
Ord_3517,MEDIUM,2011-03-10
Ord_3518,HIGH,2009-02-20
Ord_3519,HIGH,2011-04-01
Ord_3520,MEDIUM,2010-01-01
Ord_3521,HIGH,2012-08-29
Ord_3522,MEDIUM,2009-12-07
Ord_3523,NOT SPECIFIED,2012-10-31
Ord_3524,MEDIUM,2010-12-29
Ord_3525,LOW,2011-05-19
Ord_3526,HIGH,2009-07-04
Ord_3527,MEDIUM,2009-05-29
Ord_3528,LOW,2012-05-05
Ord_3529,HIGH,2010-09-03
Ord_3530,CRITICAL,2010-01-30
Ord_3531,LOW,2011-06-16
Ord_3532,LOW,2010-02-27
Ord_3533,HIGH,2010-11-09
Ord_3534,NOT SPECIFIED,2012-07-25
Ord_3535,LOW,2011-07-23
Ord_3536,CRITICAL,2012-12-02
Ord_3537,LOW,2012-08-18
Ord_3538,HIGH,2011-08-28
Ord_3539,CRITICAL,2010-10-12
Ord_3540,MEDIUM,2012-01-28
Ord_3541,MEDIUM,2009-04-18
Ord_3542,HIGH,2010-01-16
Ord_3543,NOT SPECIFIED,2012-12-20
Ord_3544,NOT SPECIFIED,2009-03-16
Ord_3545,LOW,2011-09-12
Ord_3546,MEDIUM,2009-03-30
Ord_3547,HIGH,2009-10-21
Ord_3548,MEDIUM,2010-07-31
Ord_3549,CRITICAL,2010-05-27
Ord_3550,CRITICAL,2009-08-15
Ord_3551,CRITICAL,2009-05-01
Ord_3552,NOT SPECIFIED,2011-06-20
Ord_3553,CRITICAL,2009-10-25
Ord_3554,MEDIUM,2010-09-08
Ord_3555,CRITICAL,2009-09-26
Ord_3556,NOT SPECIFIED,2012-12-22
Ord_3557,LOW,2010-04-04
Ord_3558,CRITICAL,2010-08-12
Ord_3559,NOT SPECIFIED,2011-10-03
Ord_3560,LOW,2010-11-16
Ord_3561,MEDIUM,2010-08-27
Ord_3562,HIGH,2010-12-29
Ord_3563,CRITICAL,2011-10-31
Ord_3564,CRITICAL,2012-07-27
Ord_3565,CRITICAL,2009-06-16
Ord_3566,LOW,2010-01-20
Ord_3567,LOW,2012-10-16
Ord_3568,LOW,2009-10-11
Ord_3569,LOW,2011-01-28
Ord_3570,MEDIUM,2010-08-21
Ord_3571,NOT SPECIFIED,2010-04-08
Ord_3572,NOT SPECIFIED,2010-02-04
Ord_3573,LOW,2012-09-12
Ord_3574,LOW,2010-02-23
Ord_3575,HIGH,2010-01-28
Ord_3576,HIGH,2011-08-15
Ord_3577,LOW,2012-04-29
Ord_3578,HIGH,2009-02-06
Ord_3579,LOW,2011-07-23
Ord_3580,CRITICAL,2011-04-17
Ord_3581,LOW,2009-04-17
Ord_3582,CRITICAL,2009-09-26
Ord_3583,HIGH,2010-09-23
Ord_3584,NOT SPECIFIED,2011-02-04
Ord_3585,HIGH,2010-05-02
Ord_3586,MEDIUM,2012-12-09
Ord_3587,HIGH,2012-05-28
Ord_3588,MEDIUM,2011-11-22
Ord_3589,CRITICAL,2009-10-08
Ord_3590,NOT SPECIFIED,2012-08-10
Ord_3591,NOT SPECIFIED,2011-08-25
Ord_3592,NOT SPECIFIED,2011-09-19
Ord_3593,CRITICAL,2009-10-20
Ord_3594,HIGH,2010-10-02
Ord_3595,HIGH,2011-12-02
Ord_3596,LOW,2009-07-22
Ord_3597,NOT SPECIFIED,2011-12-28
Ord_3598,CRITICAL,2009-09-08
Ord_3599,HIGH,2011-03-22
Ord_3600,LOW,2009-08-03
Ord_3601,HIGH,2010-01-18
Ord_3602,CRITICAL,2012-02-13
Ord_3603,LOW,2009-09-12
Ord_3604,NOT SPECIFIED,2009-07-01
Ord_3605,CRITICAL,2009-07-21
Ord_3606,NOT SPECIFIED,2009-06-20
Ord_3607,LOW,2012-03-14
Ord_3608,MEDIUM,2009-08-23
Ord_3609,LOW,2010-06-09
Ord_3610,NOT SPECIFIED,2009-03-23
Ord_3611,MEDIUM,2010-03-21
Ord_3612,HIGH,2010-08-30
Ord_3613,LOW,2011-10-02
Ord_3614,CRITICAL,2010-12-06
Ord_3615,HIGH,2011-05-26
Ord_3616,NOT SPECIFIED,2009-12-02
Ord_3617,HIGH,2011-07-25
Ord_3618,MEDIUM,2011-06-17
Ord_3619,LOW,2010-03-13
Ord_3620,NOT SPECIFIED,2011-05-05
Ord_3621,NOT SPECIFIED,2009-09-23
Ord_3622,NOT SPECIFIED,2010-05-15
Ord_3623,CRITICAL,2012-06-28
Ord_3624,HIGH,2009-05-29
Ord_3625,MEDIUM,2012-10-06
Ord_3626,MEDIUM,2011-06-12
Ord_3627,NOT SPECIFIED,2012-01-13
Ord_3628,NOT SPECIFIED,2010-10-08
Ord_3629,MEDIUM,2012-07-13
Ord_3630,CRITICAL,2010-10-09
Ord_3631,LOW,2012-09-24
Ord_3632,CRITICAL,2010-08-27
Ord_3633,MEDIUM,2009-10-29
Ord_3634,CRITICAL,2011-03-27
Ord_3635,CRITICAL,2012-02-26
Ord_3636,MEDIUM,2010-01-08
Ord_3637,CRITICAL,2009-03-28
Ord_3638,NOT SPECIFIED,2012-10-07
Ord_3639,NOT SPECIFIED,2010-05-21
Ord_3640,HIGH,2009-06-13
Ord_3641,LOW,2012-08-12
Ord_3642,HIGH,2010-12-12
Ord_3643,CRITICAL,2009-09-20
Ord_3644,CRITICAL,2011-06-16
Ord_3645,CRITICAL,2009-10-18
Ord_3646,LOW,2011-01-04
Ord_3647,LOW,2010-06-21
Ord_3648,MEDIUM,2009-03-14
Ord_3649,NOT SPECIFIED,2012-04-13
Ord_3650,LOW,2012-01-03
Ord_3651,HIGH,2011-03-16
Ord_3652,HIGH,2009-10-28
Ord_3653,NOT SPECIFIED,2010-08-04
Ord_3654,LOW,2010-03-30
Ord_3655,HIGH,2011-01-09
Ord_3656,LOW,2009-01-10
Ord_3657,NOT SPECIFIED,2009-01-12
Ord_3658,NOT SPECIFIED,2010-07-30
Ord_3659,NOT SPECIFIED,2010-11-18
Ord_3660,MEDIUM,2009-12-17
Ord_3661,CRITICAL,2011-09-29
Ord_3662,HIGH,2009-11-20
Ord_3663,MEDIUM,2010-04-22
Ord_3664,LOW,2010-05-04
Ord_3665,MEDIUM,2009-01-12
Ord_3666,HIGH,2009-02-23
Ord_3667,NOT SPECIFIED,2011-03-20
Ord_3668,CRITICAL,2010-03-21
Ord_3669,CRITICAL,2009-02-26
Ord_3670,CRITICAL,2011-08-11
Ord_3671,MEDIUM,2010-01-29
Ord_3672,HIGH,2011-05-07
Ord_3673,NOT SPECIFIED,2012-10-10
Ord_3674,LOW,2011-01-04
Ord_3675,NOT SPECIFIED,2010-07-19
Ord_3676,MEDIUM,2010-11-24
Ord_3677,CRITICAL,2011-08-30
Ord_3678,CRITICAL,2009-07-09
Ord_3679,NOT SPECIFIED,2012-03-28
Ord_3680,MEDIUM,2012-07-29
Ord_3681,NOT SPECIFIED,2012-12-08
Ord_3682,MEDIUM,2011-12-12
Ord_3683,LOW,2012-01-04
Ord_3684,MEDIUM,2012-10-07
Ord_3685,NOT SPECIFIED,2010-08-17
Ord_3686,LOW,2012-12-30
Ord_3687,LOW,2012-03-30
Ord_3688,HIGH,2009-04-20
Ord_3689,HIGH,2012-09-18
Ord_3690,LOW,2009-07-27
Ord_3691,NOT SPECIFIED,2012-01-11
Ord_3692,HIGH,2011-04-20
Ord_3693,LOW,2010-10-05
Ord_3694,MEDIUM,2009-08-03
Ord_3695,NOT SPECIFIED,2009-12-15
Ord_3696,LOW,2009-05-17
Ord_3697,NOT SPECIFIED,2012-04-25
Ord_3698,CRITICAL,2011-10-17
Ord_3699,HIGH,2009-05-07
Ord_3700,LOW,2012-12-23
Ord_3701,CRITICAL,2011-06-11
Ord_3702,CRITICAL,2009-11-23
Ord_3703,MEDIUM,2010-11-09
Ord_3704,MEDIUM,2011-02-26
Ord_3705,LOW,2010-08-06
Ord_3706,MEDIUM,2011-01-31
Ord_3707,LOW,2009-01-03
Ord_3708,HIGH,2011-09-12
Ord_3709,NOT SPECIFIED,2010-11-30
Ord_3710,HIGH,2012-03-29
Ord_3711,MEDIUM,2010-04-10
Ord_3712,CRITICAL,2012-02-19
Ord_3713,MEDIUM,2012-08-08
Ord_3714,CRITICAL,2011-08-26
Ord_3715,LOW,2012-09-30
Ord_3716,HIGH,2012-04-16
Ord_3717,NOT SPECIFIED,2009-11-17
Ord_3718,HIGH,2012-02-24
Ord_3719,NOT SPECIFIED,2009-03-12
Ord_3720,NOT SPECIFIED,2012-07-29
Ord_3721,LOW,2012-07-30
Ord_3722,HIGH,2011-04-23
Ord_3723,LOW,2012-02-16
Ord_3724,CRITICAL,2011-02-01
Ord_3725,MEDIUM,2012-01-27
Ord_3726,HIGH,2011-11-28
Ord_3727,NOT SPECIFIED,2011-07-06
Ord_3728,HIGH,2012-05-24
Ord_3729,HIGH,2009-05-17
Ord_3730,MEDIUM,2009-12-07
Ord_3731,MEDIUM,2010-04-02
Ord_3732,NOT SPECIFIED,2012-04-06
Ord_3733,HIGH,2010-11-22
Ord_3734,HIGH,2012-05-10
Ord_3735,MEDIUM,2012-07-03
Ord_3736,NOT SPECIFIED,2011-12-09
Ord_3737,LOW,2011-12-26
Ord_3738,HIGH,2012-07-10
Ord_3739,LOW,2009-12-25
Ord_3740,CRITICAL,2009-10-06
Ord_3741,LOW,2012-07-16
Ord_3742,HIGH,2010-08-16
Ord_3743,NOT SPECIFIED,2010-10-29
Ord_3744,NOT SPECIFIED,2009-06-14
Ord_3745,CRITICAL,2009-09-09
Ord_3746,CRITICAL,2011-03-25
Ord_3747,NOT SPECIFIED,2009-07-20
Ord_3748,HIGH,2009-05-11
Ord_3749,MEDIUM,2012-09-05
Ord_3750,HIGH,2009-01-05
Ord_3751,MEDIUM,2010-09-01
Ord_3752,LOW,2011-11-15
Ord_3753,NOT SPECIFIED,2010-11-18
Ord_3754,NOT SPECIFIED,2010-11-24
Ord_3755,LOW,2010-10-09
Ord_3756,LOW,2009-12-25
Ord_3757,MEDIUM,2010-12-26
Ord_3758,MEDIUM,2011-10-15
Ord_3759,HIGH,2009-01-15
Ord_3760,NOT SPECIFIED,2011-10-04
Ord_3761,LOW,2009-12-04
Ord_3762,MEDIUM,2012-01-18
Ord_3763,HIGH,2009-10-15
Ord_3764,CRITICAL,2010-05-26
Ord_3765,MEDIUM,2011-06-17
Ord_3766,LOW,2010-02-10
Ord_3767,LOW,2011-05-21
Ord_3768,CRITICAL,2009-07-01
Ord_3769,NOT SPECIFIED,2009-05-23
Ord_3770,CRITICAL,2009-03-04
Ord_3771,MEDIUM,2010-05-30
Ord_3772,NOT SPECIFIED,2011-12-04
Ord_3773,CRITICAL,2012-12-29
Ord_3774,LOW,2012-04-28
Ord_3775,HIGH,2012-10-24
Ord_3776,NOT SPECIFIED,2009-04-15
Ord_3777,MEDIUM,2009-10-01
Ord_3778,CRITICAL,2012-06-27
Ord_3779,MEDIUM,2010-07-18
Ord_3780,NOT SPECIFIED,2012-04-18
Ord_3781,LOW,2011-04-28
Ord_3782,LOW,2011-01-21
Ord_3783,HIGH,2010-11-24
Ord_3784,NOT SPECIFIED,2011-04-18
Ord_3785,MEDIUM,2012-01-08
Ord_3786,MEDIUM,2009-01-17
Ord_3787,CRITICAL,2010-03-13
Ord_3788,MEDIUM,2009-08-11
Ord_3789,NOT SPECIFIED,2009-08-10
Ord_3790,LOW,2012-11-16
Ord_3791,HIGH,2011-05-16
Ord_3792,NOT SPECIFIED,2009-03-22
Ord_3793,LOW,2011-08-25
Ord_3794,MEDIUM,2010-08-07
Ord_3795,MEDIUM,2012-10-18
Ord_3796,MEDIUM,2011-06-20
Ord_3797,LOW,2011-01-08
Ord_3798,HIGH,2009-08-13
Ord_3799,NOT SPECIFIED,2011-06-27
Ord_3800,HIGH,2012-10-26
Ord_3801,HIGH,2012-07-15
Ord_3802,HIGH,2009-05-18
Ord_3803,LOW,2012-01-08
Ord_3804,NOT SPECIFIED,2009-10-09
Ord_3805,NOT SPECIFIED,2009-03-09
Ord_3806,HIGH,2011-07-15
Ord_3807,NOT SPECIFIED,2009-06-03
Ord_3808,CRITICAL,2012-03-19
Ord_3809,HIGH,2011-05-18
Ord_3810,LOW,2010-07-16
Ord_3811,MEDIUM,2009-03-28
Ord_3812,HIGH,2011-07-19
Ord_3813,CRITICAL,2010-05-04
Ord_3814,MEDIUM,2010-12-20
Ord_3815,HIGH,2010-05-20
Ord_3816,NOT SPECIFIED,2012-05-27
Ord_3817,NOT SPECIFIED,2010-12-05
Ord_3818,MEDIUM,2009-09-24
Ord_3819,NOT SPECIFIED,2010-11-24
Ord_3820,CRITICAL,2009-09-13
Ord_3821,HIGH,2011-10-12
Ord_3822,LOW,2009-12-14
Ord_3823,CRITICAL,2012-12-11
Ord_3824,HIGH,2010-09-13
Ord_3825,CRITICAL,2009-07-02
Ord_3826,LOW,2012-03-23
Ord_3827,HIGH,2012-01-19
Ord_3828,NOT SPECIFIED,2011-06-26
Ord_3829,NOT SPECIFIED,2012-10-11
Ord_3830,NOT SPECIFIED,2011-06-23
Ord_3831,HIGH,2011-04-20
Ord_3832,NOT SPECIFIED,2012-11-06
Ord_3833,CRITICAL,2011-03-01
Ord_3834,CRITICAL,2009-04-27
Ord_3835,LOW,2009-03-08
Ord_3836,NOT SPECIFIED,2012-08-01
Ord_3837,CRITICAL,2012-06-14
Ord_3838,HIGH,2011-05-08
Ord_3839,HIGH,2009-02-14
Ord_3840,MEDIUM,2011-05-17
Ord_3841,HIGH,2009-02-11
Ord_3842,MEDIUM,2012-05-11
Ord_3843,HIGH,2011-07-05
Ord_3844,LOW,2009-11-18
Ord_3845,HIGH,2010-08-14
Ord_3846,NOT SPECIFIED,2012-05-07
Ord_3847,MEDIUM,2009-08-09
Ord_3848,LOW,2010-09-22
Ord_3849,MEDIUM,2009-08-13
Ord_3850,LOW,2010-02-02
Ord_3851,LOW,2011-01-13
Ord_3852,MEDIUM,2009-09-18
Ord_3853,HIGH,2011-05-04
Ord_3854,NOT SPECIFIED,2010-08-04
Ord_3855,HIGH,2010-11-03
Ord_3856,MEDIUM,2012-11-05
Ord_3857,NOT SPECIFIED,2011-07-03
Ord_3858,MEDIUM,2009-04-02
Ord_3859,HIGH,2012-02-08
Ord_3860,MEDIUM,2010-01-14
Ord_3861,CRITICAL,2012-09-24
Ord_3862,LOW,2011-11-07
Ord_3863,MEDIUM,2012-09-22
Ord_3864,CRITICAL,2009-09-27
Ord_3865,HIGH,2011-10-26
Ord_3866,MEDIUM,2011-09-15
Ord_3867,CRITICAL,2009-06-11
Ord_3868,HIGH,2009-12-12
Ord_3869,HIGH,2012-05-22
Ord_3870,CRITICAL,2012-12-28
Ord_3871,MEDIUM,2010-04-27
Ord_3872,NOT SPECIFIED,2011-10-12
Ord_3873,MEDIUM,2011-07-22
Ord_3874,LOW,2012-06-14
Ord_3875,CRITICAL,2012-05-21
Ord_3876,HIGH,2011-05-10
Ord_3877,HIGH,2010-06-01
Ord_3878,CRITICAL,2011-07-27
Ord_3879,HIGH,2011-08-20
Ord_3880,MEDIUM,2012-05-23
Ord_3881,HIGH,2009-11-03
Ord_3882,MEDIUM,2012-09-09
Ord_3883,HIGH,2011-06-21
Ord_3884,CRITICAL,2010-12-17
Ord_3885,NOT SPECIFIED,2012-02-13
Ord_3886,HIGH,2012-10-08
Ord_3887,CRITICAL,2011-09-01
Ord_3888,CRITICAL,2010-10-12
Ord_3889,NOT SPECIFIED,2010-03-27
Ord_3890,CRITICAL,2010-01-02
Ord_3891,LOW,2010-03-30
Ord_3892,NOT SPECIFIED,2009-07-17
Ord_3893,LOW,2009-05-10
Ord_3894,LOW,2011-01-09
Ord_3895,MEDIUM,2010-09-17
Ord_3896,CRITICAL,2009-08-14
Ord_3897,HIGH,2009-06-23
Ord_3898,LOW,2011-05-06
Ord_3899,CRITICAL,2012-07-17
Ord_3900,HIGH,2009-05-09
Ord_3901,NOT SPECIFIED,2011-05-01
Ord_3902,MEDIUM,2012-06-14
Ord_3903,HIGH,2011-02-06
Ord_3904,NOT SPECIFIED,2011-03-16
Ord_3905,LOW,2012-10-13
Ord_3906,HIGH,2012-09-14
Ord_3907,HIGH,2010-03-09
Ord_3908,NOT SPECIFIED,2011-02-13
Ord_3909,NOT SPECIFIED,2010-04-25
Ord_3910,CRITICAL,2009-12-18
Ord_3911,CRITICAL,2010-08-02
Ord_3912,MEDIUM,2010-04-15
Ord_3913,CRITICAL,2009-03-31
Ord_3914,HIGH,2009-06-12
Ord_3915,NOT SPECIFIED,2012-06-13
Ord_3916,MEDIUM,2011-10-01
Ord_3917,MEDIUM,2009-10-08
Ord_3918,CRITICAL,2010-01-31
Ord_3919,NOT SPECIFIED,2010-09-09
Ord_3920,HIGH,2011-12-16
Ord_3921,MEDIUM,2009-03-26
Ord_3922,CRITICAL,2012-08-04
Ord_3923,LOW,2009-10-19
Ord_3924,HIGH,2012-07-29
Ord_3925,LOW,2011-03-15
Ord_3926,NOT SPECIFIED,2011-12-25
Ord_3927,NOT SPECIFIED,2012-11-28
Ord_3928,MEDIUM,2012-01-31
Ord_3929,CRITICAL,2010-10-03
Ord_3930,NOT SPECIFIED,2011-12-10
Ord_3931,CRITICAL,2012-04-11
Ord_3932,HIGH,2011-08-31
Ord_3933,HIGH,2010-08-29
Ord_3934,LOW,2011-12-03
Ord_3935,CRITICAL,2010-09-29
Ord_3936,CRITICAL,2011-10-31
Ord_3937,LOW,2009-03-09
Ord_3938,NOT SPECIFIED,2011-03-08
Ord_3939,CRITICAL,2010-06-09
Ord_3940,HIGH,2012-01-12
Ord_3941,MEDIUM,2009-04-18
Ord_3942,CRITICAL,2010-01-15
Ord_3943,CRITICAL,2010-03-02
Ord_3944,HIGH,2011-06-10
Ord_3945,MEDIUM,2010-05-14
Ord_3946,CRITICAL,2011-12-08
Ord_3947,MEDIUM,2009-09-13
Ord_3948,LOW,2010-03-17
Ord_3949,MEDIUM,2011-03-15
Ord_3950,MEDIUM,2009-05-07
Ord_3951,NOT SPECIFIED,2009-01-25
Ord_3952,NOT SPECIFIED,2010-08-18
Ord_3953,NOT SPECIFIED,2009-01-06
Ord_3954,HIGH,2009-04-06
Ord_3955,CRITICAL,2011-02-26
Ord_3956,CRITICAL,2012-10-15
Ord_3957,HIGH,2011-05-08
Ord_3958,NOT SPECIFIED,2010-12-12
Ord_3959,NOT SPECIFIED,2012-12-15
Ord_3960,CRITICAL,2010-05-04
Ord_3961,MEDIUM,2012-11-08
Ord_3962,LOW,2009-12-02
Ord_3963,CRITICAL,2012-04-28
Ord_3964,CRITICAL,2010-09-13
Ord_3965,CRITICAL,2012-02-17
Ord_3966,MEDIUM,2009-02-04
Ord_3967,HIGH,2009-02-06
Ord_3968,LOW,2011-02-24
Ord_3969,MEDIUM,2009-09-14
Ord_3970,HIGH,2011-08-23
Ord_3971,MEDIUM,2012-10-09
Ord_3972,NOT SPECIFIED,2009-01-08
Ord_3973,CRITICAL,2011-06-22
Ord_3974,NOT SPECIFIED,2009-07-21
Ord_3975,NOT SPECIFIED,2011-09-03
Ord_3976,NOT SPECIFIED,2010-03-28
Ord_3977,CRITICAL,2012-05-20
Ord_3978,LOW,2012-11-24
Ord_3979,NOT SPECIFIED,2010-10-26
Ord_4099,HIGH,2010-09-19
Ord_3980,NOT SPECIFIED,2010-12-22
Ord_3981,CRITICAL,2012-07-24
Ord_3982,LOW,2009-08-06
Ord_3983,NOT SPECIFIED,2011-04-29
Ord_3984,CRITICAL,2011-09-05
Ord_3985,LOW,2012-07-22
Ord_3986,LOW,2011-02-12
Ord_3987,LOW,2009-08-19
Ord_3988,CRITICAL,2012-05-13
Ord_3989,MEDIUM,2010-02-27
Ord_3990,MEDIUM,2012-04-11
Ord_3991,HIGH,2012-01-09
Ord_3992,LOW,2010-09-18
Ord_3993,NOT SPECIFIED,2009-11-16
Ord_3994,HIGH,2009-04-05
Ord_3995,HIGH,2011-02-26
Ord_3996,MEDIUM,2012-08-14
Ord_3997,NOT SPECIFIED,2009-03-25
Ord_3998,MEDIUM,2010-12-01
Ord_3999,HIGH,2009-11-22
Ord_4000,LOW,2010-07-28
Ord_4001,CRITICAL,2009-11-26
Ord_4002,NOT SPECIFIED,2011-12-19
Ord_4003,HIGH,2010-12-26
Ord_4004,HIGH,2012-05-07
Ord_4005,NOT SPECIFIED,2011-07-04
Ord_4006,NOT SPECIFIED,2012-03-05
Ord_4007,CRITICAL,2010-05-10
Ord_4008,CRITICAL,2009-04-18
Ord_4009,NOT SPECIFIED,2010-03-10
Ord_4010,NOT SPECIFIED,2011-06-08
Ord_4011,MEDIUM,2011-06-06
Ord_4012,MEDIUM,2009-09-21
Ord_4013,MEDIUM,2009-08-23
Ord_4014,HIGH,2010-02-27
Ord_4015,HIGH,2012-01-13
Ord_4016,MEDIUM,2012-11-26
Ord_4017,MEDIUM,2011-02-13
Ord_4018,CRITICAL,2009-01-22
Ord_4019,LOW,2011-05-14
Ord_4020,HIGH,2012-01-10
Ord_4021,LOW,2009-11-21
Ord_4022,CRITICAL,2009-04-01
Ord_4023,MEDIUM,2011-10-04
Ord_4024,NOT SPECIFIED,2012-08-16
Ord_4025,CRITICAL,2010-02-04
Ord_4026,MEDIUM,2012-05-25
Ord_4027,CRITICAL,2012-08-29
Ord_4028,CRITICAL,2009-05-01
Ord_4029,CRITICAL,2010-02-11
Ord_4030,NOT SPECIFIED,2009-10-27
Ord_4031,CRITICAL,2011-10-09
Ord_4032,CRITICAL,2011-08-02
Ord_4033,NOT SPECIFIED,2012-04-01
Ord_4034,MEDIUM,2012-02-11
Ord_4035,MEDIUM,2010-09-26
Ord_4036,LOW,2010-12-21
Ord_4037,LOW,2009-07-12
Ord_4038,HIGH,2011-07-05
Ord_4039,HIGH,2009-04-20
Ord_4040,HIGH,2011-10-06
Ord_4041,LOW,2010-09-15
Ord_4042,HIGH,2012-04-08
Ord_4043,LOW,2009-01-11
Ord_4044,LOW,2009-01-16
Ord_4045,MEDIUM,2012-09-05
Ord_4046,CRITICAL,2009-01-15
Ord_4047,MEDIUM,2011-04-09
Ord_4048,LOW,2012-05-29
Ord_4049,LOW,2010-07-18
Ord_4050,MEDIUM,2011-02-01
Ord_4051,NOT SPECIFIED,2009-03-14
Ord_4052,CRITICAL,2010-05-10
Ord_4053,NOT SPECIFIED,2011-04-15
Ord_4054,HIGH,2010-03-11
Ord_4055,NOT SPECIFIED,2009-07-20
Ord_4056,NOT SPECIFIED,2012-05-23
Ord_4057,MEDIUM,2011-11-20
Ord_4058,HIGH,2009-09-29
Ord_4059,CRITICAL,2012-05-06
Ord_4060,NOT SPECIFIED,2009-04-09
Ord_4061,NOT SPECIFIED,2011-07-13
Ord_4062,LOW,2009-04-19
Ord_4063,LOW,2012-05-03
Ord_4064,MEDIUM,2011-07-26
Ord_4065,NOT SPECIFIED,2009-01-14
Ord_4066,LOW,2012-03-21
Ord_4067,HIGH,2011-05-19
Ord_4068,LOW,2009-12-18
Ord_4069,NOT SPECIFIED,2009-01-17
Ord_4070,MEDIUM,2009-05-03
Ord_4071,CRITICAL,2012-08-23
Ord_4072,MEDIUM,2011-04-23
Ord_4073,HIGH,2012-05-22
Ord_4074,HIGH,2009-11-28
Ord_4075,NOT SPECIFIED,2010-08-21
Ord_4076,HIGH,2010-06-23
Ord_4077,LOW,2011-05-24
Ord_4078,CRITICAL,2011-10-13
Ord_4079,NOT SPECIFIED,2010-05-04
Ord_4080,HIGH,2012-10-30
Ord_4081,MEDIUM,2009-12-28
Ord_4082,MEDIUM,2010-04-22
Ord_4083,CRITICAL,2012-07-17
Ord_4084,MEDIUM,2009-12-06
Ord_4085,MEDIUM,2009-02-07
Ord_4086,CRITICAL,2011-10-03
Ord_4087,NOT SPECIFIED,2011-12-17
Ord_4088,LOW,2009-04-22
Ord_4089,MEDIUM,2012-07-08
Ord_4090,NOT SPECIFIED,2012-03-17
Ord_4091,MEDIUM,2011-10-15
Ord_4092,LOW,2011-09-11
Ord_4093,HIGH,2011-01-26
Ord_4094,HIGH,2012-08-28
Ord_4095,CRITICAL,2009-09-23
Ord_4096,NOT SPECIFIED,2011-09-04
Ord_4097,NOT SPECIFIED,2010-01-19
Ord_4098,LOW,2012-10-18
Ord_4100,MEDIUM,2011-05-20
Ord_4101,MEDIUM,2011-06-22
Ord_4102,HIGH,2012-06-05
Ord_4103,CRITICAL,2011-07-29
Ord_4104,MEDIUM,2011-03-23
Ord_4105,NOT SPECIFIED,2011-10-28
Ord_4106,HIGH,2010-10-02
Ord_4107,HIGH,2009-09-19
Ord_4108,CRITICAL,2009-11-14
Ord_4109,NOT SPECIFIED,2011-12-18
Ord_4110,CRITICAL,2009-12-16
Ord_4111,MEDIUM,2010-04-25
Ord_4112,LOW,2012-05-20
Ord_4113,MEDIUM,2012-08-27
Ord_4114,HIGH,2012-11-20
Ord_4115,CRITICAL,2010-11-14
Ord_4116,NOT SPECIFIED,2009-06-01
Ord_4117,NOT SPECIFIED,2012-06-07
Ord_4118,NOT SPECIFIED,2012-09-18
Ord_4119,HIGH,2009-12-21
Ord_4120,LOW,2009-09-25
Ord_4121,CRITICAL,2009-03-26
Ord_4122,CRITICAL,2009-04-23
Ord_4123,MEDIUM,2012-03-26
Ord_4124,LOW,2010-02-20
Ord_4125,CRITICAL,2012-10-24
Ord_4126,LOW,2009-03-05
Ord_4127,CRITICAL,2010-01-29
Ord_4128,HIGH,2012-08-28
Ord_4129,MEDIUM,2009-09-14
Ord_4130,MEDIUM,2009-12-11
Ord_4131,HIGH,2012-04-01
Ord_4132,HIGH,2011-09-02
Ord_4133,MEDIUM,2009-04-22
Ord_4134,HIGH,2012-05-01
Ord_4135,MEDIUM,2010-02-04
Ord_4136,MEDIUM,2010-09-25
Ord_4137,MEDIUM,2010-11-24
Ord_4138,LOW,2011-06-30
Ord_4139,HIGH,2010-02-14
Ord_4140,HIGH,2010-05-03
Ord_4141,HIGH,2010-04-03
Ord_4142,MEDIUM,2009-03-10
Ord_4143,CRITICAL,2009-10-09
Ord_4144,CRITICAL,2012-10-04
Ord_4145,CRITICAL,2012-10-26
Ord_4146,CRITICAL,2009-01-06
Ord_4147,MEDIUM,2011-04-20
Ord_4148,NOT SPECIFIED,2009-01-06
Ord_4149,CRITICAL,2012-05-25
Ord_4150,CRITICAL,2010-02-04
Ord_4151,CRITICAL,2009-01-29
Ord_4152,MEDIUM,2012-10-01
Ord_4153,HIGH,2012-08-26
Ord_4154,HIGH,2011-02-05
Ord_4155,NOT SPECIFIED,2009-03-02
Ord_4156,LOW,2011-11-26
Ord_4157,NOT SPECIFIED,2011-04-19
Ord_4158,CRITICAL,2009-08-26
Ord_4159,CRITICAL,2011-09-19
Ord_4160,MEDIUM,2009-10-29
Ord_4161,MEDIUM,2010-10-20
Ord_4162,LOW,2009-05-11
Ord_4163,NOT SPECIFIED,2012-06-04
Ord_4164,LOW,2009-04-24
Ord_4165,LOW,2012-04-07
Ord_4166,HIGH,2009-07-10
Ord_4167,LOW,2010-03-26
Ord_4168,MEDIUM,2010-02-26
Ord_4169,MEDIUM,2012-02-08
Ord_4170,CRITICAL,2009-11-12
Ord_4171,MEDIUM,2012-08-10
Ord_4172,LOW,2010-05-12
Ord_4173,NOT SPECIFIED,2010-09-23
Ord_4174,CRITICAL,2010-02-08
Ord_4175,NOT SPECIFIED,2009-03-26
Ord_4176,HIGH,2012-08-01
Ord_4177,NOT SPECIFIED,2011-05-12
Ord_4178,LOW,2009-12-26
Ord_4179,LOW,2011-05-02
Ord_4180,NOT SPECIFIED,2012-02-10
Ord_4181,CRITICAL,2011-08-31
Ord_4182,LOW,2009-12-07
Ord_4183,CRITICAL,2010-05-27
Ord_4184,NOT SPECIFIED,2012-07-02
Ord_4185,HIGH,2009-06-13
Ord_4186,CRITICAL,2009-03-08
Ord_4187,MEDIUM,2012-06-06
Ord_4188,LOW,2011-10-29
Ord_4189,HIGH,2012-12-16
Ord_4190,NOT SPECIFIED,2011-07-02
Ord_4191,LOW,2009-08-09
Ord_4192,NOT SPECIFIED,2012-11-26
Ord_4193,LOW,2010-11-17
Ord_4194,LOW,2009-01-06
Ord_4195,NOT SPECIFIED,2010-09-23
Ord_4196,MEDIUM,2010-12-25
Ord_4197,HIGH,2012-06-20
Ord_4198,LOW,2012-07-27
Ord_4199,CRITICAL,2012-01-30
Ord_4200,LOW,2011-09-28
Ord_4201,LOW,2010-12-26
Ord_4202,LOW,2010-12-21
Ord_4203,NOT SPECIFIED,2011-06-22
Ord_4204,NOT SPECIFIED,2009-09-01
Ord_4205,MEDIUM,2011-07-28
Ord_4206,NOT SPECIFIED,2012-12-30
Ord_4207,MEDIUM,2010-03-09
Ord_4208,HIGH,2010-02-24
Ord_4209,MEDIUM,2012-10-18
Ord_4210,MEDIUM,2012-05-04
Ord_4211,MEDIUM,2009-05-04
Ord_4212,NOT SPECIFIED,2012-09-12
Ord_4213,HIGH,2010-09-10
Ord_4214,LOW,2009-06-07
Ord_4215,LOW,2011-09-06
Ord_4216,MEDIUM,2009-10-20
Ord_4217,HIGH,2011-12-18
Ord_4218,HIGH,2012-08-14
Ord_4219,HIGH,2012-04-13
Ord_4220,HIGH,2010-05-02
Ord_4221,HIGH,2009-05-06
Ord_4222,LOW,2009-10-19
Ord_4223,LOW,2010-10-18
Ord_4224,NOT SPECIFIED,2012-09-15
Ord_4225,LOW,2009-05-08
Ord_4226,NOT SPECIFIED,2009-06-30
Ord_4227,HIGH,2009-08-06
Ord_4228,MEDIUM,2011-06-01
Ord_4229,NOT SPECIFIED,2010-06-17
Ord_4230,HIGH,2012-09-15
Ord_4231,HIGH,2010-06-20
Ord_4232,LOW,2009-10-21
Ord_4233,CRITICAL,2009-04-15
Ord_4234,MEDIUM,2011-09-12
Ord_4235,NOT SPECIFIED,2011-04-25
Ord_4236,CRITICAL,2012-06-18
Ord_4237,MEDIUM,2010-01-28
Ord_4238,CRITICAL,2009-03-25
Ord_4239,MEDIUM,2011-08-21
Ord_4240,CRITICAL,2012-07-31
Ord_4241,CRITICAL,2012-08-20
Ord_4242,LOW,2009-04-07
Ord_4243,LOW,2009-05-14
Ord_4244,LOW,2009-01-28
Ord_4245,HIGH,2011-02-17
Ord_4246,LOW,2009-11-25
Ord_4247,MEDIUM,2009-07-17
Ord_4248,CRITICAL,2009-09-11
Ord_4249,NOT SPECIFIED,2012-02-18
Ord_4250,HIGH,2012-07-08
Ord_4251,HIGH,2012-08-30
Ord_4252,LOW,2010-04-11
Ord_4253,MEDIUM,2012-01-15
Ord_4254,NOT SPECIFIED,2012-10-29
Ord_4255,NOT SPECIFIED,2009-07-17
Ord_4256,NOT SPECIFIED,2012-10-27
Ord_4257,LOW,2009-06-28
Ord_4258,HIGH,2010-08-10
Ord_4259,NOT SPECIFIED,2012-03-15
Ord_4260,CRITICAL,2010-05-24
Ord_4261,CRITICAL,2009-11-24
Ord_4262,MEDIUM,2012-08-12
Ord_4263,CRITICAL,2012-09-02
Ord_4264,MEDIUM,2012-04-15
Ord_4265,HIGH,2011-12-06
Ord_4266,LOW,2010-10-09
Ord_4267,NOT SPECIFIED,2009-10-08
Ord_4268,NOT SPECIFIED,2010-09-26
Ord_4269,LOW,2011-10-09
Ord_4270,CRITICAL,2010-07-03
Ord_4271,LOW,2010-06-18
Ord_4272,LOW,2011-08-08
Ord_4273,MEDIUM,2009-03-18
Ord_4274,CRITICAL,2011-06-23
Ord_4275,MEDIUM,2012-08-14
Ord_4276,NOT SPECIFIED,2009-08-05
Ord_4277,CRITICAL,2009-05-22
Ord_4278,HIGH,2010-09-04
Ord_4279,HIGH,2012-05-26
Ord_4280,NOT SPECIFIED,2011-07-07
Ord_4281,LOW,2010-06-08
Ord_4282,HIGH,2009-05-25
Ord_4283,NOT SPECIFIED,2012-12-25
Ord_4284,HIGH,2012-08-26
Ord_4285,HIGH,2011-06-25
Ord_4286,LOW,2010-12-19
Ord_4287,NOT SPECIFIED,2011-09-09
Ord_4288,HIGH,2012-11-19
Ord_4289,MEDIUM,2009-02-05
Ord_4290,CRITICAL,2012-11-01
Ord_4291,HIGH,2010-05-29
Ord_4292,LOW,2009-12-05
Ord_4293,NOT SPECIFIED,2011-11-18
Ord_4294,NOT SPECIFIED,2011-01-19
Ord_4295,MEDIUM,2011-12-31
Ord_4296,MEDIUM,2011-07-25
Ord_4297,NOT SPECIFIED,2010-11-13
Ord_4298,LOW,2012-08-12
Ord_4299,HIGH,2012-06-10
Ord_4300,LOW,2012-02-05
Ord_4301,CRITICAL,2012-03-26
Ord_4302,CRITICAL,2012-02-18
Ord_4303,CRITICAL,2011-11-07
Ord_4304,CRITICAL,2012-04-18
Ord_4305,MEDIUM,2011-05-25
Ord_4306,CRITICAL,2012-01-02
Ord_4307,LOW,2010-10-03
Ord_4308,NOT SPECIFIED,2010-03-18
Ord_4309,HIGH,2010-05-24
Ord_4310,LOW,2009-10-12
Ord_4311,HIGH,2012-03-31
Ord_4312,CRITICAL,2011-06-28
Ord_4313,HIGH,2009-06-04
Ord_4314,MEDIUM,2009-02-12
Ord_4315,NOT SPECIFIED,2011-04-21
Ord_4316,HIGH,2010-07-04
Ord_4317,NOT SPECIFIED,2012-05-17
Ord_4318,CRITICAL,2009-03-18
Ord_4319,LOW,2012-08-10
Ord_4320,LOW,2012-03-30
Ord_4321,CRITICAL,2011-05-07
Ord_4322,MEDIUM,2010-11-26
Ord_4323,CRITICAL,2011-11-02
Ord_4324,LOW,2011-02-06
Ord_4325,MEDIUM,2010-11-29
Ord_4326,LOW,2010-07-23
Ord_4327,LOW,2010-04-07
Ord_4328,CRITICAL,2012-11-12
Ord_4329,NOT SPECIFIED,2009-05-25
Ord_4330,MEDIUM,2011-01-27
Ord_4331,LOW,2010-08-19
Ord_4332,MEDIUM,2010-12-27
Ord_4333,NOT SPECIFIED,2009-06-17
Ord_4334,HIGH,2009-05-16
Ord_4335,LOW,2010-12-30
Ord_4336,MEDIUM,2009-02-05
Ord_4337,MEDIUM,2011-08-20
Ord_4338,LOW,2011-11-14
Ord_4339,HIGH,2012-10-01
Ord_4340,MEDIUM,2012-06-20
Ord_4341,MEDIUM,2011-09-12
Ord_4342,NOT SPECIFIED,2011-02-07
Ord_4343,NOT SPECIFIED,2010-10-30
Ord_4344,HIGH,2012-04-12
Ord_4345,CRITICAL,2010-09-03
Ord_4346,LOW,2011-09-03
Ord_4347,LOW,2010-05-29
Ord_4348,NOT SPECIFIED,2011-09-10
Ord_4349,HIGH,2012-08-14
Ord_4350,LOW,2010-05-24
Ord_4351,MEDIUM,2011-09-22
Ord_4352,NOT SPECIFIED,2009-05-20
Ord_4353,CRITICAL,2009-04-17
Ord_4354,HIGH,2009-05-04
Ord_4355,MEDIUM,2010-03-02
Ord_4356,MEDIUM,2011-11-07
Ord_4357,MEDIUM,2009-11-20
Ord_4358,LOW,2009-07-14
Ord_4359,LOW,2011-07-14
Ord_4360,LOW,2012-11-18
Ord_4361,NOT SPECIFIED,2011-12-21
Ord_4362,LOW,2011-03-15
Ord_4363,MEDIUM,2010-05-05
Ord_4364,LOW,2009-07-05
Ord_4365,LOW,2011-02-21
Ord_4366,NOT SPECIFIED,2011-03-16
Ord_4367,CRITICAL,2011-01-11
Ord_4368,CRITICAL,2012-03-03
Ord_4369,CRITICAL,2011-07-16
Ord_4370,NOT SPECIFIED,2012-09-03
Ord_4371,NOT SPECIFIED,2012-12-28
Ord_4372,HIGH,2012-04-07
Ord_4373,CRITICAL,2012-12-13
Ord_4374,HIGH,2012-01-27
Ord_4375,MEDIUM,2009-08-05
Ord_4376,CRITICAL,2009-11-16
Ord_4377,NOT SPECIFIED,2010-03-28
Ord_4378,NOT SPECIFIED,2011-03-01
Ord_4379,LOW,2012-07-20
Ord_4380,LOW,2010-04-10
Ord_4381,NOT SPECIFIED,2010-09-06
Ord_4382,MEDIUM,2011-09-15
Ord_4383,LOW,2009-06-17
Ord_4384,MEDIUM,2011-10-14
Ord_4385,CRITICAL,2010-04-07
Ord_4386,LOW,2011-09-08
Ord_4387,HIGH,2010-07-17
Ord_4388,LOW,2011-01-21
Ord_4389,CRITICAL,2011-05-21
Ord_4390,CRITICAL,2012-05-24
Ord_4391,LOW,2010-09-26
Ord_4392,NOT SPECIFIED,2011-08-04
Ord_4393,MEDIUM,2009-05-25
Ord_4394,HIGH,2012-01-19
Ord_4395,MEDIUM,2012-01-08
Ord_4396,CRITICAL,2009-01-25
Ord_4397,NOT SPECIFIED,2012-03-10
Ord_4398,LOW,2011-04-20
Ord_4399,LOW,2011-01-08
Ord_4400,HIGH,2010-11-19
Ord_4401,MEDIUM,2010-03-04
Ord_4402,HIGH,2009-06-03
Ord_4403,CRITICAL,2009-01-14
Ord_4404,HIGH,2009-01-09
Ord_4405,LOW,2010-11-20
Ord_4406,LOW,2012-02-02
Ord_4407,LOW,2011-08-20
Ord_4408,MEDIUM,2009-05-19
Ord_4409,HIGH,2009-06-12
Ord_4410,HIGH,2010-11-11
Ord_4411,NOT SPECIFIED,2009-07-24
Ord_4412,MEDIUM,2011-12-09
Ord_4413,MEDIUM,2010-08-29
Ord_4414,LOW,2011-12-06
Ord_4415,CRITICAL,2011-01-22
Ord_4416,NOT SPECIFIED,2009-09-07
Ord_4417,LOW,2010-02-12
Ord_4418,MEDIUM,2010-11-16
Ord_4419,LOW,2009-05-01
Ord_4420,MEDIUM,2009-04-07
Ord_4421,LOW,2009-07-07
Ord_4422,LOW,2011-10-11
Ord_4423,HIGH,2012-12-25
Ord_4424,NOT SPECIFIED,2009-11-11
Ord_4425,CRITICAL,2010-09-29
Ord_4426,LOW,2009-08-27
Ord_4427,LOW,2011-05-12
Ord_4428,MEDIUM,2012-08-13
Ord_4429,HIGH,2010-09-07
Ord_4430,LOW,2009-03-20
Ord_4431,MEDIUM,2009-04-09
Ord_4432,MEDIUM,2009-09-04
Ord_4433,LOW,2010-07-04
Ord_4434,CRITICAL,2009-08-04
Ord_4435,NOT SPECIFIED,2009-06-03
Ord_4436,CRITICAL,2010-09-21
Ord_4437,NOT SPECIFIED,2009-09-27
Ord_4438,HIGH,2010-06-16
Ord_4439,MEDIUM,2011-02-06
Ord_4440,LOW,2011-12-10
Ord_4441,HIGH,2011-02-20
Ord_4442,LOW,2010-12-21
Ord_4443,CRITICAL,2009-11-20
Ord_4444,LOW,2010-01-07
Ord_4445,HIGH,2011-11-24
Ord_4446,MEDIUM,2010-06-25
Ord_4447,NOT SPECIFIED,2010-07-26
Ord_4448,MEDIUM,2012-02-11
Ord_4449,HIGH,2009-05-16
Ord_4450,HIGH,2009-05-13
Ord_4451,MEDIUM,2009-08-18
Ord_4452,CRITICAL,2011-04-10
Ord_4453,NOT SPECIFIED,2012-12-02
Ord_4454,LOW,2009-01-13
Ord_4455,CRITICAL,2012-02-24
Ord_4456,LOW,2010-01-23
Ord_4457,HIGH,2012-03-06
Ord_4458,NOT SPECIFIED,2010-05-17
Ord_4459,CRITICAL,2009-08-01
Ord_4460,NOT SPECIFIED,2011-02-15
Ord_4461,LOW,2012-10-16
Ord_4462,NOT SPECIFIED,2012-05-11
Ord_4463,LOW,2010-09-26
Ord_4464,MEDIUM,2010-10-26
Ord_4465,LOW,2009-11-03
Ord_4466,NOT SPECIFIED,2009-12-17
Ord_4467,HIGH,2010-07-09
Ord_4468,LOW,2010-11-04
Ord_4469,CRITICAL,2012-03-23
Ord_4470,NOT SPECIFIED,2009-10-02
Ord_4471,NOT SPECIFIED,2009-12-13
Ord_4472,CRITICAL,2011-08-02
Ord_4473,LOW,2011-02-18
Ord_4474,HIGH,2010-05-10
Ord_4475,NOT SPECIFIED,2011-03-02
Ord_4476,HIGH,2012-10-06
Ord_4477,HIGH,2010-12-12
Ord_4478,NOT SPECIFIED,2010-12-18
Ord_4479,NOT SPECIFIED,2012-02-11
Ord_4480,CRITICAL,2012-10-30
Ord_4481,LOW,2010-08-31
Ord_4482,NOT SPECIFIED,2010-10-08
Ord_4483,NOT SPECIFIED,2012-03-15
Ord_4484,LOW,2009-02-04
Ord_4485,HIGH,2009-04-29
Ord_4486,CRITICAL,2012-10-27
Ord_4487,CRITICAL,2012-05-21
Ord_4488,MEDIUM,2012-09-20
Ord_4489,LOW,2012-01-10
Ord_4490,NOT SPECIFIED,2009-04-24
Ord_4491,LOW,2009-08-29
Ord_4492,LOW,2012-05-21
Ord_4493,NOT SPECIFIED,2010-12-31
Ord_4494,HIGH,2009-02-11
Ord_4495,LOW,2009-02-25
Ord_4496,HIGH,2009-09-15
Ord_4497,HIGH,2011-12-19
Ord_4498,LOW,2011-07-26
Ord_4499,HIGH,2009-01-28
Ord_4500,HIGH,2012-11-04
Ord_4501,HIGH,2011-09-29
Ord_4502,HIGH,2010-04-10
Ord_4503,NOT SPECIFIED,2009-03-18
Ord_4504,NOT SPECIFIED,2009-08-24
Ord_4505,CRITICAL,2010-11-13
Ord_4506,CRITICAL,2010-01-14
Ord_4507,NOT SPECIFIED,2010-12-30
Ord_4508,NOT SPECIFIED,2010-03-25
Ord_4509,LOW,2012-08-19
Ord_4510,LOW,2010-05-17
Ord_4511,LOW,2010-07-26
Ord_4512,CRITICAL,2010-07-03
Ord_4513,CRITICAL,2012-12-07
Ord_4514,HIGH,2009-04-10
Ord_4515,MEDIUM,2010-08-14
Ord_4516,HIGH,2009-07-12
Ord_4517,MEDIUM,2011-10-30
Ord_4518,MEDIUM,2012-03-27
Ord_4519,LOW,2011-06-07
Ord_4520,HIGH,2012-11-14
Ord_4521,CRITICAL,2009-05-16
Ord_4522,HIGH,2011-06-07
Ord_4523,CRITICAL,2011-02-20
Ord_4524,MEDIUM,2010-07-09
Ord_4525,NOT SPECIFIED,2011-02-02
Ord_4526,NOT SPECIFIED,2011-01-30
Ord_4527,NOT SPECIFIED,2012-11-09
Ord_4528,HIGH,2011-12-10
Ord_4529,MEDIUM,2010-03-28
Ord_4530,CRITICAL,2009-02-17
Ord_4531,CRITICAL,2009-05-27
Ord_4532,CRITICAL,2011-03-03
Ord_4533,NOT SPECIFIED,2012-07-21
Ord_4534,LOW,2012-03-28
Ord_4535,MEDIUM,2012-04-28
Ord_4536,LOW,2012-12-07
Ord_4537,NOT SPECIFIED,2011-12-10
Ord_4538,MEDIUM,2011-04-30
Ord_4539,LOW,2010-10-16
Ord_4540,CRITICAL,2010-06-25
Ord_4541,CRITICAL,2012-01-13
Ord_4542,MEDIUM,2009-04-26
Ord_4543,LOW,2010-09-15
Ord_4544,HIGH,2011-07-05
Ord_4545,NOT SPECIFIED,2010-03-31
Ord_4546,CRITICAL,2012-07-02
Ord_4547,HIGH,2011-04-18
Ord_4548,LOW,2010-12-26
Ord_4549,NOT SPECIFIED,2010-11-19
Ord_4550,MEDIUM,2012-10-27
Ord_4551,HIGH,2009-01-06
Ord_4552,HIGH,2012-12-11
Ord_4553,NOT SPECIFIED,2011-05-05
Ord_4554,NOT SPECIFIED,2009-08-30
Ord_4555,NOT SPECIFIED,2010-11-06
Ord_4556,CRITICAL,2010-07-25
Ord_4557,LOW,2009-07-13
Ord_4558,LOW,2009-02-07
Ord_4559,NOT SPECIFIED,2009-07-12
Ord_4560,HIGH,2011-03-14
Ord_4561,NOT SPECIFIED,2010-01-18
Ord_4562,LOW,2012-03-05
Ord_4563,MEDIUM,2009-12-16
Ord_4564,NOT SPECIFIED,2011-12-18
Ord_4565,LOW,2009-05-25
Ord_4566,NOT SPECIFIED,2012-10-02
Ord_4567,NOT SPECIFIED,2012-09-01
Ord_4568,LOW,2010-06-08
Ord_4569,MEDIUM,2012-06-22
Ord_4570,CRITICAL,2012-09-14
Ord_4571,NOT SPECIFIED,2012-11-25
Ord_4572,NOT SPECIFIED,2012-06-12
Ord_4573,CRITICAL,2011-11-28
Ord_4574,HIGH,2011-12-11
Ord_4575,CRITICAL,2010-11-01
Ord_4576,HIGH,2009-09-29
Ord_4577,MEDIUM,2010-04-07
Ord_4578,NOT SPECIFIED,2011-05-20
Ord_4579,NOT SPECIFIED,2011-09-11
Ord_4580,NOT SPECIFIED,2010-02-01
Ord_4581,CRITICAL,2011-03-10
Ord_4582,LOW,2010-03-04
Ord_4583,HIGH,2011-09-19
Ord_4584,CRITICAL,2010-08-03
Ord_4585,LOW,2010-09-20
Ord_4586,NOT SPECIFIED,2010-04-08
Ord_4587,MEDIUM,2012-01-26
Ord_4588,CRITICAL,2012-12-19
Ord_4589,LOW,2009-03-27
Ord_4590,NOT SPECIFIED,2012-06-29
Ord_4591,HIGH,2012-01-12
Ord_4592,NOT SPECIFIED,2010-04-27
Ord_4593,CRITICAL,2011-10-03
Ord_4594,HIGH,2011-03-31
Ord_4595,MEDIUM,2010-09-24
Ord_4596,CRITICAL,2009-07-09
Ord_4597,MEDIUM,2012-01-16
Ord_4598,HIGH,2012-05-29
Ord_4599,MEDIUM,2009-04-10
Ord_4600,MEDIUM,2012-12-27
Ord_4601,CRITICAL,2012-03-29
Ord_4602,NOT SPECIFIED,2009-05-08
Ord_4603,MEDIUM,2011-05-01
Ord_4604,HIGH,2010-06-21
Ord_4605,CRITICAL,2010-07-07
Ord_4606,LOW,2011-09-24
Ord_4607,MEDIUM,2011-06-27
Ord_4608,LOW,2011-06-26
Ord_4609,CRITICAL,2010-06-05
Ord_4610,LOW,2009-09-17
Ord_4611,NOT SPECIFIED,2010-05-05
Ord_4612,CRITICAL,2011-07-02
Ord_4613,MEDIUM,2009-11-05
Ord_4614,LOW,2010-01-09
Ord_4615,NOT SPECIFIED,2009-02-15
Ord_4616,CRITICAL,2011-11-12
Ord_4617,MEDIUM,2012-06-19
Ord_4618,HIGH,2009-05-11
Ord_4619,LOW,2012-08-02
Ord_4620,HIGH,2011-08-18
Ord_4621,HIGH,2009-05-07
Ord_4622,NOT SPECIFIED,2012-09-02
Ord_4623,LOW,2009-01-07
Ord_4624,NOT SPECIFIED,2012-10-18
Ord_4625,HIGH,2011-02-11
Ord_4626,NOT SPECIFIED,2012-03-28
Ord_4627,MEDIUM,2012-09-28
Ord_4628,MEDIUM,2010-12-16
Ord_4629,NOT SPECIFIED,2010-08-02
Ord_4630,MEDIUM,2009-04-06
Ord_4631,CRITICAL,2011-11-10
Ord_4632,MEDIUM,2011-01-17
Ord_4633,HIGH,2012-03-27
Ord_4634,NOT SPECIFIED,2012-11-17
Ord_4635,NOT SPECIFIED,2012-03-03
Ord_4636,NOT SPECIFIED,2009-12-19
Ord_4637,HIGH,2009-07-04
Ord_4638,LOW,2012-11-22
Ord_4639,MEDIUM,2011-12-25
Ord_4640,HIGH,2009-06-30
Ord_4641,LOW,2012-06-01
Ord_4642,MEDIUM,2010-02-26
Ord_4643,HIGH,2009-09-05
Ord_4644,HIGH,2010-01-14
Ord_4645,LOW,2011-06-03
Ord_4646,LOW,2009-01-02
Ord_4647,CRITICAL,2010-02-22
Ord_4648,LOW,2010-01-08
Ord_4649,NOT SPECIFIED,2009-08-16
Ord_4650,NOT SPECIFIED,2010-11-05
Ord_4651,MEDIUM,2010-12-02
Ord_4652,MEDIUM,2009-12-01
Ord_4653,NOT SPECIFIED,2010-05-28
Ord_4654,MEDIUM,2010-04-29
Ord_4655,NOT SPECIFIED,2009-09-06
Ord_4656,NOT SPECIFIED,2011-06-05
Ord_4657,CRITICAL,2011-10-26
Ord_4658,HIGH,2009-06-24
Ord_4659,LOW,2011-07-12
Ord_4660,NOT SPECIFIED,2011-12-17
Ord_4661,HIGH,2009-10-19
Ord_4662,MEDIUM,2012-09-30
Ord_4663,LOW,2012-09-02
Ord_4664,MEDIUM,2010-01-01
Ord_4665,NOT SPECIFIED,2010-04-04
Ord_4666,LOW,2010-08-29
Ord_4667,LOW,2010-04-20
Ord_4668,HIGH,2011-01-10
Ord_4669,NOT SPECIFIED,2009-12-27
Ord_4670,MEDIUM,2009-05-02
Ord_4671,MEDIUM,2009-05-24
Ord_4672,HIGH,2011-09-03
Ord_4673,MEDIUM,2011-04-16
Ord_4674,CRITICAL,2011-12-17
Ord_4675,HIGH,2009-09-22
Ord_4676,HIGH,2011-05-03
Ord_4677,HIGH,2010-09-20
Ord_4678,NOT SPECIFIED,2012-07-21
Ord_4679,LOW,2009-02-28
Ord_4680,MEDIUM,2012-09-14
Ord_4681,CRITICAL,2011-10-20
Ord_4682,NOT SPECIFIED,2009-11-02
Ord_4683,CRITICAL,2009-08-14
Ord_4684,HIGH,2010-10-14
Ord_4685,MEDIUM,2010-08-12
Ord_4686,CRITICAL,2010-01-11
Ord_4687,LOW,2010-05-24
Ord_4688,MEDIUM,2011-10-06
Ord_4689,CRITICAL,2012-10-09
Ord_4690,CRITICAL,2012-04-14
Ord_4691,LOW,2010-05-13
Ord_4692,CRITICAL,2011-05-12
Ord_4693,MEDIUM,2012-01-03
Ord_4694,MEDIUM,2012-08-27
Ord_4695,MEDIUM,2011-01-09
Ord_4696,NOT SPECIFIED,2012-06-13
Ord_4697,HIGH,2010-10-31
Ord_4698,HIGH,2009-02-26
Ord_4699,NOT SPECIFIED,2009-09-16
Ord_4700,LOW,2011-11-17
Ord_4701,CRITICAL,2009-01-02
Ord_4702,MEDIUM,2012-03-12
Ord_4703,HIGH,2010-01-06
Ord_4704,HIGH,2012-03-23
Ord_4705,MEDIUM,2012-08-07
Ord_4706,MEDIUM,2009-04-23
Ord_4707,MEDIUM,2012-01-22
Ord_4708,MEDIUM,2012-06-03
Ord_4709,MEDIUM,2009-09-11
Ord_4710,CRITICAL,2009-04-09
Ord_4711,LOW,2010-04-10
Ord_4712,HIGH,2010-07-26
Ord_4713,MEDIUM,2012-04-20
Ord_4714,CRITICAL,2009-04-30
Ord_4715,CRITICAL,2010-04-12
Ord_4716,NOT SPECIFIED,2009-08-02
Ord_4717,MEDIUM,2010-04-10
Ord_4718,NOT SPECIFIED,2012-06-09
Ord_4719,LOW,2011-06-12
Ord_4720,LOW,2010-07-21
Ord_4721,CRITICAL,2009-11-08
Ord_4722,NOT SPECIFIED,2009-03-26
Ord_4723,CRITICAL,2009-06-07
Ord_4724,NOT SPECIFIED,2012-03-11
Ord_4725,CRITICAL,2011-12-29
Ord_4726,CRITICAL,2012-06-24
Ord_4727,CRITICAL,2010-07-03
Ord_4728,HIGH,2009-02-19
Ord_4729,CRITICAL,2009-12-28
Ord_4730,LOW,2009-06-03
Ord_4731,HIGH,2012-10-23
Ord_4732,MEDIUM,2011-05-22
Ord_4733,CRITICAL,2010-07-27
Ord_4734,LOW,2010-09-01
Ord_4735,CRITICAL,2009-06-12
Ord_4736,MEDIUM,2009-08-28
Ord_4737,CRITICAL,2012-01-11
Ord_4738,HIGH,2009-08-15
Ord_4739,MEDIUM,2010-10-11
Ord_4740,CRITICAL,2009-12-16
Ord_4741,MEDIUM,2011-07-22
Ord_4742,CRITICAL,2012-04-09
Ord_4743,HIGH,2010-05-26
Ord_4744,MEDIUM,2012-03-04
Ord_4745,NOT SPECIFIED,2012-12-15
Ord_4746,LOW,2009-10-11
Ord_4747,NOT SPECIFIED,2011-08-03
Ord_4748,HIGH,2011-12-05
Ord_4749,HIGH,2012-12-26
Ord_4750,HIGH,2011-08-28
Ord_4751,HIGH,2010-05-05
Ord_4752,CRITICAL,2009-02-14
Ord_4753,LOW,2010-01-07
Ord_4754,LOW,2011-03-07
Ord_4755,HIGH,2010-01-22
Ord_4756,NOT SPECIFIED,2009-04-16
Ord_4757,CRITICAL,2009-10-25
Ord_4758,NOT SPECIFIED,2012-12-30
Ord_4759,LOW,2012-06-11
Ord_4760,LOW,2010-06-06
Ord_4761,HIGH,2010-06-21
Ord_4762,LOW,2012-05-03
Ord_4763,MEDIUM,2010-02-22
Ord_4764,CRITICAL,2012-03-03
Ord_4765,LOW,2011-07-06
Ord_4766,HIGH,2011-09-04
Ord_4767,LOW,2012-02-18
Ord_4768,NOT SPECIFIED,2010-01-30
Ord_4769,NOT SPECIFIED,2010-10-03
Ord_4770,CRITICAL,2011-04-11
Ord_4771,NOT SPECIFIED,2010-09-10
Ord_4772,HIGH,2012-08-28
Ord_4773,CRITICAL,2011-11-03
Ord_4774,CRITICAL,2010-03-22
Ord_4775,HIGH,2011-10-28
Ord_4776,HIGH,2010-02-24
Ord_4777,CRITICAL,2010-09-26
Ord_4778,NOT SPECIFIED,2012-03-15
Ord_4779,NOT SPECIFIED,2012-07-18
Ord_4780,CRITICAL,2012-06-01
Ord_4781,LOW,2012-09-06
Ord_4782,CRITICAL,2012-10-22
Ord_4783,HIGH,2011-10-21
Ord_4784,MEDIUM,2010-04-15
Ord_4785,LOW,2010-10-18
Ord_4786,NOT SPECIFIED,2012-03-19
Ord_4787,HIGH,2010-12-06
Ord_4788,MEDIUM,2010-03-05
Ord_4789,MEDIUM,2010-12-13
Ord_4790,CRITICAL,2012-08-04
Ord_4791,LOW,2011-07-10
Ord_4792,HIGH,2009-04-12
Ord_4793,LOW,2010-04-11
Ord_4794,MEDIUM,2009-08-12
Ord_4795,NOT SPECIFIED,2012-06-25
Ord_4796,CRITICAL,2009-11-16
Ord_4797,CRITICAL,2011-10-01
Ord_4798,MEDIUM,2011-11-29
Ord_4799,NOT SPECIFIED,2011-04-25
Ord_4800,CRITICAL,2012-02-27
Ord_4801,NOT SPECIFIED,2012-03-01
Ord_4802,NOT SPECIFIED,2009-02-14
Ord_4803,HIGH,2009-02-19
Ord_4804,NOT SPECIFIED,2011-11-21
Ord_4805,CRITICAL,2012-10-25
Ord_4806,LOW,2012-10-16
Ord_4807,HIGH,2012-05-29
Ord_4808,LOW,2011-12-03
Ord_4809,LOW,2010-07-23
Ord_4810,MEDIUM,2010-05-28
Ord_4811,CRITICAL,2009-10-15
Ord_4812,MEDIUM,2010-01-10
Ord_4813,HIGH,2011-05-25
Ord_4814,HIGH,2009-08-07
Ord_4815,CRITICAL,2011-05-14
Ord_4816,HIGH,2009-03-16
Ord_4817,HIGH,2011-02-06
Ord_4818,CRITICAL,2010-08-08
Ord_4819,HIGH,2009-09-16
Ord_4820,NOT SPECIFIED,2011-07-12
Ord_4821,MEDIUM,2010-12-17
Ord_4822,MEDIUM,2012-08-19
Ord_4823,MEDIUM,2011-09-05
Ord_4824,MEDIUM,2009-04-11
Ord_4825,HIGH,2012-08-30
Ord_4826,MEDIUM,2010-05-11
Ord_4827,HIGH,2011-07-01
Ord_4828,MEDIUM,2010-10-31
Ord_4829,HIGH,2010-12-20
Ord_4830,HIGH,2009-05-02
Ord_4831,NOT SPECIFIED,2010-11-12
Ord_4832,CRITICAL,2009-06-11
Ord_4833,MEDIUM,2011-06-22
Ord_4834,NOT SPECIFIED,2010-12-15
Ord_4835,CRITICAL,2011-05-31
Ord_4836,HIGH,2012-10-07
Ord_4837,MEDIUM,2009-05-22
Ord_4838,CRITICAL,2011-08-15
Ord_4839,HIGH,2011-05-01
Ord_4840,HIGH,2010-07-14
Ord_4841,NOT SPECIFIED,2011-12-13
Ord_4842,HIGH,2009-08-18
Ord_4843,NOT SPECIFIED,2009-10-29
Ord_4844,NOT SPECIFIED,2010-05-28
Ord_4845,HIGH,2012-02-17
Ord_4846,MEDIUM,2011-05-21
Ord_4847,NOT SPECIFIED,2012-07-06
Ord_4848,CRITICAL,2009-10-24
Ord_4849,HIGH,2012-04-16
Ord_4850,HIGH,2012-04-21
Ord_4851,LOW,2009-09-08
Ord_4852,MEDIUM,2009-12-10
Ord_4853,HIGH,2009-11-05
Ord_4854,MEDIUM,2012-12-28
Ord_4855,NOT SPECIFIED,2011-07-14
Ord_4856,MEDIUM,2010-06-09
Ord_4857,NOT SPECIFIED,2009-02-22
Ord_4858,HIGH,2010-12-09
Ord_4859,LOW,2009-01-12
Ord_4860,HIGH,2012-06-07
Ord_4861,NOT SPECIFIED,2012-03-24
Ord_4862,LOW,2009-03-25
Ord_4863,MEDIUM,2012-03-25
Ord_4864,HIGH,2011-06-09
Ord_4865,MEDIUM,2010-01-31
Ord_4866,NOT SPECIFIED,2010-01-24
Ord_4867,CRITICAL,2010-09-13
Ord_4868,HIGH,2011-08-25
Ord_4869,HIGH,2010-05-06
Ord_4870,CRITICAL,2010-01-31
Ord_4871,HIGH,2009-07-25
Ord_4872,HIGH,2009-05-07
Ord_4873,LOW,2012-05-18
Ord_4874,MEDIUM,2010-09-04
Ord_4875,MEDIUM,2010-09-19
Ord_4876,CRITICAL,2010-08-06
Ord_4877,HIGH,2009-01-24
Ord_4878,LOW,2010-02-11
Ord_4879,MEDIUM,2010-07-29
Ord_4880,MEDIUM,2011-03-30
Ord_4881,NOT SPECIFIED,2009-02-03
Ord_4882,MEDIUM,2009-03-30
Ord_4883,NOT SPECIFIED,2009-09-25
Ord_4884,NOT SPECIFIED,2012-06-29
Ord_4885,LOW,2012-12-05
Ord_4886,CRITICAL,2012-08-18
Ord_4887,LOW,2012-01-24
Ord_4888,MEDIUM,2011-06-27
Ord_4889,NOT SPECIFIED,2009-11-05
Ord_4890,CRITICAL,2009-11-07
Ord_4891,LOW,2009-07-05
Ord_4892,HIGH,2011-09-03
Ord_4893,HIGH,2011-02-05
Ord_4894,CRITICAL,2009-09-24
Ord_4895,LOW,2011-07-01
Ord_4896,CRITICAL,2009-05-14
Ord_4897,LOW,2010-08-21
Ord_4898,LOW,2012-02-02
Ord_4899,HIGH,2010-03-21
Ord_4900,NOT SPECIFIED,2012-09-19
Ord_4901,NOT SPECIFIED,2012-02-05
Ord_4902,LOW,2012-12-11
Ord_4903,HIGH,2010-01-18
Ord_4904,CRITICAL,2011-11-12
Ord_4905,HIGH,2011-06-14
Ord_4906,HIGH,2010-01-14
Ord_4907,LOW,2012-09-22
Ord_4908,CRITICAL,2011-04-01
Ord_4909,HIGH,2012-02-18
Ord_4910,MEDIUM,2011-04-04
Ord_4911,HIGH,2012-02-12
Ord_4912,MEDIUM,2010-02-05
Ord_4913,MEDIUM,2010-07-14
Ord_4914,HIGH,2011-02-06
Ord_4915,NOT SPECIFIED,2011-05-19
Ord_4916,NOT SPECIFIED,2009-06-20
Ord_4917,LOW,2012-02-17
Ord_4918,LOW,2011-11-16
Ord_4919,NOT SPECIFIED,2010-07-04
Ord_4920,NOT SPECIFIED,2011-05-05
Ord_4921,NOT SPECIFIED,2012-10-07
Ord_4922,MEDIUM,2012-01-18
Ord_4923,LOW,2011-04-22
Ord_4924,CRITICAL,2011-01-04
Ord_4925,LOW,2011-09-11
Ord_4926,MEDIUM,2009-04-20
Ord_4927,HIGH,2012-09-13
Ord_4928,LOW,2010-02-10
Ord_4929,HIGH,2010-04-25
Ord_4930,MEDIUM,2011-03-03
Ord_4931,CRITICAL,2012-11-09
Ord_4932,HIGH,2011-04-11
Ord_4933,MEDIUM,2012-02-07
Ord_4934,NOT SPECIFIED,2009-09-05
Ord_4935,LOW,2009-05-26
Ord_4936,HIGH,2011-09-01
Ord_4937,NOT SPECIFIED,2010-11-22
Ord_4938,MEDIUM,2011-10-10
Ord_4939,CRITICAL,2011-08-23
Ord_4940,HIGH,2012-01-08
Ord_4941,HIGH,2010-04-09
Ord_4942,CRITICAL,2009-10-06
Ord_4943,HIGH,2010-05-01
Ord_4944,MEDIUM,2012-10-25
Ord_4945,NOT SPECIFIED,2011-09-23
Ord_4946,HIGH,2011-06-08
Ord_4947,LOW,2009-01-21
Ord_4948,CRITICAL,2010-02-20
Ord_4949,HIGH,2010-09-19
Ord_4950,HIGH,2011-03-13
Ord_4951,NOT SPECIFIED,2010-09-22
Ord_4952,LOW,2009-03-30
Ord_4953,HIGH,2011-11-29
Ord_4954,MEDIUM,2009-05-04
Ord_4955,MEDIUM,2011-04-11
Ord_4956,HIGH,2010-04-11
Ord_4957,HIGH,2010-02-10
Ord_4958,MEDIUM,2010-12-05
Ord_4959,NOT SPECIFIED,2010-03-20
Ord_4960,HIGH,2011-08-18
Ord_4961,MEDIUM,2012-11-25
Ord_4962,HIGH,2012-12-21
Ord_4963,NOT SPECIFIED,2012-12-10
Ord_4964,LOW,2009-03-12
Ord_4965,MEDIUM,2012-05-20
Ord_4966,NOT SPECIFIED,2009-11-28
Ord_4967,MEDIUM,2012-03-29
Ord_4968,NOT SPECIFIED,2011-08-21
Ord_4969,HIGH,2011-09-22
Ord_4970,CRITICAL,2012-06-02
Ord_4971,HIGH,2011-12-15
Ord_4972,NOT SPECIFIED,2010-09-12
Ord_4973,MEDIUM,2011-04-05
Ord_4974,NOT SPECIFIED,2009-05-21
Ord_4975,HIGH,2010-09-15
Ord_4976,NOT SPECIFIED,2010-10-03
Ord_4977,CRITICAL,2012-09-17
Ord_4978,CRITICAL,2010-02-12
Ord_4979,LOW,2012-10-19
Ord_4980,NOT SPECIFIED,2011-10-13
Ord_4981,LOW,2011-10-28
Ord_4982,NOT SPECIFIED,2012-10-14
Ord_4983,CRITICAL,2012-11-01
Ord_4984,LOW,2010-02-15
Ord_4985,LOW,2009-11-20
Ord_4986,HIGH,2009-09-05
Ord_4987,CRITICAL,2010-06-05
Ord_4988,NOT SPECIFIED,2012-03-13
Ord_4989,NOT SPECIFIED,2010-09-23
Ord_4990,NOT SPECIFIED,2010-12-05
Ord_4991,CRITICAL,2009-12-08
Ord_4992,LOW,2009-02-02
Ord_4993,CRITICAL,2010-01-24
Ord_4994,HIGH,2011-02-28
Ord_4995,NOT SPECIFIED,2011-10-21
Ord_4996,CRITICAL,2011-12-11
Ord_4997,HIGH,2010-12-15
Ord_4998,MEDIUM,2010-06-15
Ord_4999,MEDIUM,2009-01-14
Ord_5000,MEDIUM,2010-09-03
Ord_5001,CRITICAL,2012-07-09
Ord_5002,HIGH,2012-01-07
Ord_5003,NOT SPECIFIED,2010-12-12
Ord_5004,NOT SPECIFIED,2012-03-24
Ord_5005,HIGH,2009-10-07
Ord_5006,HIGH,2010-07-29
Ord_5007,NOT SPECIFIED,2012-04-26
Ord_5008,NOT SPECIFIED,2012-04-17
Ord_5009,LOW,2009-02-16
Ord_5010,MEDIUM,2010-08-18
Ord_5011,MEDIUM,2011-11-18
Ord_5012,HIGH,2010-10-25
Ord_5013,LOW,2012-11-11
Ord_5014,LOW,2011-11-28
Ord_5015,MEDIUM,2009-09-05
Ord_5016,CRITICAL,2011-03-07
Ord_5017,LOW,2010-10-26
Ord_5018,MEDIUM,2012-01-02
Ord_5019,LOW,2009-06-08
Ord_5020,HIGH,2012-11-19
Ord_5021,LOW,2009-08-10
Ord_5022,LOW,2012-07-28
Ord_5023,HIGH,2011-05-01
Ord_5024,LOW,2011-10-20
Ord_5025,CRITICAL,2012-10-11
Ord_5026,HIGH,2011-01-31
Ord_5027,LOW,2011-03-08
Ord_5028,MEDIUM,2011-02-01
Ord_5029,LOW,2010-04-20
Ord_5030,LOW,2010-04-20
Ord_5031,NOT SPECIFIED,2009-03-12
Ord_5032,CRITICAL,2012-09-29
Ord_5033,CRITICAL,2011-04-06
Ord_5034,MEDIUM,2010-10-11
Ord_5035,LOW,2012-10-02
Ord_5036,CRITICAL,2012-05-01
Ord_5037,CRITICAL,2012-05-20
Ord_5038,MEDIUM,2010-08-18
Ord_5039,LOW,2009-08-01
Ord_5040,CRITICAL,2011-05-15
Ord_5041,MEDIUM,2012-07-03
Ord_5042,CRITICAL,2009-05-21
Ord_5043,LOW,2010-10-30
Ord_5044,NOT SPECIFIED,2011-12-29
Ord_5045,HIGH,2009-05-15
Ord_5046,NOT SPECIFIED,2009-05-21
Ord_5047,MEDIUM,2009-10-17
Ord_5048,MEDIUM,2012-12-11
Ord_5049,MEDIUM,2011-04-20
Ord_5050,NOT SPECIFIED,2009-07-06
Ord_5051,CRITICAL,2012-12-08
Ord_5052,LOW,2010-08-23
Ord_5053,HIGH,2011-05-20
Ord_5054,MEDIUM,2011-07-12
Ord_5055,HIGH,2010-04-30
Ord_5056,NOT SPECIFIED,2011-08-23
Ord_5057,MEDIUM,2012-06-11
Ord_5058,CRITICAL,2011-01-29
Ord_5059,MEDIUM,2009-02-08
Ord_5060,HIGH,2010-02-11
Ord_5061,CRITICAL,2012-05-03
Ord_5062,CRITICAL,2012-09-10
Ord_5063,HIGH,2011-05-19
Ord_5064,LOW,2012-10-28
Ord_5065,MEDIUM,2012-05-06
Ord_5066,CRITICAL,2011-07-10
Ord_5067,NOT SPECIFIED,2009-08-31
Ord_5068,NOT SPECIFIED,2011-05-27
Ord_5069,NOT SPECIFIED,2010-05-21
Ord_5070,HIGH,2009-07-15
Ord_5071,NOT SPECIFIED,2009-05-20
Ord_5072,LOW,2011-04-07
Ord_5073,CRITICAL,2012-01-03
Ord_5074,LOW,2009-08-15
Ord_5075,LOW,2010-04-28
Ord_5076,LOW,2009-04-30
Ord_5077,HIGH,2009-01-07
Ord_5078,HIGH,2012-11-15
Ord_5079,HIGH,2011-07-29
Ord_5080,LOW,2012-09-24
Ord_5081,NOT SPECIFIED,2009-09-03
Ord_5082,NOT SPECIFIED,2009-03-15
Ord_5083,LOW,2011-07-24
Ord_5084,LOW,2009-07-13
Ord_5085,LOW,2009-01-19
Ord_5086,NOT SPECIFIED,2009-08-19
Ord_5087,CRITICAL,2012-10-01
Ord_5088,NOT SPECIFIED,2009-05-03
Ord_5089,HIGH,2010-04-07
Ord_5090,CRITICAL,2012-10-21
Ord_5091,CRITICAL,2010-10-24
Ord_5092,CRITICAL,2010-11-18
Ord_5093,CRITICAL,2010-08-30
Ord_5094,HIGH,2010-11-25
Ord_5095,NOT SPECIFIED,2011-09-15
Ord_5096,HIGH,2010-04-15
Ord_5097,CRITICAL,2011-09-21
Ord_5098,HIGH,2010-07-04
Ord_5099,NOT SPECIFIED,2012-09-25
Ord_5100,NOT SPECIFIED,2009-09-19
Ord_5101,CRITICAL,2009-05-22
Ord_5102,LOW,2009-05-22
Ord_5103,HIGH,2012-11-15
Ord_5104,CRITICAL,2012-10-20
Ord_5105,MEDIUM,2010-09-05
Ord_5106,LOW,2011-02-10
Ord_5107,MEDIUM,2012-07-16
Ord_5108,HIGH,2010-07-28
Ord_5109,MEDIUM,2011-12-18
Ord_5110,MEDIUM,2012-11-24
Ord_5111,CRITICAL,2010-09-28
Ord_5112,LOW,2011-09-28
Ord_5113,CRITICAL,2011-06-17
Ord_5114,MEDIUM,2010-04-20
Ord_5115,NOT SPECIFIED,2012-02-19
Ord_5116,CRITICAL,2012-08-16
Ord_5117,MEDIUM,2012-02-23
Ord_5118,NOT SPECIFIED,2012-12-29
Ord_5119,HIGH,2012-10-28
Ord_5120,CRITICAL,2009-08-21
Ord_5121,HIGH,2009-08-06
Ord_5122,HIGH,2010-08-23
Ord_5123,CRITICAL,2010-11-08
Ord_5124,LOW,2012-02-23
Ord_5125,HIGH,2012-01-12
Ord_5126,CRITICAL,2012-01-12
Ord_5127,CRITICAL,2011-09-10
Ord_5128,HIGH,2010-11-01
Ord_5129,LOW,2011-07-21
Ord_5130,NOT SPECIFIED,2009-07-20
Ord_5131,MEDIUM,2011-06-02
Ord_5132,LOW,2012-05-02
Ord_5133,CRITICAL,2012-12-04
Ord_5134,CRITICAL,2011-11-02
Ord_5135,MEDIUM,2012-04-04
Ord_5136,LOW,2012-03-02
Ord_5137,CRITICAL,2011-12-03
Ord_5138,MEDIUM,2012-06-02
Ord_5139,MEDIUM,2010-02-20
Ord_5140,LOW,2010-01-10
Ord_5141,CRITICAL,2012-03-24
Ord_5142,CRITICAL,2009-05-04
Ord_5143,MEDIUM,2010-06-19
Ord_5144,MEDIUM,2012-05-12
Ord_5145,CRITICAL,2009-09-19
Ord_5146,NOT SPECIFIED,2012-07-13
Ord_5147,HIGH,2011-08-11
Ord_5148,LOW,2010-04-16
Ord_5149,MEDIUM,2012-02-01
Ord_5150,LOW,2010-05-27
Ord_5151,HIGH,2009-01-03
Ord_5152,LOW,2009-06-04
Ord_5153,HIGH,2010-05-19
Ord_5154,NOT SPECIFIED,2010-09-05
Ord_5155,NOT SPECIFIED,2011-02-19
Ord_5156,LOW,2009-09-12
Ord_5157,LOW,2010-02-06
Ord_5158,HIGH,2010-05-14
Ord_5159,HIGH,2010-05-29
Ord_5160,CRITICAL,2010-12-01
Ord_5161,MEDIUM,2009-04-04
Ord_5162,LOW,2012-07-11
Ord_5163,CRITICAL,2011-12-02
Ord_5164,CRITICAL,2011-02-09
Ord_5165,HIGH,2012-12-26
Ord_5166,LOW,2009-06-24
Ord_5167,NOT SPECIFIED,2012-11-30
Ord_5168,NOT SPECIFIED,2011-04-09
Ord_5169,NOT SPECIFIED,2012-09-24
Ord_5170,LOW,2010-04-02
Ord_5171,HIGH,2012-05-08
Ord_5172,LOW,2012-05-28
Ord_5173,MEDIUM,2010-09-17
Ord_5174,CRITICAL,2010-10-06
Ord_5175,LOW,2012-04-24
Ord_5176,CRITICAL,2012-10-31
Ord_5177,CRITICAL,2010-09-20
Ord_5178,CRITICAL,2011-08-09
Ord_5179,MEDIUM,2011-03-30
Ord_5180,LOW,2011-03-05
Ord_5181,HIGH,2012-08-07
Ord_5182,MEDIUM,2012-03-28
Ord_5183,MEDIUM,2009-05-13
Ord_5184,MEDIUM,2010-12-31
Ord_5185,HIGH,2010-06-22
Ord_5186,LOW,2009-07-31
Ord_5187,NOT SPECIFIED,2011-10-02
Ord_5188,HIGH,2009-06-12
Ord_5189,NOT SPECIFIED,2012-03-20
Ord_5190,MEDIUM,2010-06-07
Ord_5191,MEDIUM,2012-10-18
Ord_5192,MEDIUM,2010-12-26
Ord_5193,NOT SPECIFIED,2011-07-29
Ord_5194,NOT SPECIFIED,2012-02-18
Ord_5195,MEDIUM,2012-07-21
Ord_5196,NOT SPECIFIED,2010-08-31
Ord_5197,LOW,2011-05-03
Ord_5198,LOW,2010-06-30
Ord_5199,LOW,2009-06-30
Ord_5200,MEDIUM,2009-07-13
Ord_5201,CRITICAL,2010-01-12
Ord_5202,LOW,2010-09-21
Ord_5203,HIGH,2012-08-16
Ord_5204,MEDIUM,2009-12-22
Ord_5205,MEDIUM,2009-07-20
Ord_5206,MEDIUM,2012-08-29
Ord_5207,MEDIUM,2012-04-29
Ord_5208,LOW,2011-08-05
Ord_5209,LOW,2010-03-14
Ord_5210,NOT SPECIFIED,2012-05-20
Ord_5211,CRITICAL,2009-10-24
Ord_5212,MEDIUM,2012-05-30
Ord_5213,HIGH,2009-02-22
Ord_5214,LOW,2012-05-04
Ord_5215,HIGH,2009-03-27
Ord_5216,NOT SPECIFIED,2009-06-15
Ord_5217,LOW,2011-04-16
Ord_5218,HIGH,2012-05-27
Ord_5219,HIGH,2011-11-21
Ord_5220,CRITICAL,2012-08-09
Ord_5221,NOT SPECIFIED,2011-07-08
Ord_5222,MEDIUM,2011-05-07
Ord_5223,MEDIUM,2010-01-23
Ord_5224,MEDIUM,2012-08-22
Ord_5225,LOW,2010-08-21
Ord_5226,CRITICAL,2009-08-16
Ord_5227,LOW,2009-12-18
Ord_5228,HIGH,2012-10-13
Ord_5229,CRITICAL,2012-02-27
Ord_5230,HIGH,2011-07-16
Ord_5231,HIGH,2010-08-31
Ord_5232,NOT SPECIFIED,2011-11-27
Ord_5233,MEDIUM,2011-01-26
Ord_5234,HIGH,2011-04-15
Ord_5235,HIGH,2010-04-11
Ord_5236,CRITICAL,2011-10-08
Ord_5237,NOT SPECIFIED,2011-08-26
Ord_5238,HIGH,2011-02-24
Ord_5239,CRITICAL,2012-01-04
Ord_5240,MEDIUM,2009-11-16
Ord_5241,LOW,2012-10-14
Ord_5242,NOT SPECIFIED,2009-08-11
Ord_5243,HIGH,2011-09-26
Ord_5244,NOT SPECIFIED,2009-12-28
Ord_5245,LOW,2009-04-09
Ord_5246,LOW,2012-03-07
Ord_5247,MEDIUM,2009-12-18
Ord_5248,LOW,2012-04-18
Ord_5249,HIGH,2010-04-26
Ord_5250,NOT SPECIFIED,2009-08-21
Ord_5251,NOT SPECIFIED,2010-12-17
Ord_5252,NOT SPECIFIED,2012-06-02
Ord_5253,CRITICAL,2012-02-12
Ord_5254,MEDIUM,2011-02-21
Ord_5255,NOT SPECIFIED,2010-10-02
Ord_5256,NOT SPECIFIED,2012-02-19
Ord_5257,CRITICAL,2012-12-21
Ord_5258,HIGH,2011-12-21
Ord_5259,CRITICAL,2011-07-21
Ord_5260,NOT SPECIFIED,2009-06-01
Ord_5261,MEDIUM,2009-05-01
Ord_5262,CRITICAL,2012-04-05
Ord_5263,LOW,2009-10-15
Ord_5264,HIGH,2011-06-19
Ord_5265,HIGH,2009-08-21
Ord_5266,LOW,2009-09-28
Ord_5267,HIGH,2009-01-03
Ord_5268,HIGH,2009-05-23
Ord_5269,CRITICAL,2012-02-10
Ord_5270,LOW,2011-04-09
Ord_5271,NOT SPECIFIED,2009-01-03
Ord_5272,LOW,2011-02-22
Ord_5273,HIGH,2010-06-06
Ord_5274,LOW,2009-02-27
Ord_5275,HIGH,2011-02-08
Ord_5276,LOW,2011-07-25
Ord_5277,MEDIUM,2012-03-24
Ord_5278,LOW,2011-12-30
Ord_5279,MEDIUM,2009-01-28
Ord_5280,HIGH,2009-05-15
Ord_5281,NOT SPECIFIED,2011-03-05
Ord_5282,MEDIUM,2009-09-30
Ord_5283,LOW,2009-08-19
Ord_5284,HIGH,2009-07-12
Ord_5285,HIGH,2012-12-18
Ord_5286,LOW,2010-10-30
Ord_5287,HIGH,2010-12-15
Ord_5288,CRITICAL,2011-09-15
Ord_5289,CRITICAL,2011-01-05
Ord_5290,NOT SPECIFIED,2009-06-29
Ord_5291,NOT SPECIFIED,2011-06-06
Ord_5292,MEDIUM,2009-10-30
Ord_5293,HIGH,2010-06-04
Ord_5294,HIGH,2012-05-30
Ord_5295,MEDIUM,2012-04-10
Ord_5296,CRITICAL,2012-08-28
Ord_5297,HIGH,2012-07-10
Ord_5298,NOT SPECIFIED,2011-07-02
Ord_5299,CRITICAL,2012-12-09
Ord_5300,NOT SPECIFIED,2009-01-21
Ord_5301,CRITICAL,2011-03-02
Ord_5302,NOT SPECIFIED,2011-11-02
Ord_5303,MEDIUM,2010-02-07
Ord_5304,MEDIUM,2010-07-24
Ord_5305,LOW,2011-08-03
Ord_5306,HIGH,2012-08-20
Ord_5307,HIGH,2011-11-07
Ord_5308,HIGH,2009-02-19
Ord_5309,LOW,2010-09-13
Ord_5310,HIGH,2011-06-16
Ord_5311,HIGH,2010-12-19
Ord_5312,MEDIUM,2011-04-23
Ord_5313,CRITICAL,2011-05-31
Ord_5314,NOT SPECIFIED,2012-08-30
Ord_5315,HIGH,2012-02-17
Ord_5316,MEDIUM,2011-02-03
Ord_5317,NOT SPECIFIED,2012-07-21
Ord_5318,LOW,2010-12-06
Ord_5319,CRITICAL,2011-05-27
Ord_5320,MEDIUM,2011-05-02
Ord_5321,MEDIUM,2012-03-03
Ord_5322,LOW,2009-06-03
Ord_5323,NOT SPECIFIED,2009-01-10
Ord_5324,LOW,2012-05-31
Ord_5325,CRITICAL,2010-02-14
Ord_5326,MEDIUM,2009-08-31
Ord_5327,HIGH,2011-05-12
Ord_5328,LOW,2009-09-06
Ord_5329,LOW,2010-06-04
Ord_5330,HIGH,2012-08-09
Ord_5331,MEDIUM,2009-04-23
Ord_5332,LOW,2012-10-04
Ord_5333,HIGH,2011-10-31
Ord_5334,NOT SPECIFIED,2009-03-09
Ord_5335,MEDIUM,2009-08-22
Ord_5336,LOW,2009-04-19
Ord_5337,MEDIUM,2011-08-11
Ord_5338,CRITICAL,2011-11-03
Ord_5339,CRITICAL,2009-04-25
Ord_5340,NOT SPECIFIED,2011-11-16
Ord_5341,CRITICAL,2010-03-27
Ord_5342,HIGH,2009-02-17
Ord_5343,MEDIUM,2009-12-09
Ord_5344,NOT SPECIFIED,2012-02-20
Ord_5345,NOT SPECIFIED,2011-10-30
Ord_5346,HIGH,2010-01-12
Ord_5347,NOT SPECIFIED,2012-08-01
Ord_5348,HIGH,2011-08-21
Ord_5349,HIGH,2012-11-02
Ord_5350,CRITICAL,2012-10-05
Ord_5351,NOT SPECIFIED,2009-09-10
Ord_5352,CRITICAL,2012-04-25
Ord_5353,MEDIUM,2009-04-29
Ord_5354,CRITICAL,2011-11-06
Ord_5355,NOT SPECIFIED,2012-03-21
Ord_5356,NOT SPECIFIED,2012-04-24
Ord_5357,NOT SPECIFIED,2009-05-26
Ord_5358,NOT SPECIFIED,2009-07-20
Ord_5359,CRITICAL,2012-10-12
Ord_5360,CRITICAL,2009-12-20
Ord_5361,HIGH,2009-01-08
Ord_5362,MEDIUM,2010-05-07
Ord_5363,NOT SPECIFIED,2011-04-08
Ord_5364,LOW,2009-03-21
Ord_5365,CRITICAL,2012-08-04
Ord_5366,MEDIUM,2009-05-15
Ord_5367,CRITICAL,2012-04-14
Ord_5368,LOW,2009-07-01
Ord_5369,CRITICAL,2010-05-23
Ord_5370,LOW,2011-01-03
Ord_5371,CRITICAL,2011-04-03
Ord_5372,NOT SPECIFIED,2009-05-25
Ord_5373,LOW,2012-01-16
Ord_5374,CRITICAL,2010-09-10
Ord_5375,CRITICAL,2011-09-04
Ord_5376,LOW,2010-08-07
Ord_5377,LOW,2010-05-23
Ord_5378,NOT SPECIFIED,2012-03-28
Ord_5379,CRITICAL,2009-08-10
Ord_5380,NOT SPECIFIED,2011-12-27
Ord_5381,HIGH,2009-04-17
Ord_5382,MEDIUM,2010-05-21
Ord_5383,MEDIUM,2011-02-22
Ord_5384,CRITICAL,2009-08-14
Ord_5385,NOT SPECIFIED,2009-11-24
Ord_5386,HIGH,2011-06-15
Ord_5387,LOW,2010-04-07
Ord_5388,CRITICAL,2012-10-18
Ord_5389,HIGH,2009-10-20
Ord_5390,LOW,2012-12-04
Ord_5391,NOT SPECIFIED,2011-10-19
Ord_5392,LOW,2012-05-09
Ord_5393,HIGH,2009-03-21
Ord_5394,CRITICAL,2012-02-16
Ord_5395,NOT SPECIFIED,2010-11-29
Ord_5396,HIGH,2012-03-30
Ord_5397,MEDIUM,2012-10-27
Ord_5398,NOT SPECIFIED,2009-10-27
Ord_5399,CRITICAL,2011-08-17
Ord_5400,HIGH,2011-04-05
Ord_5401,MEDIUM,2009-02-26
Ord_5402,NOT SPECIFIED,2011-05-05
Ord_5403,NOT SPECIFIED,2009-12-24
Ord_5404,NOT SPECIFIED,2010-04-20
Ord_5405,NOT SPECIFIED,2009-11-23
Ord_5406,HIGH,2009-07-07
Ord_5407,MEDIUM,2012-04-17
Ord_5408,NOT SPECIFIED,2010-03-09
Ord_5409,NOT SPECIFIED,2011-04-07
Ord_5410,CRITICAL,2012-11-21
Ord_5411,LOW,2010-09-17
Ord_5412,CRITICAL,2012-06-01
Ord_5413,LOW,2009-03-06
Ord_5414,MEDIUM,2009-01-23
Ord_5415,CRITICAL,2011-09-25
Ord_5416,MEDIUM,2009-09-04
Ord_5417,LOW,2012-02-19
Ord_5418,LOW,2011-03-03
Ord_5419,MEDIUM,2009-11-13
Ord_5420,LOW,2009-05-21
Ord_5421,MEDIUM,2012-11-28
Ord_5422,LOW,2012-05-29
Ord_5423,CRITICAL,2009-07-28
Ord_5424,MEDIUM,2012-09-07
Ord_5425,HIGH,2011-07-03
Ord_5426,CRITICAL,2011-07-14
Ord_5427,MEDIUM,2012-03-22
Ord_5428,MEDIUM,2012-09-22
Ord_5429,LOW,2011-04-20
Ord_5430,NOT SPECIFIED,2011-11-05
Ord_5431,LOW,2011-02-05
Ord_5432,NOT SPECIFIED,2010-02-02
Ord_5433,CRITICAL,2010-11-04
Ord_5434,CRITICAL,2012-04-18
Ord_5435,NOT SPECIFIED,2012-08-19
Ord_5436,CRITICAL,2012-09-16
Ord_5437,MEDIUM,2010-03-20
Ord_5438,HIGH,2012-02-07
Ord_5439,LOW,2011-07-12
Ord_5440,HIGH,2010-10-03
Ord_5441,HIGH,2010-12-07
Ord_5442,HIGH,2010-10-02
Ord_5443,NOT SPECIFIED,2009-03-21
Ord_5444,MEDIUM,2009-01-21
Ord_5445,HIGH,2012-02-27
Ord_5446,NOT SPECIFIED,2010-07-27
Ord_5447,CRITICAL,2010-02-07
Ord_5448,NOT SPECIFIED,2012-01-14
Ord_5449,MEDIUM,2011-07-05
Ord_5450,MEDIUM,2010-05-15
Ord_5451,LOW,2012-09-29
Ord_5452,LOW,2009-03-10
Ord_5453,CRITICAL,2009-08-04
Ord_5454,HIGH,2009-08-07
Ord_5455,LOW,2010-09-27
Ord_5456,MEDIUM,2010-11-09
Ord_5457,CRITICAL,2012-02-02
Ord_5458,MEDIUM,2011-05-23
Ord_5459,MEDIUM,2011-03-10
Ord_5460,LOW,2009-02-09
Ord_5461,CRITICAL,2010-12-21
Ord_5462,NOT SPECIFIED,2012-11-26
Ord_5463,LOW,2009-07-14
Ord_5464,LOW,2009-10-18
Ord_5465,LOW,2012-01-27
Ord_5466,NOT SPECIFIED,2009-12-20
Ord_5467,NOT SPECIFIED,2011-07-10
Ord_5468,CRITICAL,2011-06-29
Ord_5469,LOW,2010-11-22
Ord_5470,NOT SPECIFIED,2010-09-13
Ord_5471,HIGH,2012-08-13
Ord_5472,MEDIUM,2009-09-18
Ord_5473,NOT SPECIFIED,2012-03-08
Ord_5474,NOT SPECIFIED,2010-08-09
Ord_5475,MEDIUM,2012-02-01
Ord_5476,LOW,2010-05-17
Ord_5477,LOW,2011-10-31
Ord_5478,CRITICAL,2011-07-16
Ord_5479,NOT SPECIFIED,2012-01-09
Ord_5480,MEDIUM,2012-04-23
Ord_5481,CRITICAL,2012-08-30
Ord_5482,CRITICAL,2012-04-03
Ord_5483,MEDIUM,2012-05-08
Ord_5484,LOW,2012-02-26
Ord_5485,LOW,2009-07-01
Ord_5486,HIGH,2010-07-03
Ord_5487,MEDIUM,2010-03-02
Ord_5488,MEDIUM,2010-01-11
Ord_5489,HIGH,2009-11-10
Ord_5490,MEDIUM,2010-06-03
Ord_5491,LOW,2012-09-03
Ord_5492,HIGH,2010-07-29
Ord_5493,HIGH,2010-04-20
Ord_5494,MEDIUM,2009-07-02
Ord_5495,CRITICAL,2012-12-16
Ord_5496,MEDIUM,2010-02-04
Ord_5497,HIGH,2012-04-28
Ord_5498,LOW,2009-04-26
Ord_5499,LOW,2011-05-06
Ord_5500,MEDIUM,2010-11-07
Ord_5501,MEDIUM,2009-09-15
Ord_5502,NOT SPECIFIED,2010-10-08
Ord_5503,LOW,2012-07-09
Ord_5504,HIGH,2011-07-30
Ord_5505,MEDIUM,2010-08-09
Ord_5506,HIGH,2009-02-08
