"ship_id","modo_entrega","data_pedido"
SHP_1,REGULAR AIR,2010-10-20
SHP_2,DELIVERY TRUCK,2012-10-02
SHP_3,REGULAR AIR,2012-10-03
SHP_4,REGULAR AIR,2011-07-12
SHP_5,REGULAR AIR,2010-08-30
SHP_6,REGULAR AIR,2011-06-17
SHP_7,REGULAR AIR,2011-06-18
SHP_8,EXPRESS AIR,2011-03-25
SHP_9,REGULAR AIR,2010-02-26
SHP_10,REGULAR AIR,2010-11-24
SHP_11,REGULAR AIR,2012-06-09
SHP_12,REGULAR AIR,2012-06-10
SHP_13,REGULAR AIR,2012-08-04
SHP_14,REGULAR AIR,2011-05-31
SHP_15,REGULAR AIR,2009-11-26
SHP_16,DELIVERY TRUCK,2012-02-16
SHP_17,REGULAR AIR,2012-02-16
SHP_18,REGULAR AIR,2012-04-22
SHP_19,REGULAR AIR,2012-04-19
SHP_20,EXPRESS AIR,2010-03-14
SHP_21,REGULAR AIR,2010-03-14
SHP_22,REGULAR AIR,2011-03-11
SHP_23,REGULAR AIR,2011-03-14
SHP_24,REGULAR AIR,2012-08-06
SHP_25,REGULAR AIR,2011-05-07
SHP_26,DELIVERY TRUCK,2010-12-25
SHP_27,REGULAR AIR,2010-11-13
SHP_28,REGULAR AIR,2012-10-22
SHP_29,REGULAR AIR,2011-01-02
SHP_30,REGULAR AIR,2011-01-03
SHP_31,REGULAR AIR,2011-10-11
SHP_32,REGULAR AIR,2010-09-25
SHP_33,DELIVERY TRUCK,2011-07-19
SHP_34,REGULAR AIR,2009-10-09
SHP_35,DELIVERY TRUCK,2009-10-11
SHP_36,REGULAR AIR,2009-10-10
SHP_37,DELIVERY TRUCK,2010-12-11
SHP_38,REGULAR AIR,2012-10-10
SHP_39,REGULAR AIR,2012-05-03
SHP_40,REGULAR AIR,2010-03-08
SHP_41,REGULAR AIR,2011-05-30
SHP_42,REGULAR AIR,2010-09-21
SHP_43,REGULAR AIR,2011-09-01
SHP_44,REGULAR AIR,2011-09-02
SHP_45,EXPRESS AIR,2011-09-02
SHP_46,REGULAR AIR,2011-07-10
SHP_47,REGULAR AIR,2009-02-01
SHP_48,REGULAR AIR,2012-01-13
SHP_49,REGULAR AIR,2010-11-08
SHP_50,REGULAR AIR,2010-05-01
SHP_51,REGULAR AIR,2012-01-03
SHP_52,REGULAR AIR,2009-08-13
SHP_53,REGULAR AIR,2009-08-15
SHP_54,REGULAR AIR,2011-11-19
SHP_55,REGULAR AIR,2012-01-20
SHP_56,REGULAR AIR,2009-03-22
SHP_57,REGULAR AIR,2012-07-28
SHP_58,EXPRESS AIR,2012-07-25
SHP_59,EXPRESS AIR,2012-06-15
SHP_60,REGULAR AIR,2009-01-20
SHP_61,EXPRESS AIR,2010-06-08
SHP_62,REGULAR AIR,2010-02-19
SHP_63,EXPRESS AIR,2011-11-18
SHP_64,DELIVERY TRUCK,2011-11-18
SHP_65,REGULAR AIR,2011-11-18
SHP_66,REGULAR AIR,2011-08-11
SHP_67,REGULAR AIR,2010-06-09
SHP_68,REGULAR AIR,2009-10-17
SHP_69,DELIVERY TRUCK,2011-08-29
SHP_70,EXPRESS AIR,2011-10-01
SHP_71,REGULAR AIR,2011-09-30
SHP_72,REGULAR AIR,2012-05-08
SHP_73,EXPRESS AIR,2011-05-18
SHP_74,REGULAR AIR,2011-05-18
SHP_75,REGULAR AIR,2011-05-19
SHP_76,REGULAR AIR,2009-11-18
SHP_77,EXPRESS AIR,2011-10-12
SHP_78,DELIVERY TRUCK,2012-10-08
SHP_79,EXPRESS AIR,2012-10-08
SHP_80,REGULAR AIR,2012-10-07
SHP_81,REGULAR AIR,2011-08-16
SHP_82,DELIVERY TRUCK,2011-08-17
SHP_83,REGULAR AIR,2011-08-17
SHP_84,EXPRESS AIR,2011-08-17
SHP_85,REGULAR AIR,2009-03-04
SHP_86,REGULAR AIR,2009-08-20
SHP_87,DELIVERY TRUCK,2010-11-17
SHP_88,REGULAR AIR,2011-05-29
SHP_89,REGULAR AIR,2011-06-03
SHP_90,EXPRESS AIR,2010-08-24
SHP_91,REGULAR AIR,2011-08-21
SHP_92,REGULAR AIR,2012-01-05
SHP_93,REGULAR AIR,2012-11-30
SHP_94,REGULAR AIR,2012-03-18
SHP_95,REGULAR AIR,2010-04-19
SHP_96,REGULAR AIR,2010-08-26
SHP_97,DELIVERY TRUCK,2011-07-05
SHP_98,REGULAR AIR,2010-11-12
SHP_99,REGULAR AIR,2010-06-25
SHP_100,DELIVERY TRUCK,2010-06-25
SHP_101,REGULAR AIR,2012-09-19
SHP_102,REGULAR AIR,2012-09-21
SHP_103,REGULAR AIR,2011-12-28
SHP_104,REGULAR AIR,2012-03-24
SHP_105,REGULAR AIR,2011-10-17
SHP_106,DELIVERY TRUCK,2010-08-08
SHP_107,REGULAR AIR,2009-03-10
SHP_108,REGULAR AIR,2010-02-09
SHP_109,DELIVERY TRUCK,2010-02-11
SHP_110,REGULAR AIR,2009-01-17
SHP_111,REGULAR AIR,2009-01-19
SHP_112,DELIVERY TRUCK,2010-08-31
SHP_113,REGULAR AIR,2010-08-31
SHP_114,REGULAR AIR,2009-09-12
SHP_115,REGULAR AIR,2009-07-17
SHP_116,REGULAR AIR,2012-11-20
SHP_117,REGULAR AIR,2011-09-14
SHP_118,REGULAR AIR,2011-04-13
SHP_119,EXPRESS AIR,2011-04-13
SHP_120,REGULAR AIR,2011-04-11
SHP_121,REGULAR AIR,2011-10-11
SHP_122,REGULAR AIR,2011-10-10
SHP_123,DELIVERY TRUCK,2012-10-25
SHP_124,REGULAR AIR,2012-01-08
SHP_125,REGULAR AIR,2010-01-27
SHP_126,DELIVERY TRUCK,2010-01-26
SHP_127,REGULAR AIR,2011-01-29
SHP_128,DELIVERY TRUCK,2011-01-27
SHP_129,REGULAR AIR,2009-08-29
SHP_130,DELIVERY TRUCK,2011-03-19
SHP_131,REGULAR AIR,2011-03-18
SHP_132,REGULAR AIR,2012-06-08
SHP_133,DELIVERY TRUCK,2011-04-13
SHP_134,EXPRESS AIR,2011-04-14
SHP_135,REGULAR AIR,2011-04-12
SHP_136,REGULAR AIR,2012-11-10
SHP_137,EXPRESS AIR,2012-11-15
SHP_138,REGULAR AIR,2012-05-17
SHP_139,REGULAR AIR,2012-04-11
SHP_140,REGULAR AIR,2012-08-07
SHP_141,REGULAR AIR,2009-07-23
SHP_142,REGULAR AIR,2010-05-11
SHP_143,DELIVERY TRUCK,2009-02-20
SHP_144,DELIVERY TRUCK,2009-02-18
SHP_145,REGULAR AIR,2012-06-28
SHP_146,EXPRESS AIR,2012-06-29
SHP_147,REGULAR AIR,2010-10-01
SHP_148,REGULAR AIR,2010-04-16
SHP_149,REGULAR AIR,2010-04-15
SHP_150,DELIVERY TRUCK,2011-09-15
SHP_151,DELIVERY TRUCK,2010-09-22
SHP_152,REGULAR AIR,2010-08-19
SHP_153,REGULAR AIR,2009-09-16
SHP_154,DELIVERY TRUCK,2009-06-23
SHP_155,DELIVERY TRUCK,2012-08-30
SHP_156,REGULAR AIR,2011-06-09
SHP_157,REGULAR AIR,2009-10-11
SHP_158,REGULAR AIR,2009-10-09
SHP_159,REGULAR AIR,2009-10-10
SHP_160,REGULAR AIR,2010-12-07
SHP_161,REGULAR AIR,2009-06-09
SHP_162,REGULAR AIR,2009-07-28
SHP_163,EXPRESS AIR,2011-09-10
SHP_164,REGULAR AIR,2009-01-12
SHP_165,REGULAR AIR,2010-08-15
SHP_166,REGULAR AIR,2010-08-17
SHP_167,REGULAR AIR,2009-08-06
SHP_168,DELIVERY TRUCK,2011-09-19
SHP_169,EXPRESS AIR,2011-10-24
SHP_170,REGULAR AIR,2009-11-15
SHP_171,REGULAR AIR,2009-11-16
SHP_172,REGULAR AIR,2010-07-04
SHP_173,REGULAR AIR,2010-07-05
SHP_174,REGULAR AIR,2009-02-04
SHP_175,REGULAR AIR,2012-03-17
SHP_176,REGULAR AIR,2009-08-10
SHP_177,REGULAR AIR,2010-04-08
SHP_178,REGULAR AIR,2010-04-03
SHP_179,REGULAR AIR,2010-07-31
SHP_180,REGULAR AIR,2009-06-05
SHP_181,REGULAR AIR,2010-10-13
SHP_182,EXPRESS AIR,2010-05-19
SHP_183,REGULAR AIR,2011-02-08
SHP_184,REGULAR AIR,2010-12-09
SHP_185,DELIVERY TRUCK,2009-01-07
SHP_186,DELIVERY TRUCK,2012-03-14
SHP_187,REGULAR AIR,2010-09-02
SHP_188,REGULAR AIR,2010-08-30
SHP_189,REGULAR AIR,2011-06-22
SHP_190,REGULAR AIR,2010-08-04
SHP_191,REGULAR AIR,2010-08-06
SHP_192,REGULAR AIR,2010-11-25
SHP_193,DELIVERY TRUCK,2009-08-03
SHP_194,REGULAR AIR,2011-08-11
SHP_195,DELIVERY TRUCK,2011-08-10
SHP_196,DELIVERY TRUCK,2010-05-08
SHP_197,DELIVERY TRUCK,2012-07-05
SHP_198,REGULAR AIR,2012-07-03
SHP_199,REGULAR AIR,2011-03-24
SHP_200,EXPRESS AIR,2011-11-21
SHP_201,DELIVERY TRUCK,2012-12-03
SHP_202,REGULAR AIR,2010-08-01
SHP_203,EXPRESS AIR,2010-07-30
SHP_204,REGULAR AIR,2012-05-17
SHP_205,REGULAR AIR,2012-03-03
SHP_206,REGULAR AIR,2012-03-04
SHP_207,REGULAR AIR,2010-08-21
SHP_208,DELIVERY TRUCK,2010-06-29
SHP_209,REGULAR AIR,2010-06-28
SHP_210,REGULAR AIR,2012-10-30
SHP_211,DELIVERY TRUCK,2010-01-19
SHP_212,EXPRESS AIR,2012-07-08
SHP_213,REGULAR AIR,2011-08-10
SHP_214,EXPRESS AIR,2011-08-10
SHP_215,REGULAR AIR,2010-02-22
SHP_216,REGULAR AIR,2011-06-22
SHP_217,REGULAR AIR,2009-09-04
SHP_218,EXPRESS AIR,2009-09-07
SHP_219,REGULAR AIR,2009-09-05
SHP_220,REGULAR AIR,2009-06-22
SHP_221,REGULAR AIR,2012-02-10
SHP_222,REGULAR AIR,2009-03-14
SHP_223,REGULAR AIR,2009-03-12
SHP_224,EXPRESS AIR,2009-03-11
SHP_225,REGULAR AIR,2011-06-06
SHP_226,REGULAR AIR,2012-03-11
SHP_227,DELIVERY TRUCK,2011-08-14
SHP_228,REGULAR AIR,2011-08-14
SHP_229,REGULAR AIR,2009-09-03
SHP_230,REGULAR AIR,2010-01-27
SHP_231,REGULAR AIR,2011-09-04
SHP_232,DELIVERY TRUCK,2011-09-04
SHP_233,REGULAR AIR,2012-02-09
SHP_234,REGULAR AIR,2012-02-10
SHP_235,REGULAR AIR,2011-03-21
SHP_236,REGULAR AIR,2011-05-10
SHP_237,REGULAR AIR,2009-09-27
SHP_238,REGULAR AIR,2009-09-25
SHP_239,REGULAR AIR,2012-07-11
SHP_240,REGULAR AIR,2010-01-15
SHP_241,REGULAR AIR,2009-08-27
SHP_242,REGULAR AIR,2009-10-09
SHP_243,REGULAR AIR,2011-11-13
SHP_244,REGULAR AIR,2012-04-15
SHP_245,REGULAR AIR,2012-01-03
SHP_246,REGULAR AIR,2011-03-09
SHP_247,REGULAR AIR,2009-07-04
SHP_248,DELIVERY TRUCK,2009-07-04
SHP_249,DELIVERY TRUCK,2011-04-17
SHP_250,REGULAR AIR,2011-11-26
SHP_251,DELIVERY TRUCK,2011-11-26
SHP_252,REGULAR AIR,2012-04-26
SHP_253,REGULAR AIR,2011-03-27
SHP_254,REGULAR AIR,2011-03-28
SHP_255,REGULAR AIR,2010-07-18
SHP_256,REGULAR AIR,2010-10-25
SHP_257,REGULAR AIR,2009-08-26
SHP_258,REGULAR AIR,2011-06-13
SHP_259,DELIVERY TRUCK,2012-11-24
SHP_260,DELIVERY TRUCK,2012-11-25
SHP_261,REGULAR AIR,2012-11-25
SHP_262,REGULAR AIR,2009-05-01
SHP_263,REGULAR AIR,2012-05-12
SHP_264,REGULAR AIR,2012-05-13
SHP_265,REGULAR AIR,2010-10-17
SHP_266,EXPRESS AIR,2010-10-18
SHP_267,REGULAR AIR,2010-10-16
SHP_268,REGULAR AIR,2011-07-28
SHP_269,REGULAR AIR,2011-07-23
SHP_270,REGULAR AIR,2011-07-11
SHP_271,REGULAR AIR,2012-09-19
SHP_272,EXPRESS AIR,2012-09-18
SHP_273,REGULAR AIR,2009-01-17
SHP_274,EXPRESS AIR,2010-10-22
SHP_275,REGULAR AIR,2010-10-25
SHP_276,REGULAR AIR,2010-08-30
SHP_277,REGULAR AIR,2010-08-31
SHP_278,REGULAR AIR,2010-05-09
SHP_279,REGULAR AIR,2011-06-22
SHP_280,DELIVERY TRUCK,2010-11-26
SHP_281,REGULAR AIR,2012-04-29
SHP_282,REGULAR AIR,2012-08-30
SHP_283,REGULAR AIR,2011-08-02
SHP_284,REGULAR AIR,2011-08-01
SHP_285,REGULAR AIR,2012-10-07
SHP_286,REGULAR AIR,2012-10-08
SHP_287,REGULAR AIR,2010-02-07
SHP_288,EXPRESS AIR,2010-02-08
SHP_289,REGULAR AIR,2011-10-18
SHP_290,REGULAR AIR,2009-08-23
SHP_291,REGULAR AIR,2009-08-21
SHP_292,DELIVERY TRUCK,2009-08-22
SHP_293,REGULAR AIR,2010-06-17
SHP_294,REGULAR AIR,2010-06-15
SHP_295,REGULAR AIR,2010-06-16
SHP_296,EXPRESS AIR,2010-06-16
SHP_297,DELIVERY TRUCK,2010-02-27
SHP_298,REGULAR AIR,2009-08-18
SHP_299,REGULAR AIR,2009-08-16
SHP_300,REGULAR AIR,2011-05-15
SHP_301,REGULAR AIR,2010-10-08
SHP_302,REGULAR AIR,2010-10-09
SHP_303,REGULAR AIR,2009-10-24
SHP_304,REGULAR AIR,2009-10-25
SHP_305,REGULAR AIR,2010-06-11
SHP_306,REGULAR AIR,2011-01-10
SHP_307,DELIVERY TRUCK,2011-01-12
SHP_308,EXPRESS AIR,2009-01-30
SHP_309,REGULAR AIR,2011-03-30
SHP_310,REGULAR AIR,2011-04-01
SHP_311,REGULAR AIR,2010-11-22
SHP_312,REGULAR AIR,2011-05-31
SHP_313,REGULAR AIR,2012-05-14
SHP_314,EXPRESS AIR,2010-06-09
SHP_315,REGULAR AIR,2009-11-30
SHP_316,REGULAR AIR,2012-09-01
SHP_317,REGULAR AIR,2010-02-28
SHP_318,EXPRESS AIR,2010-02-27
SHP_319,REGULAR AIR,2012-05-22
SHP_320,REGULAR AIR,2009-11-09
SHP_321,REGULAR AIR,2010-08-29
SHP_322,REGULAR AIR,2012-08-18
SHP_323,DELIVERY TRUCK,2012-08-18
SHP_324,REGULAR AIR,2012-11-10
SHP_325,REGULAR AIR,2012-11-11
SHP_326,DELIVERY TRUCK,2011-06-02
SHP_327,REGULAR AIR,2011-08-13
SHP_328,REGULAR AIR,2011-08-11
SHP_329,REGULAR AIR,2011-08-12
SHP_330,REGULAR AIR,2009-03-06
SHP_331,REGULAR AIR,2010-06-08
SHP_332,REGULAR AIR,2012-02-19
SHP_333,DELIVERY TRUCK,2012-02-29
SHP_334,REGULAR AIR,2012-03-02
SHP_335,REGULAR AIR,2009-10-16
SHP_336,REGULAR AIR,2009-03-14
SHP_337,DELIVERY TRUCK,2010-03-14
SHP_338,REGULAR AIR,2009-07-09
SHP_339,REGULAR AIR,2012-11-23
SHP_340,REGULAR AIR,2012-11-28
SHP_341,REGULAR AIR,2009-03-03
SHP_342,REGULAR AIR,2011-09-24
SHP_343,REGULAR AIR,2011-07-23
SHP_344,EXPRESS AIR,2009-07-15
SHP_345,REGULAR AIR,2010-03-29
SHP_346,REGULAR AIR,2010-04-01
SHP_347,EXPRESS AIR,2010-02-08
SHP_348,DELIVERY TRUCK,2012-09-19
SHP_349,REGULAR AIR,2010-12-24
SHP_350,REGULAR AIR,2009-06-01
SHP_351,REGULAR AIR,2012-12-22
SHP_352,REGULAR AIR,2012-02-16
SHP_353,REGULAR AIR,2010-07-05
SHP_354,EXPRESS AIR,2011-05-18
SHP_355,REGULAR AIR,2010-03-10
SHP_356,REGULAR AIR,2009-04-28
SHP_357,REGULAR AIR,2012-04-10
SHP_358,REGULAR AIR,2011-01-02
SHP_359,REGULAR AIR,2010-02-02
SHP_360,EXPRESS AIR,2010-02-03
SHP_361,REGULAR AIR,2012-04-16
SHP_362,REGULAR AIR,2010-05-20
SHP_363,DELIVERY TRUCK,2010-05-20
SHP_364,REGULAR AIR,2009-07-28
SHP_365,EXPRESS AIR,2009-04-02
SHP_366,EXPRESS AIR,2012-06-13
SHP_367,REGULAR AIR,2010-09-02
SHP_368,DELIVERY TRUCK,2012-08-11
SHP_369,REGULAR AIR,2010-05-09
SHP_370,REGULAR AIR,2010-05-08
SHP_371,REGULAR AIR,2011-08-25
SHP_372,REGULAR AIR,2010-09-23
SHP_373,REGULAR AIR,2012-06-30
SHP_374,REGULAR AIR,2011-01-17
SHP_375,REGULAR AIR,2010-10-12
SHP_376,REGULAR AIR,2011-06-11
SHP_377,REGULAR AIR,2012-07-05
SHP_378,REGULAR AIR,2010-03-16
SHP_379,REGULAR AIR,2010-11-15
SHP_380,REGULAR AIR,2009-11-14
SHP_381,REGULAR AIR,2009-11-15
SHP_382,REGULAR AIR,2011-09-14
SHP_383,REGULAR AIR,2009-11-25
SHP_384,REGULAR AIR,2010-07-12
SHP_385,REGULAR AIR,2009-03-07
SHP_386,DELIVERY TRUCK,2011-02-21
SHP_387,REGULAR AIR,2011-02-19
SHP_388,EXPRESS AIR,2011-11-20
SHP_389,REGULAR AIR,2011-06-05
SHP_390,REGULAR AIR,2010-05-25
SHP_391,DELIVERY TRUCK,2010-05-27
SHP_392,REGULAR AIR,2009-05-31
SHP_393,REGULAR AIR,2012-08-30
SHP_394,REGULAR AIR,2011-12-17
SHP_395,REGULAR AIR,2009-12-10
SHP_396,REGULAR AIR,2012-07-03
SHP_397,REGULAR AIR,2010-12-26
SHP_398,REGULAR AIR,2011-05-21
SHP_399,DELIVERY TRUCK,2012-01-13
SHP_400,REGULAR AIR,2011-10-05
SHP_401,EXPRESS AIR,2010-03-07
SHP_402,REGULAR AIR,2010-03-07
SHP_403,REGULAR AIR,2011-11-07
SHP_404,DELIVERY TRUCK,2011-11-05
SHP_405,DELIVERY TRUCK,2009-01-07
SHP_406,REGULAR AIR,2010-11-27
SHP_407,EXPRESS AIR,2011-04-09
SHP_408,REGULAR AIR,2011-04-09
SHP_409,REGULAR AIR,2010-04-01
SHP_410,REGULAR AIR,2012-03-11
SHP_411,REGULAR AIR,2009-02-22
SHP_412,REGULAR AIR,2009-02-21
SHP_413,DELIVERY TRUCK,2009-10-01
SHP_414,REGULAR AIR,2012-11-02
SHP_415,DELIVERY TRUCK,2011-07-23
SHP_416,REGULAR AIR,2010-11-25
SHP_417,REGULAR AIR,2010-02-07
SHP_418,REGULAR AIR,2011-01-06
SHP_419,REGULAR AIR,2009-08-04
SHP_420,REGULAR AIR,2010-06-06
SHP_421,DELIVERY TRUCK,2009-08-03
SHP_422,REGULAR AIR,2010-12-30
SHP_423,REGULAR AIR,2012-10-11
SHP_424,EXPRESS AIR,2011-04-04
SHP_425,REGULAR AIR,2009-11-28
SHP_426,REGULAR AIR,2009-11-25
SHP_427,DELIVERY TRUCK,2012-04-12
SHP_428,REGULAR AIR,2010-02-18
SHP_429,REGULAR AIR,2010-09-26
SHP_430,EXPRESS AIR,2009-02-21
SHP_431,DELIVERY TRUCK,2009-02-26
SHP_432,REGULAR AIR,2012-11-13
SHP_433,REGULAR AIR,2011-10-29
SHP_434,REGULAR AIR,2009-12-23
SHP_435,REGULAR AIR,2010-05-07
SHP_436,REGULAR AIR,2011-01-09
SHP_437,REGULAR AIR,2012-07-11
SHP_438,REGULAR AIR,2012-07-10
SHP_439,EXPRESS AIR,2012-07-09
SHP_440,REGULAR AIR,2009-03-10
SHP_441,DELIVERY TRUCK,2012-01-01
SHP_442,DELIVERY TRUCK,2012-01-02
SHP_443,REGULAR AIR,2011-12-31
SHP_444,REGULAR AIR,2009-03-31
SHP_445,REGULAR AIR,2011-02-15
SHP_446,REGULAR AIR,2011-01-28
SHP_447,REGULAR AIR,2011-01-30
SHP_448,REGULAR AIR,2012-09-08
SHP_449,REGULAR AIR,2012-09-09
SHP_450,DELIVERY TRUCK,2009-05-18
SHP_451,REGULAR AIR,2012-08-02
SHP_452,DELIVERY TRUCK,2012-08-03
SHP_453,EXPRESS AIR,2012-04-24
SHP_454,REGULAR AIR,2012-07-19
SHP_455,REGULAR AIR,2012-09-23
SHP_456,REGULAR AIR,2010-05-22
SHP_457,REGULAR AIR,2009-12-04
SHP_458,DELIVERY TRUCK,2010-06-02
SHP_459,REGULAR AIR,2010-09-26
SHP_460,REGULAR AIR,2012-11-20
SHP_461,REGULAR AIR,2010-12-16
SHP_462,REGULAR AIR,2012-10-27
SHP_463,REGULAR AIR,2010-06-18
SHP_464,REGULAR AIR,2012-07-03
SHP_465,REGULAR AIR,2009-02-06
SHP_466,EXPRESS AIR,2011-08-27
SHP_467,REGULAR AIR,2009-06-27
SHP_468,REGULAR AIR,2010-05-03
SHP_469,REGULAR AIR,2009-04-09
SHP_470,REGULAR AIR,2011-09-11
SHP_471,DELIVERY TRUCK,2011-04-16
SHP_472,DELIVERY TRUCK,2011-02-15
SHP_473,REGULAR AIR,2011-02-15
SHP_474,REGULAR AIR,2011-07-31
SHP_475,REGULAR AIR,2010-08-12
SHP_476,REGULAR AIR,2010-08-11
SHP_477,REGULAR AIR,2009-04-06
SHP_478,REGULAR AIR,2010-10-28
SHP_479,DELIVERY TRUCK,2010-10-27
SHP_480,EXPRESS AIR,2012-05-30
SHP_481,REGULAR AIR,2012-06-02
SHP_482,REGULAR AIR,2012-09-12
SHP_483,REGULAR AIR,2012-09-15
SHP_484,REGULAR AIR,2012-09-14
SHP_485,REGULAR AIR,2011-03-16
SHP_486,REGULAR AIR,2011-06-19
SHP_487,REGULAR AIR,2011-01-13
SHP_488,REGULAR AIR,2011-01-20
SHP_489,REGULAR AIR,2011-01-16
SHP_490,REGULAR AIR,2009-03-06
SHP_491,EXPRESS AIR,2009-03-06
SHP_492,REGULAR AIR,2009-12-21
SHP_493,REGULAR AIR,2009-12-14
SHP_494,REGULAR AIR,2009-02-04
SHP_495,REGULAR AIR,2009-02-05
SHP_496,EXPRESS AIR,2009-09-02
SHP_497,REGULAR AIR,2012-03-10
SHP_498,DELIVERY TRUCK,2009-11-21
SHP_499,DELIVERY TRUCK,2009-11-19
SHP_500,EXPRESS AIR,2010-07-26
SHP_501,REGULAR AIR,2010-08-07
SHP_502,REGULAR AIR,2010-08-06
SHP_503,REGULAR AIR,2011-03-08
SHP_504,REGULAR AIR,2011-10-22
SHP_505,REGULAR AIR,2009-08-05
SHP_506,DELIVERY TRUCK,2010-04-30
SHP_507,DELIVERY TRUCK,2010-05-03
SHP_508,REGULAR AIR,2009-04-26
SHP_509,REGULAR AIR,2011-12-06
SHP_510,REGULAR AIR,2010-08-07
SHP_511,REGULAR AIR,2011-09-17
SHP_512,REGULAR AIR,2009-10-03
SHP_513,REGULAR AIR,2009-03-02
SHP_514,REGULAR AIR,2009-06-25
SHP_515,EXPRESS AIR,2009-06-26
SHP_516,REGULAR AIR,2011-01-17
SHP_517,REGULAR AIR,2012-01-22
SHP_518,REGULAR AIR,2012-01-20
SHP_519,REGULAR AIR,2010-05-23
SHP_520,DELIVERY TRUCK,2012-03-16
SHP_521,REGULAR AIR,2012-03-16
SHP_522,REGULAR AIR,2011-08-08
SHP_523,REGULAR AIR,2011-08-10
SHP_524,REGULAR AIR,2011-05-22
SHP_525,DELIVERY TRUCK,2011-05-22
SHP_526,EXPRESS AIR,2010-12-24
SHP_527,REGULAR AIR,2009-07-08
SHP_528,REGULAR AIR,2009-05-28
SHP_529,EXPRESS AIR,2011-06-22
SHP_530,REGULAR AIR,2012-08-23
SHP_531,EXPRESS AIR,2012-08-23
SHP_532,DELIVERY TRUCK,2011-01-27
SHP_533,DELIVERY TRUCK,2012-12-04
SHP_534,REGULAR AIR,2010-09-08
SHP_535,EXPRESS AIR,2011-04-03
SHP_536,REGULAR AIR,2011-03-29
SHP_537,REGULAR AIR,2010-08-21
SHP_538,EXPRESS AIR,2010-12-02
SHP_539,REGULAR AIR,2010-12-02
SHP_540,DELIVERY TRUCK,2010-12-04
SHP_541,REGULAR AIR,2011-03-27
SHP_542,REGULAR AIR,2009-12-22
SHP_543,REGULAR AIR,2009-12-20
SHP_544,REGULAR AIR,2011-05-06
SHP_545,REGULAR AIR,2010-10-25
SHP_546,REGULAR AIR,2010-10-26
SHP_547,REGULAR AIR,2010-05-13
SHP_548,REGULAR AIR,2010-04-13
SHP_549,REGULAR AIR,2009-01-26
SHP_550,EXPRESS AIR,2009-01-26
SHP_551,REGULAR AIR,2010-11-20
SHP_552,EXPRESS AIR,2010-11-19
SHP_553,DELIVERY TRUCK,2010-10-01
SHP_554,REGULAR AIR,2010-08-05
SHP_555,DELIVERY TRUCK,2011-06-15
SHP_556,REGULAR AIR,2010-05-07
SHP_557,REGULAR AIR,2010-09-01
SHP_558,REGULAR AIR,2012-11-01
SHP_559,REGULAR AIR,2009-07-16
SHP_560,REGULAR AIR,2009-07-17
SHP_561,DELIVERY TRUCK,2012-08-14
SHP_562,REGULAR AIR,2009-02-04
SHP_563,REGULAR AIR,2012-07-09
SHP_564,REGULAR AIR,2009-03-28
SHP_565,REGULAR AIR,2010-09-25
SHP_566,REGULAR AIR,2011-03-30
SHP_567,REGULAR AIR,2009-07-03
SHP_568,REGULAR AIR,2010-12-12
SHP_569,REGULAR AIR,2009-09-17
SHP_570,REGULAR AIR,2011-02-06
SHP_571,REGULAR AIR,2010-09-12
SHP_572,REGULAR AIR,2010-03-03
SHP_573,REGULAR AIR,2010-03-05
SHP_574,REGULAR AIR,2009-09-17
SHP_575,REGULAR AIR,2011-01-10
SHP_576,EXPRESS AIR,2011-01-14
SHP_577,REGULAR AIR,2011-07-28
SHP_578,REGULAR AIR,2009-12-25
SHP_579,REGULAR AIR,2012-11-01
SHP_580,REGULAR AIR,2009-12-24
SHP_581,REGULAR AIR,2012-04-17
SHP_582,REGULAR AIR,2011-05-15
SHP_583,EXPRESS AIR,2011-12-07
SHP_584,REGULAR AIR,2011-12-09
SHP_585,REGULAR AIR,2010-12-06
SHP_586,REGULAR AIR,2009-11-26
SHP_587,REGULAR AIR,2009-11-25
SHP_588,REGULAR AIR,2011-09-15
SHP_589,DELIVERY TRUCK,2011-09-15
SHP_590,REGULAR AIR,2010-12-05
SHP_591,DELIVERY TRUCK,2011-12-23
SHP_592,REGULAR AIR,2011-12-22
SHP_593,REGULAR AIR,2012-08-11
SHP_594,REGULAR AIR,2012-08-14
SHP_595,REGULAR AIR,2010-08-25
SHP_596,REGULAR AIR,2011-05-24
SHP_597,DELIVERY TRUCK,2012-11-19
SHP_598,REGULAR AIR,2012-06-30
SHP_599,EXPRESS AIR,2009-02-09
SHP_600,REGULAR AIR,2009-02-08
SHP_601,DELIVERY TRUCK,2009-12-26
SHP_602,REGULAR AIR,2011-09-28
SHP_603,REGULAR AIR,2011-09-24
SHP_604,REGULAR AIR,2011-09-23
SHP_605,REGULAR AIR,2009-02-17
SHP_606,DELIVERY TRUCK,2009-02-16
SHP_607,REGULAR AIR,2009-10-13
SHP_608,REGULAR AIR,2011-03-11
SHP_609,REGULAR AIR,2012-08-13
SHP_610,REGULAR AIR,2012-08-12
SHP_611,REGULAR AIR,2009-12-27
SHP_612,EXPRESS AIR,2012-07-01
SHP_613,EXPRESS AIR,2012-06-29
SHP_614,REGULAR AIR,2009-01-21
SHP_615,EXPRESS AIR,2012-05-22
SHP_616,REGULAR AIR,2009-03-19
SHP_617,DELIVERY TRUCK,2009-03-19
SHP_618,EXPRESS AIR,2009-03-20
SHP_619,DELIVERY TRUCK,2009-09-05
SHP_620,DELIVERY TRUCK,2009-11-04
SHP_621,REGULAR AIR,2011-03-27
SHP_622,REGULAR AIR,2011-03-28
SHP_623,REGULAR AIR,2012-02-11
SHP_624,REGULAR AIR,2009-05-08
SHP_625,DELIVERY TRUCK,2009-05-07
SHP_626,EXPRESS AIR,2010-11-25
SHP_627,REGULAR AIR,2011-02-12
SHP_628,REGULAR AIR,2010-03-29
SHP_629,DELIVERY TRUCK,2010-03-29
SHP_630,REGULAR AIR,2012-09-07
SHP_631,EXPRESS AIR,2011-01-31
SHP_632,REGULAR AIR,2011-02-02
SHP_633,REGULAR AIR,2009-08-09
SHP_634,DELIVERY TRUCK,2012-05-07
SHP_635,DELIVERY TRUCK,2012-05-06
SHP_636,REGULAR AIR,2012-05-07
SHP_637,REGULAR AIR,2009-11-12
SHP_638,REGULAR AIR,2009-11-10
SHP_639,REGULAR AIR,2010-06-15
SHP_640,REGULAR AIR,2012-01-12
SHP_641,REGULAR AIR,2010-12-19
SHP_642,REGULAR AIR,2012-11-30
SHP_643,REGULAR AIR,2012-12-01
SHP_644,REGULAR AIR,2009-04-19
SHP_645,REGULAR AIR,2009-09-25
SHP_646,DELIVERY TRUCK,2011-03-13
SHP_647,REGULAR AIR,2010-12-15
SHP_648,REGULAR AIR,2012-01-22
SHP_649,REGULAR AIR,2012-01-06
SHP_650,DELIVERY TRUCK,2012-01-08
SHP_651,REGULAR AIR,2009-12-10
SHP_652,DELIVERY TRUCK,2010-02-13
SHP_653,REGULAR AIR,2010-02-12
SHP_654,REGULAR AIR,2009-06-29
SHP_655,REGULAR AIR,2011-02-08
SHP_656,REGULAR AIR,2011-02-21
SHP_657,REGULAR AIR,2012-09-12
SHP_658,REGULAR AIR,2012-09-13
SHP_659,DELIVERY TRUCK,2010-02-14
SHP_660,REGULAR AIR,2010-02-03
SHP_661,REGULAR AIR,2011-09-26
SHP_662,REGULAR AIR,2011-09-27
SHP_663,REGULAR AIR,2010-08-14
SHP_664,DELIVERY TRUCK,2010-08-22
SHP_665,EXPRESS AIR,2010-08-20
SHP_666,REGULAR AIR,2012-05-19
SHP_667,REGULAR AIR,2012-05-20
SHP_668,REGULAR AIR,2010-07-13
SHP_669,REGULAR AIR,2011-10-23
SHP_670,REGULAR AIR,2011-10-24
SHP_671,REGULAR AIR,2010-07-16
SHP_672,EXPRESS AIR,2011-03-05
SHP_673,REGULAR AIR,2011-03-06
SHP_674,REGULAR AIR,2009-01-06
SHP_675,REGULAR AIR,2009-01-07
SHP_676,REGULAR AIR,2009-05-14
SHP_677,DELIVERY TRUCK,2010-02-23
SHP_678,REGULAR AIR,2010-02-24
SHP_679,REGULAR AIR,2011-06-25
SHP_680,REGULAR AIR,2009-03-22
SHP_681,REGULAR AIR,2011-01-24
SHP_682,REGULAR AIR,2011-08-01
SHP_683,REGULAR AIR,2011-08-06
SHP_684,REGULAR AIR,2010-04-05
SHP_685,EXPRESS AIR,2010-04-04
SHP_686,EXPRESS AIR,2010-11-22
SHP_687,REGULAR AIR,2010-09-12
SHP_688,REGULAR AIR,2011-09-02
SHP_689,DELIVERY TRUCK,2011-09-01
SHP_690,REGULAR AIR,2009-06-07
SHP_691,REGULAR AIR,2009-03-24
SHP_692,DELIVERY TRUCK,2010-10-03
SHP_693,DELIVERY TRUCK,2010-09-15
SHP_694,EXPRESS AIR,2010-01-11
SHP_695,EXPRESS AIR,2010-06-27
SHP_696,REGULAR AIR,2011-07-23
SHP_697,REGULAR AIR,2010-10-11
SHP_698,REGULAR AIR,2009-02-09
SHP_699,REGULAR AIR,2009-02-12
SHP_700,REGULAR AIR,2011-11-11
SHP_701,REGULAR AIR,2011-11-14
SHP_702,REGULAR AIR,2009-07-28
SHP_703,REGULAR AIR,2009-07-30
SHP_704,REGULAR AIR,2009-07-26
SHP_705,EXPRESS AIR,2009-04-19
SHP_706,DELIVERY TRUCK,2009-04-21
SHP_707,REGULAR AIR,2009-04-20
SHP_708,EXPRESS AIR,2012-02-24
SHP_709,REGULAR AIR,2012-08-02
SHP_710,REGULAR AIR,2012-08-04
SHP_711,REGULAR AIR,2011-12-19
SHP_712,REGULAR AIR,2011-12-18
SHP_713,REGULAR AIR,2010-06-15
SHP_714,DELIVERY TRUCK,2010-06-15
SHP_715,REGULAR AIR,2010-10-02
SHP_716,EXPRESS AIR,2012-04-27
SHP_717,EXPRESS AIR,2011-09-25
SHP_718,REGULAR AIR,2011-09-24
SHP_719,REGULAR AIR,2012-07-01
SHP_720,REGULAR AIR,2011-11-12
SHP_721,REGULAR AIR,2009-11-06
SHP_722,REGULAR AIR,2009-02-20
SHP_723,REGULAR AIR,2010-03-03
SHP_724,REGULAR AIR,2009-06-30
SHP_725,DELIVERY TRUCK,2009-06-28
SHP_726,REGULAR AIR,2009-06-28
SHP_727,REGULAR AIR,2009-01-27
SHP_728,EXPRESS AIR,2011-08-03
SHP_729,REGULAR AIR,2010-07-06
SHP_730,REGULAR AIR,2012-10-02
SHP_731,REGULAR AIR,2011-07-14
SHP_732,DELIVERY TRUCK,2010-07-28
SHP_733,REGULAR AIR,2009-07-11
SHP_734,REGULAR AIR,2009-07-06
SHP_735,REGULAR AIR,2009-07-13
SHP_736,REGULAR AIR,2009-07-15
SHP_737,REGULAR AIR,2012-12-13
SHP_738,EXPRESS AIR,2011-12-03
SHP_739,REGULAR AIR,2011-12-02
SHP_740,REGULAR AIR,2009-04-04
SHP_741,REGULAR AIR,2010-06-26
SHP_742,REGULAR AIR,2011-02-17
SHP_743,REGULAR AIR,2010-08-28
SHP_744,EXPRESS AIR,2010-11-06
SHP_745,EXPRESS AIR,2010-11-07
SHP_746,REGULAR AIR,2010-11-06
SHP_747,EXPRESS AIR,2009-04-30
SHP_748,REGULAR AIR,2009-08-10
SHP_749,EXPRESS AIR,2009-03-19
SHP_750,REGULAR AIR,2009-03-20
SHP_751,DELIVERY TRUCK,2009-01-06
SHP_752,REGULAR AIR,2012-10-08
SHP_753,REGULAR AIR,2010-11-05
SHP_754,REGULAR AIR,2010-11-07
SHP_755,REGULAR AIR,2012-12-12
SHP_756,DELIVERY TRUCK,2009-02-06
SHP_757,REGULAR AIR,2011-09-30
SHP_758,REGULAR AIR,2012-06-12
SHP_759,EXPRESS AIR,2012-06-12
SHP_760,DELIVERY TRUCK,2010-09-27
SHP_761,REGULAR AIR,2010-09-27
SHP_762,REGULAR AIR,2009-01-23
SHP_763,REGULAR AIR,2012-10-06
SHP_764,EXPRESS AIR,2009-03-27
SHP_765,REGULAR AIR,2012-09-22
SHP_766,REGULAR AIR,2012-09-21
SHP_767,REGULAR AIR,2010-02-07
SHP_768,REGULAR AIR,2010-03-20
SHP_769,REGULAR AIR,2011-11-28
SHP_770,REGULAR AIR,2011-11-24
SHP_771,EXPRESS AIR,2011-11-26
SHP_772,REGULAR AIR,2009-04-30
SHP_773,REGULAR AIR,2011-04-05
SHP_774,REGULAR AIR,2011-04-16
SHP_775,REGULAR AIR,2011-04-17
SHP_776,REGULAR AIR,2010-06-20
SHP_777,REGULAR AIR,2009-08-11
SHP_778,REGULAR AIR,2009-09-22
SHP_779,REGULAR AIR,2009-09-21
SHP_780,REGULAR AIR,2012-03-21
SHP_781,REGULAR AIR,2012-03-25
SHP_782,REGULAR AIR,2010-07-24
SHP_783,REGULAR AIR,2010-07-28
SHP_784,REGULAR AIR,2012-11-23
SHP_785,REGULAR AIR,2009-03-29
SHP_786,EXPRESS AIR,2010-05-16
SHP_787,REGULAR AIR,2010-05-15
SHP_788,DELIVERY TRUCK,2010-10-18
SHP_789,REGULAR AIR,2010-08-26
SHP_790,REGULAR AIR,2010-08-25
SHP_791,REGULAR AIR,2011-08-11
SHP_792,REGULAR AIR,2009-09-27
SHP_793,REGULAR AIR,2009-09-25
SHP_794,REGULAR AIR,2012-11-01
SHP_795,DELIVERY TRUCK,2012-11-01
SHP_796,REGULAR AIR,2010-05-08
SHP_797,REGULAR AIR,2011-04-11
SHP_798,EXPRESS AIR,2010-06-06
SHP_799,EXPRESS AIR,2010-05-23
SHP_800,REGULAR AIR,2010-05-25
SHP_801,REGULAR AIR,2012-10-27
SHP_802,DELIVERY TRUCK,2012-10-26
SHP_803,REGULAR AIR,2012-10-25
SHP_804,REGULAR AIR,2010-01-05
SHP_805,REGULAR AIR,2010-01-06
SHP_806,REGULAR AIR,2011-12-31
SHP_807,EXPRESS AIR,2011-12-31
SHP_808,REGULAR AIR,2011-02-14
SHP_809,DELIVERY TRUCK,2010-05-29
SHP_810,REGULAR AIR,2010-05-28
SHP_811,REGULAR AIR,2010-06-29
SHP_812,EXPRESS AIR,2011-03-06
SHP_813,EXPRESS AIR,2011-03-03
SHP_814,REGULAR AIR,2012-02-29
SHP_815,REGULAR AIR,2012-03-21
SHP_816,REGULAR AIR,2012-03-20
SHP_817,REGULAR AIR,2012-03-05
SHP_818,EXPRESS AIR,2012-03-11
SHP_819,REGULAR AIR,2012-03-11
SHP_820,EXPRESS AIR,2010-01-07
SHP_821,REGULAR AIR,2010-01-07
SHP_822,REGULAR AIR,2012-04-21
SHP_823,REGULAR AIR,2009-06-21
SHP_824,DELIVERY TRUCK,2009-06-21
SHP_825,REGULAR AIR,2012-06-14
SHP_826,REGULAR AIR,2012-07-17
SHP_827,REGULAR AIR,2009-05-18
SHP_828,REGULAR AIR,2009-05-17
SHP_829,DELIVERY TRUCK,2011-01-04
SHP_830,DELIVERY TRUCK,2011-01-02
SHP_831,REGULAR AIR,2012-01-12
SHP_832,REGULAR AIR,2009-01-24
SHP_833,REGULAR AIR,2011-12-25
SHP_834,REGULAR AIR,2012-11-22
SHP_835,REGULAR AIR,2012-12-30
SHP_836,REGULAR AIR,2010-02-01
SHP_837,REGULAR AIR,2009-02-05
SHP_838,EXPRESS AIR,2011-12-24
SHP_839,REGULAR AIR,2010-03-01
SHP_840,DELIVERY TRUCK,2010-03-01
SHP_841,REGULAR AIR,2010-03-06
SHP_842,REGULAR AIR,2010-03-04
SHP_843,DELIVERY TRUCK,2012-06-27
SHP_844,REGULAR AIR,2012-03-15
SHP_845,REGULAR AIR,2010-12-30
SHP_846,REGULAR AIR,2012-07-05
SHP_847,REGULAR AIR,2012-04-07
SHP_848,REGULAR AIR,2012-04-05
SHP_849,REGULAR AIR,2009-07-29
SHP_850,REGULAR AIR,2011-07-20
SHP_851,REGULAR AIR,2010-04-20
SHP_852,REGULAR AIR,2010-06-22
SHP_853,REGULAR AIR,2011-03-16
SHP_854,EXPRESS AIR,2011-03-16
SHP_855,DELIVERY TRUCK,2009-12-09
SHP_856,REGULAR AIR,2009-12-07
SHP_857,REGULAR AIR,2010-07-25
SHP_858,REGULAR AIR,2010-06-27
SHP_859,EXPRESS AIR,2010-06-27
SHP_860,REGULAR AIR,2011-10-10
SHP_861,REGULAR AIR,2010-09-14
SHP_862,EXPRESS AIR,2012-01-23
SHP_863,REGULAR AIR,2012-01-23
SHP_864,REGULAR AIR,2012-04-06
SHP_865,DELIVERY TRUCK,2009-12-14
SHP_866,REGULAR AIR,2012-03-25
SHP_867,REGULAR AIR,2011-09-15
SHP_868,REGULAR AIR,2012-09-08
SHP_869,REGULAR AIR,2010-08-22
SHP_870,EXPRESS AIR,2012-10-29
SHP_871,REGULAR AIR,2010-10-08
SHP_872,REGULAR AIR,2010-03-14
SHP_873,DELIVERY TRUCK,2011-05-30
SHP_874,REGULAR AIR,2011-05-10
SHP_875,REGULAR AIR,2011-05-11
SHP_876,REGULAR AIR,2010-01-20
SHP_877,REGULAR AIR,2009-12-14
SHP_878,DELIVERY TRUCK,2009-12-14
SHP_879,DELIVERY TRUCK,2009-12-13
SHP_880,DELIVERY TRUCK,2010-01-24
SHP_881,REGULAR AIR,2010-01-24
SHP_882,REGULAR AIR,2012-12-10
SHP_883,REGULAR AIR,2009-08-29
SHP_884,DELIVERY TRUCK,2012-11-04
SHP_885,REGULAR AIR,2010-07-24
SHP_886,REGULAR AIR,2010-07-27
SHP_887,REGULAR AIR,2011-11-17
SHP_888,EXPRESS AIR,2009-03-23
SHP_889,REGULAR AIR,2009-08-07
SHP_890,REGULAR AIR,2009-08-08
SHP_891,REGULAR AIR,2012-03-23
SHP_892,REGULAR AIR,2011-04-18
SHP_893,DELIVERY TRUCK,2011-04-15
SHP_894,REGULAR AIR,2011-09-07
SHP_895,REGULAR AIR,2012-05-25
SHP_896,REGULAR AIR,2012-03-08
SHP_897,DELIVERY TRUCK,2009-11-05
SHP_898,REGULAR AIR,2009-11-05
SHP_899,REGULAR AIR,2009-11-04
SHP_900,DELIVERY TRUCK,2009-08-14
SHP_901,REGULAR AIR,2010-07-08
SHP_902,REGULAR AIR,2010-11-07
SHP_903,REGULAR AIR,2012-05-07
SHP_904,REGULAR AIR,2010-06-24
SHP_905,EXPRESS AIR,2010-06-24
SHP_906,REGULAR AIR,2010-06-25
SHP_907,DELIVERY TRUCK,2012-07-28
SHP_908,DELIVERY TRUCK,2009-03-07
SHP_909,REGULAR AIR,2011-01-25
SHP_910,EXPRESS AIR,2009-08-17
SHP_911,DELIVERY TRUCK,2009-08-18
SHP_912,REGULAR AIR,2009-08-17
SHP_913,REGULAR AIR,2009-10-04
SHP_914,REGULAR AIR,2012-01-08
SHP_915,REGULAR AIR,2012-01-06
SHP_916,REGULAR AIR,2009-11-30
SHP_917,REGULAR AIR,2010-08-08
SHP_918,EXPRESS AIR,2010-11-09
SHP_919,REGULAR AIR,2012-12-07
SHP_920,REGULAR AIR,2011-03-12
SHP_921,REGULAR AIR,2009-07-19
SHP_922,EXPRESS AIR,2009-07-18
SHP_923,REGULAR AIR,2009-02-23
SHP_924,REGULAR AIR,2009-02-24
SHP_925,EXPRESS AIR,2012-09-23
SHP_926,REGULAR AIR,2012-11-11
SHP_927,EXPRESS AIR,2012-11-12
SHP_928,EXPRESS AIR,2010-04-16
SHP_929,REGULAR AIR,2011-08-26
SHP_930,REGULAR AIR,2010-11-21
SHP_931,EXPRESS AIR,2010-06-17
SHP_932,REGULAR AIR,2012-04-16
SHP_933,EXPRESS AIR,2012-04-15
SHP_934,REGULAR AIR,2012-03-20
SHP_935,REGULAR AIR,2009-05-07
SHP_936,DELIVERY TRUCK,2009-05-07
SHP_937,REGULAR AIR,2012-04-18
SHP_938,REGULAR AIR,2012-04-20
SHP_939,REGULAR AIR,2011-01-12
SHP_940,REGULAR AIR,2011-01-11
SHP_941,DELIVERY TRUCK,2009-03-08
SHP_942,REGULAR AIR,2009-03-08
SHP_943,EXPRESS AIR,2010-06-10
SHP_944,REGULAR AIR,2012-01-17
SHP_945,REGULAR AIR,2010-02-02
SHP_946,REGULAR AIR,2012-08-18
SHP_947,REGULAR AIR,2012-10-08
SHP_948,REGULAR AIR,2011-03-26
SHP_949,DELIVERY TRUCK,2012-10-03
SHP_950,REGULAR AIR,2012-10-04
SHP_951,REGULAR AIR,2012-08-16
SHP_952,REGULAR AIR,2011-02-27
SHP_953,EXPRESS AIR,2011-02-26
SHP_954,REGULAR AIR,2012-11-14
SHP_955,REGULAR AIR,2012-09-14
SHP_956,REGULAR AIR,2012-05-11
SHP_957,REGULAR AIR,2010-12-26
SHP_958,DELIVERY TRUCK,2010-12-27
SHP_959,REGULAR AIR,2012-03-26
SHP_960,REGULAR AIR,2009-05-21
SHP_961,REGULAR AIR,2009-06-24
SHP_962,DELIVERY TRUCK,2009-06-22
SHP_963,EXPRESS AIR,2011-08-08
SHP_964,REGULAR AIR,2011-08-09
SHP_965,REGULAR AIR,2010-03-28
SHP_966,REGULAR AIR,2012-12-15
SHP_967,REGULAR AIR,2012-12-16
SHP_968,DELIVERY TRUCK,2009-12-09
SHP_969,REGULAR AIR,2009-12-09
SHP_970,REGULAR AIR,2009-12-11
SHP_971,REGULAR AIR,2010-12-22
SHP_972,EXPRESS AIR,2012-08-15
SHP_973,EXPRESS AIR,2012-08-12
SHP_974,REGULAR AIR,2010-11-13
SHP_975,REGULAR AIR,2010-11-14
SHP_976,REGULAR AIR,2012-05-07
SHP_977,REGULAR AIR,2010-07-21
SHP_978,REGULAR AIR,2012-05-09
SHP_979,REGULAR AIR,2010-08-24
SHP_980,REGULAR AIR,2011-03-10
SHP_981,REGULAR AIR,2011-11-14
SHP_982,REGULAR AIR,2012-03-22
SHP_983,REGULAR AIR,2009-11-20
SHP_984,EXPRESS AIR,2009-11-23
SHP_985,REGULAR AIR,2009-09-07
SHP_986,REGULAR AIR,2012-07-20
SHP_987,REGULAR AIR,2012-08-21
SHP_988,DELIVERY TRUCK,2010-08-23
SHP_989,DELIVERY TRUCK,2012-12-28
SHP_990,REGULAR AIR,2011-06-16
SHP_991,REGULAR AIR,2010-06-25
SHP_992,REGULAR AIR,2010-10-31
SHP_993,REGULAR AIR,2009-07-15
SHP_994,REGULAR AIR,2009-04-28
SHP_995,DELIVERY TRUCK,2011-09-05
SHP_996,REGULAR AIR,2012-09-24
SHP_997,REGULAR AIR,2011-10-14
SHP_998,REGULAR AIR,2012-02-18
SHP_999,REGULAR AIR,2009-06-19
SHP_1000,REGULAR AIR,2011-05-26
SHP_1001,REGULAR AIR,2011-05-28
SHP_1002,DELIVERY TRUCK,2010-09-24
SHP_1003,REGULAR AIR,2010-09-22
SHP_1004,DELIVERY TRUCK,2011-05-29
SHP_1005,REGULAR AIR,2012-07-29
SHP_1006,REGULAR AIR,2012-07-30
SHP_1007,REGULAR AIR,2012-05-06
SHP_1008,REGULAR AIR,2010-06-18
SHP_1009,REGULAR AIR,2010-06-19
SHP_1010,REGULAR AIR,2010-07-21
SHP_1011,REGULAR AIR,2011-07-05
SHP_1012,REGULAR AIR,2012-06-12
SHP_1013,DELIVERY TRUCK,2012-06-14
SHP_1014,EXPRESS AIR,2012-04-13
SHP_1015,REGULAR AIR,2012-10-26
SHP_1016,EXPRESS AIR,2012-10-28
SHP_1017,REGULAR AIR,2009-08-01
SHP_1018,REGULAR AIR,2009-08-02
SHP_1019,REGULAR AIR,2009-08-03
SHP_1020,REGULAR AIR,2012-04-13
SHP_1021,REGULAR AIR,2012-04-18
SHP_1022,REGULAR AIR,2011-09-21
SHP_1023,REGULAR AIR,2012-11-14
SHP_1024,REGULAR AIR,2012-06-18
SHP_1025,REGULAR AIR,2010-02-28
SHP_1026,DELIVERY TRUCK,2009-08-13
SHP_1027,REGULAR AIR,2009-08-13
SHP_1028,EXPRESS AIR,2009-08-13
SHP_1029,REGULAR AIR,2009-01-28
SHP_1030,REGULAR AIR,2012-11-26
SHP_1031,DELIVERY TRUCK,2012-07-23
SHP_1032,REGULAR AIR,2009-04-11
SHP_1033,REGULAR AIR,2011-11-23
SHP_1034,REGULAR AIR,2010-01-16
SHP_1035,REGULAR AIR,2011-02-25
SHP_1036,REGULAR AIR,2009-02-15
SHP_1037,REGULAR AIR,2010-06-18
SHP_1038,EXPRESS AIR,2011-10-30
SHP_1039,REGULAR AIR,2011-10-30
SHP_1040,REGULAR AIR,2010-10-23
SHP_1041,REGULAR AIR,2011-04-09
SHP_1042,DELIVERY TRUCK,2011-04-11
SHP_1043,REGULAR AIR,2012-07-11
SHP_1044,EXPRESS AIR,2012-07-12
SHP_1045,REGULAR AIR,2012-06-24
SHP_1046,REGULAR AIR,2012-06-25
SHP_1047,DELIVERY TRUCK,2010-07-18
SHP_1048,DELIVERY TRUCK,2009-07-28
SHP_1049,REGULAR AIR,2009-07-28
SHP_1050,REGULAR AIR,2009-08-25
SHP_1051,REGULAR AIR,2009-08-24
SHP_1052,DELIVERY TRUCK,2011-08-06
SHP_1053,EXPRESS AIR,2012-05-30
SHP_1054,REGULAR AIR,2012-05-30
SHP_1055,REGULAR AIR,2010-05-06
SHP_1056,REGULAR AIR,2010-05-11
SHP_1057,REGULAR AIR,2009-10-27
SHP_1058,REGULAR AIR,2009-10-23
SHP_1059,REGULAR AIR,2009-10-25
SHP_1060,REGULAR AIR,2010-07-17
SHP_1061,REGULAR AIR,2009-07-16
SHP_1062,REGULAR AIR,2012-05-10
SHP_1063,REGULAR AIR,2012-05-12
SHP_1064,REGULAR AIR,2011-07-26
SHP_1065,REGULAR AIR,2012-08-30
SHP_1066,REGULAR AIR,2012-08-31
SHP_1067,REGULAR AIR,2011-11-23
SHP_1068,REGULAR AIR,2011-11-24
SHP_1069,REGULAR AIR,2009-09-16
SHP_1070,DELIVERY TRUCK,2009-09-25
SHP_1071,REGULAR AIR,2011-09-17
SHP_1072,REGULAR AIR,2009-01-22
SHP_1073,REGULAR AIR,2009-11-04
SHP_1074,DELIVERY TRUCK,2009-11-04
SHP_1075,DELIVERY TRUCK,2009-11-05
SHP_1076,REGULAR AIR,2011-05-28
SHP_1077,REGULAR AIR,2012-06-12
SHP_1078,REGULAR AIR,2010-01-21
SHP_1079,EXPRESS AIR,2010-01-22
SHP_1080,DELIVERY TRUCK,2010-05-03
SHP_1081,EXPRESS AIR,2012-07-12
SHP_1082,REGULAR AIR,2011-07-03
SHP_1083,REGULAR AIR,2012-06-19
SHP_1084,REGULAR AIR,2010-12-13
SHP_1085,DELIVERY TRUCK,2010-12-14
SHP_1086,REGULAR AIR,2010-12-15
SHP_1087,REGULAR AIR,2012-04-28
SHP_1088,REGULAR AIR,2009-08-09
SHP_1089,EXPRESS AIR,2010-09-10
SHP_1090,DELIVERY TRUCK,2010-09-10
SHP_1091,EXPRESS AIR,2012-09-15
SHP_1092,DELIVERY TRUCK,2012-09-15
SHP_1093,DELIVERY TRUCK,2011-07-28
SHP_1094,REGULAR AIR,2011-07-29
SHP_1095,EXPRESS AIR,2009-06-26
SHP_1096,REGULAR AIR,2009-08-29
SHP_1097,DELIVERY TRUCK,2009-08-28
SHP_1098,EXPRESS AIR,2009-08-28
SHP_1099,REGULAR AIR,2009-08-27
SHP_1100,REGULAR AIR,2011-01-11
SHP_1101,REGULAR AIR,2012-04-02
SHP_1102,DELIVERY TRUCK,2011-04-25
SHP_1103,REGULAR AIR,2009-08-29
SHP_1104,REGULAR AIR,2009-08-07
SHP_1105,REGULAR AIR,2012-09-09
SHP_1106,REGULAR AIR,2011-10-11
SHP_1107,REGULAR AIR,2010-08-23
SHP_1108,REGULAR AIR,2012-08-06
SHP_1109,EXPRESS AIR,2012-08-06
SHP_1110,REGULAR AIR,2010-12-16
SHP_1111,EXPRESS AIR,2010-12-16
SHP_1112,DELIVERY TRUCK,2009-12-26
SHP_1113,DELIVERY TRUCK,2010-10-14
SHP_1114,REGULAR AIR,2009-01-15
SHP_1115,REGULAR AIR,2011-04-05
SHP_1116,REGULAR AIR,2012-01-24
SHP_1117,REGULAR AIR,2011-09-26
SHP_1118,EXPRESS AIR,2011-10-10
SHP_1119,DELIVERY TRUCK,2011-05-05
SHP_1120,REGULAR AIR,2011-10-16
SHP_1121,REGULAR AIR,2011-10-13
SHP_1122,REGULAR AIR,2011-10-14
SHP_1123,REGULAR AIR,2010-04-12
SHP_1124,REGULAR AIR,2012-08-21
SHP_1125,REGULAR AIR,2012-08-20
SHP_1126,REGULAR AIR,2012-07-01
SHP_1127,REGULAR AIR,2009-11-21
SHP_1128,REGULAR AIR,2012-09-17
SHP_1129,REGULAR AIR,2009-09-19
SHP_1130,REGULAR AIR,2010-07-23
SHP_1131,DELIVERY TRUCK,2010-11-09
SHP_1132,REGULAR AIR,2011-01-12
SHP_1133,REGULAR AIR,2010-12-26
SHP_1134,REGULAR AIR,2012-05-31
SHP_1135,REGULAR AIR,2012-06-02
SHP_1136,REGULAR AIR,2009-02-12
SHP_1137,REGULAR AIR,2009-09-05
SHP_1138,REGULAR AIR,2010-08-28
SHP_1139,REGULAR AIR,2009-07-22
SHP_1140,REGULAR AIR,2011-09-13
SHP_1141,REGULAR AIR,2009-03-20
SHP_1142,REGULAR AIR,2010-01-31
SHP_1143,EXPRESS AIR,2011-09-13
SHP_1144,EXPRESS AIR,2011-02-04
SHP_1145,EXPRESS AIR,2011-02-05
SHP_1146,REGULAR AIR,2011-02-22
SHP_1147,REGULAR AIR,2011-02-15
SHP_1148,REGULAR AIR,2012-03-08
SHP_1149,EXPRESS AIR,2009-08-11
SHP_1150,REGULAR AIR,2009-08-12
SHP_1151,REGULAR AIR,2010-12-14
SHP_1152,REGULAR AIR,2009-10-16
SHP_1153,REGULAR AIR,2009-10-17
SHP_1154,EXPRESS AIR,2009-10-18
SHP_1155,EXPRESS AIR,2009-10-16
SHP_1156,REGULAR AIR,2009-10-09
SHP_1157,DELIVERY TRUCK,2009-10-09
SHP_1158,DELIVERY TRUCK,2010-09-18
SHP_1159,REGULAR AIR,2009-07-03
SHP_1160,REGULAR AIR,2010-06-15
SHP_1161,DELIVERY TRUCK,2010-10-11
SHP_1162,REGULAR AIR,2010-10-09
SHP_1163,REGULAR AIR,2010-10-10
SHP_1164,REGULAR AIR,2010-10-11
SHP_1165,REGULAR AIR,2009-09-24
SHP_1166,EXPRESS AIR,2009-09-24
SHP_1167,REGULAR AIR,2009-09-25
SHP_1168,REGULAR AIR,2011-10-02
SHP_1169,REGULAR AIR,2012-03-24
SHP_1170,DELIVERY TRUCK,2011-01-22
SHP_1171,EXPRESS AIR,2011-01-23
SHP_1172,REGULAR AIR,2009-03-25
SHP_1173,REGULAR AIR,2011-01-09
SHP_1174,EXPRESS AIR,2011-06-24
SHP_1175,REGULAR AIR,2011-08-05
SHP_1176,EXPRESS AIR,2011-11-09
SHP_1177,REGULAR AIR,2011-11-09
SHP_1178,EXPRESS AIR,2010-09-02
SHP_1179,REGULAR AIR,2010-03-18
SHP_1180,REGULAR AIR,2009-07-08
SHP_1181,EXPRESS AIR,2009-07-07
SHP_1182,REGULAR AIR,2009-03-28
SHP_1183,REGULAR AIR,2010-02-19
SHP_1184,DELIVERY TRUCK,2011-02-04
SHP_1185,EXPRESS AIR,2012-03-18
SHP_1186,DELIVERY TRUCK,2009-01-11
SHP_1187,REGULAR AIR,2009-01-12
SHP_1188,REGULAR AIR,2010-04-18
SHP_1189,EXPRESS AIR,2010-03-07
SHP_1190,REGULAR AIR,2012-10-23
SHP_1191,REGULAR AIR,2009-09-13
SHP_1192,EXPRESS AIR,2010-10-16
SHP_1193,REGULAR AIR,2010-10-19
SHP_1194,REGULAR AIR,2011-06-21
SHP_1195,REGULAR AIR,2011-06-19
SHP_1196,REGULAR AIR,2012-11-08
SHP_1197,REGULAR AIR,2011-11-12
SHP_1198,REGULAR AIR,2011-05-09
SHP_1199,REGULAR AIR,2011-09-09
SHP_1200,REGULAR AIR,2011-03-26
SHP_1201,DELIVERY TRUCK,2011-03-26
SHP_1202,REGULAR AIR,2010-05-13
SHP_1203,REGULAR AIR,2012-02-13
SHP_1204,REGULAR AIR,2010-12-30
SHP_1205,REGULAR AIR,2011-09-10
SHP_1206,DELIVERY TRUCK,2012-05-31
SHP_1207,DELIVERY TRUCK,2012-06-01
SHP_1208,REGULAR AIR,2009-09-14
SHP_1209,DELIVERY TRUCK,2012-06-19
SHP_1210,REGULAR AIR,2011-03-23
SHP_1211,REGULAR AIR,2011-05-02
SHP_1212,REGULAR AIR,2011-05-01
SHP_1213,DELIVERY TRUCK,2010-05-04
SHP_1214,REGULAR AIR,2010-05-05
SHP_1215,REGULAR AIR,2012-08-22
SHP_1216,REGULAR AIR,2012-08-23
SHP_1217,EXPRESS AIR,2011-07-04
SHP_1218,REGULAR AIR,2011-07-03
SHP_1219,REGULAR AIR,2010-02-23
SHP_1220,REGULAR AIR,2011-12-01
SHP_1221,REGULAR AIR,2010-08-15
SHP_1222,DELIVERY TRUCK,2011-10-29
SHP_1223,REGULAR AIR,2011-11-03
SHP_1224,EXPRESS AIR,2009-11-29
SHP_1225,REGULAR AIR,2009-11-29
SHP_1226,DELIVERY TRUCK,2011-08-04
SHP_1227,EXPRESS AIR,2012-11-04
SHP_1228,DELIVERY TRUCK,2011-07-26
SHP_1229,REGULAR AIR,2010-10-14
SHP_1230,EXPRESS AIR,2010-10-13
SHP_1231,REGULAR AIR,2012-05-12
SHP_1232,REGULAR AIR,2012-02-11
SHP_1233,DELIVERY TRUCK,2009-03-22
SHP_1234,REGULAR AIR,2009-03-26
SHP_1235,REGULAR AIR,2009-03-29
SHP_1236,REGULAR AIR,2011-10-22
SHP_1237,REGULAR AIR,2009-11-04
SHP_1238,REGULAR AIR,2009-01-04
SHP_1239,REGULAR AIR,2012-11-01
SHP_1240,DELIVERY TRUCK,2011-04-04
SHP_1241,REGULAR AIR,2009-10-05
SHP_1242,DELIVERY TRUCK,2009-10-06
SHP_1243,EXPRESS AIR,2012-02-02
SHP_1244,REGULAR AIR,2012-02-01
SHP_1245,REGULAR AIR,2012-02-13
SHP_1246,REGULAR AIR,2012-02-14
SHP_1247,REGULAR AIR,2012-01-20
SHP_1248,DELIVERY TRUCK,2012-01-21
SHP_1249,DELIVERY TRUCK,2009-06-28
SHP_1250,REGULAR AIR,2009-06-25
SHP_1251,REGULAR AIR,2011-05-30
SHP_1252,REGULAR AIR,2009-08-06
SHP_1253,REGULAR AIR,2009-08-05
SHP_1254,REGULAR AIR,2010-08-17
SHP_1255,DELIVERY TRUCK,2009-01-26
SHP_1256,EXPRESS AIR,2011-03-08
SHP_1257,DELIVERY TRUCK,2010-02-07
SHP_1258,REGULAR AIR,2010-03-10
SHP_1259,DELIVERY TRUCK,2010-03-10
SHP_1260,EXPRESS AIR,2010-03-10
SHP_1261,REGULAR AIR,2010-11-06
SHP_1262,REGULAR AIR,2009-09-27
SHP_1263,DELIVERY TRUCK,2009-02-14
SHP_1264,REGULAR AIR,2009-02-15
SHP_1265,REGULAR AIR,2011-08-21
SHP_1266,REGULAR AIR,2011-08-19
SHP_1267,REGULAR AIR,2011-03-12
SHP_1268,EXPRESS AIR,2011-03-12
SHP_1269,DELIVERY TRUCK,2011-03-14
SHP_1270,EXPRESS AIR,2011-03-14
SHP_1271,DELIVERY TRUCK,2012-03-30
SHP_1272,DELIVERY TRUCK,2012-03-28
SHP_1273,REGULAR AIR,2012-03-30
SHP_1274,DELIVERY TRUCK,2009-09-27
SHP_1275,REGULAR AIR,2009-09-26
SHP_1276,REGULAR AIR,2012-08-14
SHP_1277,DELIVERY TRUCK,2012-08-14
SHP_1278,REGULAR AIR,2012-02-05
SHP_1279,REGULAR AIR,2010-02-27
SHP_1280,EXPRESS AIR,2010-06-29
SHP_1281,REGULAR AIR,2012-05-20
SHP_1282,DELIVERY TRUCK,2011-01-16
SHP_1283,DELIVERY TRUCK,2009-06-03
SHP_1284,REGULAR AIR,2009-06-03
SHP_1285,REGULAR AIR,2010-08-23
SHP_1286,REGULAR AIR,2010-02-20
SHP_1287,DELIVERY TRUCK,2010-02-21
SHP_1288,REGULAR AIR,2009-11-25
SHP_1289,REGULAR AIR,2009-12-25
SHP_1290,REGULAR AIR,2009-07-08
SHP_1291,REGULAR AIR,2009-07-07
SHP_1292,REGULAR AIR,2012-07-19
SHP_1293,REGULAR AIR,2009-06-19
SHP_1294,REGULAR AIR,2012-07-22
SHP_1295,REGULAR AIR,2012-07-19
SHP_1296,REGULAR AIR,2011-03-20
SHP_1297,REGULAR AIR,2012-12-27
SHP_1298,REGULAR AIR,2012-12-29
SHP_1299,REGULAR AIR,2012-12-28
SHP_1300,REGULAR AIR,2011-09-11
SHP_1301,REGULAR AIR,2010-12-10
SHP_1302,REGULAR AIR,2009-03-16
SHP_1303,DELIVERY TRUCK,2011-10-21
SHP_1304,REGULAR AIR,2011-01-15
SHP_1305,REGULAR AIR,2009-08-15
SHP_1306,DELIVERY TRUCK,2009-01-31
SHP_1307,REGULAR AIR,2009-01-31
SHP_1308,REGULAR AIR,2009-02-07
SHP_1309,REGULAR AIR,2009-08-16
SHP_1310,REGULAR AIR,2009-07-05
SHP_1311,REGULAR AIR,2009-07-06
SHP_1312,REGULAR AIR,2009-04-09
SHP_1313,REGULAR AIR,2012-08-25
SHP_1314,REGULAR AIR,2012-08-27
SHP_1315,REGULAR AIR,2009-01-12
SHP_1316,DELIVERY TRUCK,2009-07-06
SHP_1317,DELIVERY TRUCK,2010-06-26
SHP_1318,REGULAR AIR,2012-12-18
SHP_1319,DELIVERY TRUCK,2012-12-18
SHP_1320,REGULAR AIR,2012-12-16
SHP_1321,REGULAR AIR,2012-09-22
SHP_1322,REGULAR AIR,2012-09-21
SHP_1323,REGULAR AIR,2010-03-07
SHP_1324,REGULAR AIR,2010-11-02
SHP_1325,REGULAR AIR,2010-03-02
SHP_1326,REGULAR AIR,2011-05-09
SHP_1327,REGULAR AIR,2011-05-07
SHP_1328,REGULAR AIR,2012-07-11
SHP_1329,REGULAR AIR,2011-10-02
SHP_1330,REGULAR AIR,2010-11-01
SHP_1331,REGULAR AIR,2010-09-22
SHP_1332,REGULAR AIR,2011-11-24
SHP_1333,REGULAR AIR,2012-09-14
SHP_1334,REGULAR AIR,2012-08-05
SHP_1335,EXPRESS AIR,2010-11-19
SHP_1336,REGULAR AIR,2010-11-19
SHP_1337,REGULAR AIR,2012-08-10
SHP_1338,REGULAR AIR,2011-02-05
SHP_1339,DELIVERY TRUCK,2009-12-15
SHP_1340,REGULAR AIR,2011-04-26
SHP_1341,REGULAR AIR,2009-09-07
SHP_1342,REGULAR AIR,2012-08-18
SHP_1343,EXPRESS AIR,2010-10-13
SHP_1344,EXPRESS AIR,2011-07-15
SHP_1345,REGULAR AIR,2012-12-05
SHP_1346,EXPRESS AIR,2012-07-16
SHP_1347,DELIVERY TRUCK,2009-02-04
SHP_1348,DELIVERY TRUCK,2009-02-08
SHP_1349,REGULAR AIR,2009-02-08
SHP_1350,REGULAR AIR,2011-12-22
SHP_1351,REGULAR AIR,2011-12-21
SHP_1352,REGULAR AIR,2011-05-30
SHP_1353,REGULAR AIR,2010-10-10
SHP_1354,REGULAR AIR,2010-10-09
SHP_1355,REGULAR AIR,2011-03-10
SHP_1356,REGULAR AIR,2010-01-23
SHP_1357,REGULAR AIR,2011-04-14
SHP_1358,REGULAR AIR,2011-04-18
SHP_1359,REGULAR AIR,2010-12-02
SHP_1360,REGULAR AIR,2010-08-10
SHP_1361,DELIVERY TRUCK,2009-08-11
SHP_1362,REGULAR AIR,2010-08-28
SHP_1363,REGULAR AIR,2010-08-27
SHP_1364,REGULAR AIR,2011-06-11
SHP_1365,REGULAR AIR,2011-06-12
SHP_1366,REGULAR AIR,2010-05-24
SHP_1367,REGULAR AIR,2010-12-30
SHP_1368,DELIVERY TRUCK,2010-12-30
SHP_1369,REGULAR AIR,2011-09-07
SHP_1370,DELIVERY TRUCK,2009-09-09
SHP_1371,REGULAR AIR,2009-09-07
SHP_1372,DELIVERY TRUCK,2009-09-07
SHP_1373,EXPRESS AIR,2009-02-27
SHP_1374,REGULAR AIR,2009-02-27
SHP_1375,DELIVERY TRUCK,2010-01-05
SHP_1376,REGULAR AIR,2012-05-31
SHP_1377,REGULAR AIR,2009-05-14
SHP_1378,REGULAR AIR,2009-05-13
SHP_1379,REGULAR AIR,2010-10-23
SHP_1380,REGULAR AIR,2009-06-24
SHP_1381,REGULAR AIR,2009-06-19
SHP_1382,REGULAR AIR,2009-06-22
SHP_1383,DELIVERY TRUCK,2011-07-17
SHP_1384,REGULAR AIR,2009-12-12
SHP_1385,EXPRESS AIR,2009-09-28
SHP_1386,DELIVERY TRUCK,2011-02-02
SHP_1387,REGULAR AIR,2011-02-14
SHP_1388,DELIVERY TRUCK,2011-02-13
SHP_1389,REGULAR AIR,2012-07-20
SHP_1390,REGULAR AIR,2012-07-22
SHP_1391,REGULAR AIR,2012-07-21
SHP_1392,REGULAR AIR,2010-01-20
SHP_1393,DELIVERY TRUCK,2011-10-13
SHP_1394,REGULAR AIR,2010-07-30
SHP_1395,REGULAR AIR,2010-10-31
SHP_1396,DELIVERY TRUCK,2012-10-06
SHP_1397,REGULAR AIR,2012-10-06
SHP_1398,REGULAR AIR,2012-08-09
SHP_1399,DELIVERY TRUCK,2012-08-08
SHP_1400,REGULAR AIR,2011-02-20
SHP_1401,REGULAR AIR,2011-02-21
SHP_1402,REGULAR AIR,2010-09-26
SHP_1403,REGULAR AIR,2009-12-22
SHP_1404,REGULAR AIR,2012-04-13
SHP_1405,REGULAR AIR,2009-06-02
SHP_1406,REGULAR AIR,2011-02-18
SHP_1407,REGULAR AIR,2012-02-27
SHP_1408,EXPRESS AIR,2012-07-11
SHP_1409,REGULAR AIR,2012-05-19
SHP_1410,REGULAR AIR,2009-01-22
SHP_1411,DELIVERY TRUCK,2011-03-06
SHP_1412,EXPRESS AIR,2011-06-22
SHP_1413,REGULAR AIR,2009-07-01
SHP_1414,REGULAR AIR,2012-03-29
SHP_1415,REGULAR AIR,2012-03-28
SHP_1416,REGULAR AIR,2012-05-04
SHP_1417,DELIVERY TRUCK,2011-11-26
SHP_1418,DELIVERY TRUCK,2010-11-15
SHP_1419,REGULAR AIR,2010-11-14
SHP_1420,DELIVERY TRUCK,2012-12-02
SHP_1421,REGULAR AIR,2012-12-05
SHP_1422,REGULAR AIR,2010-10-29
SHP_1423,REGULAR AIR,2009-02-24
SHP_1424,REGULAR AIR,2010-05-21
SHP_1425,REGULAR AIR,2009-07-29
SHP_1426,EXPRESS AIR,2012-09-07
SHP_1427,REGULAR AIR,2011-07-27
SHP_1428,REGULAR AIR,2011-09-09
SHP_1429,DELIVERY TRUCK,2011-09-09
SHP_1430,DELIVERY TRUCK,2009-12-18
SHP_1431,REGULAR AIR,2010-08-18
SHP_1432,REGULAR AIR,2010-11-14
SHP_1433,DELIVERY TRUCK,2010-11-14
SHP_1434,REGULAR AIR,2010-03-24
SHP_1435,REGULAR AIR,2010-12-26
SHP_1436,DELIVERY TRUCK,2010-12-25
SHP_1437,REGULAR AIR,2010-12-27
SHP_1438,REGULAR AIR,2010-11-22
SHP_1439,DELIVERY TRUCK,2010-02-09
SHP_1440,REGULAR AIR,2009-05-10
SHP_1441,DELIVERY TRUCK,2011-05-06
SHP_1442,REGULAR AIR,2011-05-03
SHP_1443,REGULAR AIR,2011-05-08
SHP_1444,REGULAR AIR,2009-08-01
SHP_1445,REGULAR AIR,2009-07-31
SHP_1446,REGULAR AIR,2010-11-09
SHP_1447,REGULAR AIR,2012-08-31
SHP_1448,REGULAR AIR,2009-09-08
SHP_1449,REGULAR AIR,2010-12-13
SHP_1450,REGULAR AIR,2012-06-02
SHP_1451,EXPRESS AIR,2011-02-06
SHP_1452,REGULAR AIR,2010-12-17
SHP_1453,REGULAR AIR,2010-12-16
SHP_1454,REGULAR AIR,2010-12-15
SHP_1455,REGULAR AIR,2012-04-06
SHP_1456,REGULAR AIR,2010-06-01
SHP_1457,DELIVERY TRUCK,2012-10-30
SHP_1458,REGULAR AIR,2012-11-01
SHP_1459,REGULAR AIR,2012-10-31
SHP_1460,REGULAR AIR,2009-12-12
SHP_1461,EXPRESS AIR,2010-07-24
SHP_1462,EXPRESS AIR,2010-07-23
SHP_1463,EXPRESS AIR,2010-07-22
SHP_1464,REGULAR AIR,2010-02-22
SHP_1465,REGULAR AIR,2010-12-14
SHP_1466,REGULAR AIR,2010-12-13
SHP_1467,REGULAR AIR,2011-06-06
SHP_1468,REGULAR AIR,2010-11-22
SHP_1469,REGULAR AIR,2011-12-20
SHP_1470,DELIVERY TRUCK,2010-04-04
SHP_1471,DELIVERY TRUCK,2012-01-11
SHP_1472,DELIVERY TRUCK,2012-01-16
SHP_1473,REGULAR AIR,2012-12-01
SHP_1474,REGULAR AIR,2009-05-16
SHP_1475,REGULAR AIR,2012-06-28
SHP_1476,EXPRESS AIR,2012-06-27
SHP_1477,REGULAR AIR,2011-08-22
SHP_1478,DELIVERY TRUCK,2012-10-16
SHP_1479,REGULAR AIR,2012-10-17
SHP_1480,REGULAR AIR,2009-08-07
SHP_1481,REGULAR AIR,2009-10-09
SHP_1482,EXPRESS AIR,2009-10-09
SHP_1483,DELIVERY TRUCK,2010-01-16
SHP_1484,REGULAR AIR,2012-08-04
SHP_1485,REGULAR AIR,2011-12-31
SHP_1486,DELIVERY TRUCK,2009-07-04
SHP_1487,EXPRESS AIR,2009-08-03
SHP_1488,EXPRESS AIR,2009-07-30
SHP_1489,EXPRESS AIR,2009-01-14
SHP_1490,EXPRESS AIR,2009-01-12
SHP_1491,REGULAR AIR,2012-11-08
SHP_1492,REGULAR AIR,2011-02-10
SHP_1493,EXPRESS AIR,2010-08-24
SHP_1494,REGULAR AIR,2012-03-13
SHP_1495,REGULAR AIR,2011-11-09
SHP_1496,REGULAR AIR,2012-11-05
SHP_1497,REGULAR AIR,2011-07-19
SHP_1498,DELIVERY TRUCK,2010-09-30
SHP_1499,REGULAR AIR,2011-01-27
SHP_1500,REGULAR AIR,2009-06-27
SHP_1501,REGULAR AIR,2012-04-28
SHP_1502,DELIVERY TRUCK,2010-11-11
SHP_1503,REGULAR AIR,2010-11-13
SHP_1504,REGULAR AIR,2010-11-10
SHP_1505,REGULAR AIR,2010-11-08
SHP_1506,DELIVERY TRUCK,2009-04-30
SHP_1507,REGULAR AIR,2012-11-05
SHP_1508,REGULAR AIR,2010-09-05
SHP_1509,REGULAR AIR,2011-07-06
SHP_1510,REGULAR AIR,2009-01-15
SHP_1511,REGULAR AIR,2009-12-19
SHP_1512,REGULAR AIR,2011-06-21
SHP_1513,REGULAR AIR,2010-11-28
SHP_1514,DELIVERY TRUCK,2009-12-06
SHP_1515,REGULAR AIR,2009-12-06
SHP_1516,REGULAR AIR,2010-05-08
SHP_1517,REGULAR AIR,2011-02-21
SHP_1518,EXPRESS AIR,2010-09-14
SHP_1519,REGULAR AIR,2010-09-15
SHP_1520,EXPRESS AIR,2010-09-16
SHP_1521,DELIVERY TRUCK,2010-09-15
SHP_1522,REGULAR AIR,2011-12-04
SHP_1523,REGULAR AIR,2011-12-06
SHP_1524,REGULAR AIR,2012-08-16
SHP_1525,EXPRESS AIR,2011-08-20
SHP_1526,REGULAR AIR,2011-01-13
SHP_1527,REGULAR AIR,2009-05-12
SHP_1528,REGULAR AIR,2010-01-07
SHP_1529,DELIVERY TRUCK,2011-05-26
SHP_1530,EXPRESS AIR,2012-01-26
SHP_1531,REGULAR AIR,2012-01-29
SHP_1532,REGULAR AIR,2012-01-31
SHP_1533,REGULAR AIR,2010-07-22
SHP_1534,REGULAR AIR,2010-07-21
SHP_1535,REGULAR AIR,2011-11-09
SHP_1536,REGULAR AIR,2012-07-05
SHP_1537,REGULAR AIR,2012-07-07
SHP_1538,REGULAR AIR,2012-03-03
SHP_1539,REGULAR AIR,2011-09-16
SHP_1540,REGULAR AIR,2009-07-15
SHP_1541,DELIVERY TRUCK,2009-07-14
SHP_1542,REGULAR AIR,2011-10-31
SHP_1543,REGULAR AIR,2011-01-18
SHP_1544,REGULAR AIR,2010-10-16
SHP_1545,REGULAR AIR,2009-11-05
SHP_1546,REGULAR AIR,2009-07-03
SHP_1547,REGULAR AIR,2012-03-04
SHP_1548,EXPRESS AIR,2011-02-05
SHP_1549,REGULAR AIR,2011-02-06
SHP_1550,EXPRESS AIR,2011-03-20
SHP_1551,DELIVERY TRUCK,2011-03-22
SHP_1552,EXPRESS AIR,2010-07-31
SHP_1553,REGULAR AIR,2012-10-18
SHP_1554,REGULAR AIR,2011-11-29
SHP_1555,REGULAR AIR,2009-03-07
SHP_1556,REGULAR AIR,2009-03-08
SHP_1557,REGULAR AIR,2012-01-25
SHP_1558,REGULAR AIR,2012-01-27
SHP_1559,REGULAR AIR,2010-05-13
SHP_1560,REGULAR AIR,2009-09-29
SHP_1561,REGULAR AIR,2012-07-03
SHP_1562,REGULAR AIR,2010-10-07
SHP_1563,REGULAR AIR,2009-05-28
SHP_1564,REGULAR AIR,2009-05-27
SHP_1565,REGULAR AIR,2010-02-22
SHP_1566,REGULAR AIR,2010-12-06
SHP_1567,REGULAR AIR,2010-08-09
SHP_1568,REGULAR AIR,2010-08-10
SHP_1569,REGULAR AIR,2011-12-09
SHP_1570,REGULAR AIR,2011-12-11
SHP_1571,REGULAR AIR,2009-02-05
SHP_1572,REGULAR AIR,2012-05-29
SHP_1573,DELIVERY TRUCK,2012-08-07
SHP_1574,EXPRESS AIR,2012-08-12
SHP_1575,REGULAR AIR,2009-06-22
SHP_1576,REGULAR AIR,2010-03-04
SHP_1577,REGULAR AIR,2010-03-03
SHP_1578,REGULAR AIR,2009-03-12
SHP_1579,REGULAR AIR,2011-09-09
SHP_1580,REGULAR AIR,2010-07-30
SHP_1581,EXPRESS AIR,2009-04-08
SHP_1582,REGULAR AIR,2012-03-25
SHP_1583,REGULAR AIR,2010-08-11
SHP_1584,REGULAR AIR,2011-07-01
SHP_1585,REGULAR AIR,2009-06-24
SHP_1586,REGULAR AIR,2012-01-21
SHP_1587,REGULAR AIR,2010-12-08
SHP_1588,REGULAR AIR,2010-12-09
SHP_1589,REGULAR AIR,2012-09-03
SHP_1590,REGULAR AIR,2012-09-02
SHP_1591,REGULAR AIR,2010-06-08
SHP_1592,REGULAR AIR,2010-06-07
SHP_1593,REGULAR AIR,2010-12-14
SHP_1594,EXPRESS AIR,2010-12-14
SHP_1595,REGULAR AIR,2010-12-16
SHP_1596,REGULAR AIR,2010-12-15
SHP_1597,REGULAR AIR,2010-05-12
SHP_1598,REGULAR AIR,2010-05-10
SHP_1599,DELIVERY TRUCK,2011-04-13
SHP_1600,REGULAR AIR,2011-04-14
SHP_1601,DELIVERY TRUCK,2009-01-31
SHP_1602,EXPRESS AIR,2009-12-14
SHP_1603,REGULAR AIR,2012-01-27
SHP_1604,REGULAR AIR,2012-06-16
SHP_1605,REGULAR AIR,2009-04-15
SHP_1606,DELIVERY TRUCK,2009-04-11
SHP_1607,EXPRESS AIR,2009-09-24
SHP_1608,EXPRESS AIR,2011-07-01
SHP_1609,REGULAR AIR,2011-07-01
SHP_1610,REGULAR AIR,2009-01-05
SHP_1611,REGULAR AIR,2009-01-06
SHP_1612,EXPRESS AIR,2010-06-25
SHP_1613,REGULAR AIR,2012-04-25
SHP_1614,REGULAR AIR,2012-04-24
SHP_1615,REGULAR AIR,2010-04-24
SHP_1616,EXPRESS AIR,2011-05-03
SHP_1617,REGULAR AIR,2010-12-14
SHP_1618,EXPRESS AIR,2010-12-13
SHP_1619,REGULAR AIR,2009-04-13
SHP_1620,DELIVERY TRUCK,2011-03-16
SHP_1621,REGULAR AIR,2011-12-21
SHP_1622,REGULAR AIR,2012-03-27
SHP_1623,EXPRESS AIR,2011-05-21
SHP_1624,REGULAR AIR,2009-06-13
SHP_1625,REGULAR AIR,2011-03-31
SHP_1626,DELIVERY TRUCK,2011-04-20
SHP_1627,EXPRESS AIR,2011-04-19
SHP_1628,DELIVERY TRUCK,2009-02-10
SHP_1629,REGULAR AIR,2009-02-10
SHP_1630,DELIVERY TRUCK,2009-06-24
SHP_1631,REGULAR AIR,2009-06-24
SHP_1632,REGULAR AIR,2011-02-06
SHP_1633,REGULAR AIR,2011-02-05
SHP_1634,EXPRESS AIR,2011-06-02
SHP_1635,DELIVERY TRUCK,2011-06-01
SHP_1636,REGULAR AIR,2012-07-06
SHP_1637,REGULAR AIR,2010-09-19
SHP_1638,DELIVERY TRUCK,2010-09-21
SHP_1639,DELIVERY TRUCK,2012-12-22
SHP_1640,REGULAR AIR,2011-07-28
SHP_1641,REGULAR AIR,2010-03-08
SHP_1642,REGULAR AIR,2010-07-21
SHP_1643,REGULAR AIR,2010-07-22
SHP_1644,DELIVERY TRUCK,2009-06-12
SHP_1645,REGULAR AIR,2009-04-12
SHP_1646,REGULAR AIR,2012-10-14
SHP_1647,REGULAR AIR,2009-06-16
SHP_1648,REGULAR AIR,2009-02-28
SHP_1649,REGULAR AIR,2009-02-27
SHP_1650,REGULAR AIR,2012-04-16
SHP_1651,REGULAR AIR,2010-06-22
SHP_1652,REGULAR AIR,2011-06-23
SHP_1653,REGULAR AIR,2011-06-25
SHP_1654,REGULAR AIR,2012-06-25
SHP_1655,REGULAR AIR,2009-07-18
SHP_1656,REGULAR AIR,2009-07-19
SHP_1657,REGULAR AIR,2009-01-28
SHP_1658,DELIVERY TRUCK,2010-03-04
SHP_1659,REGULAR AIR,2012-01-31
SHP_1660,REGULAR AIR,2011-01-13
SHP_1661,REGULAR AIR,2011-01-12
SHP_1662,REGULAR AIR,2011-01-11
SHP_1663,EXPRESS AIR,2009-04-30
SHP_1664,REGULAR AIR,2009-04-30
SHP_1665,REGULAR AIR,2009-09-16
SHP_1666,REGULAR AIR,2011-09-28
SHP_1667,REGULAR AIR,2010-06-25
SHP_1668,REGULAR AIR,2010-02-23
SHP_1669,REGULAR AIR,2012-06-08
SHP_1670,REGULAR AIR,2012-06-09
SHP_1671,REGULAR AIR,2010-01-23
SHP_1672,REGULAR AIR,2010-01-08
SHP_1673,DELIVERY TRUCK,2010-01-07
SHP_1674,REGULAR AIR,2012-12-02
SHP_1675,REGULAR AIR,2012-12-03
SHP_1676,REGULAR AIR,2012-12-11
SHP_1677,REGULAR AIR,2012-11-27
SHP_1678,REGULAR AIR,2012-12-18
SHP_1679,DELIVERY TRUCK,2012-10-31
SHP_1680,REGULAR AIR,2012-07-11
SHP_1681,DELIVERY TRUCK,2012-07-11
SHP_1682,REGULAR AIR,2012-07-10
SHP_1683,REGULAR AIR,2012-07-09
SHP_1684,REGULAR AIR,2011-04-27
SHP_1685,DELIVERY TRUCK,2011-12-31
SHP_1686,EXPRESS AIR,2012-01-01
SHP_1687,EXPRESS AIR,2009-07-19
SHP_1688,REGULAR AIR,2010-01-18
SHP_1689,REGULAR AIR,2010-01-17
SHP_1690,REGULAR AIR,2009-07-18
SHP_1691,REGULAR AIR,2010-05-16
SHP_1692,REGULAR AIR,2009-11-19
SHP_1693,REGULAR AIR,2010-02-13
SHP_1694,REGULAR AIR,2012-10-20
SHP_1695,REGULAR AIR,2012-10-19
SHP_1696,REGULAR AIR,2009-03-10
SHP_1697,DELIVERY TRUCK,2009-03-11
SHP_1698,REGULAR AIR,2012-10-19
SHP_1699,REGULAR AIR,2010-10-10
SHP_1700,REGULAR AIR,2011-07-06
SHP_1701,DELIVERY TRUCK,2009-12-14
SHP_1702,REGULAR AIR,2009-12-12
SHP_1703,REGULAR AIR,2012-12-20
SHP_1704,DELIVERY TRUCK,2010-10-28
SHP_1705,EXPRESS AIR,2010-10-27
SHP_1706,REGULAR AIR,2010-10-28
SHP_1707,REGULAR AIR,2010-10-30
SHP_1708,REGULAR AIR,2009-02-16
SHP_1709,REGULAR AIR,2012-01-08
SHP_1710,REGULAR AIR,2012-08-20
SHP_1711,REGULAR AIR,2012-04-11
SHP_1712,EXPRESS AIR,2009-12-08
SHP_1713,REGULAR AIR,2010-09-27
SHP_1714,REGULAR AIR,2010-09-26
SHP_1715,EXPRESS AIR,2010-09-26
SHP_1716,REGULAR AIR,2009-01-10
SHP_1717,REGULAR AIR,2012-10-19
SHP_1718,REGULAR AIR,2012-10-21
SHP_1719,REGULAR AIR,2011-04-06
SHP_1720,REGULAR AIR,2011-01-12
SHP_1721,EXPRESS AIR,2012-08-28
SHP_1722,REGULAR AIR,2011-04-23
SHP_1723,REGULAR AIR,2009-06-11
SHP_1724,REGULAR AIR,2011-04-26
SHP_1725,REGULAR AIR,2012-03-16
SHP_1726,REGULAR AIR,2011-07-01
SHP_1727,REGULAR AIR,2009-01-07
SHP_1728,REGULAR AIR,2009-01-06
SHP_1729,DELIVERY TRUCK,2009-01-07
SHP_1730,REGULAR AIR,2010-03-10
SHP_1731,REGULAR AIR,2010-03-08
SHP_1732,REGULAR AIR,2011-01-20
SHP_1733,REGULAR AIR,2009-04-28
SHP_1734,REGULAR AIR,2011-10-07
SHP_1735,REGULAR AIR,2011-10-06
SHP_1736,REGULAR AIR,2009-01-08
SHP_1737,REGULAR AIR,2010-09-29
SHP_1738,EXPRESS AIR,2010-09-25
SHP_1739,REGULAR AIR,2012-05-01
SHP_1740,REGULAR AIR,2010-08-26
SHP_1741,REGULAR AIR,2009-03-17
SHP_1742,REGULAR AIR,2010-04-17
SHP_1743,REGULAR AIR,2010-02-22
SHP_1744,REGULAR AIR,2010-12-23
SHP_1745,REGULAR AIR,2010-12-24
SHP_1746,DELIVERY TRUCK,2010-04-01
SHP_1747,REGULAR AIR,2010-04-04
SHP_1748,DELIVERY TRUCK,2010-09-30
SHP_1749,EXPRESS AIR,2010-10-01
SHP_1750,REGULAR AIR,2009-06-12
SHP_1751,DELIVERY TRUCK,2009-06-22
SHP_1752,REGULAR AIR,2009-06-22
SHP_1753,REGULAR AIR,2009-10-06
SHP_1754,DELIVERY TRUCK,2012-01-21
SHP_1755,REGULAR AIR,2012-02-29
SHP_1756,EXPRESS AIR,2012-07-14
SHP_1757,DELIVERY TRUCK,2012-06-01
SHP_1758,REGULAR AIR,2010-03-15
SHP_1759,EXPRESS AIR,2010-03-16
SHP_1760,REGULAR AIR,2010-02-09
SHP_1761,REGULAR AIR,2012-05-17
SHP_1762,REGULAR AIR,2012-03-15
SHP_1763,REGULAR AIR,2012-05-13
SHP_1764,REGULAR AIR,2010-01-02
SHP_1765,REGULAR AIR,2009-08-17
SHP_1766,REGULAR AIR,2012-08-17
SHP_1767,DELIVERY TRUCK,2012-09-30
SHP_1768,REGULAR AIR,2012-03-22
SHP_1769,REGULAR AIR,2010-06-27
SHP_1770,REGULAR AIR,2010-06-28
SHP_1771,REGULAR AIR,2009-08-11
SHP_1772,REGULAR AIR,2010-06-18
SHP_1773,REGULAR AIR,2010-06-23
SHP_1774,REGULAR AIR,2009-10-23
SHP_1775,DELIVERY TRUCK,2010-12-25
SHP_1776,REGULAR AIR,2009-03-29
SHP_1777,REGULAR AIR,2009-03-30
SHP_1778,REGULAR AIR,2011-04-03
SHP_1779,REGULAR AIR,2011-04-04
SHP_1780,REGULAR AIR,2009-12-24
SHP_1781,REGULAR AIR,2010-02-15
SHP_1782,DELIVERY TRUCK,2011-09-27
SHP_1783,REGULAR AIR,2011-09-26
SHP_1784,DELIVERY TRUCK,2010-12-09
SHP_1785,REGULAR AIR,2010-10-26
SHP_1786,REGULAR AIR,2011-01-13
SHP_1787,DELIVERY TRUCK,2010-08-04
SHP_1788,REGULAR AIR,2012-06-11
SHP_1789,REGULAR AIR,2011-09-15
SHP_1790,REGULAR AIR,2011-09-17
SHP_1791,EXPRESS AIR,2009-03-23
SHP_1792,REGULAR AIR,2009-03-25
SHP_1793,REGULAR AIR,2010-03-27
SHP_1794,REGULAR AIR,2009-01-18
SHP_1795,REGULAR AIR,2012-07-14
SHP_1796,REGULAR AIR,2009-12-28
SHP_1797,DELIVERY TRUCK,2009-12-28
SHP_1798,REGULAR AIR,2011-10-23
SHP_1799,REGULAR AIR,2011-03-18
SHP_1800,REGULAR AIR,2010-10-28
SHP_1801,REGULAR AIR,2009-06-18
SHP_1802,REGULAR AIR,2011-07-21
SHP_1803,DELIVERY TRUCK,2010-01-23
SHP_1804,REGULAR AIR,2010-01-23
SHP_1805,REGULAR AIR,2009-11-22
SHP_1806,REGULAR AIR,2011-10-08
SHP_1807,REGULAR AIR,2010-03-08
SHP_1808,REGULAR AIR,2009-04-23
SHP_1809,REGULAR AIR,2012-02-21
SHP_1810,REGULAR AIR,2011-06-18
SHP_1811,REGULAR AIR,2012-05-20
SHP_1812,REGULAR AIR,2009-12-16
SHP_1813,REGULAR AIR,2012-03-15
SHP_1814,REGULAR AIR,2011-09-12
SHP_1815,EXPRESS AIR,2011-09-14
SHP_1816,REGULAR AIR,2010-10-26
SHP_1817,DELIVERY TRUCK,2010-10-30
SHP_1818,DELIVERY TRUCK,2012-05-08
SHP_1819,DELIVERY TRUCK,2012-03-13
SHP_1820,EXPRESS AIR,2012-03-18
SHP_1821,EXPRESS AIR,2011-11-16
SHP_1822,REGULAR AIR,2011-03-20
SHP_1823,REGULAR AIR,2011-09-22
SHP_1824,REGULAR AIR,2009-11-22
SHP_1825,REGULAR AIR,2009-11-23
SHP_1826,EXPRESS AIR,2010-09-30
SHP_1827,REGULAR AIR,2011-10-08
SHP_1828,REGULAR AIR,2009-09-30
SHP_1829,DELIVERY TRUCK,2009-12-30
SHP_1830,REGULAR AIR,2010-04-03
SHP_1831,REGULAR AIR,2010-04-06
SHP_1832,EXPRESS AIR,2011-04-13
SHP_1833,REGULAR AIR,2009-06-05
SHP_1834,REGULAR AIR,2010-02-04
SHP_1835,REGULAR AIR,2011-03-19
SHP_1836,REGULAR AIR,2012-01-06
SHP_1837,DELIVERY TRUCK,2009-05-25
SHP_1838,REGULAR AIR,2010-05-16
SHP_1839,REGULAR AIR,2010-05-17
SHP_1840,REGULAR AIR,2009-12-08
SHP_1841,EXPRESS AIR,2009-12-03
SHP_1842,REGULAR AIR,2011-05-03
SHP_1843,REGULAR AIR,2011-07-03
SHP_1844,REGULAR AIR,2012-05-22
SHP_1845,REGULAR AIR,2009-11-06
SHP_1846,REGULAR AIR,2009-03-02
SHP_1847,REGULAR AIR,2012-08-18
SHP_1848,REGULAR AIR,2009-01-05
SHP_1849,EXPRESS AIR,2009-01-06
SHP_1850,REGULAR AIR,2009-10-14
SHP_1851,EXPRESS AIR,2010-06-07
SHP_1852,REGULAR AIR,2010-06-07
SHP_1853,EXPRESS AIR,2012-02-25
SHP_1854,REGULAR AIR,2012-02-25
SHP_1855,DELIVERY TRUCK,2012-11-01
SHP_1856,REGULAR AIR,2012-11-02
SHP_1857,REGULAR AIR,2009-04-23
SHP_1858,DELIVERY TRUCK,2009-04-25
SHP_1859,DELIVERY TRUCK,2009-08-19
SHP_1860,DELIVERY TRUCK,2009-11-25
SHP_1861,REGULAR AIR,2010-01-11
SHP_1862,REGULAR AIR,2010-01-12
SHP_1863,EXPRESS AIR,2009-09-18
SHP_1864,REGULAR AIR,2010-10-30
SHP_1865,REGULAR AIR,2009-12-22
SHP_1866,REGULAR AIR,2011-06-23
SHP_1867,EXPRESS AIR,2011-06-24
SHP_1868,REGULAR AIR,2010-08-26
SHP_1869,EXPRESS AIR,2010-08-19
SHP_1870,REGULAR AIR,2010-04-22
SHP_1871,REGULAR AIR,2010-04-20
SHP_1872,REGULAR AIR,2010-02-25
SHP_1873,REGULAR AIR,2011-12-12
SHP_1874,DELIVERY TRUCK,2010-12-17
SHP_1875,REGULAR AIR,2010-12-16
SHP_1876,REGULAR AIR,2010-12-17
SHP_1877,DELIVERY TRUCK,2009-11-30
SHP_1878,REGULAR AIR,2009-12-05
SHP_1879,REGULAR AIR,2009-12-04
SHP_1880,EXPRESS AIR,2009-12-07
SHP_1881,REGULAR AIR,2011-07-06
SHP_1882,REGULAR AIR,2012-06-18
SHP_1883,REGULAR AIR,2010-03-15
SHP_1884,EXPRESS AIR,2009-04-10
SHP_1885,REGULAR AIR,2012-12-03
SHP_1886,REGULAR AIR,2011-07-19
SHP_1887,EXPRESS AIR,2011-07-19
SHP_1888,EXPRESS AIR,2009-07-24
SHP_1889,REGULAR AIR,2009-11-16
SHP_1890,REGULAR AIR,2012-06-17
SHP_1891,REGULAR AIR,2010-10-15
SHP_1892,REGULAR AIR,2009-12-06
SHP_1893,REGULAR AIR,2009-12-05
SHP_1894,DELIVERY TRUCK,2012-04-04
SHP_1895,REGULAR AIR,2012-04-04
SHP_1896,REGULAR AIR,2009-05-23
SHP_1897,REGULAR AIR,2010-08-11
SHP_1898,REGULAR AIR,2012-04-28
SHP_1899,REGULAR AIR,2010-02-22
SHP_1900,REGULAR AIR,2010-02-21
SHP_1901,REGULAR AIR,2009-08-16
SHP_1902,REGULAR AIR,2010-03-10
SHP_1903,REGULAR AIR,2010-03-08
SHP_1904,REGULAR AIR,2010-03-09
SHP_1905,REGULAR AIR,2009-02-15
SHP_1906,REGULAR AIR,2009-02-14
SHP_1907,REGULAR AIR,2011-09-11
SHP_1908,REGULAR AIR,2011-09-12
SHP_1909,REGULAR AIR,2009-01-12
SHP_1910,REGULAR AIR,2009-01-11
SHP_1911,REGULAR AIR,2011-01-11
SHP_1912,DELIVERY TRUCK,2011-01-11
SHP_1913,DELIVERY TRUCK,2012-09-06
SHP_1914,REGULAR AIR,2009-02-21
SHP_1915,REGULAR AIR,2009-02-12
SHP_1916,DELIVERY TRUCK,2010-02-13
SHP_1917,REGULAR AIR,2011-08-09
SHP_1918,REGULAR AIR,2011-08-10
SHP_1919,DELIVERY TRUCK,2010-07-20
SHP_1920,REGULAR AIR,2010-07-21
SHP_1921,EXPRESS AIR,2011-01-20
SHP_1922,REGULAR AIR,2011-07-24
SHP_1923,REGULAR AIR,2009-10-22
SHP_1924,REGULAR AIR,2009-10-21
SHP_1925,REGULAR AIR,2011-04-09
SHP_1926,REGULAR AIR,2011-06-12
SHP_1927,REGULAR AIR,2012-02-07
SHP_1928,REGULAR AIR,2010-12-26
SHP_1929,REGULAR AIR,2009-09-30
SHP_1930,REGULAR AIR,2012-03-12
SHP_1931,EXPRESS AIR,2012-03-11
SHP_1932,REGULAR AIR,2009-10-15
SHP_1933,REGULAR AIR,2012-11-01
SHP_1934,REGULAR AIR,2012-03-13
SHP_1935,DELIVERY TRUCK,2012-09-25
SHP_1936,REGULAR AIR,2011-04-30
SHP_1937,DELIVERY TRUCK,2011-05-01
SHP_1938,REGULAR AIR,2011-05-21
SHP_1939,REGULAR AIR,2011-10-30
SHP_1940,DELIVERY TRUCK,2012-07-21
SHP_1941,REGULAR AIR,2009-11-27
SHP_1942,REGULAR AIR,2009-11-26
SHP_1943,EXPRESS AIR,2009-11-26
SHP_1944,REGULAR AIR,2012-07-17
SHP_1945,REGULAR AIR,2010-01-16
SHP_1946,EXPRESS AIR,2010-08-08
SHP_1947,REGULAR AIR,2010-08-06
SHP_1948,REGULAR AIR,2012-04-07
SHP_1949,REGULAR AIR,2012-03-17
SHP_1950,REGULAR AIR,2009-11-02
SHP_1951,REGULAR AIR,2009-11-09
SHP_1952,REGULAR AIR,2011-04-12
SHP_1953,REGULAR AIR,2011-04-11
SHP_1954,EXPRESS AIR,2011-04-12
SHP_1955,EXPRESS AIR,2009-01-09
SHP_1956,REGULAR AIR,2009-01-10
SHP_1957,DELIVERY TRUCK,2012-10-31
SHP_1958,REGULAR AIR,2009-11-07
SHP_1959,EXPRESS AIR,2009-11-08
SHP_1960,DELIVERY TRUCK,2012-09-12
SHP_1961,DELIVERY TRUCK,2012-09-10
SHP_1962,REGULAR AIR,2009-08-14
SHP_1963,REGULAR AIR,2009-08-02
SHP_1964,DELIVERY TRUCK,2009-08-02
SHP_1965,REGULAR AIR,2009-09-19
SHP_1966,REGULAR AIR,2009-09-20
SHP_1967,REGULAR AIR,2012-12-26
SHP_1968,REGULAR AIR,2012-12-28
SHP_1969,REGULAR AIR,2012-09-11
SHP_1970,REGULAR AIR,2010-08-14
SHP_1971,REGULAR AIR,2010-08-15
SHP_1972,REGULAR AIR,2009-10-06
SHP_1973,REGULAR AIR,2012-10-22
SHP_1974,REGULAR AIR,2011-03-16
SHP_1975,REGULAR AIR,2011-03-19
SHP_1976,REGULAR AIR,2011-05-25
SHP_1977,EXPRESS AIR,2009-05-20
SHP_1978,REGULAR AIR,2009-05-23
SHP_1979,EXPRESS AIR,2009-05-21
SHP_1980,REGULAR AIR,2011-03-12
SHP_1981,EXPRESS AIR,2011-03-12
SHP_1982,EXPRESS AIR,2009-05-20
SHP_1983,REGULAR AIR,2009-08-11
SHP_1984,REGULAR AIR,2009-08-13
SHP_1985,REGULAR AIR,2010-09-13
SHP_1986,REGULAR AIR,2012-06-09
SHP_1987,REGULAR AIR,2011-02-27
SHP_1988,REGULAR AIR,2012-01-15
SHP_1989,EXPRESS AIR,2012-04-03
SHP_1990,EXPRESS AIR,2011-02-14
SHP_1991,EXPRESS AIR,2011-10-25
SHP_1992,REGULAR AIR,2010-07-31
SHP_1993,REGULAR AIR,2011-10-16
SHP_1994,REGULAR AIR,2012-05-08
SHP_1995,EXPRESS AIR,2012-03-29
SHP_1996,REGULAR AIR,2012-08-31
SHP_1997,REGULAR AIR,2011-02-15
SHP_1998,EXPRESS AIR,2011-02-16
SHP_1999,REGULAR AIR,2011-02-16
SHP_2000,REGULAR AIR,2010-04-07
SHP_2001,REGULAR AIR,2011-12-28
SHP_2002,EXPRESS AIR,2009-10-11
SHP_2003,REGULAR AIR,2011-08-01
SHP_2004,REGULAR AIR,2011-02-18
SHP_2005,REGULAR AIR,2011-02-17
SHP_2006,REGULAR AIR,2012-09-08
SHP_2007,REGULAR AIR,2012-09-06
SHP_2008,DELIVERY TRUCK,2012-08-12
SHP_2009,REGULAR AIR,2012-11-11
SHP_2010,REGULAR AIR,2009-11-24
SHP_2011,REGULAR AIR,2010-01-24
SHP_2012,REGULAR AIR,2010-07-31
SHP_2013,REGULAR AIR,2010-08-01
SHP_2014,EXPRESS AIR,2010-02-10
SHP_2015,REGULAR AIR,2010-02-10
SHP_2016,REGULAR AIR,2011-06-12
SHP_2017,REGULAR AIR,2012-03-27
SHP_2018,REGULAR AIR,2012-11-19
SHP_2019,REGULAR AIR,2012-11-20
SHP_2020,REGULAR AIR,2010-04-10
SHP_2021,REGULAR AIR,2010-10-04
SHP_2022,EXPRESS AIR,2011-01-28
SHP_2023,REGULAR AIR,2011-01-28
SHP_2024,REGULAR AIR,2011-01-29
SHP_2025,REGULAR AIR,2011-12-20
SHP_2026,REGULAR AIR,2011-01-30
SHP_2027,DELIVERY TRUCK,2011-01-25
SHP_2028,REGULAR AIR,2010-09-19
SHP_2029,EXPRESS AIR,2012-12-30
SHP_2030,REGULAR AIR,2012-07-11
SHP_2031,EXPRESS AIR,2011-04-24
SHP_2032,REGULAR AIR,2012-04-20
SHP_2033,REGULAR AIR,2011-06-17
SHP_2034,REGULAR AIR,2011-07-08
SHP_2035,REGULAR AIR,2011-07-04
SHP_2036,REGULAR AIR,2011-07-06
SHP_2037,REGULAR AIR,2009-08-01
SHP_2038,REGULAR AIR,2011-04-15
SHP_2039,REGULAR AIR,2012-03-22
SHP_2040,REGULAR AIR,2012-12-20
SHP_2041,REGULAR AIR,2009-03-16
SHP_2042,REGULAR AIR,2010-11-23
SHP_2043,REGULAR AIR,2010-03-17
SHP_2044,REGULAR AIR,2010-03-03
SHP_2045,EXPRESS AIR,2011-09-17
SHP_2046,REGULAR AIR,2011-09-16
SHP_2047,REGULAR AIR,2010-11-25
SHP_2048,REGULAR AIR,2010-11-26
SHP_2049,DELIVERY TRUCK,2010-09-16
SHP_2050,REGULAR AIR,2010-09-17
SHP_2051,REGULAR AIR,2011-08-09
SHP_2052,REGULAR AIR,2011-04-04
SHP_2053,REGULAR AIR,2009-08-26
SHP_2054,EXPRESS AIR,2010-07-21
SHP_2055,REGULAR AIR,2010-07-28
SHP_2056,REGULAR AIR,2009-04-11
SHP_2057,REGULAR AIR,2009-09-17
SHP_2058,REGULAR AIR,2009-09-19
SHP_2059,REGULAR AIR,2012-04-07
SHP_2060,DELIVERY TRUCK,2012-04-06
SHP_2061,REGULAR AIR,2012-04-06
SHP_2062,REGULAR AIR,2010-02-24
SHP_2063,DELIVERY TRUCK,2010-02-25
SHP_2064,EXPRESS AIR,2012-09-28
SHP_2065,REGULAR AIR,2010-03-23
SHP_2066,DELIVERY TRUCK,2010-10-21
SHP_2067,REGULAR AIR,2010-03-22
SHP_2068,EXPRESS AIR,2012-07-12
SHP_2069,EXPRESS AIR,2011-04-10
SHP_2070,REGULAR AIR,2011-02-08
SHP_2071,REGULAR AIR,2011-02-10
SHP_2072,REGULAR AIR,2010-10-20
SHP_2073,EXPRESS AIR,2010-08-08
SHP_2074,REGULAR AIR,2010-08-11
SHP_2075,REGULAR AIR,2012-03-10
SHP_2076,REGULAR AIR,2012-03-13
SHP_2077,REGULAR AIR,2012-11-14
SHP_2078,REGULAR AIR,2012-11-12
SHP_2079,REGULAR AIR,2009-06-29
SHP_2080,REGULAR AIR,2009-02-23
SHP_2081,REGULAR AIR,2009-02-20
SHP_2082,REGULAR AIR,2010-12-29
SHP_2083,REGULAR AIR,2010-11-27
SHP_2084,REGULAR AIR,2009-11-28
SHP_2085,REGULAR AIR,2012-08-20
SHP_2086,REGULAR AIR,2009-03-25
SHP_2087,REGULAR AIR,2012-03-31
SHP_2088,EXPRESS AIR,2011-12-17
SHP_2089,REGULAR AIR,2011-12-18
SHP_2090,REGULAR AIR,2010-08-28
SHP_2091,DELIVERY TRUCK,2011-12-11
SHP_2092,REGULAR AIR,2012-10-21
SHP_2093,REGULAR AIR,2011-10-29
SHP_2094,REGULAR AIR,2011-10-30
SHP_2095,REGULAR AIR,2012-02-16
SHP_2096,EXPRESS AIR,2010-10-08
SHP_2097,REGULAR AIR,2010-10-01
SHP_2098,DELIVERY TRUCK,2010-11-18
SHP_2099,REGULAR AIR,2009-11-11
SHP_2100,DELIVERY TRUCK,2009-10-24
SHP_2101,REGULAR AIR,2009-10-25
SHP_2102,REGULAR AIR,2010-08-16
SHP_2103,EXPRESS AIR,2010-08-16
SHP_2104,REGULAR AIR,2011-10-19
SHP_2105,REGULAR AIR,2011-10-20
SHP_2106,DELIVERY TRUCK,2012-09-26
SHP_2107,DELIVERY TRUCK,2011-03-05
SHP_2108,REGULAR AIR,2011-03-06
SHP_2109,REGULAR AIR,2011-03-04
SHP_2110,REGULAR AIR,2010-05-28
SHP_2111,REGULAR AIR,2010-08-15
SHP_2112,REGULAR AIR,2010-09-10
SHP_2113,REGULAR AIR,2010-09-11
SHP_2114,REGULAR AIR,2009-04-06
SHP_2115,REGULAR AIR,2009-04-07
SHP_2116,EXPRESS AIR,2012-01-29
SHP_2117,REGULAR AIR,2009-02-25
SHP_2118,REGULAR AIR,2009-02-24
SHP_2119,REGULAR AIR,2011-09-02
SHP_2120,REGULAR AIR,2010-12-22
SHP_2121,REGULAR AIR,2010-12-21
SHP_2122,REGULAR AIR,2010-03-26
SHP_2123,REGULAR AIR,2012-05-25
SHP_2124,REGULAR AIR,2012-05-29
SHP_2125,DELIVERY TRUCK,2009-12-13
SHP_2126,EXPRESS AIR,2009-12-13
SHP_2127,REGULAR AIR,2010-12-01
SHP_2128,REGULAR AIR,2011-05-05
SHP_2129,EXPRESS AIR,2010-02-17
SHP_2130,REGULAR AIR,2011-04-25
SHP_2131,REGULAR AIR,2011-04-22
SHP_2132,REGULAR AIR,2010-07-16
SHP_2133,REGULAR AIR,2012-02-15
SHP_2134,REGULAR AIR,2009-09-15
SHP_2135,REGULAR AIR,2009-09-14
SHP_2136,REGULAR AIR,2009-09-13
SHP_2137,DELIVERY TRUCK,2012-05-09
SHP_2138,REGULAR AIR,2012-05-09
SHP_2139,REGULAR AIR,2009-05-05
SHP_2140,DELIVERY TRUCK,2009-05-09
SHP_2141,REGULAR AIR,2011-04-17
SHP_2142,REGULAR AIR,2009-05-23
SHP_2143,REGULAR AIR,2010-07-02
SHP_2144,REGULAR AIR,2012-11-02
SHP_2145,EXPRESS AIR,2010-07-18
SHP_2146,EXPRESS AIR,2012-05-17
SHP_2147,REGULAR AIR,2009-06-17
SHP_2148,REGULAR AIR,2012-09-09
SHP_2149,REGULAR AIR,2010-06-29
SHP_2150,DELIVERY TRUCK,2010-06-29
SHP_2151,REGULAR AIR,2009-04-13
SHP_2152,REGULAR AIR,2011-02-26
SHP_2153,EXPRESS AIR,2011-02-20
SHP_2154,REGULAR AIR,2009-08-18
SHP_2155,REGULAR AIR,2012-07-09
SHP_2156,EXPRESS AIR,2010-02-23
SHP_2157,REGULAR AIR,2010-09-30
SHP_2158,REGULAR AIR,2010-10-04
SHP_2159,REGULAR AIR,2009-09-13
SHP_2160,REGULAR AIR,2009-07-06
SHP_2161,REGULAR AIR,2012-02-01
SHP_2162,EXPRESS AIR,2011-10-18
SHP_2163,REGULAR AIR,2012-02-02
SHP_2164,REGULAR AIR,2009-02-11
SHP_2165,REGULAR AIR,2011-05-23
SHP_2166,REGULAR AIR,2009-09-25
SHP_2167,REGULAR AIR,2011-01-15
SHP_2168,REGULAR AIR,2011-01-12
SHP_2169,REGULAR AIR,2010-07-23
SHP_2170,REGULAR AIR,2012-04-27
SHP_2171,REGULAR AIR,2012-04-28
SHP_2172,REGULAR AIR,2010-12-22
SHP_2173,REGULAR AIR,2011-10-05
SHP_2174,REGULAR AIR,2010-02-23
SHP_2175,REGULAR AIR,2012-10-08
SHP_2176,REGULAR AIR,2009-04-12
SHP_2177,REGULAR AIR,2010-03-12
SHP_2178,EXPRESS AIR,2010-03-10
SHP_2179,REGULAR AIR,2010-03-09
SHP_2180,REGULAR AIR,2009-07-31
SHP_2181,DELIVERY TRUCK,2009-08-01
SHP_2182,REGULAR AIR,2009-08-01
SHP_2183,EXPRESS AIR,2011-12-10
SHP_2184,DELIVERY TRUCK,2011-12-09
SHP_2185,REGULAR AIR,2011-12-09
SHP_2186,REGULAR AIR,2011-12-08
SHP_2187,DELIVERY TRUCK,2009-01-23
SHP_2188,REGULAR AIR,2010-05-14
SHP_2189,REGULAR AIR,2012-04-11
SHP_2190,REGULAR AIR,2010-12-05
SHP_2191,REGULAR AIR,2011-03-15
SHP_2192,EXPRESS AIR,2010-06-18
SHP_2193,REGULAR AIR,2010-06-23
SHP_2194,REGULAR AIR,2010-05-10
SHP_2195,REGULAR AIR,2010-06-24
SHP_2196,REGULAR AIR,2010-02-10
SHP_2197,REGULAR AIR,2011-05-05
SHP_2198,REGULAR AIR,2011-05-03
SHP_2199,REGULAR AIR,2011-05-07
SHP_2200,REGULAR AIR,2012-12-26
SHP_2201,DELIVERY TRUCK,2012-12-26
SHP_2202,DELIVERY TRUCK,2012-05-29
SHP_2203,REGULAR AIR,2012-05-29
SHP_2204,DELIVERY TRUCK,2010-11-19
SHP_2205,REGULAR AIR,2009-02-12
SHP_2206,REGULAR AIR,2012-11-13
SHP_2207,REGULAR AIR,2009-12-08
SHP_2208,DELIVERY TRUCK,2011-02-16
SHP_2209,REGULAR AIR,2011-02-18
SHP_2210,REGULAR AIR,2011-02-06
SHP_2211,REGULAR AIR,2011-02-09
SHP_2212,REGULAR AIR,2010-04-02
SHP_2213,REGULAR AIR,2012-02-22
SHP_2214,EXPRESS AIR,2009-12-08
SHP_2215,REGULAR AIR,2009-12-09
SHP_2216,DELIVERY TRUCK,2012-07-01
SHP_2217,REGULAR AIR,2009-05-22
SHP_2218,REGULAR AIR,2010-03-06
SHP_2219,REGULAR AIR,2009-06-20
SHP_2220,REGULAR AIR,2012-05-09
SHP_2221,REGULAR AIR,2012-04-03
SHP_2222,REGULAR AIR,2011-07-22
SHP_2223,DELIVERY TRUCK,2011-03-11
SHP_2224,REGULAR AIR,2012-01-28
SHP_2225,REGULAR AIR,2010-11-28
SHP_2226,REGULAR AIR,2010-11-27
SHP_2227,REGULAR AIR,2009-03-28
SHP_2228,REGULAR AIR,2012-12-07
SHP_2229,REGULAR AIR,2012-12-08
SHP_2230,REGULAR AIR,2010-02-03
SHP_2231,EXPRESS AIR,2010-02-02
SHP_2232,REGULAR AIR,2009-11-26
SHP_2233,REGULAR AIR,2012-09-05
SHP_2234,EXPRESS AIR,2009-03-31
SHP_2235,REGULAR AIR,2010-03-21
SHP_2236,DELIVERY TRUCK,2009-01-05
SHP_2237,REGULAR AIR,2011-05-27
SHP_2238,REGULAR AIR,2011-05-22
SHP_2239,REGULAR AIR,2011-09-09
SHP_2240,REGULAR AIR,2009-07-26
SHP_2241,REGULAR AIR,2011-12-17
SHP_2242,DELIVERY TRUCK,2011-12-19
SHP_2243,EXPRESS AIR,2011-12-17
SHP_2244,REGULAR AIR,2012-11-10
SHP_2245,REGULAR AIR,2010-06-14
SHP_2246,REGULAR AIR,2010-06-13
SHP_2247,REGULAR AIR,2012-03-13
SHP_2248,REGULAR AIR,2012-12-23
SHP_2249,DELIVERY TRUCK,2009-02-27
SHP_2250,REGULAR AIR,2010-03-10
SHP_2251,REGULAR AIR,2010-09-12
SHP_2252,REGULAR AIR,2010-03-26
SHP_2253,REGULAR AIR,2011-11-01
SHP_2254,REGULAR AIR,2011-11-02
SHP_2255,REGULAR AIR,2010-11-06
SHP_2256,REGULAR AIR,2009-12-14
SHP_2257,DELIVERY TRUCK,2011-06-18
SHP_2258,REGULAR AIR,2011-06-21
SHP_2259,REGULAR AIR,2012-03-12
SHP_2260,REGULAR AIR,2012-03-16
SHP_2261,REGULAR AIR,2011-09-23
SHP_2262,EXPRESS AIR,2010-10-24
SHP_2263,DELIVERY TRUCK,2010-10-23
SHP_2264,EXPRESS AIR,2012-04-27
SHP_2265,REGULAR AIR,2012-04-27
SHP_2266,REGULAR AIR,2012-04-25
SHP_2267,REGULAR AIR,2009-08-21
SHP_2268,DELIVERY TRUCK,2009-04-04
SHP_2269,REGULAR AIR,2012-05-26
SHP_2270,REGULAR AIR,2009-07-06
SHP_2271,REGULAR AIR,2009-07-05
SHP_2272,EXPRESS AIR,2011-03-18
SHP_2273,EXPRESS AIR,2012-06-17
SHP_2274,EXPRESS AIR,2012-04-17
SHP_2275,REGULAR AIR,2012-04-16
SHP_2276,REGULAR AIR,2011-03-25
SHP_2277,EXPRESS AIR,2012-05-09
SHP_2278,REGULAR AIR,2012-05-07
SHP_2279,REGULAR AIR,2011-12-06
SHP_2280,REGULAR AIR,2010-10-06
SHP_2281,REGULAR AIR,2009-09-19
SHP_2282,REGULAR AIR,2009-12-10
SHP_2283,REGULAR AIR,2011-08-29
SHP_2284,REGULAR AIR,2011-08-30
SHP_2285,REGULAR AIR,2012-03-20
SHP_2286,REGULAR AIR,2010-01-23
SHP_2287,REGULAR AIR,2012-10-23
SHP_2288,DELIVERY TRUCK,2009-03-23
SHP_2289,REGULAR AIR,2009-02-17
SHP_2290,EXPRESS AIR,2009-02-18
SHP_2291,REGULAR AIR,2009-07-06
SHP_2292,REGULAR AIR,2009-07-08
SHP_2293,REGULAR AIR,2009-07-11
SHP_2294,REGULAR AIR,2011-11-30
SHP_2295,REGULAR AIR,2010-05-12
SHP_2296,REGULAR AIR,2010-05-13
SHP_2297,REGULAR AIR,2010-05-02
SHP_2298,REGULAR AIR,2009-01-06
SHP_2299,DELIVERY TRUCK,2009-01-07
SHP_2300,REGULAR AIR,2009-01-05
SHP_2301,REGULAR AIR,2009-03-25
SHP_2302,EXPRESS AIR,2009-03-25
SHP_2303,REGULAR AIR,2009-03-25
SHP_2304,REGULAR AIR,2010-01-04
SHP_2305,REGULAR AIR,2009-07-28
SHP_2306,REGULAR AIR,2011-01-04
SHP_2307,REGULAR AIR,2012-02-03
SHP_2308,EXPRESS AIR,2012-02-03
SHP_2309,REGULAR AIR,2010-10-28
SHP_2310,EXPRESS AIR,2010-10-28
SHP_2311,DELIVERY TRUCK,2011-08-23
SHP_2312,REGULAR AIR,2011-08-23
SHP_2313,REGULAR AIR,2010-06-11
SHP_2314,REGULAR AIR,2010-06-14
SHP_2315,DELIVERY TRUCK,2012-05-14
SHP_2316,REGULAR AIR,2012-05-27
SHP_2317,REGULAR AIR,2012-05-28
SHP_2318,REGULAR AIR,2012-02-29
SHP_2319,REGULAR AIR,2011-10-12
SHP_2320,REGULAR AIR,2011-10-16
SHP_2321,REGULAR AIR,2012-04-11
SHP_2322,REGULAR AIR,2012-12-12
SHP_2323,REGULAR AIR,2012-12-11
SHP_2324,REGULAR AIR,2009-12-26
SHP_2325,REGULAR AIR,2009-12-27
SHP_2326,REGULAR AIR,2012-05-02
SHP_2327,REGULAR AIR,2011-07-15
SHP_2328,REGULAR AIR,2009-02-13
SHP_2329,DELIVERY TRUCK,2012-12-29
SHP_2330,REGULAR AIR,2011-08-20
SHP_2331,DELIVERY TRUCK,2011-02-07
SHP_2332,REGULAR AIR,2011-02-08
SHP_2333,REGULAR AIR,2012-09-14
SHP_2334,REGULAR AIR,2012-09-15
SHP_2335,REGULAR AIR,2010-11-20
SHP_2336,REGULAR AIR,2010-11-18
SHP_2337,EXPRESS AIR,2010-07-30
SHP_2338,REGULAR AIR,2010-08-01
SHP_2339,REGULAR AIR,2012-08-03
SHP_2340,EXPRESS AIR,2012-08-03
SHP_2341,REGULAR AIR,2009-07-22
SHP_2342,REGULAR AIR,2009-07-23
SHP_2343,REGULAR AIR,2010-12-10
SHP_2344,EXPRESS AIR,2011-02-21
SHP_2345,EXPRESS AIR,2009-12-13
SHP_2346,EXPRESS AIR,2009-12-14
SHP_2347,REGULAR AIR,2012-04-25
SHP_2348,REGULAR AIR,2012-02-25
SHP_2349,DELIVERY TRUCK,2012-01-23
SHP_2350,REGULAR AIR,2012-01-24
SHP_2351,REGULAR AIR,2011-09-06
SHP_2352,DELIVERY TRUCK,2011-11-24
SHP_2353,REGULAR AIR,2011-11-23
SHP_2354,REGULAR AIR,2011-11-24
SHP_2355,EXPRESS AIR,2011-11-24
SHP_2356,DELIVERY TRUCK,2009-12-24
SHP_2357,REGULAR AIR,2011-10-23
SHP_2358,DELIVERY TRUCK,2009-03-03
SHP_2359,REGULAR AIR,2012-08-07
SHP_2360,REGULAR AIR,2012-08-08
SHP_2361,REGULAR AIR,2009-11-23
SHP_2362,REGULAR AIR,2011-11-11
SHP_2363,REGULAR AIR,2011-11-12
SHP_2364,REGULAR AIR,2009-01-28
SHP_2365,REGULAR AIR,2010-11-20
SHP_2366,EXPRESS AIR,2012-01-11
SHP_2367,REGULAR AIR,2009-03-18
SHP_2368,REGULAR AIR,2011-04-15
SHP_2369,REGULAR AIR,2012-07-25
SHP_2370,REGULAR AIR,2012-07-17
SHP_2371,REGULAR AIR,2009-10-12
SHP_2372,REGULAR AIR,2012-05-24
SHP_2373,REGULAR AIR,2012-05-27
SHP_2374,REGULAR AIR,2009-05-25
SHP_2375,DELIVERY TRUCK,2009-04-17
SHP_2376,REGULAR AIR,2009-12-26
SHP_2377,DELIVERY TRUCK,2010-10-10
SHP_2378,REGULAR AIR,2010-10-11
SHP_2379,REGULAR AIR,2010-02-11
SHP_2380,DELIVERY TRUCK,2011-12-03
SHP_2381,REGULAR AIR,2011-05-06
SHP_2382,REGULAR AIR,2011-05-05
SHP_2383,EXPRESS AIR,2010-06-05
SHP_2384,EXPRESS AIR,2009-08-29
SHP_2385,REGULAR AIR,2009-10-15
SHP_2386,REGULAR AIR,2009-12-25
SHP_2387,DELIVERY TRUCK,2012-07-28
SHP_2388,REGULAR AIR,2012-08-02
SHP_2389,REGULAR AIR,2009-08-06
SHP_2390,REGULAR AIR,2009-08-07
SHP_2391,DELIVERY TRUCK,2011-01-30
SHP_2392,REGULAR AIR,2010-09-23
SHP_2393,REGULAR AIR,2010-08-05
SHP_2394,DELIVERY TRUCK,2012-07-25
SHP_2395,EXPRESS AIR,2010-02-02
SHP_2396,REGULAR AIR,2012-01-18
SHP_2397,REGULAR AIR,2011-06-21
SHP_2398,EXPRESS AIR,2010-06-09
SHP_2399,REGULAR AIR,2011-11-27
SHP_2400,EXPRESS AIR,2011-11-27
SHP_2401,REGULAR AIR,2011-11-28
SHP_2402,DELIVERY TRUCK,2011-11-28
SHP_2403,REGULAR AIR,2012-08-07
SHP_2404,REGULAR AIR,2012-08-06
SHP_2405,DELIVERY TRUCK,2011-02-19
SHP_2406,DELIVERY TRUCK,2011-02-17
SHP_2407,EXPRESS AIR,2011-05-28
SHP_2408,REGULAR AIR,2009-11-13
SHP_2409,REGULAR AIR,2009-11-15
SHP_2410,REGULAR AIR,2012-09-15
SHP_2411,DELIVERY TRUCK,2012-09-20
SHP_2412,REGULAR AIR,2009-10-30
SHP_2413,REGULAR AIR,2012-06-08
SHP_2414,REGULAR AIR,2012-06-09
SHP_2415,REGULAR AIR,2010-12-03
SHP_2416,REGULAR AIR,2012-10-17
SHP_2417,REGULAR AIR,2012-09-24
SHP_2418,DELIVERY TRUCK,2012-09-23
SHP_2419,REGULAR AIR,2011-07-13
SHP_2420,DELIVERY TRUCK,2011-05-24
SHP_2421,REGULAR AIR,2011-05-24
SHP_2422,EXPRESS AIR,2011-11-14
SHP_2423,REGULAR AIR,2011-11-17
SHP_2424,REGULAR AIR,2011-11-15
SHP_2425,REGULAR AIR,2009-09-19
SHP_2426,DELIVERY TRUCK,2009-02-25
SHP_2427,REGULAR AIR,2009-02-26
SHP_2428,REGULAR AIR,2009-03-22
SHP_2429,REGULAR AIR,2012-05-20
SHP_2430,REGULAR AIR,2012-05-19
SHP_2431,REGULAR AIR,2010-02-19
SHP_2432,REGULAR AIR,2010-02-17
SHP_2433,REGULAR AIR,2009-08-03
SHP_2434,REGULAR AIR,2009-08-02
SHP_2435,REGULAR AIR,2009-03-19
SHP_2436,REGULAR AIR,2009-01-14
SHP_2437,EXPRESS AIR,2012-09-02
SHP_2438,REGULAR AIR,2009-04-11
SHP_2439,REGULAR AIR,2009-04-10
SHP_2440,REGULAR AIR,2009-04-08
SHP_2441,REGULAR AIR,2009-12-11
SHP_2442,EXPRESS AIR,2009-04-02
SHP_2443,REGULAR AIR,2009-04-02
SHP_2444,REGULAR AIR,2010-08-06
SHP_2445,REGULAR AIR,2010-10-02
SHP_2446,REGULAR AIR,2010-06-26
SHP_2447,REGULAR AIR,2010-06-24
SHP_2448,REGULAR AIR,2010-05-11
SHP_2449,REGULAR AIR,2012-12-10
SHP_2450,REGULAR AIR,2012-12-11
SHP_2451,REGULAR AIR,2012-04-10
SHP_2452,DELIVERY TRUCK,2009-11-21
SHP_2453,REGULAR AIR,2009-11-22
SHP_2454,REGULAR AIR,2009-07-26
SHP_2455,EXPRESS AIR,2009-04-04
SHP_2456,REGULAR AIR,2011-06-01
SHP_2457,DELIVERY TRUCK,2011-06-03
SHP_2458,REGULAR AIR,2009-12-09
SHP_2459,REGULAR AIR,2011-03-22
SHP_2460,REGULAR AIR,2011-12-21
SHP_2461,REGULAR AIR,2011-12-22
SHP_2462,DELIVERY TRUCK,2012-01-05
SHP_2463,EXPRESS AIR,2012-01-08
SHP_2464,REGULAR AIR,2010-10-11
SHP_2465,REGULAR AIR,2012-04-10
SHP_2466,REGULAR AIR,2012-07-23
SHP_2467,REGULAR AIR,2009-09-28
SHP_2468,REGULAR AIR,2010-01-22
SHP_2469,REGULAR AIR,2012-03-18
SHP_2470,DELIVERY TRUCK,2011-09-12
SHP_2471,REGULAR AIR,2010-04-18
SHP_2472,REGULAR AIR,2012-12-07
SHP_2473,REGULAR AIR,2009-01-26
SHP_2474,REGULAR AIR,2010-03-07
SHP_2475,EXPRESS AIR,2010-03-08
SHP_2476,REGULAR AIR,2010-03-04
SHP_2477,EXPRESS AIR,2012-02-15
SHP_2478,REGULAR AIR,2010-08-20
SHP_2479,REGULAR AIR,2010-08-23
SHP_2480,DELIVERY TRUCK,2010-08-23
SHP_2481,DELIVERY TRUCK,2009-12-21
SHP_2482,REGULAR AIR,2009-12-07
SHP_2483,REGULAR AIR,2010-06-28
SHP_2484,REGULAR AIR,2009-05-14
SHP_2485,REGULAR AIR,2009-05-15
SHP_2486,DELIVERY TRUCK,2011-03-01
SHP_2487,REGULAR AIR,2011-06-12
SHP_2488,REGULAR AIR,2010-03-14
SHP_2489,REGULAR AIR,2009-09-22
SHP_2490,REGULAR AIR,2010-03-04
SHP_2491,REGULAR AIR,2011-03-23
SHP_2492,DELIVERY TRUCK,2012-11-12
SHP_2493,DELIVERY TRUCK,2012-11-11
SHP_2494,REGULAR AIR,2010-11-29
SHP_2495,DELIVERY TRUCK,2011-07-16
SHP_2496,REGULAR AIR,2012-05-13
SHP_2497,REGULAR AIR,2010-01-01
SHP_2498,REGULAR AIR,2009-03-16
SHP_2499,REGULAR AIR,2011-03-03
SHP_2500,REGULAR AIR,2012-07-14
SHP_2501,REGULAR AIR,2011-11-17
SHP_2502,DELIVERY TRUCK,2012-07-22
SHP_2503,REGULAR AIR,2012-09-04
SHP_2504,REGULAR AIR,2012-09-23
SHP_2505,REGULAR AIR,2009-04-03
SHP_2506,REGULAR AIR,2010-01-04
SHP_2507,REGULAR AIR,2011-01-26
SHP_2508,REGULAR AIR,2010-05-18
SHP_2509,REGULAR AIR,2011-09-25
SHP_2510,REGULAR AIR,2011-09-15
SHP_2511,REGULAR AIR,2012-12-22
SHP_2512,REGULAR AIR,2009-11-02
SHP_2513,REGULAR AIR,2009-11-01
SHP_2514,REGULAR AIR,2012-01-07
SHP_2515,REGULAR AIR,2009-04-24
SHP_2516,REGULAR AIR,2011-07-20
SHP_2517,REGULAR AIR,2010-07-01
SHP_2518,REGULAR AIR,2009-07-25
SHP_2519,REGULAR AIR,2010-10-24
SHP_2520,REGULAR AIR,2009-02-27
SHP_2521,REGULAR AIR,2012-10-29
SHP_2522,DELIVERY TRUCK,2009-04-19
SHP_2523,REGULAR AIR,2010-09-10
SHP_2524,EXPRESS AIR,2010-09-21
SHP_2525,REGULAR AIR,2011-08-07
SHP_2526,REGULAR AIR,2009-06-10
SHP_2527,REGULAR AIR,2012-08-22
SHP_2528,REGULAR AIR,2010-03-16
SHP_2529,REGULAR AIR,2012-11-06
SHP_2530,REGULAR AIR,2012-07-28
SHP_2531,REGULAR AIR,2010-05-16
SHP_2532,REGULAR AIR,2012-11-04
SHP_2533,EXPRESS AIR,2009-05-22
SHP_2534,EXPRESS AIR,2011-09-03
SHP_2535,REGULAR AIR,2012-10-11
SHP_2536,REGULAR AIR,2009-12-21
SHP_2537,EXPRESS AIR,2012-03-04
SHP_2538,REGULAR AIR,2012-09-16
SHP_2539,REGULAR AIR,2012-11-09
SHP_2540,REGULAR AIR,2010-02-25
SHP_2541,DELIVERY TRUCK,2010-03-12
SHP_2542,REGULAR AIR,2011-09-01
SHP_2543,REGULAR AIR,2012-06-12
SHP_2544,REGULAR AIR,2010-03-18
SHP_2545,REGULAR AIR,2012-10-04
SHP_2546,REGULAR AIR,2010-12-05
SHP_2547,DELIVERY TRUCK,2009-01-06
SHP_2548,REGULAR AIR,2009-06-03
SHP_2549,REGULAR AIR,2009-10-23
SHP_2550,REGULAR AIR,2010-10-24
SHP_2551,REGULAR AIR,2012-02-11
SHP_2552,EXPRESS AIR,2011-11-02
SHP_2553,EXPRESS AIR,2011-01-14
SHP_2554,REGULAR AIR,2009-04-30
SHP_2555,DELIVERY TRUCK,2010-08-05
SHP_2556,REGULAR AIR,2012-04-24
SHP_2557,REGULAR AIR,2009-02-28
SHP_2558,EXPRESS AIR,2010-01-10
SHP_2559,REGULAR AIR,2010-09-17
SHP_2560,EXPRESS AIR,2010-09-15
SHP_2561,REGULAR AIR,2009-06-03
SHP_2562,REGULAR AIR,2009-06-04
SHP_2563,REGULAR AIR,2010-02-25
SHP_2564,REGULAR AIR,2010-05-24
SHP_2565,REGULAR AIR,2010-05-25
SHP_2566,REGULAR AIR,2010-07-25
SHP_2567,REGULAR AIR,2011-01-22
SHP_2568,EXPRESS AIR,2011-01-22
SHP_2569,EXPRESS AIR,2010-01-04
SHP_2570,REGULAR AIR,2010-01-11
SHP_2571,REGULAR AIR,2011-03-18
SHP_2572,REGULAR AIR,2011-03-19
SHP_2573,REGULAR AIR,2009-10-01
SHP_2574,REGULAR AIR,2011-05-21
SHP_2575,REGULAR AIR,2009-04-12
SHP_2576,DELIVERY TRUCK,2010-02-13
SHP_2577,DELIVERY TRUCK,2010-06-04
SHP_2578,REGULAR AIR,2012-09-25
SHP_2579,REGULAR AIR,2012-06-07
SHP_2580,DELIVERY TRUCK,2012-06-02
SHP_2581,REGULAR AIR,2012-12-11
SHP_2582,REGULAR AIR,2012-02-13
SHP_2583,REGULAR AIR,2012-08-21
SHP_2584,EXPRESS AIR,2012-08-23
SHP_2585,REGULAR AIR,2010-10-20
SHP_2586,REGULAR AIR,2010-03-25
SHP_2587,REGULAR AIR,2009-03-20
SHP_2588,EXPRESS AIR,2012-06-27
SHP_2589,DELIVERY TRUCK,2012-06-21
SHP_2590,REGULAR AIR,2012-04-06
SHP_2591,REGULAR AIR,2012-04-05
SHP_2592,REGULAR AIR,2010-02-27
SHP_2593,REGULAR AIR,2012-06-02
SHP_2594,REGULAR AIR,2012-11-12
SHP_2595,DELIVERY TRUCK,2009-03-20
SHP_2596,REGULAR AIR,2012-05-14
SHP_2597,REGULAR AIR,2011-10-20
SHP_2598,REGULAR AIR,2012-06-26
SHP_2599,REGULAR AIR,2012-08-13
SHP_2600,REGULAR AIR,2010-10-17
SHP_2601,REGULAR AIR,2009-06-27
SHP_2602,REGULAR AIR,2009-06-17
SHP_2603,EXPRESS AIR,2011-12-22
SHP_2604,EXPRESS AIR,2011-07-02
SHP_2605,REGULAR AIR,2009-08-15
SHP_2606,REGULAR AIR,2012-01-06
SHP_2607,REGULAR AIR,2012-08-24
SHP_2608,EXPRESS AIR,2009-05-29
SHP_2609,EXPRESS AIR,2010-09-06
SHP_2610,REGULAR AIR,2012-08-05
SHP_2611,REGULAR AIR,2010-07-18
SHP_2612,REGULAR AIR,2010-07-17
SHP_2613,REGULAR AIR,2011-12-10
SHP_2614,REGULAR AIR,2009-01-21
SHP_2615,REGULAR AIR,2012-07-31
SHP_2616,DELIVERY TRUCK,2010-04-30
SHP_2617,REGULAR AIR,2012-12-16
SHP_2618,REGULAR AIR,2009-07-29
SHP_2619,REGULAR AIR,2010-01-16
SHP_2620,REGULAR AIR,2009-06-17
SHP_2621,REGULAR AIR,2011-09-17
SHP_2622,DELIVERY TRUCK,2010-11-04
SHP_2623,REGULAR AIR,2012-10-30
SHP_2624,REGULAR AIR,2012-12-23
SHP_2625,REGULAR AIR,2012-12-24
SHP_2626,EXPRESS AIR,2012-08-24
SHP_2627,EXPRESS AIR,2010-12-03
SHP_2628,REGULAR AIR,2010-12-03
SHP_2629,REGULAR AIR,2011-05-22
SHP_2630,REGULAR AIR,2012-09-03
SHP_2631,REGULAR AIR,2011-01-16
SHP_2632,EXPRESS AIR,2010-09-19
SHP_2633,REGULAR AIR,2012-05-06
SHP_2634,REGULAR AIR,2012-01-02
SHP_2635,REGULAR AIR,2010-11-06
SHP_2636,REGULAR AIR,2011-02-01
SHP_2637,REGULAR AIR,2011-10-31
SHP_2638,REGULAR AIR,2010-06-28
SHP_2639,DELIVERY TRUCK,2010-10-17
SHP_2640,REGULAR AIR,2010-03-18
SHP_2641,DELIVERY TRUCK,2012-10-22
SHP_2642,REGULAR AIR,2010-11-02
SHP_2643,REGULAR AIR,2009-07-31
SHP_2644,REGULAR AIR,2009-08-02
SHP_2645,REGULAR AIR,2009-07-31
SHP_2646,DELIVERY TRUCK,2009-01-11
SHP_2647,REGULAR AIR,2009-01-12
SHP_2648,REGULAR AIR,2011-02-04
SHP_2649,REGULAR AIR,2011-02-21
SHP_2650,REGULAR AIR,2009-05-16
SHP_2651,EXPRESS AIR,2010-09-11
SHP_2652,REGULAR AIR,2012-11-05
SHP_2653,REGULAR AIR,2010-04-15
SHP_2654,REGULAR AIR,2011-12-31
SHP_2655,REGULAR AIR,2010-10-01
SHP_2656,REGULAR AIR,2009-02-21
SHP_2657,REGULAR AIR,2009-05-18
SHP_2658,REGULAR AIR,2009-10-27
SHP_2659,REGULAR AIR,2009-03-26
SHP_2660,REGULAR AIR,2009-03-25
SHP_2661,DELIVERY TRUCK,2010-12-26
SHP_2662,REGULAR AIR,2012-04-24
SHP_2663,REGULAR AIR,2010-11-19
SHP_2664,EXPRESS AIR,2010-12-19
SHP_2665,REGULAR AIR,2012-09-12
SHP_2666,REGULAR AIR,2010-02-24
SHP_2667,EXPRESS AIR,2010-02-24
SHP_2668,REGULAR AIR,2011-08-30
SHP_2669,REGULAR AIR,2009-07-23
SHP_2670,EXPRESS AIR,2011-06-15
SHP_2671,REGULAR AIR,2009-10-09
SHP_2672,REGULAR AIR,2011-08-23
SHP_2673,REGULAR AIR,2011-08-28
SHP_2674,REGULAR AIR,2011-01-26
SHP_2675,REGULAR AIR,2009-08-29
SHP_2676,REGULAR AIR,2010-03-10
SHP_2677,REGULAR AIR,2012-11-06
SHP_2678,REGULAR AIR,2009-10-25
SHP_2679,REGULAR AIR,2010-10-21
SHP_2680,REGULAR AIR,2011-02-22
SHP_2681,REGULAR AIR,2010-07-21
SHP_2682,REGULAR AIR,2010-07-20
SHP_2683,REGULAR AIR,2009-09-14
SHP_2684,REGULAR AIR,2009-05-15
SHP_2685,REGULAR AIR,2009-05-11
SHP_2686,DELIVERY TRUCK,2012-01-05
SHP_2687,DELIVERY TRUCK,2011-12-22
SHP_2688,REGULAR AIR,2009-12-09
SHP_2689,REGULAR AIR,2011-10-27
SHP_2690,REGULAR AIR,2009-09-02
SHP_2691,REGULAR AIR,2011-12-19
SHP_2692,REGULAR AIR,2010-01-18
SHP_2693,REGULAR AIR,2009-06-08
SHP_2694,REGULAR AIR,2011-05-09
SHP_2695,REGULAR AIR,2009-05-23
SHP_2696,EXPRESS AIR,2012-07-03
SHP_2697,REGULAR AIR,2010-08-06
SHP_2698,EXPRESS AIR,2011-05-28
SHP_2699,REGULAR AIR,2011-07-29
SHP_2700,REGULAR AIR,2011-11-28
SHP_2701,DELIVERY TRUCK,2012-11-15
SHP_2702,REGULAR AIR,2011-04-07
SHP_2703,DELIVERY TRUCK,2010-01-13
SHP_2704,REGULAR AIR,2010-01-12
SHP_2705,REGULAR AIR,2010-02-15
SHP_2706,DELIVERY TRUCK,2012-12-13
SHP_2707,DELIVERY TRUCK,2010-06-13
SHP_2708,REGULAR AIR,2010-12-30
SHP_2709,DELIVERY TRUCK,2010-12-29
SHP_2710,REGULAR AIR,2010-10-20
SHP_2711,EXPRESS AIR,2009-12-07
SHP_2712,REGULAR AIR,2010-03-18
SHP_2713,REGULAR AIR,2009-11-06
SHP_2714,REGULAR AIR,2009-06-24
SHP_2715,REGULAR AIR,2012-09-22
SHP_2716,REGULAR AIR,2009-05-27
SHP_2717,DELIVERY TRUCK,2010-12-21
SHP_2718,DELIVERY TRUCK,2010-06-08
SHP_2719,REGULAR AIR,2011-12-23
SHP_2720,REGULAR AIR,2010-11-27
SHP_2721,REGULAR AIR,2010-01-10
SHP_2722,DELIVERY TRUCK,2009-12-21
SHP_2723,REGULAR AIR,2012-01-24
SHP_2724,EXPRESS AIR,2011-08-19
SHP_2725,REGULAR AIR,2012-06-19
SHP_2726,DELIVERY TRUCK,2009-09-15
SHP_2727,EXPRESS AIR,2011-06-10
SHP_2728,DELIVERY TRUCK,2012-12-24
SHP_2729,DELIVERY TRUCK,2009-04-15
SHP_2730,REGULAR AIR,2011-03-21
SHP_2731,REGULAR AIR,2010-12-01
SHP_2732,REGULAR AIR,2011-02-15
SHP_2733,REGULAR AIR,2009-02-26
SHP_2734,REGULAR AIR,2011-10-27
SHP_2735,REGULAR AIR,2009-04-06
SHP_2736,REGULAR AIR,2012-07-20
SHP_2737,EXPRESS AIR,2012-05-14
SHP_2738,DELIVERY TRUCK,2011-07-05
SHP_2739,REGULAR AIR,2010-10-09
SHP_2740,REGULAR AIR,2009-03-31
SHP_2741,DELIVERY TRUCK,2012-09-09
SHP_2742,REGULAR AIR,2011-05-06
SHP_2743,DELIVERY TRUCK,2011-05-08
SHP_2744,DELIVERY TRUCK,2011-04-26
SHP_2745,REGULAR AIR,2009-05-29
SHP_2746,REGULAR AIR,2012-05-15
SHP_2747,REGULAR AIR,2012-05-14
SHP_2748,EXPRESS AIR,2011-12-30
SHP_2749,REGULAR AIR,2011-06-30
SHP_2750,EXPRESS AIR,2011-07-01
SHP_2751,REGULAR AIR,2011-12-08
SHP_2752,REGULAR AIR,2010-05-02
SHP_2753,DELIVERY TRUCK,2010-06-15
SHP_2754,REGULAR AIR,2011-09-28
SHP_2755,REGULAR AIR,2010-05-15
SHP_2756,REGULAR AIR,2010-04-08
SHP_2757,REGULAR AIR,2010-08-20
SHP_2758,REGULAR AIR,2010-06-02
SHP_2759,REGULAR AIR,2012-01-18
SHP_2760,EXPRESS AIR,2009-11-02
SHP_2761,REGULAR AIR,2010-12-01
SHP_2762,DELIVERY TRUCK,2011-12-31
SHP_2763,DELIVERY TRUCK,2009-07-29
SHP_2764,REGULAR AIR,2010-10-15
SHP_2765,REGULAR AIR,2009-05-05
SHP_2766,REGULAR AIR,2010-07-02
SHP_2767,REGULAR AIR,2012-03-29
SHP_2768,REGULAR AIR,2009-08-20
SHP_2769,REGULAR AIR,2010-06-12
SHP_2770,REGULAR AIR,2012-02-17
SHP_2771,DELIVERY TRUCK,2012-06-17
SHP_2772,REGULAR AIR,2010-10-15
SHP_2773,REGULAR AIR,2009-02-28
SHP_2774,EXPRESS AIR,2012-10-02
SHP_2775,DELIVERY TRUCK,2010-10-01
SHP_2776,EXPRESS AIR,2011-03-22
SHP_2777,REGULAR AIR,2010-05-13
SHP_2778,REGULAR AIR,2009-01-11
SHP_2779,DELIVERY TRUCK,2009-07-31
SHP_2780,REGULAR AIR,2011-02-25
SHP_2781,REGULAR AIR,2011-12-02
SHP_2782,DELIVERY TRUCK,2009-08-01
SHP_2783,REGULAR AIR,2010-07-27
SHP_2784,REGULAR AIR,2012-10-14
SHP_2785,REGULAR AIR,2009-07-12
SHP_2786,EXPRESS AIR,2009-05-19
SHP_2787,REGULAR AIR,2009-05-20
SHP_2788,REGULAR AIR,2012-09-22
SHP_2789,REGULAR AIR,2012-06-11
SHP_2790,REGULAR AIR,2009-12-14
SHP_2791,REGULAR AIR,2012-08-28
SHP_2792,REGULAR AIR,2009-06-09
SHP_2793,EXPRESS AIR,2010-12-20
SHP_2794,REGULAR AIR,2010-07-28
SHP_2795,REGULAR AIR,2009-01-12
SHP_2796,REGULAR AIR,2010-05-19
SHP_2797,REGULAR AIR,2009-11-15
SHP_2798,DELIVERY TRUCK,2009-08-22
SHP_2799,EXPRESS AIR,2010-10-18
SHP_2800,REGULAR AIR,2011-03-23
SHP_2801,DELIVERY TRUCK,2012-09-04
SHP_2802,EXPRESS AIR,2011-08-22
SHP_2803,EXPRESS AIR,2011-08-23
SHP_2804,REGULAR AIR,2010-06-22
SHP_2805,REGULAR AIR,2012-01-29
SHP_2806,EXPRESS AIR,2009-09-02
SHP_2807,DELIVERY TRUCK,2010-12-07
SHP_2808,REGULAR AIR,2011-10-27
SHP_2809,REGULAR AIR,2010-03-04
SHP_2810,EXPRESS AIR,2011-03-12
SHP_2811,EXPRESS AIR,2011-02-23
SHP_2812,REGULAR AIR,2009-09-12
SHP_2813,REGULAR AIR,2011-02-15
SHP_2814,REGULAR AIR,2012-09-26
SHP_2815,DELIVERY TRUCK,2011-11-13
SHP_2816,REGULAR AIR,2009-06-26
SHP_2817,REGULAR AIR,2011-07-28
SHP_2818,EXPRESS AIR,2012-02-15
SHP_2819,EXPRESS AIR,2012-12-04
SHP_2820,REGULAR AIR,2011-11-02
SHP_2821,DELIVERY TRUCK,2011-05-29
SHP_2822,DELIVERY TRUCK,2012-04-27
SHP_2823,DELIVERY TRUCK,2010-01-15
SHP_2824,REGULAR AIR,2012-03-05
SHP_2825,REGULAR AIR,2010-01-13
SHP_2826,REGULAR AIR,2011-06-04
SHP_2827,REGULAR AIR,2012-12-02
SHP_2828,DELIVERY TRUCK,2012-12-01
SHP_2829,REGULAR AIR,2010-06-04
SHP_2830,DELIVERY TRUCK,2010-06-02
SHP_2831,REGULAR AIR,2009-09-02
SHP_2832,REGULAR AIR,2012-10-17
SHP_2833,DELIVERY TRUCK,2009-06-04
SHP_2834,REGULAR AIR,2009-06-30
SHP_2835,REGULAR AIR,2009-07-01
SHP_2836,REGULAR AIR,2010-06-28
SHP_2837,REGULAR AIR,2009-01-18
SHP_2838,EXPRESS AIR,2010-10-30
SHP_2839,EXPRESS AIR,2009-02-08
SHP_2840,REGULAR AIR,2011-11-11
SHP_2841,REGULAR AIR,2012-03-17
SHP_2842,REGULAR AIR,2009-10-02
SHP_2843,REGULAR AIR,2009-06-12
SHP_2844,REGULAR AIR,2012-01-19
SHP_2845,EXPRESS AIR,2010-03-25
SHP_2846,REGULAR AIR,2011-11-23
SHP_2847,REGULAR AIR,2009-05-30
SHP_2848,REGULAR AIR,2011-06-30
SHP_2849,REGULAR AIR,2011-07-02
SHP_2850,REGULAR AIR,2011-06-25
SHP_2851,DELIVERY TRUCK,2010-04-05
SHP_2852,REGULAR AIR,2010-04-10
SHP_2853,EXPRESS AIR,2011-01-07
SHP_2854,REGULAR AIR,2011-01-08
SHP_2855,REGULAR AIR,2011-01-07
SHP_2856,REGULAR AIR,2012-08-15
SHP_2857,REGULAR AIR,2009-12-24
SHP_2858,REGULAR AIR,2012-08-18
SHP_2859,REGULAR AIR,2011-06-19
SHP_2860,REGULAR AIR,2009-03-17
SHP_2861,REGULAR AIR,2011-04-30
SHP_2862,REGULAR AIR,2011-04-28
SHP_2863,REGULAR AIR,2010-03-01
SHP_2864,REGULAR AIR,2009-09-13
SHP_2865,EXPRESS AIR,2009-09-13
SHP_2866,REGULAR AIR,2010-07-06
SHP_2867,REGULAR AIR,2010-07-07
SHP_2868,REGULAR AIR,2012-06-12
SHP_2869,REGULAR AIR,2010-03-27
SHP_2870,REGULAR AIR,2010-03-07
SHP_2871,DELIVERY TRUCK,2010-03-05
SHP_2872,REGULAR AIR,2012-09-26
SHP_2873,REGULAR AIR,2012-12-02
SHP_2874,EXPRESS AIR,2010-04-24
SHP_2875,DELIVERY TRUCK,2011-08-17
SHP_2876,REGULAR AIR,2011-04-18
SHP_2877,REGULAR AIR,2011-04-19
SHP_2878,EXPRESS AIR,2009-01-03
SHP_2879,DELIVERY TRUCK,2011-05-11
SHP_2880,DELIVERY TRUCK,2011-08-06
SHP_2881,REGULAR AIR,2012-06-28
SHP_2882,REGULAR AIR,2012-02-14
SHP_2883,REGULAR AIR,2011-08-06
SHP_2884,DELIVERY TRUCK,2011-12-12
SHP_2885,DELIVERY TRUCK,2011-02-25
SHP_2886,REGULAR AIR,2011-02-25
SHP_2887,REGULAR AIR,2010-07-18
SHP_2888,REGULAR AIR,2011-12-07
SHP_2889,DELIVERY TRUCK,2012-03-04
SHP_2890,REGULAR AIR,2009-10-09
SHP_2891,REGULAR AIR,2010-12-04
SHP_2892,DELIVERY TRUCK,2012-02-29
SHP_2893,REGULAR AIR,2009-12-23
SHP_2894,REGULAR AIR,2010-09-21
SHP_2895,REGULAR AIR,2010-05-07
SHP_2896,REGULAR AIR,2009-06-22
SHP_2897,REGULAR AIR,2009-03-14
SHP_2898,DELIVERY TRUCK,2010-05-13
SHP_2899,REGULAR AIR,2011-01-05
SHP_2900,REGULAR AIR,2012-11-08
SHP_2901,EXPRESS AIR,2011-11-23
SHP_2902,REGULAR AIR,2010-08-20
SHP_2903,DELIVERY TRUCK,2011-02-07
SHP_2904,REGULAR AIR,2009-10-12
SHP_2905,REGULAR AIR,2012-02-09
SHP_2906,DELIVERY TRUCK,2012-01-22
SHP_2907,REGULAR AIR,2011-10-05
SHP_2908,REGULAR AIR,2011-06-16
SHP_2909,REGULAR AIR,2011-06-15
SHP_2910,REGULAR AIR,2009-06-23
SHP_2911,EXPRESS AIR,2012-07-23
SHP_2912,REGULAR AIR,2011-01-07
SHP_2913,DELIVERY TRUCK,2011-01-08
SHP_2914,REGULAR AIR,2010-08-29
SHP_2915,REGULAR AIR,2010-05-23
SHP_2916,REGULAR AIR,2011-11-02
SHP_2917,REGULAR AIR,2011-10-30
SHP_2918,DELIVERY TRUCK,2011-11-19
SHP_2919,REGULAR AIR,2012-12-16
SHP_2920,DELIVERY TRUCK,2011-12-19
SHP_2921,REGULAR AIR,2011-03-20
SHP_2922,REGULAR AIR,2011-03-19
SHP_2923,DELIVERY TRUCK,2012-06-02
SHP_2924,REGULAR AIR,2012-06-01
SHP_2925,REGULAR AIR,2011-07-17
SHP_2926,EXPRESS AIR,2010-06-16
SHP_2927,REGULAR AIR,2011-06-10
SHP_2928,REGULAR AIR,2010-06-23
SHP_2929,DELIVERY TRUCK,2012-02-02
SHP_2930,REGULAR AIR,2010-01-17
SHP_2931,REGULAR AIR,2009-08-15
SHP_2932,REGULAR AIR,2009-08-16
SHP_2933,REGULAR AIR,2012-04-02
SHP_2934,REGULAR AIR,2011-05-25
SHP_2935,REGULAR AIR,2010-04-18
SHP_2936,REGULAR AIR,2011-03-05
SHP_2937,DELIVERY TRUCK,2010-10-07
SHP_2938,DELIVERY TRUCK,2010-10-08
SHP_2939,REGULAR AIR,2010-10-08
SHP_2940,REGULAR AIR,2011-04-24
SHP_2941,DELIVERY TRUCK,2012-10-31
SHP_2942,REGULAR AIR,2010-07-24
SHP_2943,REGULAR AIR,2012-01-24
SHP_2944,DELIVERY TRUCK,2010-06-16
SHP_2945,EXPRESS AIR,2010-06-21
SHP_2946,EXPRESS AIR,2012-09-10
SHP_2947,DELIVERY TRUCK,2009-01-15
SHP_2948,REGULAR AIR,2009-01-14
SHP_2949,REGULAR AIR,2012-06-19
SHP_2950,REGULAR AIR,2012-06-20
SHP_2951,REGULAR AIR,2010-05-26
SHP_2952,REGULAR AIR,2010-05-27
SHP_2953,REGULAR AIR,2009-11-01
SHP_2954,REGULAR AIR,2009-08-23
SHP_2955,DELIVERY TRUCK,2010-04-03
SHP_2956,REGULAR AIR,2010-05-14
SHP_2957,REGULAR AIR,2010-03-25
SHP_2958,DELIVERY TRUCK,2012-01-24
SHP_2959,REGULAR AIR,2012-01-28
SHP_2960,DELIVERY TRUCK,2011-12-03
SHP_2961,REGULAR AIR,2011-03-04
SHP_2962,REGULAR AIR,2011-03-02
SHP_2963,REGULAR AIR,2011-09-13
SHP_2964,REGULAR AIR,2010-07-27
SHP_2965,EXPRESS AIR,2010-07-18
SHP_2966,EXPRESS AIR,2009-04-21
SHP_2967,REGULAR AIR,2011-05-25
SHP_2968,REGULAR AIR,2011-05-24
SHP_2969,EXPRESS AIR,2011-12-20
SHP_2970,REGULAR AIR,2010-02-01
SHP_2971,EXPRESS AIR,2010-02-01
SHP_2972,DELIVERY TRUCK,2012-02-06
SHP_2973,REGULAR AIR,2009-01-13
SHP_2974,REGULAR AIR,2010-12-12
SHP_2975,DELIVERY TRUCK,2010-12-12
SHP_2976,REGULAR AIR,2009-10-31
SHP_2977,REGULAR AIR,2009-10-30
SHP_2978,REGULAR AIR,2012-04-08
SHP_2979,REGULAR AIR,2011-01-05
SHP_2980,REGULAR AIR,2011-08-15
SHP_2981,REGULAR AIR,2012-02-12
SHP_2982,EXPRESS AIR,2011-03-24
SHP_2983,REGULAR AIR,2011-03-24
SHP_2984,REGULAR AIR,2009-05-24
SHP_2985,EXPRESS AIR,2011-09-10
SHP_2986,REGULAR AIR,2011-03-09
SHP_2987,EXPRESS AIR,2012-05-16
SHP_2988,REGULAR AIR,2009-09-29
SHP_2989,EXPRESS AIR,2009-09-29
SHP_2990,REGULAR AIR,2010-10-26
SHP_2991,REGULAR AIR,2009-07-07
SHP_2992,REGULAR AIR,2012-02-14
SHP_2993,DELIVERY TRUCK,2010-11-15
SHP_2994,EXPRESS AIR,2010-12-11
SHP_2995,EXPRESS AIR,2009-04-16
SHP_2996,REGULAR AIR,2012-10-09
SHP_2997,REGULAR AIR,2012-06-03
SHP_2998,REGULAR AIR,2010-02-10
SHP_2999,REGULAR AIR,2010-11-01
SHP_3000,REGULAR AIR,2011-12-25
SHP_3001,REGULAR AIR,2010-03-21
SHP_3002,DELIVERY TRUCK,2011-12-17
SHP_3003,REGULAR AIR,2009-09-26
SHP_3004,REGULAR AIR,2010-01-03
SHP_3005,REGULAR AIR,2011-12-22
SHP_3006,DELIVERY TRUCK,2011-12-26
SHP_3007,REGULAR AIR,2010-11-26
SHP_3008,REGULAR AIR,2011-12-22
SHP_3009,DELIVERY TRUCK,2011-09-15
SHP_3010,REGULAR AIR,2009-06-16
SHP_3011,DELIVERY TRUCK,2009-06-17
SHP_3012,REGULAR AIR,2009-08-28
SHP_3013,REGULAR AIR,2011-12-31
SHP_3014,REGULAR AIR,2010-04-07
SHP_3015,REGULAR AIR,2010-11-29
SHP_3016,REGULAR AIR,2010-08-12
SHP_3017,REGULAR AIR,2012-02-22
SHP_3018,REGULAR AIR,2010-06-11
SHP_3019,REGULAR AIR,2011-04-20
SHP_3020,EXPRESS AIR,2012-02-12
SHP_3021,REGULAR AIR,2009-10-01
SHP_3022,REGULAR AIR,2011-09-07
SHP_3023,REGULAR AIR,2012-08-29
SHP_3024,EXPRESS AIR,2009-12-21
SHP_3025,DELIVERY TRUCK,2009-04-07
SHP_3026,REGULAR AIR,2012-08-11
SHP_3027,REGULAR AIR,2011-08-21
SHP_3028,REGULAR AIR,2009-12-09
SHP_3029,EXPRESS AIR,2010-05-12
SHP_3030,REGULAR AIR,2011-03-27
SHP_3031,REGULAR AIR,2009-10-03
SHP_3032,REGULAR AIR,2010-03-24
SHP_3033,EXPRESS AIR,2012-10-29
SHP_3034,REGULAR AIR,2012-03-09
SHP_3035,REGULAR AIR,2012-01-20
SHP_3036,DELIVERY TRUCK,2011-06-16
SHP_3037,EXPRESS AIR,2011-08-26
SHP_3038,EXPRESS AIR,2012-12-03
SHP_3039,DELIVERY TRUCK,2012-04-05
SHP_3040,REGULAR AIR,2010-06-11
SHP_3041,DELIVERY TRUCK,2011-11-07
SHP_3042,REGULAR AIR,2009-09-03
SHP_3043,REGULAR AIR,2011-10-07
SHP_3044,REGULAR AIR,2010-01-25
SHP_3045,REGULAR AIR,2009-06-23
SHP_3046,EXPRESS AIR,2012-12-11
SHP_3047,EXPRESS AIR,2010-05-20
SHP_3048,REGULAR AIR,2010-06-03
SHP_3049,REGULAR AIR,2012-07-06
SHP_3050,REGULAR AIR,2010-10-12
SHP_3051,REGULAR AIR,2012-08-23
SHP_3052,EXPRESS AIR,2011-02-27
SHP_3053,REGULAR AIR,2011-09-24
SHP_3054,REGULAR AIR,2011-12-12
SHP_3055,REGULAR AIR,2012-03-28
SHP_3056,REGULAR AIR,2011-10-12
SHP_3057,REGULAR AIR,2011-10-14
SHP_3058,REGULAR AIR,2009-09-15
SHP_3059,REGULAR AIR,2010-03-15
SHP_3060,REGULAR AIR,2012-10-23
SHP_3061,REGULAR AIR,2010-02-02
SHP_3062,EXPRESS AIR,2011-07-22
SHP_3063,REGULAR AIR,2012-06-04
SHP_3064,REGULAR AIR,2009-04-15
SHP_3065,REGULAR AIR,2011-01-09
SHP_3066,REGULAR AIR,2011-09-11
SHP_3067,REGULAR AIR,2010-10-31
SHP_3068,REGULAR AIR,2012-09-25
SHP_3069,REGULAR AIR,2010-07-01
SHP_3070,REGULAR AIR,2010-06-30
SHP_3071,REGULAR AIR,2010-05-16
SHP_3072,REGULAR AIR,2010-01-15
SHP_3073,REGULAR AIR,2011-03-02
SHP_3074,REGULAR AIR,2012-04-25
SHP_3075,REGULAR AIR,2012-01-17
SHP_3076,EXPRESS AIR,2010-10-18
SHP_3077,REGULAR AIR,2012-05-18
SHP_3078,REGULAR AIR,2010-05-12
SHP_3079,EXPRESS AIR,2009-07-24
SHP_3080,DELIVERY TRUCK,2009-04-08
SHP_3081,EXPRESS AIR,2011-12-23
SHP_3082,DELIVERY TRUCK,2012-05-15
SHP_3083,REGULAR AIR,2012-01-07
SHP_3084,DELIVERY TRUCK,2012-05-28
SHP_3085,DELIVERY TRUCK,2012-08-22
SHP_3086,REGULAR AIR,2012-08-22
SHP_3087,REGULAR AIR,2012-09-12
SHP_3088,DELIVERY TRUCK,2010-03-27
SHP_3089,REGULAR AIR,2012-04-12
SHP_3090,REGULAR AIR,2011-02-28
SHP_3091,REGULAR AIR,2009-10-06
SHP_3092,DELIVERY TRUCK,2009-10-06
SHP_3093,DELIVERY TRUCK,2011-12-27
SHP_3094,DELIVERY TRUCK,2009-05-21
SHP_3095,REGULAR AIR,2012-12-13
SHP_3096,REGULAR AIR,2012-12-18
SHP_3097,REGULAR AIR,2011-01-23
SHP_3098,REGULAR AIR,2012-04-24
SHP_3099,EXPRESS AIR,2012-01-18
SHP_3100,EXPRESS AIR,2011-04-13
SHP_3101,REGULAR AIR,2011-04-12
SHP_3102,REGULAR AIR,2011-04-13
SHP_3103,REGULAR AIR,2011-03-07
SHP_3104,EXPRESS AIR,2009-07-30
SHP_3105,REGULAR AIR,2009-05-22
SHP_3106,REGULAR AIR,2009-04-22
SHP_3107,REGULAR AIR,2011-05-06
SHP_3108,REGULAR AIR,2010-09-16
SHP_3109,REGULAR AIR,2012-11-04
SHP_3110,REGULAR AIR,2009-02-08
SHP_3111,DELIVERY TRUCK,2010-07-24
SHP_3112,REGULAR AIR,2010-07-24
SHP_3113,REGULAR AIR,2012-05-01
SHP_3114,REGULAR AIR,2009-08-17
SHP_3115,DELIVERY TRUCK,2009-06-16
SHP_3116,REGULAR AIR,2009-06-17
SHP_3117,EXPRESS AIR,2011-09-20
SHP_3118,REGULAR AIR,2009-08-27
SHP_3119,EXPRESS AIR,2009-08-26
SHP_3120,DELIVERY TRUCK,2012-02-16
SHP_3121,DELIVERY TRUCK,2010-10-19
SHP_3122,REGULAR AIR,2010-10-05
SHP_3123,REGULAR AIR,2011-01-31
SHP_3124,REGULAR AIR,2011-08-30
SHP_3125,DELIVERY TRUCK,2011-08-30
SHP_3126,REGULAR AIR,2011-12-07
SHP_3127,DELIVERY TRUCK,2011-12-08
SHP_3128,REGULAR AIR,2012-09-17
SHP_3129,EXPRESS AIR,2012-09-17
SHP_3130,EXPRESS AIR,2012-03-04
SHP_3131,REGULAR AIR,2009-01-29
SHP_3132,REGULAR AIR,2010-08-06
SHP_3133,DELIVERY TRUCK,2009-07-30
SHP_3134,REGULAR AIR,2012-08-05
SHP_3135,EXPRESS AIR,2009-01-13
SHP_3136,REGULAR AIR,2009-01-11
SHP_3137,REGULAR AIR,2012-09-08
SHP_3138,REGULAR AIR,2012-07-20
SHP_3139,DELIVERY TRUCK,2012-01-12
SHP_3140,REGULAR AIR,2009-11-30
SHP_3141,REGULAR AIR,2011-04-28
SHP_3142,REGULAR AIR,2011-07-29
SHP_3143,REGULAR AIR,2011-03-23
SHP_3144,REGULAR AIR,2011-02-15
SHP_3145,DELIVERY TRUCK,2011-01-08
SHP_3146,EXPRESS AIR,2012-02-24
SHP_3147,REGULAR AIR,2010-04-17
SHP_3148,REGULAR AIR,2009-11-06
SHP_3149,REGULAR AIR,2011-12-30
SHP_3150,REGULAR AIR,2011-11-25
SHP_3151,REGULAR AIR,2010-05-15
SHP_3152,DELIVERY TRUCK,2009-11-05
SHP_3153,REGULAR AIR,2012-10-30
SHP_3154,REGULAR AIR,2010-12-27
SHP_3155,REGULAR AIR,2009-05-22
SHP_3156,REGULAR AIR,2011-08-27
SHP_3157,EXPRESS AIR,2010-09-27
SHP_3158,REGULAR AIR,2009-05-27
SHP_3159,REGULAR AIR,2009-06-14
SHP_3160,REGULAR AIR,2010-07-25
SHP_3161,REGULAR AIR,2010-05-09
SHP_3162,DELIVERY TRUCK,2010-05-16
SHP_3163,DELIVERY TRUCK,2010-10-18
SHP_3164,REGULAR AIR,2012-03-11
SHP_3165,REGULAR AIR,2010-10-14
SHP_3166,REGULAR AIR,2010-08-01
SHP_3167,REGULAR AIR,2009-05-15
SHP_3168,DELIVERY TRUCK,2012-01-12
SHP_3169,DELIVERY TRUCK,2010-07-10
SHP_3170,REGULAR AIR,2009-10-06
SHP_3171,REGULAR AIR,2010-07-26
SHP_3172,REGULAR AIR,2009-12-18
SHP_3173,REGULAR AIR,2012-04-26
SHP_3174,REGULAR AIR,2011-08-26
SHP_3175,EXPRESS AIR,2010-05-17
SHP_3176,EXPRESS AIR,2009-07-13
SHP_3177,REGULAR AIR,2012-11-03
SHP_3178,REGULAR AIR,2011-01-24
SHP_3179,EXPRESS AIR,2011-03-23
SHP_3180,EXPRESS AIR,2009-04-11
SHP_3181,REGULAR AIR,2009-04-11
SHP_3182,REGULAR AIR,2012-02-15
SHP_3183,REGULAR AIR,2011-06-14
SHP_3184,EXPRESS AIR,2011-11-03
SHP_3185,REGULAR AIR,2009-05-26
SHP_3186,REGULAR AIR,2009-08-16
SHP_3187,DELIVERY TRUCK,2011-07-28
SHP_3188,REGULAR AIR,2009-05-30
SHP_3189,REGULAR AIR,2009-01-11
SHP_3190,DELIVERY TRUCK,2010-01-11
SHP_3191,DELIVERY TRUCK,2010-12-15
SHP_3192,REGULAR AIR,2012-12-14
SHP_3193,REGULAR AIR,2010-12-22
SHP_3194,REGULAR AIR,2011-10-22
SHP_3195,REGULAR AIR,2010-08-09
SHP_3196,REGULAR AIR,2011-05-25
SHP_3197,REGULAR AIR,2011-05-26
SHP_3198,REGULAR AIR,2009-01-06
SHP_3199,DELIVERY TRUCK,2012-05-01
SHP_3200,REGULAR AIR,2010-03-03
SHP_3201,REGULAR AIR,2010-03-02
SHP_3202,REGULAR AIR,2010-04-18
SHP_3203,REGULAR AIR,2009-04-09
SHP_3204,REGULAR AIR,2010-12-06
SHP_3205,DELIVERY TRUCK,2011-07-16
SHP_3206,REGULAR AIR,2012-10-31
SHP_3207,REGULAR AIR,2009-01-08
SHP_3208,EXPRESS AIR,2009-01-08
SHP_3209,REGULAR AIR,2012-02-03
SHP_3210,REGULAR AIR,2012-04-10
SHP_3211,EXPRESS AIR,2012-04-14
SHP_3212,EXPRESS AIR,2012-10-24
SHP_3213,REGULAR AIR,2010-12-05
SHP_3214,REGULAR AIR,2010-12-06
SHP_3215,REGULAR AIR,2011-05-01
SHP_3216,REGULAR AIR,2010-05-27
SHP_3217,REGULAR AIR,2010-05-26
SHP_3218,REGULAR AIR,2009-10-06
SHP_3219,EXPRESS AIR,2009-10-06
SHP_3220,REGULAR AIR,2010-05-09
SHP_3221,REGULAR AIR,2010-05-07
SHP_3222,REGULAR AIR,2012-07-03
SHP_3223,REGULAR AIR,2011-04-14
SHP_3224,REGULAR AIR,2012-01-12
SHP_3225,REGULAR AIR,2012-01-10
SHP_3226,REGULAR AIR,2010-09-26
SHP_3227,REGULAR AIR,2010-09-27
SHP_3228,REGULAR AIR,2011-02-17
SHP_3229,DELIVERY TRUCK,2010-04-04
SHP_3230,REGULAR AIR,2010-04-02
SHP_3231,REGULAR AIR,2011-12-25
SHP_3232,EXPRESS AIR,2011-12-25
SHP_3233,REGULAR AIR,2009-08-29
SHP_3234,DELIVERY TRUCK,2010-02-09
SHP_3235,REGULAR AIR,2010-02-10
SHP_3236,REGULAR AIR,2011-01-14
SHP_3237,REGULAR AIR,2009-10-30
SHP_3238,REGULAR AIR,2009-10-29
SHP_3239,REGULAR AIR,2010-09-21
SHP_3240,REGULAR AIR,2012-08-24
SHP_3241,REGULAR AIR,2009-10-08
SHP_3242,REGULAR AIR,2009-10-09
SHP_3243,REGULAR AIR,2010-03-06
SHP_3244,REGULAR AIR,2012-02-01
SHP_3245,REGULAR AIR,2011-01-21
SHP_3246,REGULAR AIR,2009-07-04
SHP_3247,REGULAR AIR,2012-02-07
SHP_3248,REGULAR AIR,2011-11-11
SHP_3249,DELIVERY TRUCK,2011-11-09
SHP_3250,REGULAR AIR,2009-04-09
SHP_3251,REGULAR AIR,2011-10-10
SHP_3252,DELIVERY TRUCK,2009-03-25
SHP_3253,REGULAR AIR,2009-03-24
SHP_3254,REGULAR AIR,2010-05-25
SHP_3255,DELIVERY TRUCK,2010-10-07
SHP_3256,DELIVERY TRUCK,2010-10-25
SHP_3257,REGULAR AIR,2010-10-27
SHP_3258,DELIVERY TRUCK,2012-12-02
SHP_3259,REGULAR AIR,2012-12-04
SHP_3260,REGULAR AIR,2012-12-01
SHP_3261,DELIVERY TRUCK,2012-03-15
SHP_3262,REGULAR AIR,2011-11-19
SHP_3263,REGULAR AIR,2011-11-17
SHP_3264,REGULAR AIR,2012-08-01
SHP_3265,DELIVERY TRUCK,2010-09-04
SHP_3266,DELIVERY TRUCK,2011-10-03
SHP_3267,DELIVERY TRUCK,2010-07-29
SHP_3268,REGULAR AIR,2012-04-27
SHP_3269,REGULAR AIR,2012-07-25
SHP_3270,REGULAR AIR,2010-07-15
SHP_3271,REGULAR AIR,2009-12-05
SHP_3272,REGULAR AIR,2012-07-01
SHP_3273,EXPRESS AIR,2009-06-11
SHP_3274,REGULAR AIR,2011-09-15
SHP_3275,REGULAR AIR,2011-08-15
SHP_3276,REGULAR AIR,2011-09-26
SHP_3277,REGULAR AIR,2011-10-21
SHP_3278,REGULAR AIR,2011-10-22
SHP_3279,REGULAR AIR,2010-12-21
SHP_3280,EXPRESS AIR,2009-02-26
SHP_3281,EXPRESS AIR,2011-09-21
SHP_3282,REGULAR AIR,2010-03-09
SHP_3283,REGULAR AIR,2010-03-08
SHP_3284,REGULAR AIR,2009-10-21
SHP_3285,EXPRESS AIR,2011-08-13
SHP_3286,REGULAR AIR,2011-01-22
SHP_3287,REGULAR AIR,2011-01-26
SHP_3288,REGULAR AIR,2012-06-09
SHP_3289,REGULAR AIR,2012-02-01
SHP_3290,REGULAR AIR,2011-03-01
SHP_3291,REGULAR AIR,2009-02-09
SHP_3292,REGULAR AIR,2012-09-21
SHP_3293,REGULAR AIR,2011-11-01
SHP_3294,DELIVERY TRUCK,2011-10-29
SHP_3295,REGULAR AIR,2009-11-30
SHP_3296,REGULAR AIR,2009-12-01
SHP_3297,REGULAR AIR,2012-07-22
SHP_3298,DELIVERY TRUCK,2010-01-21
SHP_3299,REGULAR AIR,2011-02-10
SHP_3300,REGULAR AIR,2009-05-28
SHP_3301,DELIVERY TRUCK,2012-12-03
SHP_3302,DELIVERY TRUCK,2012-09-25
SHP_3303,REGULAR AIR,2009-04-05
SHP_3304,REGULAR AIR,2010-11-10
SHP_3305,DELIVERY TRUCK,2009-03-29
SHP_3306,REGULAR AIR,2009-03-29
SHP_3307,REGULAR AIR,2009-03-28
SHP_3308,REGULAR AIR,2009-08-18
SHP_3309,DELIVERY TRUCK,2010-01-10
SHP_3310,REGULAR AIR,2010-01-15
SHP_3311,DELIVERY TRUCK,2010-07-23
SHP_3312,REGULAR AIR,2011-05-21
SHP_3313,REGULAR AIR,2009-07-21
SHP_3314,REGULAR AIR,2009-08-07
SHP_3315,REGULAR AIR,2012-07-25
SHP_3316,REGULAR AIR,2009-06-06
SHP_3317,EXPRESS AIR,2009-06-05
SHP_3318,REGULAR AIR,2012-03-20
SHP_3319,REGULAR AIR,2012-03-19
SHP_3320,REGULAR AIR,2010-01-11
SHP_3321,EXPRESS AIR,2010-01-10
SHP_3322,REGULAR AIR,2011-04-28
SHP_3323,REGULAR AIR,2012-09-04
SHP_3324,REGULAR AIR,2012-09-06
SHP_3325,DELIVERY TRUCK,2010-07-30
SHP_3326,REGULAR AIR,2012-06-21
SHP_3327,REGULAR AIR,2012-06-20
SHP_3328,REGULAR AIR,2010-01-06
SHP_3329,REGULAR AIR,2010-01-08
SHP_3330,EXPRESS AIR,2010-01-04
SHP_3331,REGULAR AIR,2010-11-29
SHP_3332,REGULAR AIR,2012-03-18
SHP_3333,REGULAR AIR,2012-01-09
SHP_3334,EXPRESS AIR,2012-01-10
SHP_3335,REGULAR AIR,2010-12-30
SHP_3336,REGULAR AIR,2012-09-18
SHP_3337,REGULAR AIR,2011-12-09
SHP_3338,REGULAR AIR,2012-12-30
SHP_3339,REGULAR AIR,2012-12-29
SHP_3340,EXPRESS AIR,2009-03-15
SHP_3341,REGULAR AIR,2009-04-21
SHP_3342,REGULAR AIR,2012-04-02
SHP_3343,EXPRESS AIR,2012-12-29
SHP_3344,EXPRESS AIR,2010-08-23
SHP_3345,REGULAR AIR,2010-01-31
SHP_3346,DELIVERY TRUCK,2009-12-29
SHP_3347,DELIVERY TRUCK,2012-05-09
SHP_3348,REGULAR AIR,2012-05-08
SHP_3349,REGULAR AIR,2010-09-16
SHP_3350,DELIVERY TRUCK,2011-08-15
SHP_3351,EXPRESS AIR,2009-06-19
SHP_3352,REGULAR AIR,2011-12-03
SHP_3353,REGULAR AIR,2010-11-01
SHP_3354,EXPRESS AIR,2011-12-23
SHP_3355,REGULAR AIR,2011-12-18
SHP_3356,EXPRESS AIR,2011-12-18
SHP_3357,REGULAR AIR,2009-02-22
SHP_3358,REGULAR AIR,2012-08-02
SHP_3359,DELIVERY TRUCK,2012-08-26
SHP_3360,REGULAR AIR,2012-08-25
SHP_3361,REGULAR AIR,2010-11-23
SHP_3362,REGULAR AIR,2009-03-13
SHP_3363,REGULAR AIR,2012-03-03
SHP_3364,REGULAR AIR,2012-07-18
SHP_3365,REGULAR AIR,2011-02-11
SHP_3366,DELIVERY TRUCK,2010-04-08
SHP_3367,REGULAR AIR,2012-01-21
SHP_3368,REGULAR AIR,2012-11-05
SHP_3369,REGULAR AIR,2012-11-03
SHP_3370,REGULAR AIR,2012-08-22
SHP_3371,REGULAR AIR,2012-10-19
SHP_3372,EXPRESS AIR,2010-05-15
SHP_3373,EXPRESS AIR,2010-05-14
SHP_3374,EXPRESS AIR,2011-03-17
SHP_3375,REGULAR AIR,2011-02-09
SHP_3376,REGULAR AIR,2009-07-25
SHP_3377,EXPRESS AIR,2010-08-11
SHP_3378,REGULAR AIR,2009-04-15
SHP_3379,REGULAR AIR,2010-06-07
SHP_3380,REGULAR AIR,2010-06-08
SHP_3381,REGULAR AIR,2011-05-09
SHP_3382,REGULAR AIR,2012-10-18
SHP_3383,REGULAR AIR,2010-02-17
SHP_3384,EXPRESS AIR,2009-12-02
SHP_3385,REGULAR AIR,2009-12-02
SHP_3386,REGULAR AIR,2009-12-03
SHP_3387,REGULAR AIR,2009-05-15
SHP_3388,REGULAR AIR,2009-05-14
SHP_3389,REGULAR AIR,2009-10-10
SHP_3390,REGULAR AIR,2009-10-08
SHP_3391,REGULAR AIR,2012-09-09
SHP_3392,REGULAR AIR,2012-07-31
SHP_3393,EXPRESS AIR,2012-03-05
SHP_3394,DELIVERY TRUCK,2011-09-11
SHP_3395,REGULAR AIR,2009-01-23
SHP_3396,REGULAR AIR,2009-12-27
SHP_3397,REGULAR AIR,2012-02-09
SHP_3398,REGULAR AIR,2009-04-01
SHP_3399,REGULAR AIR,2010-01-24
SHP_3400,REGULAR AIR,2010-01-25
SHP_3401,REGULAR AIR,2011-05-02
SHP_3402,EXPRESS AIR,2009-11-09
SHP_3403,REGULAR AIR,2010-11-15
SHP_3404,DELIVERY TRUCK,2010-11-15
SHP_3405,REGULAR AIR,2009-12-12
SHP_3406,REGULAR AIR,2009-01-18
SHP_3407,DELIVERY TRUCK,2009-01-18
SHP_3408,REGULAR AIR,2009-05-26
SHP_3409,REGULAR AIR,2009-05-27
SHP_3410,REGULAR AIR,2009-07-08
SHP_3411,REGULAR AIR,2009-07-07
SHP_3412,DELIVERY TRUCK,2011-03-07
SHP_3413,REGULAR AIR,2012-09-26
SHP_3414,REGULAR AIR,2012-09-27
SHP_3415,REGULAR AIR,2012-09-28
SHP_3416,REGULAR AIR,2011-04-07
SHP_3417,REGULAR AIR,2011-12-11
SHP_3418,REGULAR AIR,2011-12-13
SHP_3419,REGULAR AIR,2011-11-14
SHP_3420,REGULAR AIR,2011-11-15
SHP_3421,REGULAR AIR,2011-01-12
SHP_3422,EXPRESS AIR,2010-01-30
SHP_3423,DELIVERY TRUCK,2012-02-24
SHP_3424,EXPRESS AIR,2009-11-14
SHP_3425,REGULAR AIR,2010-06-20
SHP_3426,REGULAR AIR,2012-11-12
SHP_3427,REGULAR AIR,2012-11-11
SHP_3428,EXPRESS AIR,2011-05-24
SHP_3429,REGULAR AIR,2010-08-23
SHP_3430,REGULAR AIR,2012-09-18
SHP_3431,REGULAR AIR,2009-07-05
SHP_3432,REGULAR AIR,2012-09-03
SHP_3433,REGULAR AIR,2010-03-04
SHP_3434,REGULAR AIR,2010-11-01
SHP_3435,REGULAR AIR,2010-11-03
SHP_3436,REGULAR AIR,2009-08-24
SHP_3437,EXPRESS AIR,2010-03-15
SHP_3438,DELIVERY TRUCK,2012-07-20
SHP_3439,REGULAR AIR,2010-02-22
SHP_3440,EXPRESS AIR,2012-01-13
SHP_3441,REGULAR AIR,2009-04-05
SHP_3442,REGULAR AIR,2009-09-17
SHP_3443,REGULAR AIR,2009-09-12
SHP_3444,REGULAR AIR,2009-09-13
SHP_3445,EXPRESS AIR,2009-09-30
SHP_3446,REGULAR AIR,2012-05-02
SHP_3447,DELIVERY TRUCK,2011-02-14
SHP_3448,REGULAR AIR,2009-12-31
SHP_3449,REGULAR AIR,2010-01-02
SHP_3450,DELIVERY TRUCK,2010-01-02
SHP_3451,REGULAR AIR,2010-09-22
SHP_3452,REGULAR AIR,2010-09-21
SHP_3453,REGULAR AIR,2012-03-31
SHP_3454,REGULAR AIR,2011-10-05
SHP_3455,REGULAR AIR,2011-12-11
SHP_3456,REGULAR AIR,2010-01-13
SHP_3457,DELIVERY TRUCK,2012-08-11
SHP_3458,REGULAR AIR,2012-12-14
SHP_3459,EXPRESS AIR,2009-08-10
SHP_3460,REGULAR AIR,2011-06-17
SHP_3461,REGULAR AIR,2010-08-25
SHP_3462,REGULAR AIR,2011-02-10
SHP_3463,REGULAR AIR,2010-12-23
SHP_3464,DELIVERY TRUCK,2010-12-22
SHP_3465,REGULAR AIR,2012-10-25
SHP_3466,REGULAR AIR,2010-09-19
SHP_3467,DELIVERY TRUCK,2010-09-19
SHP_3468,DELIVERY TRUCK,2010-11-24
SHP_3469,REGULAR AIR,2012-04-17
SHP_3470,REGULAR AIR,2011-08-22
SHP_3471,REGULAR AIR,2011-12-26
SHP_3472,EXPRESS AIR,2011-12-17
SHP_3473,REGULAR AIR,2009-04-25
SHP_3474,REGULAR AIR,2009-04-27
SHP_3475,REGULAR AIR,2012-08-04
SHP_3476,REGULAR AIR,2012-05-25
SHP_3477,REGULAR AIR,2012-05-30
SHP_3478,REGULAR AIR,2010-07-29
SHP_3479,REGULAR AIR,2011-01-05
SHP_3480,REGULAR AIR,2012-05-01
SHP_3481,EXPRESS AIR,2009-03-05
SHP_3482,REGULAR AIR,2012-11-06
SHP_3483,REGULAR AIR,2012-07-21
SHP_3484,DELIVERY TRUCK,2010-10-30
SHP_3485,REGULAR AIR,2011-11-30
SHP_3486,REGULAR AIR,2010-04-01
SHP_3487,REGULAR AIR,2012-12-30
SHP_3488,REGULAR AIR,2012-02-04
SHP_3489,REGULAR AIR,2012-02-05
SHP_3490,REGULAR AIR,2011-11-03
SHP_3491,REGULAR AIR,2011-11-02
SHP_3492,DELIVERY TRUCK,2012-10-19
SHP_3493,REGULAR AIR,2011-07-19
SHP_3494,REGULAR AIR,2011-07-17
SHP_3495,REGULAR AIR,2011-10-06
SHP_3496,EXPRESS AIR,2011-11-03
SHP_3497,EXPRESS AIR,2011-09-21
SHP_3498,REGULAR AIR,2011-10-21
SHP_3499,REGULAR AIR,2012-10-02
SHP_3500,REGULAR AIR,2010-06-30
SHP_3501,EXPRESS AIR,2010-07-02
SHP_3502,DELIVERY TRUCK,2012-09-19
SHP_3503,REGULAR AIR,2012-09-17
SHP_3504,REGULAR AIR,2012-09-18
SHP_3505,REGULAR AIR,2009-05-29
SHP_3506,REGULAR AIR,2012-02-18
SHP_3507,REGULAR AIR,2012-05-13
SHP_3508,DELIVERY TRUCK,2012-05-14
SHP_3509,REGULAR AIR,2012-05-14
SHP_3510,REGULAR AIR,2010-02-05
SHP_3511,REGULAR AIR,2012-06-28
SHP_3512,REGULAR AIR,2009-12-07
SHP_3513,REGULAR AIR,2009-11-30
SHP_3514,REGULAR AIR,2009-12-02
SHP_3515,REGULAR AIR,2011-01-23
SHP_3516,REGULAR AIR,2009-08-07
SHP_3517,REGULAR AIR,2009-05-25
SHP_3518,DELIVERY TRUCK,2009-05-22
SHP_3519,REGULAR AIR,2011-06-13
SHP_3520,DELIVERY TRUCK,2009-03-25
SHP_3521,DELIVERY TRUCK,2010-04-25
SHP_3522,REGULAR AIR,2010-04-26
SHP_3523,REGULAR AIR,2012-03-03
SHP_3524,REGULAR AIR,2012-03-02
SHP_3525,EXPRESS AIR,2009-02-15
SHP_3526,REGULAR AIR,2009-02-15
SHP_3527,REGULAR AIR,2009-02-14
SHP_3528,REGULAR AIR,2009-12-29
SHP_3529,REGULAR AIR,2011-01-26
SHP_3530,EXPRESS AIR,2010-10-01
SHP_3531,DELIVERY TRUCK,2011-04-30
SHP_3532,REGULAR AIR,2010-01-28
SHP_3533,REGULAR AIR,2011-01-06
SHP_3534,REGULAR AIR,2011-01-04
SHP_3535,REGULAR AIR,2009-09-21
SHP_3536,DELIVERY TRUCK,2011-05-21
SHP_3537,REGULAR AIR,2011-09-19
SHP_3538,REGULAR AIR,2010-10-15
SHP_3539,REGULAR AIR,2009-05-09
SHP_3540,DELIVERY TRUCK,2009-03-15
SHP_3541,REGULAR AIR,2010-11-29
SHP_3542,REGULAR AIR,2010-01-15
SHP_3543,REGULAR AIR,2010-08-21
SHP_3544,REGULAR AIR,2012-09-05
SHP_3545,REGULAR AIR,2012-09-06
SHP_3546,REGULAR AIR,2009-04-04
SHP_3547,EXPRESS AIR,2009-04-04
SHP_3548,REGULAR AIR,2012-02-06
SHP_3549,REGULAR AIR,2012-09-17
SHP_3550,REGULAR AIR,2012-09-15
SHP_3551,REGULAR AIR,2011-10-04
SHP_3552,DELIVERY TRUCK,2010-12-09
SHP_3553,DELIVERY TRUCK,2010-12-08
SHP_3554,REGULAR AIR,2011-01-04
SHP_3555,REGULAR AIR,2009-01-08
SHP_3556,DELIVERY TRUCK,2011-10-23
SHP_3557,DELIVERY TRUCK,2011-10-29
SHP_3558,DELIVERY TRUCK,2011-12-24
SHP_3559,REGULAR AIR,2009-05-09
SHP_3560,REGULAR AIR,2010-05-27
SHP_3561,REGULAR AIR,2011-02-13
SHP_3562,REGULAR AIR,2011-08-13
SHP_3563,REGULAR AIR,2010-10-09
SHP_3564,REGULAR AIR,2009-11-17
SHP_3565,REGULAR AIR,2009-11-26
SHP_3566,EXPRESS AIR,2011-06-05
SHP_3567,REGULAR AIR,2012-02-09
SHP_3568,EXPRESS AIR,2011-09-07
SHP_3569,REGULAR AIR,2011-01-31
SHP_3570,REGULAR AIR,2010-03-09
SHP_3571,REGULAR AIR,2010-03-04
SHP_3572,REGULAR AIR,2010-03-03
SHP_3573,REGULAR AIR,2009-10-13
SHP_3574,REGULAR AIR,2010-06-27
SHP_3575,EXPRESS AIR,2012-05-06
SHP_3576,REGULAR AIR,2012-05-11
SHP_3577,REGULAR AIR,2012-05-06
SHP_3578,REGULAR AIR,2011-01-19
SHP_3579,REGULAR AIR,2012-04-01
SHP_3580,DELIVERY TRUCK,2012-02-11
SHP_3581,REGULAR AIR,2012-07-22
SHP_3582,DELIVERY TRUCK,2012-08-01
SHP_3583,REGULAR AIR,2012-09-11
SHP_3584,REGULAR AIR,2012-09-09
SHP_3585,EXPRESS AIR,2011-05-13
SHP_3586,DELIVERY TRUCK,2009-07-08
SHP_3587,DELIVERY TRUCK,2009-05-29
SHP_3588,REGULAR AIR,2009-05-28
SHP_3589,REGULAR AIR,2010-04-24
SHP_3590,REGULAR AIR,2010-03-08
SHP_3591,REGULAR AIR,2010-03-10
SHP_3592,REGULAR AIR,2010-11-08
SHP_3593,REGULAR AIR,2010-01-31
SHP_3594,REGULAR AIR,2010-01-10
SHP_3595,REGULAR AIR,2011-10-02
SHP_3596,REGULAR AIR,2009-10-21
SHP_3597,REGULAR AIR,2011-08-18
SHP_3598,REGULAR AIR,2010-01-05
SHP_3599,EXPRESS AIR,2010-01-07
SHP_3600,REGULAR AIR,2010-05-02
SHP_3601,REGULAR AIR,2010-11-10
SHP_3602,REGULAR AIR,2009-01-29
SHP_3603,REGULAR AIR,2009-01-30
SHP_3604,REGULAR AIR,2010-03-22
SHP_3605,REGULAR AIR,2012-05-11
SHP_3606,REGULAR AIR,2009-03-19
SHP_3607,DELIVERY TRUCK,2012-06-17
SHP_3608,REGULAR AIR,2012-06-17
SHP_3609,REGULAR AIR,2009-01-21
SHP_3610,REGULAR AIR,2012-07-22
SHP_3611,REGULAR AIR,2010-09-27
SHP_3612,REGULAR AIR,2009-08-27
SHP_3613,DELIVERY TRUCK,2012-07-12
SHP_3614,REGULAR AIR,2012-07-14
SHP_3615,REGULAR AIR,2010-09-12
SHP_3616,REGULAR AIR,2010-07-29
SHP_3617,DELIVERY TRUCK,2010-07-29
SHP_3618,REGULAR AIR,2011-02-13
SHP_3619,REGULAR AIR,2010-04-17
SHP_3620,REGULAR AIR,2011-05-01
SHP_3621,REGULAR AIR,2011-05-02
SHP_3622,REGULAR AIR,2012-05-05
SHP_3623,REGULAR AIR,2009-02-03
SHP_3624,REGULAR AIR,2011-12-23
SHP_3625,EXPRESS AIR,2011-12-23
SHP_3626,EXPRESS AIR,2009-09-03
SHP_3627,REGULAR AIR,2009-09-02
SHP_3628,REGULAR AIR,2012-05-27
SHP_3629,DELIVERY TRUCK,2012-05-27
SHP_3630,REGULAR AIR,2011-03-06
SHP_3631,REGULAR AIR,2010-04-21
SHP_3632,DELIVERY TRUCK,2011-07-30
SHP_3633,DELIVERY TRUCK,2012-10-29
SHP_3634,REGULAR AIR,2012-10-31
SHP_3635,EXPRESS AIR,2012-10-16
SHP_3636,REGULAR AIR,2012-12-10
SHP_3637,REGULAR AIR,2012-12-13
SHP_3638,REGULAR AIR,2012-05-10
SHP_3639,REGULAR AIR,2012-05-06
SHP_3640,REGULAR AIR,2012-05-13
SHP_3641,REGULAR AIR,2012-05-11
SHP_3642,REGULAR AIR,2009-06-06
SHP_3643,REGULAR AIR,2010-06-10
SHP_3644,REGULAR AIR,2010-06-11
SHP_3645,REGULAR AIR,2010-06-12
SHP_3646,REGULAR AIR,2010-07-01
SHP_3765,EXPRESS AIR,2009-04-21
SHP_3647,DELIVERY TRUCK,2010-07-01
SHP_3648,EXPRESS AIR,2009-05-25
SHP_3649,DELIVERY TRUCK,2009-05-25
SHP_3650,REGULAR AIR,2010-04-30
SHP_3651,EXPRESS AIR,2012-06-08
SHP_3652,REGULAR AIR,2012-05-01
SHP_3653,REGULAR AIR,2011-05-08
SHP_3654,REGULAR AIR,2010-11-01
SHP_3655,REGULAR AIR,2012-10-17
SHP_3656,REGULAR AIR,2012-04-24
SHP_3657,REGULAR AIR,2012-04-26
SHP_3658,REGULAR AIR,2012-08-01
SHP_3659,REGULAR AIR,2012-07-31
SHP_3660,REGULAR AIR,2009-03-22
SHP_3661,REGULAR AIR,2009-10-22
SHP_3662,REGULAR AIR,2010-03-08
SHP_3663,REGULAR AIR,2012-08-07
SHP_3664,REGULAR AIR,2012-10-01
SHP_3665,REGULAR AIR,2012-09-30
SHP_3666,REGULAR AIR,2012-02-13
SHP_3667,REGULAR AIR,2010-09-26
SHP_3668,REGULAR AIR,2011-09-07
SHP_3669,REGULAR AIR,2011-03-06
SHP_3670,REGULAR AIR,2010-09-02
SHP_3671,REGULAR AIR,2009-01-24
SHP_3672,REGULAR AIR,2009-03-13
SHP_3673,REGULAR AIR,2009-03-14
SHP_3674,REGULAR AIR,2010-08-01
SHP_3675,REGULAR AIR,2012-08-07
SHP_3676,EXPRESS AIR,2011-12-07
SHP_3677,REGULAR AIR,2011-11-20
SHP_3678,REGULAR AIR,2011-11-19
SHP_3679,DELIVERY TRUCK,2012-02-11
SHP_3680,REGULAR AIR,2012-02-14
SHP_3681,DELIVERY TRUCK,2010-06-04
SHP_3682,REGULAR AIR,2009-12-07
SHP_3683,REGULAR AIR,2010-09-16
SHP_3684,REGULAR AIR,2012-07-13
SHP_3685,REGULAR AIR,2012-09-03
SHP_3686,REGULAR AIR,2012-07-16
SHP_3687,REGULAR AIR,2011-03-25
SHP_3688,REGULAR AIR,2009-11-26
SHP_3689,EXPRESS AIR,2012-07-27
SHP_3690,EXPRESS AIR,2009-01-16
SHP_3691,REGULAR AIR,2009-01-21
SHP_3692,REGULAR AIR,2010-12-04
SHP_3693,REGULAR AIR,2010-07-28
SHP_3694,REGULAR AIR,2010-07-25
SHP_3695,DELIVERY TRUCK,2009-01-23
SHP_3696,EXPRESS AIR,2012-08-25
SHP_3697,REGULAR AIR,2011-08-02
SHP_3698,REGULAR AIR,2010-07-24
SHP_3699,REGULAR AIR,2010-07-20
SHP_3700,REGULAR AIR,2010-07-24
SHP_3701,REGULAR AIR,2010-07-23
SHP_3702,REGULAR AIR,2010-07-25
SHP_3703,REGULAR AIR,2011-04-01
SHP_3704,REGULAR AIR,2010-10-26
SHP_3705,REGULAR AIR,2012-05-24
SHP_3706,REGULAR AIR,2011-12-03
SHP_3707,REGULAR AIR,2011-12-02
SHP_3708,REGULAR AIR,2012-06-19
SHP_3709,DELIVERY TRUCK,2010-10-04
SHP_3710,DELIVERY TRUCK,2010-04-03
SHP_3711,EXPRESS AIR,2010-09-01
SHP_3712,REGULAR AIR,2010-09-04
SHP_3713,DELIVERY TRUCK,2010-09-04
SHP_3714,REGULAR AIR,2010-08-26
SHP_3715,REGULAR AIR,2010-08-28
SHP_3716,REGULAR AIR,2010-04-01
SHP_3717,REGULAR AIR,2010-03-29
SHP_3718,REGULAR AIR,2010-03-27
SHP_3719,DELIVERY TRUCK,2010-06-15
SHP_3720,REGULAR AIR,2012-10-24
SHP_3721,REGULAR AIR,2012-10-23
SHP_3722,REGULAR AIR,2012-09-14
SHP_3723,REGULAR AIR,2009-12-04
SHP_3724,EXPRESS AIR,2012-01-28
SHP_3725,REGULAR AIR,2010-03-02
SHP_3726,REGULAR AIR,2010-03-03
SHP_3727,DELIVERY TRUCK,2009-06-25
SHP_3728,REGULAR AIR,2012-07-18
SHP_3729,REGULAR AIR,2009-11-05
SHP_3730,EXPRESS AIR,2009-11-06
SHP_3731,REGULAR AIR,2009-11-03
SHP_3732,DELIVERY TRUCK,2012-02-19
SHP_3733,REGULAR AIR,2010-08-05
SHP_3734,EXPRESS AIR,2010-10-31
SHP_3735,REGULAR AIR,2010-10-31
SHP_3736,REGULAR AIR,2010-11-01
SHP_3737,REGULAR AIR,2010-04-25
SHP_3738,REGULAR AIR,2010-12-12
SHP_3739,REGULAR AIR,2011-06-12
SHP_3740,EXPRESS AIR,2011-06-11
SHP_3741,REGULAR AIR,2011-04-05
SHP_3742,REGULAR AIR,2010-07-18
SHP_3743,REGULAR AIR,2011-08-18
SHP_3744,REGULAR AIR,2011-08-19
SHP_3745,REGULAR AIR,2009-04-29
SHP_3746,REGULAR AIR,2012-07-19
SHP_3747,REGULAR AIR,2009-11-03
SHP_3748,EXPRESS AIR,2009-11-04
SHP_3749,REGULAR AIR,2009-09-18
SHP_3750,REGULAR AIR,2009-09-19
SHP_3751,REGULAR AIR,2009-12-01
SHP_3752,REGULAR AIR,2009-06-23
SHP_3753,REGULAR AIR,2009-06-30
SHP_3754,REGULAR AIR,2009-06-25
SHP_3755,REGULAR AIR,2009-05-05
SHP_3756,REGULAR AIR,2009-05-04
SHP_3757,REGULAR AIR,2009-05-03
SHP_3758,REGULAR AIR,2009-02-03
SHP_3759,REGULAR AIR,2011-03-04
SHP_3760,REGULAR AIR,2012-02-08
SHP_3761,EXPRESS AIR,2009-07-07
SHP_3762,EXPRESS AIR,2011-07-20
SHP_3763,DELIVERY TRUCK,2012-09-04
SHP_3764,DELIVERY TRUCK,2012-04-01
SHP_3766,REGULAR AIR,2009-04-28
SHP_3767,REGULAR AIR,2009-04-23
SHP_3768,DELIVERY TRUCK,2009-04-25
SHP_3769,REGULAR AIR,2009-12-07
SHP_3770,REGULAR AIR,2009-05-09
SHP_3771,DELIVERY TRUCK,2012-11-01
SHP_3772,REGULAR AIR,2012-10-31
SHP_3773,DELIVERY TRUCK,2009-04-22
SHP_3774,REGULAR AIR,2009-04-22
SHP_3775,DELIVERY TRUCK,2010-09-26
SHP_3776,REGULAR AIR,2010-07-22
SHP_3777,REGULAR AIR,2011-06-15
SHP_3778,REGULAR AIR,2009-10-02
SHP_3779,DELIVERY TRUCK,2009-10-01
SHP_3780,DELIVERY TRUCK,2009-10-07
SHP_3781,REGULAR AIR,2011-12-20
SHP_3782,EXPRESS AIR,2009-07-01
SHP_3783,REGULAR AIR,2009-06-15
SHP_3784,EXPRESS AIR,2010-10-02
SHP_3785,EXPRESS AIR,2009-06-02
SHP_3786,EXPRESS AIR,2010-11-12
SHP_3787,EXPRESS AIR,2009-09-12
SHP_3788,REGULAR AIR,2012-06-11
SHP_3789,REGULAR AIR,2011-02-05
SHP_3790,EXPRESS AIR,2010-02-10
SHP_3791,DELIVERY TRUCK,2010-02-08
SHP_3792,REGULAR AIR,2012-04-25
SHP_3793,REGULAR AIR,2012-04-26
SHP_3794,REGULAR AIR,2009-03-14
SHP_3795,REGULAR AIR,2009-11-25
SHP_3796,EXPRESS AIR,2009-11-25
SHP_3797,DELIVERY TRUCK,2010-07-09
SHP_3798,REGULAR AIR,2011-01-10
SHP_3799,REGULAR AIR,2011-01-09
SHP_3800,EXPRESS AIR,2011-01-09
SHP_3801,REGULAR AIR,2012-03-05
SHP_3802,REGULAR AIR,2011-01-12
SHP_3803,EXPRESS AIR,2011-01-13
SHP_3804,REGULAR AIR,2011-01-13
SHP_3805,REGULAR AIR,2012-06-20
SHP_3806,REGULAR AIR,2011-12-06
SHP_3807,EXPRESS AIR,2011-12-07
SHP_3808,REGULAR AIR,2011-07-25
SHP_3809,REGULAR AIR,2012-11-17
SHP_3810,EXPRESS AIR,2009-12-11
SHP_3811,REGULAR AIR,2009-07-23
SHP_3812,EXPRESS AIR,2009-07-23
SHP_3813,REGULAR AIR,2012-08-24
SHP_3814,REGULAR AIR,2009-01-23
SHP_3815,EXPRESS AIR,2009-01-22
SHP_3816,REGULAR AIR,2011-03-09
SHP_3817,EXPRESS AIR,2011-03-09
SHP_3818,REGULAR AIR,2012-11-22
SHP_3819,REGULAR AIR,2012-11-20
SHP_3820,EXPRESS AIR,2009-10-04
SHP_3821,DELIVERY TRUCK,2011-04-10
SHP_3822,REGULAR AIR,2010-10-15
SHP_3823,EXPRESS AIR,2010-10-17
SHP_3824,EXPRESS AIR,2010-11-10
SHP_3825,REGULAR AIR,2009-07-25
SHP_3826,REGULAR AIR,2009-08-04
SHP_3827,REGULAR AIR,2012-09-14
SHP_3828,REGULAR AIR,2012-09-18
SHP_3829,REGULAR AIR,2012-09-21
SHP_3830,EXPRESS AIR,2012-12-11
SHP_3831,REGULAR AIR,2012-12-11
SHP_3832,REGULAR AIR,2012-03-12
SHP_3833,REGULAR AIR,2009-09-03
SHP_3834,REGULAR AIR,2009-09-04
SHP_3835,DELIVERY TRUCK,2009-09-03
SHP_3836,REGULAR AIR,2011-03-20
SHP_3837,REGULAR AIR,2012-04-14
SHP_3838,DELIVERY TRUCK,2012-04-15
SHP_3839,REGULAR AIR,2012-04-15
SHP_3840,REGULAR AIR,2011-07-09
SHP_3841,EXPRESS AIR,2011-07-09
SHP_3842,REGULAR AIR,2011-04-25
SHP_3843,EXPRESS AIR,2011-09-28
SHP_3844,REGULAR AIR,2011-12-25
SHP_3845,REGULAR AIR,2011-11-12
SHP_3846,REGULAR AIR,2011-11-13
SHP_3847,REGULAR AIR,2011-11-08
SHP_3848,REGULAR AIR,2011-05-12
SHP_3849,REGULAR AIR,2011-05-13
SHP_3850,DELIVERY TRUCK,2010-04-19
SHP_3851,REGULAR AIR,2009-06-11
SHP_3852,REGULAR AIR,2009-06-14
SHP_3853,REGULAR AIR,2009-06-12
SHP_3854,EXPRESS AIR,2009-06-11
SHP_3855,REGULAR AIR,2011-06-11
SHP_3856,DELIVERY TRUCK,2009-10-14
SHP_3857,EXPRESS AIR,2012-01-31
SHP_3858,REGULAR AIR,2012-02-01
SHP_3859,REGULAR AIR,2012-08-17
SHP_3860,EXPRESS AIR,2009-03-04
SHP_3861,REGULAR AIR,2010-12-24
SHP_3862,REGULAR AIR,2010-12-25
SHP_3863,REGULAR AIR,2010-12-06
SHP_3864,DELIVERY TRUCK,2010-12-06
SHP_3865,REGULAR AIR,2010-12-04
SHP_3866,REGULAR AIR,2010-10-08
SHP_3867,REGULAR AIR,2009-02-22
SHP_3868,REGULAR AIR,2009-02-21
SHP_3869,REGULAR AIR,2010-01-21
SHP_3870,REGULAR AIR,2009-07-18
SHP_3871,DELIVERY TRUCK,2012-12-03
SHP_3872,DELIVERY TRUCK,2012-12-04
SHP_3873,DELIVERY TRUCK,2012-03-11
SHP_3874,REGULAR AIR,2012-04-13
SHP_3875,REGULAR AIR,2011-08-14
SHP_3876,DELIVERY TRUCK,2011-08-16
SHP_3877,REGULAR AIR,2009-04-23
SHP_3878,DELIVERY TRUCK,2010-12-18
SHP_3879,EXPRESS AIR,2009-10-17
SHP_3880,EXPRESS AIR,2011-11-01
SHP_3881,REGULAR AIR,2009-06-18
SHP_3882,EXPRESS AIR,2009-06-18
SHP_3883,REGULAR AIR,2011-05-25
SHP_3884,REGULAR AIR,2009-11-21
SHP_3885,REGULAR AIR,2009-08-24
SHP_3886,REGULAR AIR,2010-07-21
SHP_3887,REGULAR AIR,2009-02-13
SHP_3888,REGULAR AIR,2012-05-09
SHP_3889,EXPRESS AIR,2011-11-20
SHP_3890,REGULAR AIR,2012-03-27
SHP_3891,REGULAR AIR,2011-11-16
SHP_3892,EXPRESS AIR,2010-09-17
SHP_3893,REGULAR AIR,2009-04-21
SHP_3894,REGULAR AIR,2010-05-22
SHP_3895,REGULAR AIR,2011-12-28
SHP_3896,REGULAR AIR,2012-07-13
SHP_3897,EXPRESS AIR,2012-07-12
SHP_3898,REGULAR AIR,2010-09-11
SHP_3899,REGULAR AIR,2010-05-14
SHP_3900,REGULAR AIR,2010-05-15
SHP_3901,DELIVERY TRUCK,2010-12-02
SHP_3902,REGULAR AIR,2009-03-29
SHP_3903,REGULAR AIR,2009-03-25
SHP_3904,REGULAR AIR,2012-09-06
SHP_3905,DELIVERY TRUCK,2012-09-07
SHP_3906,REGULAR AIR,2010-06-19
SHP_3907,REGULAR AIR,2010-06-21
SHP_3908,REGULAR AIR,2012-10-06
SHP_3909,REGULAR AIR,2012-04-21
SHP_3910,DELIVERY TRUCK,2012-04-22
SHP_3911,REGULAR AIR,2012-04-22
SHP_3912,REGULAR AIR,2010-12-13
SHP_3913,REGULAR AIR,2011-11-12
SHP_3914,EXPRESS AIR,2011-08-20
SHP_3915,REGULAR AIR,2011-08-23
SHP_3916,REGULAR AIR,2009-05-15
SHP_3917,REGULAR AIR,2009-05-16
SHP_3918,REGULAR AIR,2012-02-04
SHP_3919,REGULAR AIR,2010-05-27
SHP_3920,EXPRESS AIR,2010-05-27
SHP_3921,REGULAR AIR,2010-04-23
SHP_3922,REGULAR AIR,2010-04-20
SHP_3923,REGULAR AIR,2012-03-03
SHP_3924,REGULAR AIR,2011-07-03
SHP_3925,REGULAR AIR,2009-07-27
SHP_3926,EXPRESS AIR,2009-07-29
SHP_3927,REGULAR AIR,2010-05-13
SHP_3928,REGULAR AIR,2010-05-11
SHP_3929,EXPRESS AIR,2009-04-07
SHP_3930,REGULAR AIR,2011-09-01
SHP_3931,REGULAR AIR,2011-10-22
SHP_3932,REGULAR AIR,2012-07-29
SHP_3933,REGULAR AIR,2011-04-15
SHP_3934,REGULAR AIR,2010-06-01
SHP_3935,EXPRESS AIR,2012-05-26
SHP_3936,REGULAR AIR,2011-07-14
SHP_3937,REGULAR AIR,2011-06-02
SHP_3938,REGULAR AIR,2010-06-04
SHP_3939,REGULAR AIR,2010-06-05
SHP_3940,REGULAR AIR,2010-06-02
SHP_3941,DELIVERY TRUCK,2010-10-16
SHP_3942,REGULAR AIR,2010-11-19
SHP_3943,REGULAR AIR,2010-01-18
SHP_3944,REGULAR AIR,2010-01-16
SHP_3945,REGULAR AIR,2012-04-10
SHP_3946,EXPRESS AIR,2012-04-11
SHP_3947,EXPRESS AIR,2010-02-08
SHP_3948,REGULAR AIR,2010-02-06
SHP_3949,REGULAR AIR,2010-02-07
SHP_3950,DELIVERY TRUCK,2011-01-19
SHP_3951,REGULAR AIR,2012-07-23
SHP_3952,REGULAR AIR,2011-05-15
SHP_3953,REGULAR AIR,2009-01-28
SHP_3954,DELIVERY TRUCK,2011-08-16
SHP_3955,REGULAR AIR,2011-09-08
SHP_3956,REGULAR AIR,2012-04-14
SHP_3957,REGULAR AIR,2009-02-02
SHP_3958,REGULAR AIR,2010-07-27
SHP_3959,REGULAR AIR,2010-07-28
SHP_3960,REGULAR AIR,2010-01-14
SHP_3961,REGULAR AIR,2010-01-15
SHP_3962,REGULAR AIR,2011-12-01
SHP_3963,DELIVERY TRUCK,2011-07-18
SHP_3964,REGULAR AIR,2011-07-20
SHP_3965,EXPRESS AIR,2011-05-04
SHP_3966,EXPRESS AIR,2009-11-21
SHP_3967,REGULAR AIR,2009-11-21
SHP_3968,REGULAR AIR,2012-04-27
SHP_3969,DELIVERY TRUCK,2012-04-27
SHP_3970,EXPRESS AIR,2009-08-17
SHP_3971,REGULAR AIR,2009-08-15
SHP_3972,EXPRESS AIR,2010-06-14
SHP_3973,REGULAR AIR,2010-06-15
SHP_3974,REGULAR AIR,2011-11-19
SHP_3975,REGULAR AIR,2011-02-10
SHP_3976,REGULAR AIR,2010-08-01
SHP_3977,REGULAR AIR,2012-04-18
SHP_3978,REGULAR AIR,2012-02-03
SHP_3979,REGULAR AIR,2012-05-03
SHP_3980,REGULAR AIR,2009-03-19
SHP_3981,EXPRESS AIR,2009-03-21
SHP_3982,EXPRESS AIR,2012-05-21
SHP_3983,DELIVERY TRUCK,2012-09-22
SHP_3984,REGULAR AIR,2009-12-08
SHP_3985,REGULAR AIR,2009-12-09
SHP_3986,REGULAR AIR,2012-03-11
SHP_3987,REGULAR AIR,2012-03-12
SHP_3988,REGULAR AIR,2010-02-22
SHP_3989,REGULAR AIR,2010-12-04
SHP_3990,DELIVERY TRUCK,2010-12-03
SHP_3991,EXPRESS AIR,2012-04-29
SHP_3992,REGULAR AIR,2011-12-03
SHP_3993,REGULAR AIR,2011-12-01
SHP_3994,DELIVERY TRUCK,2011-12-03
SHP_3995,REGULAR AIR,2010-12-03
SHP_3996,REGULAR AIR,2010-12-04
SHP_3997,REGULAR AIR,2011-03-05
SHP_3998,REGULAR AIR,2010-10-08
SHP_3999,REGULAR AIR,2009-01-02
SHP_4000,REGULAR AIR,2012-03-15
SHP_4001,DELIVERY TRUCK,2010-06-18
SHP_4002,DELIVERY TRUCK,2011-08-11
SHP_4003,DELIVERY TRUCK,2012-10-04
SHP_4004,REGULAR AIR,2012-11-17
SHP_4005,REGULAR AIR,2010-05-27
SHP_4006,DELIVERY TRUCK,2010-05-27
SHP_4007,DELIVERY TRUCK,2009-03-30
SHP_4008,DELIVERY TRUCK,2009-07-13
SHP_4009,REGULAR AIR,2009-07-13
SHP_4010,REGULAR AIR,2009-01-11
SHP_4011,REGULAR AIR,2009-07-28
SHP_4012,REGULAR AIR,2009-01-16
SHP_4013,DELIVERY TRUCK,2009-01-14
SHP_4014,EXPRESS AIR,2009-01-16
SHP_4015,DELIVERY TRUCK,2010-01-28
SHP_4016,REGULAR AIR,2009-11-05
SHP_4017,REGULAR AIR,2011-10-08
SHP_4018,DELIVERY TRUCK,2012-04-14
SHP_4019,REGULAR AIR,2011-08-21
SHP_4020,REGULAR AIR,2011-10-22
SHP_4021,EXPRESS AIR,2011-10-22
SHP_4022,DELIVERY TRUCK,2011-10-20
SHP_4023,DELIVERY TRUCK,2009-01-22
SHP_4024,REGULAR AIR,2009-01-22
SHP_4025,REGULAR AIR,2011-12-07
SHP_4026,REGULAR AIR,2012-08-17
SHP_4027,DELIVERY TRUCK,2012-08-15
SHP_4028,EXPRESS AIR,2009-05-09
SHP_4029,EXPRESS AIR,2011-04-24
SHP_4030,REGULAR AIR,2011-04-25
SHP_4031,EXPRESS AIR,2009-06-26
SHP_4032,DELIVERY TRUCK,2010-08-02
SHP_4033,REGULAR AIR,2010-07-31
SHP_4034,REGULAR AIR,2009-12-02
SHP_4035,REGULAR AIR,2010-12-04
SHP_4036,DELIVERY TRUCK,2009-11-22
SHP_4037,REGULAR AIR,2009-11-22
SHP_4038,REGULAR AIR,2009-07-22
SHP_4039,REGULAR AIR,2009-07-24
SHP_4040,REGULAR AIR,2010-06-01
SHP_4041,REGULAR AIR,2010-11-28
SHP_4042,REGULAR AIR,2011-09-05
SHP_4043,EXPRESS AIR,2011-09-05
SHP_4044,EXPRESS AIR,2010-10-29
SHP_4045,REGULAR AIR,2009-10-20
SHP_4046,REGULAR AIR,2012-09-09
SHP_4047,REGULAR AIR,2011-10-14
SHP_4048,REGULAR AIR,2011-06-04
SHP_4049,REGULAR AIR,2012-11-20
SHP_4050,REGULAR AIR,2012-11-21
SHP_4051,REGULAR AIR,2010-12-07
SHP_4052,DELIVERY TRUCK,2012-05-27
SHP_4053,DELIVERY TRUCK,2009-07-28
SHP_4054,DELIVERY TRUCK,2010-07-03
SHP_4055,DELIVERY TRUCK,2011-02-06
SHP_4056,REGULAR AIR,2012-04-16
SHP_4057,REGULAR AIR,2009-04-11
SHP_4058,REGULAR AIR,2009-11-12
SHP_4059,EXPRESS AIR,2009-06-06
SHP_4060,REGULAR AIR,2009-01-16
SHP_4061,REGULAR AIR,2011-10-04
SHP_4062,REGULAR AIR,2012-10-13
SHP_4063,REGULAR AIR,2012-10-30
SHP_4064,DELIVERY TRUCK,2011-03-19
SHP_4065,REGULAR AIR,2009-01-17
SHP_4066,REGULAR AIR,2012-10-25
SHP_4067,REGULAR AIR,2010-07-04
SHP_4068,DELIVERY TRUCK,2012-06-23
SHP_4069,REGULAR AIR,2010-12-17
SHP_4070,EXPRESS AIR,2012-06-07
SHP_4071,DELIVERY TRUCK,2012-05-31
SHP_4072,DELIVERY TRUCK,2012-06-30
SHP_4073,REGULAR AIR,2010-10-25
SHP_4074,DELIVERY TRUCK,2010-10-24
SHP_4075,REGULAR AIR,2009-08-25
SHP_4076,REGULAR AIR,2012-10-26
SHP_4077,DELIVERY TRUCK,2009-02-15
SHP_4078,REGULAR AIR,2009-09-03
SHP_4079,DELIVERY TRUCK,2012-05-20
SHP_4080,EXPRESS AIR,2009-09-16
SHP_4081,REGULAR AIR,2010-06-17
SHP_4082,DELIVERY TRUCK,2010-02-28
SHP_4083,DELIVERY TRUCK,2010-04-07
SHP_4084,REGULAR AIR,2010-07-30
SHP_4085,DELIVERY TRUCK,2010-07-31
SHP_4086,REGULAR AIR,2012-08-01
SHP_4087,DELIVERY TRUCK,2012-08-02
SHP_4088,REGULAR AIR,2010-05-20
SHP_4089,EXPRESS AIR,2012-03-09
SHP_4090,REGULAR AIR,2011-03-16
SHP_4091,REGULAR AIR,2012-11-15
SHP_4092,REGULAR AIR,2012-11-14
SHP_4093,REGULAR AIR,2012-11-12
SHP_4094,DELIVERY TRUCK,2011-11-06
SHP_4095,DELIVERY TRUCK,2009-01-20
SHP_4096,EXPRESS AIR,2009-01-20
SHP_4097,DELIVERY TRUCK,2010-09-10
SHP_4098,REGULAR AIR,2010-09-09
SHP_4099,REGULAR AIR,2009-12-06
SHP_4100,DELIVERY TRUCK,2009-01-19
SHP_4101,DELIVERY TRUCK,2009-09-03
SHP_4102,REGULAR AIR,2011-05-03
SHP_4103,EXPRESS AIR,2011-03-05
SHP_4104,REGULAR AIR,2009-12-30
SHP_4105,REGULAR AIR,2010-05-07
SHP_4106,REGULAR AIR,2010-10-16
SHP_4107,REGULAR AIR,2012-05-15
SHP_4108,DELIVERY TRUCK,2012-04-12
SHP_4109,REGULAR AIR,2011-06-25
SHP_4110,REGULAR AIR,2012-02-17
SHP_4111,EXPRESS AIR,2010-11-01
SHP_4112,REGULAR AIR,2011-02-26
SHP_4113,REGULAR AIR,2010-05-24
SHP_4114,REGULAR AIR,2010-04-27
SHP_4115,REGULAR AIR,2009-04-30
SHP_4116,REGULAR AIR,2009-06-07
SHP_4117,REGULAR AIR,2010-07-21
SHP_4118,DELIVERY TRUCK,2009-12-08
SHP_4119,REGULAR AIR,2010-10-25
SHP_4120,REGULAR AIR,2009-06-02
SHP_4121,REGULAR AIR,2011-07-17
SHP_4122,DELIVERY TRUCK,2011-02-14
SHP_4123,DELIVERY TRUCK,2012-05-15
SHP_4124,DELIVERY TRUCK,2011-12-22
SHP_4125,REGULAR AIR,2011-02-04
SHP_4126,REGULAR AIR,2009-04-24
SHP_4127,EXPRESS AIR,2010-12-15
SHP_4128,REGULAR AIR,2010-09-06
SHP_4129,DELIVERY TRUCK,2009-01-20
SHP_4130,EXPRESS AIR,2011-01-23
SHP_4131,REGULAR AIR,2010-08-19
SHP_4132,REGULAR AIR,2012-08-28
SHP_4133,REGULAR AIR,2010-05-26
SHP_4134,REGULAR AIR,2011-05-23
SHP_4135,REGULAR AIR,2012-08-23
SHP_4136,REGULAR AIR,2011-07-22
SHP_4137,REGULAR AIR,2012-09-02
SHP_4138,REGULAR AIR,2009-06-14
SHP_4139,REGULAR AIR,2009-01-11
SHP_4140,REGULAR AIR,2012-01-01
SHP_4141,REGULAR AIR,2012-02-12
SHP_4142,DELIVERY TRUCK,2012-09-01
SHP_4143,REGULAR AIR,2010-09-02
SHP_4144,REGULAR AIR,2010-05-10
SHP_4145,DELIVERY TRUCK,2010-11-01
SHP_4146,REGULAR AIR,2009-08-06
SHP_4147,DELIVERY TRUCK,2011-10-26
SHP_4148,REGULAR AIR,2009-11-04
SHP_4149,REGULAR AIR,2010-11-02
SHP_4150,REGULAR AIR,2010-01-13
SHP_4151,REGULAR AIR,2012-09-21
SHP_4152,REGULAR AIR,2010-09-27
SHP_4153,REGULAR AIR,2012-05-02
SHP_4154,REGULAR AIR,2012-10-30
SHP_4155,REGULAR AIR,2012-09-02
SHP_4156,REGULAR AIR,2012-06-29
SHP_4157,REGULAR AIR,2009-04-15
SHP_4158,REGULAR AIR,2011-08-30
SHP_4159,REGULAR AIR,2012-10-05
SHP_4160,REGULAR AIR,2011-08-18
SHP_4161,REGULAR AIR,2009-10-01
SHP_4162,REGULAR AIR,2012-12-12
SHP_4163,REGULAR AIR,2011-11-13
SHP_4164,REGULAR AIR,2009-06-25
SHP_4165,DELIVERY TRUCK,2009-05-01
SHP_4166,REGULAR AIR,2011-08-31
SHP_4167,REGULAR AIR,2012-06-09
SHP_4168,DELIVERY TRUCK,2009-02-04
SHP_4169,REGULAR AIR,2012-09-30
SHP_4170,EXPRESS AIR,2011-04-06
SHP_4171,REGULAR AIR,2010-01-14
SHP_4172,DELIVERY TRUCK,2010-04-12
SHP_4173,EXPRESS AIR,2009-03-18
SHP_4174,DELIVERY TRUCK,2011-11-14
SHP_4175,REGULAR AIR,2012-05-15
SHP_4176,REGULAR AIR,2012-05-14
SHP_4177,DELIVERY TRUCK,2009-11-12
SHP_4178,REGULAR AIR,2009-11-12
SHP_4179,REGULAR AIR,2009-11-13
SHP_4180,REGULAR AIR,2011-08-11
SHP_4181,DELIVERY TRUCK,2011-08-14
SHP_4182,REGULAR AIR,2010-05-23
SHP_4183,EXPRESS AIR,2010-02-26
SHP_4184,REGULAR AIR,2010-02-26
SHP_4185,REGULAR AIR,2010-03-14
SHP_4186,EXPRESS AIR,2011-07-27
SHP_4187,REGULAR AIR,2011-07-28
SHP_4188,REGULAR AIR,2012-10-28
SHP_4189,DELIVERY TRUCK,2012-10-28
SHP_4190,REGULAR AIR,2010-08-14
SHP_4191,REGULAR AIR,2009-11-29
SHP_4192,EXPRESS AIR,2009-12-15
SHP_4193,REGULAR AIR,2012-04-29
SHP_4194,REGULAR AIR,2012-04-30
SHP_4195,REGULAR AIR,2011-04-19
SHP_4196,DELIVERY TRUCK,2012-06-09
SHP_4197,REGULAR AIR,2012-06-09
SHP_4198,REGULAR AIR,2009-04-06
SHP_4199,EXPRESS AIR,2011-06-22
SHP_4200,REGULAR AIR,2010-01-05
SHP_4201,EXPRESS AIR,2010-01-07
SHP_4202,DELIVERY TRUCK,2012-09-14
SHP_4203,EXPRESS AIR,2009-10-04
SHP_4204,REGULAR AIR,2009-10-05
SHP_4205,REGULAR AIR,2011-11-29
SHP_4206,REGULAR AIR,2012-12-14
SHP_4207,EXPRESS AIR,2012-12-14
SHP_4208,REGULAR AIR,2009-02-02
SHP_4209,DELIVERY TRUCK,2009-02-01
SHP_4210,REGULAR AIR,2010-07-06
SHP_4211,REGULAR AIR,2011-04-11
SHP_4212,REGULAR AIR,2011-07-04
SHP_4213,REGULAR AIR,2011-07-07
SHP_4214,REGULAR AIR,2012-08-27
SHP_4215,REGULAR AIR,2010-03-16
SHP_4216,REGULAR AIR,2009-03-06
SHP_4217,REGULAR AIR,2010-08-25
SHP_4218,REGULAR AIR,2011-03-19
SHP_4219,REGULAR AIR,2011-03-20
SHP_4220,DELIVERY TRUCK,2011-03-18
SHP_4221,REGULAR AIR,2010-12-27
SHP_4222,DELIVERY TRUCK,2010-12-28
SHP_4223,REGULAR AIR,2010-12-29
SHP_4224,REGULAR AIR,2012-06-16
SHP_4225,REGULAR AIR,2011-04-28
SHP_4226,REGULAR AIR,2010-09-10
SHP_4227,DELIVERY TRUCK,2010-09-12
SHP_4228,REGULAR AIR,2010-09-11
SHP_4229,REGULAR AIR,2012-05-08
SHP_4230,REGULAR AIR,2009-04-03
SHP_4231,REGULAR AIR,2009-04-02
SHP_4232,REGULAR AIR,2011-07-01
SHP_4233,REGULAR AIR,2010-10-08
SHP_4234,REGULAR AIR,2010-10-09
SHP_4235,REGULAR AIR,2009-02-11
SHP_4236,REGULAR AIR,2011-12-25
SHP_4237,DELIVERY TRUCK,2010-05-15
SHP_4238,REGULAR AIR,2010-05-16
SHP_4239,REGULAR AIR,2009-08-25
SHP_4240,DELIVERY TRUCK,2009-08-24
SHP_4241,DELIVERY TRUCK,2010-12-17
SHP_4242,DELIVERY TRUCK,2010-12-12
SHP_4243,REGULAR AIR,2010-02-27
SHP_4244,DELIVERY TRUCK,2010-08-28
SHP_4245,REGULAR AIR,2010-08-27
SHP_4246,REGULAR AIR,2011-07-24
SHP_4247,REGULAR AIR,2012-07-15
SHP_4248,DELIVERY TRUCK,2009-09-25
SHP_4249,DELIVERY TRUCK,2012-11-21
SHP_4250,REGULAR AIR,2011-07-07
SHP_4251,REGULAR AIR,2011-07-08
SHP_4252,REGULAR AIR,2010-07-19
SHP_4253,REGULAR AIR,2011-11-16
SHP_4254,REGULAR AIR,2009-01-19
SHP_4255,REGULAR AIR,2009-04-13
SHP_4256,REGULAR AIR,2010-12-05
SHP_4257,REGULAR AIR,2010-12-07
SHP_4258,REGULAR AIR,2012-04-01
SHP_4259,REGULAR AIR,2009-09-17
SHP_4260,REGULAR AIR,2009-11-04
SHP_4261,REGULAR AIR,2009-11-06
SHP_4262,DELIVERY TRUCK,2009-11-09
SHP_4263,DELIVERY TRUCK,2010-12-18
SHP_4264,REGULAR AIR,2012-07-14
SHP_4265,REGULAR AIR,2012-11-29
SHP_4266,REGULAR AIR,2012-11-12
SHP_4267,EXPRESS AIR,2009-03-04
SHP_4268,REGULAR AIR,2011-06-14
SHP_4269,EXPRESS AIR,2011-01-10
SHP_4270,REGULAR AIR,2012-11-27
SHP_4271,REGULAR AIR,2012-04-18
SHP_4272,REGULAR AIR,2012-04-19
SHP_4273,REGULAR AIR,2010-08-18
SHP_4274,REGULAR AIR,2009-11-28
SHP_4275,DELIVERY TRUCK,2012-02-27
SHP_4276,REGULAR AIR,2010-06-08
SHP_4277,REGULAR AIR,2012-08-13
SHP_4278,REGULAR AIR,2012-08-13
SHP_4279,REGULAR AIR,2009-03-22
SHP_4280,REGULAR AIR,2009-03-21
SHP_4281,REGULAR AIR,2009-10-09
SHP_4282,EXPRESS AIR,2011-04-26
SHP_4283,REGULAR AIR,2010-09-25
SHP_4284,REGULAR AIR,2010-12-01
SHP_4285,REGULAR AIR,2010-12-04
SHP_4286,REGULAR AIR,2009-07-17
SHP_4287,REGULAR AIR,2010-01-22
SHP_4288,REGULAR AIR,2012-06-06
SHP_4289,REGULAR AIR,2012-02-23
SHP_4290,REGULAR AIR,2012-05-01
SHP_4291,REGULAR AIR,2010-02-22
SHP_4292,EXPRESS AIR,2010-08-16
SHP_4293,EXPRESS AIR,2010-08-17
SHP_4294,EXPRESS AIR,2011-12-12
SHP_4295,REGULAR AIR,2009-01-04
SHP_4296,DELIVERY TRUCK,2009-01-04
SHP_4297,REGULAR AIR,2010-03-30
SHP_4298,REGULAR AIR,2010-12-08
SHP_4299,REGULAR AIR,2009-08-23
SHP_4300,EXPRESS AIR,2011-08-18
SHP_4301,REGULAR AIR,2012-07-30
SHP_4302,EXPRESS AIR,2010-09-23
SHP_4303,REGULAR AIR,2010-04-19
SHP_4304,REGULAR AIR,2010-04-20
SHP_4305,EXPRESS AIR,2011-11-23
SHP_4306,REGULAR AIR,2011-08-15
SHP_4307,REGULAR AIR,2009-10-30
SHP_4308,EXPRESS AIR,2009-07-11
SHP_4309,REGULAR AIR,2011-10-21
SHP_4310,DELIVERY TRUCK,2009-03-28
SHP_4311,REGULAR AIR,2010-08-05
SHP_4312,DELIVERY TRUCK,2010-08-05
SHP_4313,REGULAR AIR,2009-01-23
SHP_4314,EXPRESS AIR,2009-01-23
SHP_4315,REGULAR AIR,2012-05-28
SHP_4316,REGULAR AIR,2012-05-27
SHP_4317,EXPRESS AIR,2010-02-04
SHP_4318,REGULAR AIR,2010-02-03
SHP_4319,REGULAR AIR,2011-08-04
SHP_4320,REGULAR AIR,2010-10-11
SHP_4321,REGULAR AIR,2010-10-04
SHP_4322,REGULAR AIR,2010-10-06
SHP_4323,EXPRESS AIR,2012-09-19
SHP_4324,REGULAR AIR,2012-09-19
SHP_4325,REGULAR AIR,2012-09-18
SHP_4326,REGULAR AIR,2012-01-07
SHP_4327,REGULAR AIR,2012-01-08
SHP_4328,REGULAR AIR,2010-09-08
SHP_4329,REGULAR AIR,2009-04-18
SHP_4330,EXPRESS AIR,2011-08-03
SHP_4331,REGULAR AIR,2012-10-22
SHP_4332,REGULAR AIR,2011-08-11
SHP_4333,REGULAR AIR,2011-02-25
SHP_4334,EXPRESS AIR,2011-06-11
SHP_4335,REGULAR AIR,2010-04-20
SHP_4336,REGULAR AIR,2011-07-21
SHP_4337,REGULAR AIR,2009-02-28
SHP_4338,REGULAR AIR,2012-01-04
SHP_4339,REGULAR AIR,2012-01-06
SHP_4340,REGULAR AIR,2012-01-05
SHP_4341,REGULAR AIR,2011-05-10
SHP_4342,REGULAR AIR,2012-10-05
SHP_4343,REGULAR AIR,2009-05-14
SHP_4344,REGULAR AIR,2011-05-03
SHP_4345,DELIVERY TRUCK,2011-02-06
SHP_4346,REGULAR AIR,2011-02-05
SHP_4347,DELIVERY TRUCK,2010-05-27
SHP_4348,REGULAR AIR,2009-04-07
SHP_4349,REGULAR AIR,2009-09-03
SHP_4350,REGULAR AIR,2009-04-27
SHP_4351,REGULAR AIR,2009-08-31
SHP_4352,REGULAR AIR,2009-10-09
SHP_4353,REGULAR AIR,2009-10-10
SHP_4354,EXPRESS AIR,2010-05-02
SHP_4355,REGULAR AIR,2010-05-02
SHP_4356,DELIVERY TRUCK,2010-05-02
SHP_4357,DELIVERY TRUCK,2010-08-22
SHP_4358,REGULAR AIR,2011-09-08
SHP_4359,EXPRESS AIR,2011-09-08
SHP_4360,DELIVERY TRUCK,2010-12-08
SHP_4361,REGULAR AIR,2009-03-06
SHP_4362,REGULAR AIR,2011-03-15
SHP_4363,REGULAR AIR,2011-03-16
SHP_4364,REGULAR AIR,2012-03-04
SHP_4365,REGULAR AIR,2012-03-06
SHP_4366,REGULAR AIR,2009-03-28
SHP_4367,REGULAR AIR,2010-10-22
SHP_4368,REGULAR AIR,2009-03-02
SHP_4369,REGULAR AIR,2009-03-03
SHP_4370,EXPRESS AIR,2009-03-02
SHP_4371,REGULAR AIR,2011-06-01
SHP_4372,REGULAR AIR,2010-03-02
SHP_4373,DELIVERY TRUCK,2010-02-02
SHP_4374,REGULAR AIR,2011-12-18
SHP_4375,REGULAR AIR,2011-10-19
SHP_4376,DELIVERY TRUCK,2011-02-07
SHP_4377,REGULAR AIR,2010-03-01
SHP_4378,REGULAR AIR,2012-11-30
SHP_4379,DELIVERY TRUCK,2010-03-14
SHP_4380,DELIVERY TRUCK,2009-02-03
SHP_4381,REGULAR AIR,2011-12-19
SHP_4382,EXPRESS AIR,2009-10-11
SHP_4383,EXPRESS AIR,2011-02-08
SHP_4384,REGULAR AIR,2011-02-08
SHP_4385,REGULAR AIR,2010-11-03
SHP_4386,REGULAR AIR,2010-11-05
SHP_4387,REGULAR AIR,2012-11-08
SHP_4388,DELIVERY TRUCK,2011-10-21
SHP_4389,REGULAR AIR,2011-10-19
SHP_4390,REGULAR AIR,2009-11-17
SHP_4391,REGULAR AIR,2010-02-20
SHP_4392,REGULAR AIR,2011-11-05
SHP_4393,REGULAR AIR,2012-04-05
SHP_4394,EXPRESS AIR,2011-09-03
SHP_4395,EXPRESS AIR,2010-07-19
SHP_4396,REGULAR AIR,2010-07-20
SHP_4397,EXPRESS AIR,2009-04-17
SHP_4398,REGULAR AIR,2011-11-21
SHP_4399,REGULAR AIR,2011-11-23
SHP_4400,DELIVERY TRUCK,2011-11-24
SHP_4401,DELIVERY TRUCK,2010-02-26
SHP_4402,REGULAR AIR,2010-03-03
SHP_4403,REGULAR AIR,2012-01-08
SHP_4404,EXPRESS AIR,2009-02-05
SHP_4405,DELIVERY TRUCK,2009-09-27
SHP_4406,REGULAR AIR,2010-09-29
SHP_4407,EXPRESS AIR,2010-06-27
SHP_4408,DELIVERY TRUCK,2011-04-25
SHP_4409,REGULAR AIR,2009-02-09
SHP_4410,REGULAR AIR,2009-02-07
SHP_4411,REGULAR AIR,2009-08-24
SHP_4412,REGULAR AIR,2010-12-01
SHP_4413,REGULAR AIR,2011-05-05
SHP_4414,REGULAR AIR,2012-06-04
SHP_4415,REGULAR AIR,2010-04-27
SHP_4416,REGULAR AIR,2010-04-28
SHP_4417,DELIVERY TRUCK,2011-12-18
SHP_4418,REGULAR AIR,2009-07-02
SHP_4419,REGULAR AIR,2009-07-01
SHP_4420,REGULAR AIR,2012-09-13
SHP_4421,REGULAR AIR,2009-07-01
SHP_4422,REGULAR AIR,2010-08-27
SHP_4423,REGULAR AIR,2012-04-18
SHP_4424,REGULAR AIR,2009-01-17
SHP_4425,DELIVERY TRUCK,2009-08-26
SHP_4426,REGULAR AIR,2009-08-25
SHP_4427,EXPRESS AIR,2011-08-31
SHP_4428,REGULAR AIR,2010-09-08
SHP_4429,EXPRESS AIR,2012-11-07
SHP_4430,REGULAR AIR,2011-11-07
SHP_4431,REGULAR AIR,2010-08-30
SHP_4432,DELIVERY TRUCK,2011-02-16
SHP_4433,REGULAR AIR,2011-02-16
SHP_4434,REGULAR AIR,2009-01-28
SHP_4435,DELIVERY TRUCK,2009-01-28
SHP_4436,EXPRESS AIR,2012-04-16
SHP_4437,REGULAR AIR,2010-09-28
SHP_4438,REGULAR AIR,2010-09-27
SHP_4439,REGULAR AIR,2011-07-22
SHP_4440,REGULAR AIR,2012-03-01
SHP_4441,REGULAR AIR,2012-01-13
SHP_4442,REGULAR AIR,2012-01-12
SHP_4443,EXPRESS AIR,2011-09-13
SHP_4444,REGULAR AIR,2011-04-08
SHP_4445,REGULAR AIR,2009-09-30
SHP_4446,REGULAR AIR,2012-08-18
SHP_4447,REGULAR AIR,2010-01-05
SHP_4448,REGULAR AIR,2010-01-03
SHP_4449,DELIVERY TRUCK,2010-01-05
SHP_4450,REGULAR AIR,2012-02-20
SHP_4451,REGULAR AIR,2010-06-19
SHP_4452,REGULAR AIR,2010-01-25
SHP_4453,REGULAR AIR,2010-09-16
SHP_4454,REGULAR AIR,2012-08-28
SHP_4455,REGULAR AIR,2012-10-23
SHP_4456,DELIVERY TRUCK,2011-10-18
SHP_4457,REGULAR AIR,2011-10-17
SHP_4458,REGULAR AIR,2012-01-24
SHP_4459,REGULAR AIR,2012-01-25
SHP_4460,REGULAR AIR,2009-09-20
SHP_4461,REGULAR AIR,2009-12-13
SHP_4462,REGULAR AIR,2009-12-12
SHP_4463,EXPRESS AIR,2010-04-12
SHP_4464,REGULAR AIR,2010-08-05
SHP_4465,EXPRESS AIR,2009-07-29
SHP_4466,DELIVERY TRUCK,2011-01-10
SHP_4467,REGULAR AIR,2011-01-08
SHP_4468,REGULAR AIR,2009-11-28
SHP_4469,DELIVERY TRUCK,2009-11-23
SHP_4470,REGULAR AIR,2009-11-23
SHP_4471,REGULAR AIR,2009-05-18
SHP_4472,REGULAR AIR,2011-12-01
SHP_4473,REGULAR AIR,2012-09-18
SHP_4474,EXPRESS AIR,2012-09-18
SHP_4475,REGULAR AIR,2009-09-30
SHP_4476,REGULAR AIR,2009-03-29
SHP_4477,REGULAR AIR,2012-09-17
SHP_4478,REGULAR AIR,2012-09-19
SHP_4479,DELIVERY TRUCK,2010-01-09
SHP_4480,DELIVERY TRUCK,2011-11-02
SHP_4481,REGULAR AIR,2011-11-02
SHP_4482,REGULAR AIR,2012-08-17
SHP_4483,REGULAR AIR,2011-05-05
SHP_4484,EXPRESS AIR,2009-04-13
SHP_4485,EXPRESS AIR,2010-01-03
SHP_4486,REGULAR AIR,2010-01-02
SHP_4487,REGULAR AIR,2009-08-16
SHP_4488,DELIVERY TRUCK,2010-08-17
SHP_4489,EXPRESS AIR,2009-01-08
SHP_4490,REGULAR AIR,2010-06-03
SHP_4491,REGULAR AIR,2010-10-03
SHP_4492,REGULAR AIR,2010-10-02
SHP_4493,REGULAR AIR,2012-03-01
SHP_4494,REGULAR AIR,2012-01-13
SHP_4495,DELIVERY TRUCK,2009-06-07
SHP_4496,DELIVERY TRUCK,2011-05-13
SHP_4497,REGULAR AIR,2012-05-15
SHP_4498,REGULAR AIR,2012-06-21
SHP_4499,DELIVERY TRUCK,2010-05-06
SHP_4500,REGULAR AIR,2011-03-22
SHP_4501,REGULAR AIR,2011-03-23
SHP_4502,REGULAR AIR,2009-04-11
SHP_4503,DELIVERY TRUCK,2009-04-11
SHP_4504,EXPRESS AIR,2009-04-11
SHP_4505,DELIVERY TRUCK,2009-04-10
SHP_4506,EXPRESS AIR,2011-05-30
SHP_4507,REGULAR AIR,2011-06-06
SHP_4508,REGULAR AIR,2010-01-07
SHP_4509,REGULAR AIR,2010-01-05
SHP_4510,REGULAR AIR,2010-01-08
SHP_4511,REGULAR AIR,2011-10-16
SHP_4512,REGULAR AIR,2011-10-21
SHP_4513,REGULAR AIR,2010-08-20
SHP_4514,DELIVERY TRUCK,2012-05-19
SHP_4515,REGULAR AIR,2011-08-09
SHP_4516,REGULAR AIR,2012-03-24
SHP_4517,DELIVERY TRUCK,2009-06-20
SHP_4518,REGULAR AIR,2009-06-21
SHP_4519,REGULAR AIR,2010-08-08
SHP_4520,REGULAR AIR,2009-01-19
SHP_4521,REGULAR AIR,2009-01-17
SHP_4522,REGULAR AIR,2009-01-29
SHP_4523,EXPRESS AIR,2011-07-01
SHP_4524,REGULAR AIR,2012-08-03
SHP_4525,REGULAR AIR,2012-08-02
SHP_4526,REGULAR AIR,2011-09-14
SHP_4527,REGULAR AIR,2010-11-11
SHP_4528,EXPRESS AIR,2010-11-09
SHP_4529,REGULAR AIR,2010-06-03
SHP_4530,REGULAR AIR,2010-06-02
SHP_4531,DELIVERY TRUCK,2010-04-21
SHP_4532,EXPRESS AIR,2010-04-21
SHP_4533,REGULAR AIR,2010-08-04
SHP_4534,DELIVERY TRUCK,2010-08-06
SHP_4535,REGULAR AIR,2010-08-05
SHP_4536,EXPRESS AIR,2011-03-11
SHP_4537,REGULAR AIR,2009-09-27
SHP_4538,REGULAR AIR,2010-05-23
SHP_4539,REGULAR AIR,2010-06-24
SHP_4540,REGULAR AIR,2010-06-23
SHP_4541,EXPRESS AIR,2009-11-19
SHP_4542,REGULAR AIR,2009-02-05
SHP_4543,DELIVERY TRUCK,2009-02-05
SHP_4544,REGULAR AIR,2011-06-26
SHP_4545,REGULAR AIR,2011-06-25
SHP_4546,REGULAR AIR,2010-07-18
SHP_4547,REGULAR AIR,2011-09-29
SHP_4548,REGULAR AIR,2009-10-04
SHP_4549,REGULAR AIR,2009-10-06
SHP_4550,REGULAR AIR,2010-03-13
SHP_4551,EXPRESS AIR,2010-03-13
SHP_4552,REGULAR AIR,2009-02-02
SHP_4553,REGULAR AIR,2012-08-09
SHP_4554,REGULAR AIR,2010-09-19
SHP_4555,DELIVERY TRUCK,2012-12-06
SHP_4556,DELIVERY TRUCK,2010-09-29
SHP_4557,REGULAR AIR,2012-12-26
SHP_4558,REGULAR AIR,2009-05-30
SHP_4559,EXPRESS AIR,2011-01-08
SHP_4560,REGULAR AIR,2009-10-03
SHP_4561,DELIVERY TRUCK,2009-11-13
SHP_4562,REGULAR AIR,2012-11-26
SHP_4563,REGULAR AIR,2010-10-25
SHP_4564,DELIVERY TRUCK,2011-01-22
SHP_4565,REGULAR AIR,2012-02-07
SHP_4566,REGULAR AIR,2011-01-02
SHP_4567,EXPRESS AIR,2012-06-29
SHP_4568,REGULAR AIR,2012-10-01
SHP_4569,EXPRESS AIR,2012-05-29
SHP_4570,EXPRESS AIR,2012-12-17
SHP_4571,REGULAR AIR,2010-01-19
SHP_4572,DELIVERY TRUCK,2011-06-25
SHP_4573,REGULAR AIR,2011-06-26
SHP_4574,REGULAR AIR,2009-12-17
SHP_4575,REGULAR AIR,2012-10-02
SHP_4576,REGULAR AIR,2012-09-30
SHP_4577,REGULAR AIR,2011-11-03
SHP_4578,REGULAR AIR,2011-10-30
SHP_4579,REGULAR AIR,2012-11-03
SHP_4580,REGULAR AIR,2012-06-29
SHP_4581,REGULAR AIR,2010-03-16
SHP_4582,REGULAR AIR,2009-09-28
SHP_4583,REGULAR AIR,2010-02-12
SHP_4584,EXPRESS AIR,2010-02-13
SHP_4585,REGULAR AIR,2009-06-30
SHP_4586,DELIVERY TRUCK,2009-07-02
SHP_4587,REGULAR AIR,2009-03-08
SHP_4588,REGULAR AIR,2010-10-13
SHP_4589,REGULAR AIR,2009-11-06
SHP_4590,REGULAR AIR,2010-09-22
SHP_4591,REGULAR AIR,2010-09-25
SHP_4592,REGULAR AIR,2011-04-19
SHP_4593,DELIVERY TRUCK,2011-04-15
SHP_4594,REGULAR AIR,2011-07-15
SHP_4595,REGULAR AIR,2011-07-14
SHP_4596,DELIVERY TRUCK,2010-01-01
SHP_4597,REGULAR AIR,2010-01-01
SHP_4598,REGULAR AIR,2011-04-16
SHP_4599,REGULAR AIR,2009-08-20
SHP_4600,REGULAR AIR,2011-02-03
SHP_4601,REGULAR AIR,2012-01-01
SHP_4602,REGULAR AIR,2012-03-11
SHP_4603,REGULAR AIR,2012-03-09
SHP_4604,DELIVERY TRUCK,2011-12-16
SHP_4605,REGULAR AIR,2009-01-18
SHP_4606,REGULAR AIR,2011-11-29
SHP_4607,REGULAR AIR,2009-07-18
SHP_4608,REGULAR AIR,2010-07-27
SHP_4609,REGULAR AIR,2010-07-22
SHP_4610,DELIVERY TRUCK,2010-07-27
SHP_4611,EXPRESS AIR,2010-04-17
SHP_4612,REGULAR AIR,2010-04-17
SHP_4613,REGULAR AIR,2010-04-16
SHP_4614,DELIVERY TRUCK,2011-03-17
SHP_4615,EXPRESS AIR,2011-03-18
SHP_4616,REGULAR AIR,2012-11-29
SHP_4617,DELIVERY TRUCK,2011-01-04
SHP_4618,DELIVERY TRUCK,2012-04-15
SHP_4619,REGULAR AIR,2009-08-24
SHP_4620,DELIVERY TRUCK,2009-08-23
SHP_4621,REGULAR AIR,2011-03-28
SHP_4622,DELIVERY TRUCK,2012-02-08
SHP_4623,REGULAR AIR,2009-05-07
SHP_4624,EXPRESS AIR,2009-01-27
SHP_4625,DELIVERY TRUCK,2009-01-27
SHP_4626,REGULAR AIR,2009-01-27
SHP_4627,REGULAR AIR,2012-03-20
SHP_4628,REGULAR AIR,2010-05-28
SHP_4629,REGULAR AIR,2012-05-11
SHP_4630,REGULAR AIR,2010-12-05
SHP_4631,REGULAR AIR,2009-01-15
SHP_4632,REGULAR AIR,2009-01-06
SHP_4633,REGULAR AIR,2010-11-25
SHP_4634,REGULAR AIR,2011-11-21
SHP_4635,REGULAR AIR,2011-11-20
SHP_4636,REGULAR AIR,2009-11-10
SHP_4637,REGULAR AIR,2011-04-23
SHP_4638,REGULAR AIR,2011-04-22
SHP_4639,REGULAR AIR,2012-10-01
SHP_4640,EXPRESS AIR,2011-09-21
SHP_4641,REGULAR AIR,2012-12-12
SHP_4642,REGULAR AIR,2009-02-05
SHP_4643,REGULAR AIR,2011-05-22
SHP_4644,REGULAR AIR,2009-05-13
SHP_4645,REGULAR AIR,2009-05-14
SHP_4646,REGULAR AIR,2011-10-29
SHP_4647,REGULAR AIR,2011-07-09
SHP_4648,REGULAR AIR,2012-07-12
SHP_4649,REGULAR AIR,2009-11-06
SHP_4650,EXPRESS AIR,2009-11-04
SHP_4651,REGULAR AIR,2009-10-21
SHP_4652,REGULAR AIR,2011-03-01
SHP_4653,REGULAR AIR,2010-08-28
SHP_4654,REGULAR AIR,2010-05-02
SHP_4655,REGULAR AIR,2010-04-30
SHP_4656,REGULAR AIR,2010-01-05
SHP_4657,REGULAR AIR,2010-01-04
SHP_4658,REGULAR AIR,2010-01-03
SHP_4659,REGULAR AIR,2009-04-02
SHP_4660,DELIVERY TRUCK,2012-06-29
SHP_4661,REGULAR AIR,2011-06-17
SHP_4662,EXPRESS AIR,2011-06-18
SHP_4663,REGULAR AIR,2012-08-14
SHP_4664,REGULAR AIR,2010-04-12
SHP_4665,REGULAR AIR,2012-10-07
SHP_4666,REGULAR AIR,2011-07-30
SHP_4667,REGULAR AIR,2012-05-17
SHP_4668,DELIVERY TRUCK,2012-11-20
SHP_4669,REGULAR AIR,2012-11-20
SHP_4670,REGULAR AIR,2009-02-11
SHP_4671,EXPRESS AIR,2009-10-18
SHP_4672,REGULAR AIR,2012-01-04
SHP_4673,DELIVERY TRUCK,2012-01-07
SHP_4674,REGULAR AIR,2012-09-10
SHP_4675,REGULAR AIR,2010-07-17
SHP_4676,REGULAR AIR,2009-10-30
SHP_4677,REGULAR AIR,2011-11-21
SHP_4678,REGULAR AIR,2010-10-13
SHP_4679,REGULAR AIR,2011-11-20
SHP_4680,DELIVERY TRUCK,2011-11-20
SHP_4681,DELIVERY TRUCK,2012-02-02
SHP_4682,REGULAR AIR,2012-01-30
SHP_4683,REGULAR AIR,2010-01-08
SHP_4684,REGULAR AIR,2010-01-07
SHP_4685,REGULAR AIR,2012-01-20
SHP_4686,REGULAR AIR,2012-09-20
SHP_4687,REGULAR AIR,2010-08-15
SHP_4688,REGULAR AIR,2010-08-14
SHP_4689,REGULAR AIR,2009-09-01
SHP_4690,REGULAR AIR,2011-10-14
SHP_4691,REGULAR AIR,2012-11-26
SHP_4692,REGULAR AIR,2012-04-29
SHP_4693,REGULAR AIR,2012-04-28
SHP_4694,REGULAR AIR,2011-02-24
SHP_4695,REGULAR AIR,2010-04-30
SHP_4696,REGULAR AIR,2012-12-28
SHP_4697,REGULAR AIR,2012-12-29
SHP_4698,REGULAR AIR,2010-07-31
SHP_4699,REGULAR AIR,2009-04-08
SHP_4700,REGULAR AIR,2009-03-11
SHP_4701,REGULAR AIR,2009-03-12
SHP_4702,EXPRESS AIR,2009-02-20
SHP_4703,REGULAR AIR,2009-02-20
SHP_4704,REGULAR AIR,2012-04-04
SHP_4705,REGULAR AIR,2010-11-30
SHP_4706,DELIVERY TRUCK,2010-11-30
SHP_4707,REGULAR AIR,2010-12-01
SHP_4708,REGULAR AIR,2009-06-01
SHP_4709,REGULAR AIR,2009-06-02
SHP_4710,REGULAR AIR,2012-12-03
SHP_4711,EXPRESS AIR,2011-11-19
SHP_4712,REGULAR AIR,2009-02-06
SHP_4713,REGULAR AIR,2011-08-12
SHP_4714,DELIVERY TRUCK,2011-08-10
SHP_4715,EXPRESS AIR,2009-04-21
SHP_4716,REGULAR AIR,2010-11-02
SHP_4717,REGULAR AIR,2010-05-21
SHP_4718,REGULAR AIR,2010-09-06
SHP_4719,REGULAR AIR,2010-10-20
SHP_4720,REGULAR AIR,2012-06-07
SHP_4721,DELIVERY TRUCK,2012-03-29
SHP_4722,REGULAR AIR,2012-03-31
SHP_4723,REGULAR AIR,2009-07-12
SHP_4724,REGULAR AIR,2009-11-11
SHP_4725,REGULAR AIR,2012-04-01
SHP_4726,REGULAR AIR,2009-07-11
SHP_4727,REGULAR AIR,2009-07-09
SHP_4728,REGULAR AIR,2011-06-12
SHP_4729,REGULAR AIR,2009-03-26
SHP_4730,REGULAR AIR,2009-03-28
SHP_4731,REGULAR AIR,2009-07-04
SHP_4732,DELIVERY TRUCK,2009-07-04
SHP_4733,REGULAR AIR,2009-01-21
SHP_4734,REGULAR AIR,2011-12-22
SHP_4735,DELIVERY TRUCK,2011-06-20
SHP_4736,REGULAR AIR,2009-11-03
SHP_4737,DELIVERY TRUCK,2011-04-30
SHP_4738,EXPRESS AIR,2011-09-14
SHP_4739,REGULAR AIR,2012-12-19
SHP_4740,REGULAR AIR,2012-04-15
SHP_4741,DELIVERY TRUCK,2012-04-15
SHP_4742,DELIVERY TRUCK,2012-12-07
SHP_4743,EXPRESS AIR,2009-11-06
SHP_4744,REGULAR AIR,2009-11-06
SHP_4745,EXPRESS AIR,2012-01-22
SHP_4746,REGULAR AIR,2009-10-13
SHP_4747,REGULAR AIR,2011-05-26
SHP_4748,REGULAR AIR,2012-03-13
SHP_4749,DELIVERY TRUCK,2012-03-07
SHP_4750,REGULAR AIR,2012-03-06
SHP_4751,REGULAR AIR,2012-06-11
SHP_4752,REGULAR AIR,2012-06-12
SHP_4753,DELIVERY TRUCK,2012-06-12
SHP_4754,REGULAR AIR,2011-02-27
SHP_4755,REGULAR AIR,2009-11-02
SHP_4756,REGULAR AIR,2010-11-15
SHP_4757,REGULAR AIR,2010-05-03
SHP_4758,REGULAR AIR,2010-05-02
SHP_4759,REGULAR AIR,2012-02-09
SHP_4760,EXPRESS AIR,2010-03-05
SHP_4761,REGULAR AIR,2010-03-06
SHP_4762,REGULAR AIR,2010-08-10
SHP_4763,REGULAR AIR,2009-02-12
SHP_4764,REGULAR AIR,2012-04-15
SHP_4765,REGULAR AIR,2011-06-23
SHP_4766,EXPRESS AIR,2011-06-22
SHP_4767,REGULAR AIR,2010-11-20
SHP_4768,REGULAR AIR,2012-12-30
SHP_4769,REGULAR AIR,2010-06-09
SHP_4770,REGULAR AIR,2010-06-08
SHP_4771,REGULAR AIR,2012-09-24
SHP_4772,REGULAR AIR,2012-09-25
SHP_4773,REGULAR AIR,2012-04-12
SHP_4774,REGULAR AIR,2011-09-26
SHP_4775,REGULAR AIR,2012-08-12
SHP_4776,DELIVERY TRUCK,2009-03-04
SHP_4777,REGULAR AIR,2011-01-17
SHP_4778,EXPRESS AIR,2011-01-17
SHP_4779,DELIVERY TRUCK,2011-01-17
SHP_4780,REGULAR AIR,2010-06-18
SHP_4781,REGULAR AIR,2009-03-16
SHP_4782,DELIVERY TRUCK,2009-07-03
SHP_4783,REGULAR AIR,2009-07-04
SHP_4784,REGULAR AIR,2011-08-03
SHP_4785,REGULAR AIR,2011-02-26
SHP_4786,REGULAR AIR,2011-02-27
SHP_4787,REGULAR AIR,2009-07-17
SHP_4788,REGULAR AIR,2009-09-14
SHP_4789,EXPRESS AIR,2012-01-30
SHP_4790,REGULAR AIR,2012-01-29
SHP_4791,REGULAR AIR,2010-03-08
SHP_4792,REGULAR AIR,2011-11-18
SHP_4793,DELIVERY TRUCK,2011-10-19
SHP_4794,REGULAR AIR,2012-08-01
SHP_4795,DELIVERY TRUCK,2009-02-13
SHP_4796,REGULAR AIR,2012-11-27
SHP_4797,DELIVERY TRUCK,2010-12-14
SHP_4798,REGULAR AIR,2009-08-08
SHP_4799,REGULAR AIR,2012-10-31
SHP_4800,REGULAR AIR,2011-07-20
SHP_4801,EXPRESS AIR,2012-05-31
SHP_4802,REGULAR AIR,2009-02-26
SHP_4803,REGULAR AIR,2011-08-14
SHP_4804,REGULAR AIR,2011-08-17
SHP_4805,DELIVERY TRUCK,2011-07-29
SHP_4806,REGULAR AIR,2011-03-12
SHP_4807,REGULAR AIR,2011-01-21
SHP_4808,REGULAR AIR,2010-07-21
SHP_4809,EXPRESS AIR,2009-12-06
SHP_4810,REGULAR AIR,2009-12-06
SHP_4811,REGULAR AIR,2012-05-13
SHP_4812,REGULAR AIR,2011-07-02
SHP_4813,REGULAR AIR,2011-09-30
SHP_4814,REGULAR AIR,2011-03-13
SHP_4815,REGULAR AIR,2010-06-20
SHP_4816,REGULAR AIR,2011-03-14
SHP_4817,REGULAR AIR,2012-01-18
SHP_4818,DELIVERY TRUCK,2012-01-22
SHP_4819,REGULAR AIR,2012-01-25
SHP_4820,REGULAR AIR,2011-08-26
SHP_4821,REGULAR AIR,2009-11-13
SHP_4822,REGULAR AIR,2011-06-03
SHP_4823,DELIVERY TRUCK,2011-06-03
SHP_4824,EXPRESS AIR,2011-04-11
SHP_4825,EXPRESS AIR,2011-04-10
SHP_4826,REGULAR AIR,2012-03-07
SHP_4827,REGULAR AIR,2009-12-03
SHP_4828,EXPRESS AIR,2011-07-06
SHP_4829,REGULAR AIR,2011-07-05
SHP_4830,REGULAR AIR,2009-02-17
SHP_4831,REGULAR AIR,2009-01-25
SHP_4832,EXPRESS AIR,2011-01-04
SHP_4833,REGULAR AIR,2009-09-16
SHP_4834,DELIVERY TRUCK,2010-06-29
SHP_4835,REGULAR AIR,2011-08-09
SHP_4836,REGULAR AIR,2012-02-15
SHP_4837,REGULAR AIR,2012-02-17
SHP_4838,EXPRESS AIR,2009-09-19
SHP_4839,REGULAR AIR,2009-09-20
SHP_4840,REGULAR AIR,2009-09-03
SHP_4841,REGULAR AIR,2009-09-02
SHP_4842,REGULAR AIR,2009-12-15
SHP_4843,REGULAR AIR,2009-10-15
SHP_4844,REGULAR AIR,2009-10-12
SHP_4845,REGULAR AIR,2009-10-10
SHP_4846,REGULAR AIR,2011-02-09
SHP_4847,REGULAR AIR,2011-02-08
SHP_4848,EXPRESS AIR,2011-12-10
SHP_4849,REGULAR AIR,2011-12-09
SHP_4850,EXPRESS AIR,2009-04-14
SHP_4851,REGULAR AIR,2010-10-21
SHP_4852,REGULAR AIR,2009-01-24
SHP_4853,DELIVERY TRUCK,2009-01-23
SHP_4854,DELIVERY TRUCK,2012-10-06
SHP_4855,REGULAR AIR,2011-10-23
SHP_4856,REGULAR AIR,2012-03-10
SHP_4857,REGULAR AIR,2012-03-08
SHP_4858,REGULAR AIR,2011-10-02
SHP_4859,REGULAR AIR,2009-11-20
SHP_4860,REGULAR AIR,2009-07-22
SHP_4861,REGULAR AIR,2010-02-20
SHP_4862,EXPRESS AIR,2012-05-09
SHP_4863,REGULAR AIR,2012-05-10
SHP_4864,REGULAR AIR,2009-02-13
SHP_4865,DELIVERY TRUCK,2012-07-24
SHP_4866,REGULAR AIR,2012-05-26
SHP_4867,REGULAR AIR,2010-08-18
SHP_4868,REGULAR AIR,2010-08-20
SHP_4869,EXPRESS AIR,2009-03-01
SHP_4870,REGULAR AIR,2011-03-11
SHP_4871,EXPRESS AIR,2009-02-22
SHP_4872,REGULAR AIR,2011-04-01
SHP_4873,EXPRESS AIR,2010-01-03
SHP_4874,REGULAR AIR,2012-08-31
SHP_4875,DELIVERY TRUCK,2009-12-09
SHP_4876,REGULAR AIR,2012-11-01
SHP_4877,DELIVERY TRUCK,2011-01-15
SHP_4878,EXPRESS AIR,2011-01-16
SHP_4879,REGULAR AIR,2011-01-17
SHP_4880,REGULAR AIR,2010-12-30
SHP_4881,REGULAR AIR,2010-12-29
SHP_4882,REGULAR AIR,2011-05-19
SHP_4883,EXPRESS AIR,2011-05-21
SHP_4884,REGULAR AIR,2009-07-06
SHP_4885,REGULAR AIR,2009-05-31
SHP_4886,REGULAR AIR,2012-05-05
SHP_4887,REGULAR AIR,2012-05-07
SHP_4888,EXPRESS AIR,2010-09-05
SHP_4889,DELIVERY TRUCK,2010-09-04
SHP_4890,REGULAR AIR,2010-02-01
SHP_4891,REGULAR AIR,2011-06-25
SHP_4892,REGULAR AIR,2010-02-27
SHP_4893,EXPRESS AIR,2010-11-11
SHP_4894,REGULAR AIR,2012-07-27
SHP_4895,REGULAR AIR,2011-07-23
SHP_4896,DELIVERY TRUCK,2012-12-04
SHP_4897,REGULAR AIR,2012-08-20
SHP_4898,REGULAR AIR,2012-08-23
SHP_4899,EXPRESS AIR,2011-08-30
SHP_4900,REGULAR AIR,2010-10-14
SHP_4901,REGULAR AIR,2010-10-13
SHP_4902,REGULAR AIR,2012-01-29
SHP_4903,DELIVERY TRUCK,2009-04-18
SHP_4904,REGULAR AIR,2010-01-17
SHP_4905,REGULAR AIR,2012-12-21
SHP_4906,REGULAR AIR,2012-12-23
SHP_4907,REGULAR AIR,2009-03-18
SHP_4908,DELIVERY TRUCK,2011-09-19
SHP_4909,DELIVERY TRUCK,2009-03-31
SHP_4910,REGULAR AIR,2009-10-22
SHP_4911,DELIVERY TRUCK,2009-10-23
SHP_4912,REGULAR AIR,2011-05-29
SHP_4913,DELIVERY TRUCK,2010-08-03
SHP_4914,DELIVERY TRUCK,2010-05-28
SHP_4915,REGULAR AIR,2010-05-28
SHP_4916,REGULAR AIR,2009-08-16
SHP_4917,REGULAR AIR,2009-05-03
SHP_4918,REGULAR AIR,2009-05-01
SHP_4919,REGULAR AIR,2011-06-21
SHP_4920,EXPRESS AIR,2009-10-26
SHP_4921,REGULAR AIR,2010-09-10
SHP_4922,REGULAR AIR,2010-09-08
SHP_4923,REGULAR AIR,2009-09-27
SHP_4924,DELIVERY TRUCK,2012-12-25
SHP_4925,REGULAR AIR,2010-04-11
SHP_4926,EXPRESS AIR,2010-08-13
SHP_4927,REGULAR AIR,2010-08-15
SHP_4928,REGULAR AIR,2011-10-05
SHP_4929,DELIVERY TRUCK,2011-10-04
SHP_4930,REGULAR AIR,2010-11-23
SHP_4931,REGULAR AIR,2010-08-29
SHP_4932,EXPRESS AIR,2010-12-29
SHP_4933,REGULAR AIR,2011-11-02
SHP_4934,DELIVERY TRUCK,2012-07-27
SHP_4935,REGULAR AIR,2009-06-17
SHP_4936,REGULAR AIR,2010-01-27
SHP_4937,EXPRESS AIR,2010-01-25
SHP_4938,EXPRESS AIR,2012-10-21
SHP_4939,REGULAR AIR,2009-10-18
SHP_4940,REGULAR AIR,2009-10-20
SHP_4941,DELIVERY TRUCK,2011-02-01
SHP_4942,EXPRESS AIR,2010-08-23
SHP_4943,REGULAR AIR,2011-11-23
SHP_4944,REGULAR AIR,2010-04-09
SHP_4945,REGULAR AIR,2010-02-05
SHP_4946,REGULAR AIR,2012-09-12
SHP_4947,REGULAR AIR,2010-02-25
SHP_4948,EXPRESS AIR,2010-03-02
SHP_4949,EXPRESS AIR,2010-01-30
SHP_4950,REGULAR AIR,2011-08-16
SHP_4951,REGULAR AIR,2012-04-29
SHP_4952,DELIVERY TRUCK,2012-05-06
SHP_4953,REGULAR AIR,2009-02-07
SHP_4954,EXPRESS AIR,2009-02-08
SHP_4955,REGULAR AIR,2011-07-27
SHP_4956,REGULAR AIR,2011-07-23
SHP_4957,REGULAR AIR,2011-04-19
SHP_4958,REGULAR AIR,2009-04-17
SHP_4959,EXPRESS AIR,2009-09-29
SHP_4960,REGULAR AIR,2010-09-24
SHP_4961,DELIVERY TRUCK,2011-02-05
SHP_4962,REGULAR AIR,2010-05-04
SHP_4963,EXPRESS AIR,2010-05-05
SHP_4964,DELIVERY TRUCK,2012-12-11
SHP_4965,DELIVERY TRUCK,2012-12-12
SHP_4966,REGULAR AIR,2012-12-11
SHP_4967,EXPRESS AIR,2012-05-30
SHP_4968,REGULAR AIR,2011-11-24
SHP_4969,REGULAR AIR,2009-10-09
SHP_4970,REGULAR AIR,2012-08-12
SHP_4971,DELIVERY TRUCK,2011-08-27
SHP_4972,REGULAR AIR,2011-08-26
SHP_4973,REGULAR AIR,2011-09-21
SHP_4974,REGULAR AIR,2009-10-22
SHP_4975,REGULAR AIR,2009-10-21
SHP_4976,REGULAR AIR,2010-10-03
SHP_4977,REGULAR AIR,2011-12-03
SHP_4978,REGULAR AIR,2009-07-24
SHP_4979,REGULAR AIR,2009-07-29
SHP_4980,REGULAR AIR,2011-12-30
SHP_4981,REGULAR AIR,2009-09-10
SHP_4982,REGULAR AIR,2011-03-24
SHP_4983,DELIVERY TRUCK,2009-08-05
SHP_4984,REGULAR AIR,2010-01-20
SHP_4985,REGULAR AIR,2010-01-19
SHP_4986,REGULAR AIR,2012-02-14
SHP_4987,REGULAR AIR,2009-09-17
SHP_4988,REGULAR AIR,2009-07-02
SHP_4989,DELIVERY TRUCK,2009-07-03
SHP_4990,REGULAR AIR,2009-07-22
SHP_4991,REGULAR AIR,2009-06-21
SHP_4992,REGULAR AIR,2012-03-18
SHP_4993,DELIVERY TRUCK,2012-03-16
SHP_4994,EXPRESS AIR,2009-08-24
SHP_4995,REGULAR AIR,2010-06-13
SHP_4996,REGULAR AIR,2010-06-16
SHP_4997,REGULAR AIR,2010-06-11
SHP_4998,REGULAR AIR,2009-03-24
SHP_4999,REGULAR AIR,2009-03-25
SHP_5000,REGULAR AIR,2010-03-23
SHP_5001,REGULAR AIR,2010-08-31
SHP_5002,REGULAR AIR,2011-10-06
SHP_5003,REGULAR AIR,2010-12-07
SHP_5004,REGULAR AIR,2011-05-27
SHP_5005,EXPRESS AIR,2009-12-03
SHP_5006,REGULAR AIR,2011-07-25
SHP_5007,REGULAR AIR,2011-07-26
SHP_5008,REGULAR AIR,2011-07-27
SHP_5009,DELIVERY TRUCK,2011-06-19
SHP_5010,DELIVERY TRUCK,2010-03-13
SHP_5011,REGULAR AIR,2010-03-20
SHP_5012,REGULAR AIR,2009-04-19
SHP_5013,REGULAR AIR,2011-05-08
SHP_5014,REGULAR AIR,2011-05-06
SHP_5015,REGULAR AIR,2009-09-24
SHP_5016,REGULAR AIR,2010-05-17
SHP_5017,EXPRESS AIR,2012-06-30
SHP_5018,REGULAR AIR,2009-05-31
SHP_5019,REGULAR AIR,2012-10-08
SHP_5020,REGULAR AIR,2011-06-13
SHP_5021,REGULAR AIR,2012-01-13
SHP_5022,DELIVERY TRUCK,2012-01-13
SHP_5023,DELIVERY TRUCK,2012-01-14
SHP_5024,DELIVERY TRUCK,2012-01-15
SHP_5025,REGULAR AIR,2010-10-10
SHP_5026,EXPRESS AIR,2012-07-14
SHP_5027,REGULAR AIR,2012-07-14
SHP_5028,REGULAR AIR,2010-10-11
SHP_5029,REGULAR AIR,2012-09-26
SHP_5030,DELIVERY TRUCK,2010-08-29
SHP_5031,REGULAR AIR,2009-10-29
SHP_5032,REGULAR AIR,2011-03-29
SHP_5033,REGULAR AIR,2011-03-28
SHP_5034,REGULAR AIR,2012-02-29
SHP_5035,REGULAR AIR,2010-01-10
SHP_5036,DELIVERY TRUCK,2009-03-29
SHP_5037,REGULAR AIR,2012-10-09
SHP_5038,DELIVERY TRUCK,2010-05-21
SHP_5039,REGULAR AIR,2010-05-22
SHP_5040,REGULAR AIR,2010-05-23
SHP_5041,REGULAR AIR,2009-06-13
SHP_5042,EXPRESS AIR,2009-06-14
SHP_5043,REGULAR AIR,2012-08-17
SHP_5044,EXPRESS AIR,2010-12-13
SHP_5045,REGULAR AIR,2009-09-21
SHP_5046,REGULAR AIR,2009-09-22
SHP_5047,REGULAR AIR,2011-06-17
SHP_5048,REGULAR AIR,2012-03-06
SHP_5049,EXPRESS AIR,2009-10-20
SHP_5050,REGULAR AIR,2009-10-19
SHP_5051,REGULAR AIR,2009-10-21
SHP_5052,REGULAR AIR,2011-01-08
SHP_5053,DELIVERY TRUCK,2011-01-09
SHP_5054,REGULAR AIR,2010-06-28
SHP_5055,DELIVERY TRUCK,2009-03-15
SHP_5056,DELIVERY TRUCK,2009-03-14
SHP_5057,REGULAR AIR,2012-04-15
SHP_5058,REGULAR AIR,2012-04-14
SHP_5059,DELIVERY TRUCK,2012-01-07
SHP_5060,REGULAR AIR,2011-03-18
SHP_5061,REGULAR AIR,2009-10-30
SHP_5062,REGULAR AIR,2009-10-28
SHP_5063,REGULAR AIR,2010-08-06
SHP_5064,REGULAR AIR,2010-04-03
SHP_5065,DELIVERY TRUCK,2010-04-01
SHP_5066,REGULAR AIR,2011-01-09
SHP_5067,REGULAR AIR,2009-01-15
SHP_5068,DELIVERY TRUCK,2009-01-15
SHP_5069,REGULAR AIR,2009-01-13
SHP_5070,REGULAR AIR,2010-07-30
SHP_5071,REGULAR AIR,2010-08-01
SHP_5072,REGULAR AIR,2010-11-19
SHP_5073,REGULAR AIR,2009-12-19
SHP_5074,REGULAR AIR,2011-10-01
SHP_5075,REGULAR AIR,2011-09-30
SHP_5076,DELIVERY TRUCK,2009-11-21
SHP_5077,REGULAR AIR,2009-11-22
SHP_5078,REGULAR AIR,2010-04-24
SHP_5079,EXPRESS AIR,2010-05-08
SHP_5080,REGULAR AIR,2009-01-14
SHP_5081,DELIVERY TRUCK,2009-02-23
SHP_5082,DELIVERY TRUCK,2011-03-23
SHP_5083,REGULAR AIR,2011-03-21
SHP_5084,REGULAR AIR,2011-11-11
SHP_5085,REGULAR AIR,2010-03-22
SHP_5086,REGULAR AIR,2009-02-27
SHP_5087,REGULAR AIR,2011-08-13
SHP_5088,EXPRESS AIR,2010-01-31
SHP_5089,REGULAR AIR,2011-05-08
SHP_5090,REGULAR AIR,2012-10-11
SHP_5091,DELIVERY TRUCK,2012-10-12
SHP_5092,REGULAR AIR,2011-01-04
SHP_5093,EXPRESS AIR,2010-07-20
SHP_5094,REGULAR AIR,2010-07-20
SHP_5095,REGULAR AIR,2010-11-26
SHP_5096,REGULAR AIR,2011-09-01
SHP_5097,DELIVERY TRUCK,2009-03-06
SHP_5098,EXPRESS AIR,2009-07-11
SHP_5099,EXPRESS AIR,2012-03-30
SHP_5100,REGULAR AIR,2012-03-30
SHP_5101,REGULAR AIR,2012-07-31
SHP_5102,EXPRESS AIR,2012-07-31
SHP_5103,REGULAR AIR,2012-12-09
SHP_5104,REGULAR AIR,2012-12-10
SHP_5105,DELIVERY TRUCK,2012-09-12
SHP_5106,EXPRESS AIR,2011-12-13
SHP_5107,REGULAR AIR,2011-12-14
SHP_5108,REGULAR AIR,2012-01-08
SHP_5109,REGULAR AIR,2012-10-07
SHP_5110,EXPRESS AIR,2010-08-19
SHP_5111,REGULAR AIR,2012-12-30
SHP_5112,REGULAR AIR,2012-04-03
SHP_5113,EXPRESS AIR,2009-04-20
SHP_5114,REGULAR AIR,2012-09-19
SHP_5115,REGULAR AIR,2009-08-01
SHP_5116,REGULAR AIR,2012-01-13
SHP_5117,REGULAR AIR,2011-04-22
SHP_5118,REGULAR AIR,2010-10-12
SHP_5119,REGULAR AIR,2009-08-04
SHP_5120,REGULAR AIR,2009-08-05
SHP_5121,REGULAR AIR,2009-12-17
SHP_5122,REGULAR AIR,2009-12-16
SHP_5123,DELIVERY TRUCK,2009-05-24
SHP_5124,REGULAR AIR,2012-04-26
SHP_5125,EXPRESS AIR,2011-10-19
SHP_5126,REGULAR AIR,2009-05-08
SHP_5127,REGULAR AIR,2012-12-27
SHP_5128,DELIVERY TRUCK,2011-06-13
SHP_5129,REGULAR AIR,2011-06-14
SHP_5130,REGULAR AIR,2009-11-25
SHP_5131,REGULAR AIR,2010-11-11
SHP_5132,REGULAR AIR,2011-02-27
SHP_5133,REGULAR AIR,2010-08-10
SHP_5134,REGULAR AIR,2011-02-02
SHP_5135,REGULAR AIR,2009-01-05
SHP_5136,REGULAR AIR,2009-01-10
SHP_5137,REGULAR AIR,2009-01-07
SHP_5138,REGULAR AIR,2011-09-14
SHP_5139,EXPRESS AIR,2010-12-01
SHP_5140,DELIVERY TRUCK,2012-03-30
SHP_5141,REGULAR AIR,2010-04-13
SHP_5142,REGULAR AIR,2010-04-11
SHP_5143,EXPRESS AIR,2010-04-11
SHP_5144,REGULAR AIR,2012-02-20
SHP_5145,REGULAR AIR,2012-08-08
SHP_5146,REGULAR AIR,2010-08-28
SHP_5147,REGULAR AIR,2010-08-27
SHP_5148,REGULAR AIR,2011-08-26
SHP_5149,REGULAR AIR,2012-10-02
SHP_5150,EXPRESS AIR,2011-01-14
SHP_5151,DELIVERY TRUCK,2012-01-14
SHP_5152,REGULAR AIR,2012-01-14
SHP_5153,REGULAR AIR,2012-04-17
SHP_5154,REGULAR AIR,2009-11-18
SHP_5155,REGULAR AIR,2009-11-17
SHP_5156,EXPRESS AIR,2009-11-19
SHP_5157,REGULAR AIR,2012-02-26
SHP_5158,DELIVERY TRUCK,2009-03-12
SHP_5159,EXPRESS AIR,2009-03-13
SHP_5160,REGULAR AIR,2012-07-31
SHP_5161,REGULAR AIR,2012-07-30
SHP_5162,REGULAR AIR,2012-08-01
SHP_5163,REGULAR AIR,2011-04-24
SHP_5164,REGULAR AIR,2012-02-16
SHP_5165,REGULAR AIR,2012-02-21
SHP_5166,REGULAR AIR,2012-02-18
SHP_5167,REGULAR AIR,2012-02-23
SHP_5168,REGULAR AIR,2011-02-02
SHP_5169,REGULAR AIR,2012-01-29
SHP_5170,REGULAR AIR,2011-11-29
SHP_5171,DELIVERY TRUCK,2011-07-08
SHP_5172,REGULAR AIR,2012-05-26
SHP_5173,REGULAR AIR,2009-05-19
SHP_5174,REGULAR AIR,2009-05-18
SHP_5175,EXPRESS AIR,2009-12-09
SHP_5176,REGULAR AIR,2010-04-03
SHP_5177,DELIVERY TRUCK,2012-04-06
SHP_5178,REGULAR AIR,2010-11-23
SHP_5179,REGULAR AIR,2012-05-11
SHP_5180,REGULAR AIR,2012-05-12
SHP_5181,REGULAR AIR,2012-05-13
SHP_5182,REGULAR AIR,2012-07-05
SHP_5183,REGULAR AIR,2011-12-11
SHP_5184,REGULAR AIR,2011-12-31
SHP_5185,EXPRESS AIR,2012-07-12
SHP_5186,REGULAR AIR,2009-12-30
SHP_5187,EXPRESS AIR,2009-10-08
SHP_5188,DELIVERY TRUCK,2012-07-18
SHP_5189,REGULAR AIR,2012-07-25
SHP_5190,REGULAR AIR,2010-08-17
SHP_5191,REGULAR AIR,2010-10-30
SHP_5192,DELIVERY TRUCK,2010-07-26
SHP_5193,REGULAR AIR,2010-07-31
SHP_5194,EXPRESS AIR,2010-07-24
SHP_5195,REGULAR AIR,2009-06-14
SHP_5196,REGULAR AIR,2009-09-12
SHP_5197,REGULAR AIR,2011-03-27
SHP_5198,EXPRESS AIR,2011-03-27
SHP_5199,REGULAR AIR,2011-03-28
SHP_5200,REGULAR AIR,2009-07-23
SHP_5201,REGULAR AIR,2009-07-21
SHP_5202,EXPRESS AIR,2009-05-13
SHP_5203,DELIVERY TRUCK,2009-05-11
SHP_5204,DELIVERY TRUCK,2012-09-07
SHP_5205,REGULAR AIR,2009-01-07
SHP_5206,REGULAR AIR,2010-09-01
SHP_5207,DELIVERY TRUCK,2011-11-15
SHP_5208,DELIVERY TRUCK,2011-11-19
SHP_5209,REGULAR AIR,2010-11-19
SHP_5210,REGULAR AIR,2010-11-26
SHP_5211,REGULAR AIR,2010-10-16
SHP_5212,REGULAR AIR,2011-04-04
SHP_5213,REGULAR AIR,2010-01-01
SHP_5214,EXPRESS AIR,2010-12-26
SHP_5215,REGULAR AIR,2010-12-27
SHP_5216,EXPRESS AIR,2011-10-17
SHP_5217,EXPRESS AIR,2009-01-16
SHP_5218,REGULAR AIR,2011-10-06
SHP_5219,EXPRESS AIR,2009-12-08
SHP_5220,REGULAR AIR,2012-01-18
SHP_5221,REGULAR AIR,2009-10-17
SHP_5222,REGULAR AIR,2010-05-28
SHP_5223,EXPRESS AIR,2011-06-18
SHP_5224,REGULAR AIR,2010-02-10
SHP_5225,REGULAR AIR,2010-02-15
SHP_5226,REGULAR AIR,2011-05-21
SHP_5227,REGULAR AIR,2011-05-23
SHP_5228,DELIVERY TRUCK,2009-07-04
SHP_5229,REGULAR AIR,2010-11-24
SHP_5230,DELIVERY TRUCK,2010-11-23
SHP_5231,EXPRESS AIR,2009-05-25
SHP_5232,REGULAR AIR,2009-05-25
SHP_5233,DELIVERY TRUCK,2009-03-05
SHP_5234,REGULAR AIR,2010-06-01
SHP_5235,REGULAR AIR,2010-05-31
SHP_5236,REGULAR AIR,2011-12-06
SHP_5237,REGULAR AIR,2012-12-30
SHP_5238,DELIVERY TRUCK,2012-12-30
SHP_5239,DELIVERY TRUCK,2012-05-03
SHP_5240,REGULAR AIR,2012-10-24
SHP_5241,REGULAR AIR,2009-04-15
SHP_5242,REGULAR AIR,2009-04-18
SHP_5243,EXPRESS AIR,2009-10-03
SHP_5244,REGULAR AIR,2012-06-28
SHP_5245,DELIVERY TRUCK,2010-07-19
SHP_5246,REGULAR AIR,2012-04-21
SHP_5247,EXPRESS AIR,2011-04-28
SHP_5248,REGULAR AIR,2011-01-23
SHP_5249,EXPRESS AIR,2010-11-25
SHP_5250,REGULAR AIR,2010-11-26
SHP_5251,REGULAR AIR,2011-04-20
SHP_5252,REGULAR AIR,2012-01-10
SHP_5253,REGULAR AIR,2009-01-20
SHP_5254,EXPRESS AIR,2009-01-19
SHP_5255,REGULAR AIR,2010-03-14
SHP_5256,DELIVERY TRUCK,2009-08-12
SHP_5257,REGULAR AIR,2009-08-12
SHP_5258,REGULAR AIR,2012-11-16
SHP_5259,REGULAR AIR,2011-05-18
SHP_5260,REGULAR AIR,2009-03-24
SHP_5261,REGULAR AIR,2009-03-23
SHP_5262,REGULAR AIR,2011-08-27
SHP_5263,REGULAR AIR,2010-08-08
SHP_5264,REGULAR AIR,2012-10-20
SHP_5265,REGULAR AIR,2011-06-22
SHP_5266,REGULAR AIR,2011-01-13
SHP_5267,DELIVERY TRUCK,2009-08-14
SHP_5268,REGULAR AIR,2011-06-28
SHP_5269,REGULAR AIR,2012-10-27
SHP_5270,REGULAR AIR,2012-10-26
SHP_5271,REGULAR AIR,2012-07-17
SHP_5272,REGULAR AIR,2009-05-18
SHP_5273,REGULAR AIR,2009-01-19
SHP_5274,REGULAR AIR,2009-01-18
SHP_5275,REGULAR AIR,2012-01-08
SHP_5276,DELIVERY TRUCK,2009-10-10
SHP_5277,REGULAR AIR,2009-10-11
SHP_5278,EXPRESS AIR,2009-03-11
SHP_5279,REGULAR AIR,2011-07-16
SHP_5280,REGULAR AIR,2009-06-05
SHP_5281,EXPRESS AIR,2009-06-05
SHP_5282,REGULAR AIR,2012-03-21
SHP_5283,REGULAR AIR,2011-05-20
SHP_5284,REGULAR AIR,2011-05-19
SHP_5285,REGULAR AIR,2010-07-16
SHP_5286,REGULAR AIR,2009-03-28
SHP_5287,EXPRESS AIR,2011-07-20
SHP_5288,REGULAR AIR,2010-05-06
SHP_5289,REGULAR AIR,2010-12-21
SHP_5290,REGULAR AIR,2010-05-21
SHP_5291,EXPRESS AIR,2012-05-29
SHP_5292,DELIVERY TRUCK,2012-05-29
SHP_5293,REGULAR AIR,2010-12-05
SHP_5294,REGULAR AIR,2010-12-07
SHP_5295,DELIVERY TRUCK,2009-09-26
SHP_5296,REGULAR AIR,2010-11-26
SHP_5297,REGULAR AIR,2009-09-14
SHP_5298,EXPRESS AIR,2011-10-12
SHP_5299,REGULAR AIR,2011-10-14
SHP_5300,REGULAR AIR,2009-12-21
SHP_5301,REGULAR AIR,2012-12-12
SHP_5302,REGULAR AIR,2010-09-14
SHP_5303,EXPRESS AIR,2009-07-04
SHP_5304,REGULAR AIR,2012-03-30
SHP_5305,REGULAR AIR,2012-01-19
SHP_5306,REGULAR AIR,2012-01-20
SHP_5307,DELIVERY TRUCK,2012-01-21
SHP_5308,REGULAR AIR,2011-06-27
SHP_5309,REGULAR AIR,2012-10-13
SHP_5310,REGULAR AIR,2012-10-12
SHP_5311,REGULAR AIR,2011-06-24
SHP_5312,REGULAR AIR,2011-04-22
SHP_5313,REGULAR AIR,2012-11-06
SHP_5314,REGULAR AIR,2011-03-02
SHP_5315,EXPRESS AIR,2009-04-29
SHP_5316,REGULAR AIR,2009-04-29
SHP_5317,DELIVERY TRUCK,2009-03-15
SHP_5318,REGULAR AIR,2009-03-08
SHP_5319,REGULAR AIR,2012-08-02
SHP_5320,EXPRESS AIR,2012-08-02
SHP_5321,REGULAR AIR,2012-06-15
SHP_5322,REGULAR AIR,2011-05-10
SHP_5323,REGULAR AIR,2009-02-15
SHP_5324,REGULAR AIR,2011-05-19
SHP_5325,REGULAR AIR,2011-05-17
SHP_5326,EXPRESS AIR,2009-02-12
SHP_5327,REGULAR AIR,2009-02-12
SHP_5328,REGULAR AIR,2012-05-12
SHP_5329,EXPRESS AIR,2011-07-07
SHP_5330,REGULAR AIR,2009-11-20
SHP_5331,REGULAR AIR,2010-08-15
SHP_5332,REGULAR AIR,2012-05-08
SHP_5333,EXPRESS AIR,2012-05-09
SHP_5334,REGULAR AIR,2009-08-10
SHP_5335,REGULAR AIR,2010-09-24
SHP_5336,REGULAR AIR,2009-08-15
SHP_5337,EXPRESS AIR,2010-02-06
SHP_5338,REGULAR AIR,2010-02-02
SHP_5339,REGULAR AIR,2011-01-17
SHP_5340,REGULAR AIR,2009-09-18
SHP_5341,EXPRESS AIR,2011-05-06
SHP_5342,DELIVERY TRUCK,2011-05-05
SHP_5343,REGULAR AIR,2010-08-05
SHP_5344,DELIVERY TRUCK,2010-11-05
SHP_5345,REGULAR AIR,2010-11-05
SHP_5346,REGULAR AIR,2012-11-07
SHP_5347,REGULAR AIR,2011-07-03
SHP_5348,DELIVERY TRUCK,2009-04-03
SHP_5349,REGULAR AIR,2012-02-10
SHP_5350,REGULAR AIR,2012-02-08
SHP_5351,REGULAR AIR,2010-01-17
SHP_5352,REGULAR AIR,2012-09-25
SHP_5353,REGULAR AIR,2011-11-11
SHP_5354,REGULAR AIR,2012-09-22
SHP_5355,REGULAR AIR,2009-09-28
SHP_5356,REGULAR AIR,2011-10-27
SHP_5357,REGULAR AIR,2011-09-16
SHP_5358,REGULAR AIR,2011-09-15
SHP_5359,REGULAR AIR,2011-09-17
SHP_5360,REGULAR AIR,2009-06-12
SHP_5361,REGULAR AIR,2009-12-13
SHP_5362,REGULAR AIR,2012-05-23
SHP_5363,REGULAR AIR,2012-12-28
SHP_5364,REGULAR AIR,2010-04-28
SHP_5365,REGULAR AIR,2010-04-29
SHP_5366,EXPRESS AIR,2011-10-13
SHP_5367,REGULAR AIR,2011-07-23
SHP_5368,REGULAR AIR,2011-07-24
SHP_5369,REGULAR AIR,2012-06-16
SHP_5370,REGULAR AIR,2012-05-23
SHP_5371,EXPRESS AIR,2011-05-11
SHP_5372,REGULAR AIR,2011-05-12
SHP_5373,REGULAR AIR,2010-06-02
SHP_5374,REGULAR AIR,2011-07-28
SHP_5375,REGULAR AIR,2011-08-20
SHP_5376,REGULAR AIR,2011-08-22
SHP_5377,REGULAR AIR,2012-05-25
SHP_5378,DELIVERY TRUCK,2009-11-04
SHP_5379,REGULAR AIR,2012-09-10
SHP_5380,REGULAR AIR,2012-09-11
SHP_5381,EXPRESS AIR,2011-06-22
SHP_5382,REGULAR AIR,2011-06-23
SHP_5383,REGULAR AIR,2010-12-20
SHP_5384,REGULAR AIR,2010-12-19
SHP_5385,REGULAR AIR,2012-02-15
SHP_5386,DELIVERY TRUCK,2012-10-09
SHP_5387,REGULAR AIR,2012-10-08
SHP_5388,REGULAR AIR,2012-10-10
SHP_5389,REGULAR AIR,2011-09-03
SHP_5390,REGULAR AIR,2010-10-14
SHP_5391,REGULAR AIR,2010-10-13
SHP_5392,REGULAR AIR,2010-03-28
SHP_5393,REGULAR AIR,2010-01-03
SHP_5394,EXPRESS AIR,2010-01-04
SHP_5395,REGULAR AIR,2010-04-03
SHP_5396,DELIVERY TRUCK,2010-04-06
SHP_5397,REGULAR AIR,2009-07-18
SHP_5398,REGULAR AIR,2009-05-12
SHP_5399,REGULAR AIR,2011-01-16
SHP_5400,DELIVERY TRUCK,2011-01-11
SHP_5401,REGULAR AIR,2010-09-18
SHP_5402,REGULAR AIR,2009-08-15
SHP_5403,REGULAR AIR,2009-08-16
SHP_5404,REGULAR AIR,2009-06-24
SHP_5405,EXPRESS AIR,2011-05-11
SHP_5406,DELIVERY TRUCK,2009-09-06
SHP_5407,EXPRESS AIR,2012-07-17
SHP_5408,REGULAR AIR,2012-07-18
SHP_5409,REGULAR AIR,2012-07-19
SHP_5410,REGULAR AIR,2009-05-09
SHP_5411,REGULAR AIR,2009-05-10
SHP_5412,EXPRESS AIR,2009-05-11
SHP_5413,DELIVERY TRUCK,2011-05-03
SHP_5414,REGULAR AIR,2012-06-16
SHP_5415,DELIVERY TRUCK,2012-06-14
SHP_5416,REGULAR AIR,2011-02-06
SHP_5417,REGULAR AIR,2011-02-08
SHP_5418,REGULAR AIR,2011-03-18
SHP_5419,REGULAR AIR,2012-10-13
SHP_5420,REGULAR AIR,2012-10-15
SHP_5421,REGULAR AIR,2012-09-15
SHP_5422,REGULAR AIR,2010-03-11
SHP_5423,DELIVERY TRUCK,2011-02-14
SHP_5424,REGULAR AIR,2010-04-26
SHP_5425,REGULAR AIR,2009-12-19
SHP_5426,REGULAR AIR,2009-12-20
SHP_5427,EXPRESS AIR,2010-08-05
SHP_5428,REGULAR AIR,2010-08-04
SHP_5429,REGULAR AIR,2010-04-15
SHP_5430,EXPRESS AIR,2009-04-01
SHP_5431,EXPRESS AIR,2009-06-13
SHP_5432,REGULAR AIR,2009-06-14
SHP_5433,EXPRESS AIR,2012-06-15
SHP_5434,REGULAR AIR,2012-06-14
SHP_5435,REGULAR AIR,2011-10-02
SHP_5436,REGULAR AIR,2011-10-03
SHP_5437,EXPRESS AIR,2011-10-03
SHP_5438,REGULAR AIR,2009-07-11
SHP_5439,REGULAR AIR,2009-10-09
SHP_5440,REGULAR AIR,2009-10-08
SHP_5441,REGULAR AIR,2010-02-02
SHP_5442,DELIVERY TRUCK,2010-02-02
SHP_5443,REGULAR AIR,2010-09-10
SHP_5444,REGULAR AIR,2010-09-09
SHP_5445,REGULAR AIR,2011-12-16
SHP_5446,DELIVERY TRUCK,2009-03-28
SHP_5447,REGULAR AIR,2009-03-27
SHP_5448,REGULAR AIR,2012-08-05
SHP_5449,REGULAR AIR,2012-08-06
SHP_5450,REGULAR AIR,2009-10-23
SHP_5451,DELIVERY TRUCK,2012-07-31
SHP_5452,REGULAR AIR,2011-03-17
SHP_5453,REGULAR AIR,2011-03-22
SHP_5454,EXPRESS AIR,2011-12-26
SHP_5455,REGULAR AIR,2011-12-26
SHP_5456,REGULAR AIR,2012-11-30
SHP_5457,EXPRESS AIR,2012-02-01
SHP_5458,REGULAR AIR,2010-10-04
SHP_5459,REGULAR AIR,2011-12-10
SHP_5460,REGULAR AIR,2012-04-13
SHP_5461,DELIVERY TRUCK,2011-09-02
SHP_5462,EXPRESS AIR,2010-08-30
SHP_5463,REGULAR AIR,2011-12-05
SHP_5464,REGULAR AIR,2011-12-12
SHP_5465,DELIVERY TRUCK,2010-09-29
SHP_5466,REGULAR AIR,2011-11-02
SHP_5467,REGULAR AIR,2012-03-25
SHP_5468,REGULAR AIR,2012-03-24
SHP_5469,REGULAR AIR,2012-03-26
SHP_5470,EXPRESS AIR,2009-03-13
SHP_5471,DELIVERY TRUCK,2009-03-13
SHP_5472,REGULAR AIR,2011-03-10
SHP_5473,REGULAR AIR,2011-03-09
SHP_5474,REGULAR AIR,2010-06-10
SHP_5475,REGULAR AIR,2012-01-13
SHP_5476,REGULAR AIR,2009-04-19
SHP_5477,REGULAR AIR,2009-04-20
SHP_5478,REGULAR AIR,2010-01-15
SHP_5479,REGULAR AIR,2010-01-16
SHP_5480,REGULAR AIR,2010-03-04
SHP_5481,REGULAR AIR,2012-08-14
SHP_5482,REGULAR AIR,2011-06-12
SHP_5483,EXPRESS AIR,2010-05-16
SHP_5484,REGULAR AIR,2011-12-09
SHP_5485,REGULAR AIR,2011-12-10
SHP_5486,EXPRESS AIR,2009-09-15
SHP_5487,REGULAR AIR,2010-03-19
SHP_5488,REGULAR AIR,2011-03-16
SHP_5489,REGULAR AIR,2009-05-08
SHP_5490,REGULAR AIR,2009-01-28
SHP_5491,REGULAR AIR,2010-08-19
SHP_5492,DELIVERY TRUCK,2009-01-08
SHP_5493,EXPRESS AIR,2009-01-08
SHP_5494,REGULAR AIR,2009-01-07
SHP_5495,REGULAR AIR,2009-04-08
SHP_5496,REGULAR AIR,2009-04-06
SHP_5497,REGULAR AIR,2011-02-27
SHP_5498,REGULAR AIR,2012-10-18
SHP_5499,REGULAR AIR,2011-05-08
SHP_5500,REGULAR AIR,2010-12-13
SHP_5501,REGULAR AIR,2012-12-16
SHP_5502,EXPRESS AIR,2012-12-17
SHP_5503,REGULAR AIR,2010-05-04
SHP_5504,REGULAR AIR,2012-09-25
SHP_5505,REGULAR AIR,2012-11-08
SHP_5506,REGULAR AIR,2012-11-09
SHP_5507,REGULAR AIR,2009-12-02
SHP_5508,EXPRESS AIR,2012-04-29
SHP_5509,REGULAR AIR,2010-09-15
SHP_5510,DELIVERY TRUCK,2012-02-19
SHP_5511,REGULAR AIR,2012-02-18
SHP_5512,REGULAR AIR,2009-02-06
SHP_5513,REGULAR AIR,2009-02-05
SHP_5514,REGULAR AIR,2009-02-07
SHP_5515,DELIVERY TRUCK,2009-02-06
SHP_5516,REGULAR AIR,2011-02-27
SHP_5517,REGULAR AIR,2009-09-16
SHP_5518,REGULAR AIR,2011-08-24
SHP_5519,REGULAR AIR,2012-10-10
SHP_5520,REGULAR AIR,2012-10-11
SHP_5521,REGULAR AIR,2009-01-09
SHP_5522,REGULAR AIR,2011-06-23
SHP_5523,REGULAR AIR,2009-07-21
SHP_5524,REGULAR AIR,2011-09-04
SHP_5525,REGULAR AIR,2011-09-05
SHP_5526,REGULAR AIR,2010-03-30
SHP_5527,REGULAR AIR,2012-05-21
SHP_5528,EXPRESS AIR,2012-11-29
SHP_5529,REGULAR AIR,2012-11-28
SHP_5530,DELIVERY TRUCK,2012-11-29
SHP_5531,EXPRESS AIR,2010-10-27
SHP_5532,REGULAR AIR,2010-10-28
SHP_5533,REGULAR AIR,2010-12-23
SHP_5534,EXPRESS AIR,2010-12-23
SHP_5535,REGULAR AIR,2012-07-26
SHP_5536,REGULAR AIR,2009-08-08
SHP_5537,REGULAR AIR,2009-08-11
SHP_5538,DELIVERY TRUCK,2011-04-30
SHP_5539,REGULAR AIR,2011-04-30
SHP_5540,DELIVERY TRUCK,2011-09-07
SHP_5541,REGULAR AIR,2012-07-27
SHP_5542,REGULAR AIR,2011-02-12
SHP_5543,REGULAR AIR,2011-02-19
SHP_5544,REGULAR AIR,2011-02-17
SHP_5545,REGULAR AIR,2009-08-24
SHP_5546,DELIVERY TRUCK,2012-05-15
SHP_5547,REGULAR AIR,2010-03-01
SHP_5548,EXPRESS AIR,2010-03-01
SHP_5549,EXPRESS AIR,2010-02-28
SHP_5550,EXPRESS AIR,2012-04-12
SHP_5551,REGULAR AIR,2012-01-10
SHP_5552,REGULAR AIR,2010-09-23
SHP_5553,REGULAR AIR,2009-11-16
SHP_5554,REGULAR AIR,2009-04-07
SHP_5555,REGULAR AIR,2011-02-27
SHP_5556,REGULAR AIR,2011-02-26
SHP_5557,REGULAR AIR,2012-08-16
SHP_5558,REGULAR AIR,2012-08-15
SHP_5559,REGULAR AIR,2009-03-27
SHP_5560,REGULAR AIR,2009-03-25
SHP_5561,REGULAR AIR,2009-03-26
SHP_5562,EXPRESS AIR,2009-03-27
SHP_5563,REGULAR AIR,2010-12-02
SHP_5564,REGULAR AIR,2009-11-22
SHP_5565,REGULAR AIR,2010-08-01
SHP_5566,REGULAR AIR,2010-07-30
SHP_5567,REGULAR AIR,2012-07-16
SHP_5568,REGULAR AIR,2009-11-28
SHP_5569,REGULAR AIR,2009-11-27
SHP_5570,REGULAR AIR,2011-12-19
SHP_5571,DELIVERY TRUCK,2011-12-21
SHP_5572,REGULAR AIR,2010-12-28
SHP_5573,EXPRESS AIR,2012-05-09
SHP_5574,REGULAR AIR,2012-05-08
SHP_5575,REGULAR AIR,2012-05-10
SHP_5576,REGULAR AIR,2011-07-06
SHP_5577,REGULAR AIR,2012-03-06
SHP_5578,REGULAR AIR,2010-05-12
SHP_5579,DELIVERY TRUCK,2009-04-19
SHP_5580,REGULAR AIR,2010-03-11
SHP_5581,REGULAR AIR,2011-06-10
SHP_5582,REGULAR AIR,2011-06-07
SHP_5583,REGULAR AIR,2009-09-23
SHP_5584,DELIVERY TRUCK,2009-08-23
SHP_5585,REGULAR AIR,2009-08-24
SHP_5586,REGULAR AIR,2010-03-01
SHP_5587,DELIVERY TRUCK,2010-03-01
SHP_5588,EXPRESS AIR,2010-03-01
SHP_5589,REGULAR AIR,2012-01-15
SHP_5590,REGULAR AIR,2012-11-28
SHP_5591,REGULAR AIR,2011-02-15
SHP_5592,REGULAR AIR,2009-01-23
SHP_5593,REGULAR AIR,2011-05-14
SHP_5594,REGULAR AIR,2012-01-13
SHP_5595,DELIVERY TRUCK,2012-01-12
SHP_5596,REGULAR AIR,2009-11-21
SHP_5597,DELIVERY TRUCK,2009-04-02
SHP_5598,REGULAR AIR,2011-10-06
SHP_5599,EXPRESS AIR,2011-10-06
SHP_5600,REGULAR AIR,2012-08-18
SHP_5601,REGULAR AIR,2010-02-04
SHP_5602,REGULAR AIR,2010-02-05
SHP_5603,REGULAR AIR,2012-05-28
SHP_5604,REGULAR AIR,2012-05-27
SHP_5605,EXPRESS AIR,2012-05-27
SHP_5606,EXPRESS AIR,2012-09-01
SHP_5607,REGULAR AIR,2009-05-02
SHP_5608,REGULAR AIR,2009-05-03
SHP_5609,REGULAR AIR,2010-02-12
SHP_5610,REGULAR AIR,2009-10-28
SHP_5611,EXPRESS AIR,2009-10-29
SHP_5612,REGULAR AIR,2011-10-10
SHP_5613,REGULAR AIR,2011-10-11
SHP_5614,REGULAR AIR,2011-08-04
SHP_5615,REGULAR AIR,2012-04-03
SHP_5616,DELIVERY TRUCK,2012-02-12
SHP_5617,REGULAR AIR,2012-02-12
SHP_5618,REGULAR AIR,2012-02-13
SHP_5619,REGULAR AIR,2010-09-27
SHP_5620,REGULAR AIR,2010-12-30
SHP_5621,REGULAR AIR,2009-07-17
SHP_5622,REGULAR AIR,2009-07-14
SHP_5623,DELIVERY TRUCK,2009-07-19
SHP_5624,REGULAR AIR,2011-07-06
SHP_5625,REGULAR AIR,2011-07-07
SHP_5626,REGULAR AIR,2009-04-22
SHP_5627,REGULAR AIR,2011-10-07
SHP_5628,DELIVERY TRUCK,2011-10-08
SHP_5629,REGULAR AIR,2011-10-06
SHP_5630,REGULAR AIR,2010-09-17
SHP_5631,DELIVERY TRUCK,2012-04-10
SHP_5632,REGULAR AIR,2012-04-10
SHP_5633,DELIVERY TRUCK,2009-01-18
SHP_5634,REGULAR AIR,2009-01-20
SHP_5635,REGULAR AIR,2012-09-06
SHP_5636,REGULAR AIR,2012-09-08
SHP_5637,EXPRESS AIR,2012-09-07
SHP_5638,REGULAR AIR,2009-01-16
SHP_5639,EXPRESS AIR,2011-04-10
SHP_5640,REGULAR AIR,2011-04-12
SHP_5641,REGULAR AIR,2012-06-05
SHP_5642,EXPRESS AIR,2010-07-25
SHP_5643,REGULAR AIR,2010-07-23
SHP_5644,REGULAR AIR,2011-02-02
SHP_5645,DELIVERY TRUCK,2009-03-16
SHP_5646,REGULAR AIR,2009-03-15
SHP_5647,REGULAR AIR,2009-03-16
SHP_5648,REGULAR AIR,2010-05-10
SHP_5649,REGULAR AIR,2011-04-16
SHP_5650,REGULAR AIR,2011-04-17
SHP_5651,REGULAR AIR,2010-03-13
SHP_5652,REGULAR AIR,2009-07-22
SHP_5653,DELIVERY TRUCK,2009-07-22
SHP_5654,REGULAR AIR,2012-05-24
SHP_5655,DELIVERY TRUCK,2012-05-26
SHP_5656,EXPRESS AIR,2011-11-21
SHP_5657,REGULAR AIR,2011-11-21
SHP_5658,REGULAR AIR,2009-10-01
SHP_5659,REGULAR AIR,2012-05-06
SHP_5660,EXPRESS AIR,2012-05-07
SHP_5661,EXPRESS AIR,2012-05-08
SHP_5662,REGULAR AIR,2009-04-11
SHP_5663,REGULAR AIR,2009-04-10
SHP_5664,REGULAR AIR,2011-07-14
SHP_5665,REGULAR AIR,2009-04-26
SHP_5666,REGULAR AIR,2012-05-07
SHP_5667,EXPRESS AIR,2011-07-28
SHP_5668,DELIVERY TRUCK,2009-01-14
SHP_5669,REGULAR AIR,2009-01-15
SHP_5670,EXPRESS AIR,2009-01-16
SHP_5671,EXPRESS AIR,2012-03-25
SHP_5672,EXPRESS AIR,2012-03-30
SHP_5673,REGULAR AIR,2011-05-19
SHP_5674,REGULAR AIR,2009-12-22
SHP_5675,REGULAR AIR,2009-01-18
SHP_5676,EXPRESS AIR,2009-05-05
SHP_5677,REGULAR AIR,2012-08-25
SHP_5678,REGULAR AIR,2011-04-25
SHP_5679,REGULAR AIR,2012-05-22
SHP_5680,REGULAR AIR,2009-11-30
SHP_5681,REGULAR AIR,2010-08-22
SHP_5682,REGULAR AIR,2010-06-25
SHP_5683,REGULAR AIR,2010-06-24
SHP_5684,REGULAR AIR,2011-05-31
SHP_5685,REGULAR AIR,2011-10-15
SHP_5686,REGULAR AIR,2010-05-06
SHP_5687,REGULAR AIR,2012-10-30
SHP_5688,EXPRESS AIR,2012-10-31
SHP_5689,REGULAR AIR,2012-11-01
SHP_5690,REGULAR AIR,2009-12-30
SHP_5691,REGULAR AIR,2010-04-23
SHP_5692,EXPRESS AIR,2012-07-19
SHP_5693,EXPRESS AIR,2009-12-08
SHP_5694,REGULAR AIR,2009-12-08
SHP_5695,REGULAR AIR,2009-01-19
SHP_5696,REGULAR AIR,2009-02-07
SHP_5697,DELIVERY TRUCK,2011-10-03
SHP_5698,REGULAR AIR,2011-12-18
SHP_5699,REGULAR AIR,2009-04-26
SHP_5700,REGULAR AIR,2012-07-10
SHP_5701,REGULAR AIR,2012-03-18
SHP_5702,EXPRESS AIR,2012-03-17
SHP_5703,REGULAR AIR,2011-10-17
SHP_5704,REGULAR AIR,2011-09-13
SHP_5705,REGULAR AIR,2011-01-27
SHP_5706,REGULAR AIR,2012-08-30
SHP_5707,REGULAR AIR,2009-09-24
SHP_5708,REGULAR AIR,2011-09-06
SHP_5709,REGULAR AIR,2010-01-22
SHP_5710,REGULAR AIR,2012-10-22
SHP_5711,REGULAR AIR,2010-09-21
SHP_5712,EXPRESS AIR,2011-05-22
SHP_5713,REGULAR AIR,2011-05-22
SHP_5714,EXPRESS AIR,2011-06-25
SHP_5715,DELIVERY TRUCK,2012-06-06
SHP_5716,REGULAR AIR,2011-07-30
SHP_5717,REGULAR AIR,2011-03-26
SHP_5718,REGULAR AIR,2011-10-29
SHP_5719,EXPRESS AIR,2010-10-03
SHP_5720,REGULAR AIR,2010-10-04
SHP_5721,REGULAR AIR,2009-05-19
SHP_5722,EXPRESS AIR,2009-09-20
SHP_5723,REGULAR AIR,2009-11-16
SHP_5724,REGULAR AIR,2011-12-19
SHP_5725,EXPRESS AIR,2009-12-17
SHP_5726,REGULAR AIR,2009-12-16
SHP_5727,REGULAR AIR,2010-04-26
SHP_5728,REGULAR AIR,2012-05-27
SHP_5729,REGULAR AIR,2012-08-28
SHP_5730,REGULAR AIR,2012-11-20
SHP_5731,DELIVERY TRUCK,2010-11-15
SHP_5732,EXPRESS AIR,2010-11-15
SHP_5733,REGULAR AIR,2009-06-03
SHP_5734,REGULAR AIR,2012-06-10
SHP_5735,REGULAR AIR,2012-06-09
SHP_5736,REGULAR AIR,2012-09-18
SHP_5737,REGULAR AIR,2012-09-20
SHP_5738,REGULAR AIR,2009-12-23
SHP_5739,REGULAR AIR,2009-12-24
SHP_5740,REGULAR AIR,2009-10-02
SHP_5741,REGULAR AIR,2009-09-27
SHP_5742,REGULAR AIR,2009-03-28
SHP_5743,REGULAR AIR,2009-04-23
SHP_5744,REGULAR AIR,2012-03-28
SHP_5745,DELIVERY TRUCK,2012-03-27
SHP_5746,REGULAR AIR,2010-02-24
SHP_5747,EXPRESS AIR,2012-10-26
SHP_5748,DELIVERY TRUCK,2009-03-12
SHP_5749,REGULAR AIR,2010-01-31
SHP_5750,REGULAR AIR,2012-08-28
SHP_5751,REGULAR AIR,2009-09-15
SHP_5752,REGULAR AIR,2009-12-12
SHP_5753,EXPRESS AIR,2012-04-03
SHP_5754,REGULAR AIR,2011-09-03
SHP_5755,EXPRESS AIR,2009-04-23
SHP_5756,EXPRESS AIR,2012-05-03
SHP_5757,DELIVERY TRUCK,2010-02-06
SHP_5758,REGULAR AIR,2010-09-27
SHP_5759,DELIVERY TRUCK,2010-09-26
SHP_5760,REGULAR AIR,2009-01-25
SHP_5761,REGULAR AIR,2010-11-25
SHP_5762,REGULAR AIR,2010-11-26
SHP_5763,REGULAR AIR,2011-07-05
SHP_5764,DELIVERY TRUCK,2010-02-16
SHP_5765,REGULAR AIR,2010-02-15
SHP_5766,REGULAR AIR,2010-05-04
SHP_5767,DELIVERY TRUCK,2010-05-05
SHP_5768,REGULAR AIR,2010-04-04
SHP_5769,EXPRESS AIR,2009-03-12
SHP_5770,EXPRESS AIR,2009-10-11
SHP_5771,REGULAR AIR,2009-10-10
SHP_5772,EXPRESS AIR,2012-10-07
SHP_5773,REGULAR AIR,2012-10-06
SHP_5774,DELIVERY TRUCK,2012-10-06
SHP_5775,EXPRESS AIR,2012-10-26
SHP_5776,REGULAR AIR,2012-10-27
SHP_5777,REGULAR AIR,2009-01-07
SHP_5778,EXPRESS AIR,2011-04-21
SHP_5779,REGULAR AIR,2011-04-22
SHP_5780,REGULAR AIR,2009-01-07
SHP_5781,REGULAR AIR,2009-01-08
SHP_5782,REGULAR AIR,2012-05-25
SHP_5783,REGULAR AIR,2012-05-27
SHP_5784,REGULAR AIR,2010-02-06
SHP_5785,REGULAR AIR,2009-02-01
SHP_5786,REGULAR AIR,2009-01-31
SHP_5787,REGULAR AIR,2012-10-04
SHP_5788,REGULAR AIR,2012-08-28
SHP_5789,REGULAR AIR,2011-02-06
SHP_5790,REGULAR AIR,2009-03-04
SHP_5791,EXPRESS AIR,2009-03-02
SHP_5792,REGULAR AIR,2011-11-26
SHP_5793,EXPRESS AIR,2011-04-20
SHP_5794,DELIVERY TRUCK,2009-08-27
SHP_5795,DELIVERY TRUCK,2009-08-28
SHP_5796,REGULAR AIR,2011-09-21
SHP_5797,DELIVERY TRUCK,2009-11-01
SHP_5798,DELIVERY TRUCK,2010-10-22
SHP_5799,EXPRESS AIR,2009-05-11
SHP_5800,REGULAR AIR,2012-06-06
SHP_5801,REGULAR AIR,2009-04-26
SHP_5802,REGULAR AIR,2009-05-03
SHP_5803,REGULAR AIR,2012-04-09
SHP_5804,REGULAR AIR,2009-07-11
SHP_5805,REGULAR AIR,2009-07-12
SHP_5806,REGULAR AIR,2010-03-31
SHP_5807,REGULAR AIR,2010-02-27
SHP_5808,EXPRESS AIR,2010-02-28
SHP_5809,REGULAR AIR,2012-02-09
SHP_5810,REGULAR AIR,2009-11-13
SHP_5811,REGULAR AIR,2012-08-12
SHP_5812,REGULAR AIR,2012-08-11
SHP_5813,REGULAR AIR,2010-05-14
SHP_5814,DELIVERY TRUCK,2010-05-17
SHP_5815,DELIVERY TRUCK,2010-09-25
SHP_5816,REGULAR AIR,2010-09-23
SHP_5817,REGULAR AIR,2010-02-08
SHP_5818,EXPRESS AIR,2010-02-10
SHP_5819,REGULAR AIR,2009-03-26
SHP_5820,REGULAR AIR,2009-03-29
SHP_5821,REGULAR AIR,2012-08-03
SHP_5822,REGULAR AIR,2011-05-13
SHP_5823,REGULAR AIR,2011-05-14
SHP_5824,DELIVERY TRUCK,2009-12-30
SHP_5825,REGULAR AIR,2011-05-06
SHP_5826,REGULAR AIR,2011-05-07
SHP_5827,REGULAR AIR,2012-02-10
SHP_5828,REGULAR AIR,2011-09-01
SHP_5829,REGULAR AIR,2009-12-14
SHP_5830,REGULAR AIR,2010-05-30
SHP_5831,REGULAR AIR,2010-09-07
SHP_5832,REGULAR AIR,2010-09-08
SHP_5833,REGULAR AIR,2012-07-03
SHP_5834,EXPRESS AIR,2012-07-04
SHP_5835,REGULAR AIR,2009-06-16
SHP_5836,REGULAR AIR,2009-03-08
SHP_5837,REGULAR AIR,2012-06-07
SHP_5838,REGULAR AIR,2011-11-03
SHP_5839,REGULAR AIR,2012-12-17
SHP_5840,REGULAR AIR,2011-07-03
SHP_5841,REGULAR AIR,2011-07-05
SHP_5842,REGULAR AIR,2009-08-13
SHP_5843,REGULAR AIR,2012-11-27
SHP_5844,REGULAR AIR,2010-11-22
SHP_5845,REGULAR AIR,2009-01-08
SHP_5846,REGULAR AIR,2009-01-10
SHP_5847,EXPRESS AIR,2010-11-24
SHP_5848,REGULAR AIR,2010-09-24
SHP_5849,REGULAR AIR,2010-12-26
SHP_5850,REGULAR AIR,2012-06-23
SHP_5851,EXPRESS AIR,2012-08-05
SHP_5852,REGULAR AIR,2010-11-08
SHP_5853,REGULAR AIR,2010-11-05
SHP_5854,REGULAR AIR,2012-01-31
SHP_5855,REGULAR AIR,2011-10-02
SHP_5856,REGULAR AIR,2011-01-17
SHP_5857,REGULAR AIR,2010-12-26
SHP_5858,EXPRESS AIR,2011-06-22
SHP_5859,REGULAR AIR,2011-06-23
SHP_5860,REGULAR AIR,2011-06-24
SHP_5861,REGULAR AIR,2009-09-03
SHP_5862,REGULAR AIR,2011-07-29
SHP_5863,REGULAR AIR,2012-12-30
SHP_5864,REGULAR AIR,2010-03-09
SHP_5865,REGULAR AIR,2010-03-10
SHP_5866,REGULAR AIR,2010-03-11
SHP_5867,REGULAR AIR,2010-02-25
SHP_5868,EXPRESS AIR,2010-02-25
SHP_5869,DELIVERY TRUCK,2012-10-20
SHP_5870,REGULAR AIR,2012-10-20
SHP_5871,REGULAR AIR,2012-05-06
SHP_5872,REGULAR AIR,2009-05-05
SHP_5873,REGULAR AIR,2012-09-14
SHP_5874,EXPRESS AIR,2010-09-12
SHP_5875,REGULAR AIR,2010-09-11
SHP_5876,DELIVERY TRUCK,2009-06-12
SHP_5877,REGULAR AIR,2009-06-09
SHP_5878,REGULAR AIR,2011-09-10
SHP_5879,EXPRESS AIR,2011-09-06
SHP_5880,DELIVERY TRUCK,2009-10-21
SHP_5881,REGULAR AIR,2009-10-22
SHP_5882,REGULAR AIR,2011-12-19
SHP_5883,EXPRESS AIR,2011-12-20
SHP_5884,DELIVERY TRUCK,2011-12-20
SHP_5885,REGULAR AIR,2010-11-25
SHP_5886,REGULAR AIR,2012-08-14
SHP_5887,REGULAR AIR,2012-08-15
SHP_5888,REGULAR AIR,2012-04-15
SHP_5889,REGULAR AIR,2012-04-14
SHP_5890,REGULAR AIR,2010-05-03
SHP_5891,REGULAR AIR,2009-05-06
SHP_5892,REGULAR AIR,2011-09-25
SHP_5893,REGULAR AIR,2009-10-19
SHP_5894,REGULAR AIR,2010-10-23
SHP_5895,REGULAR AIR,2012-12-21
SHP_5896,REGULAR AIR,2012-12-22
SHP_5897,DELIVERY TRUCK,2012-09-17
SHP_5898,REGULAR AIR,2009-05-08
SHP_5899,REGULAR AIR,2009-07-02
SHP_5900,EXPRESS AIR,2009-08-08
SHP_5901,REGULAR AIR,2011-06-03
SHP_5902,REGULAR AIR,2010-06-19
SHP_5903,DELIVERY TRUCK,2012-09-16
SHP_5904,REGULAR AIR,2010-06-20
SHP_5905,REGULAR AIR,2009-10-25
SHP_5906,REGULAR AIR,2009-04-16
SHP_5907,DELIVERY TRUCK,2009-04-17
SHP_5908,REGULAR AIR,2011-09-13
SHP_5909,EXPRESS AIR,2011-04-26
SHP_5910,REGULAR AIR,2011-04-27
SHP_5911,REGULAR AIR,2012-06-19
SHP_5912,REGULAR AIR,2010-01-29
SHP_5913,REGULAR AIR,2009-03-27
SHP_5914,REGULAR AIR,2011-08-23
SHP_5915,REGULAR AIR,2012-08-03
SHP_5916,REGULAR AIR,2012-08-02
SHP_5917,EXPRESS AIR,2012-08-01
SHP_5918,REGULAR AIR,2012-08-21
SHP_5919,REGULAR AIR,2012-08-23
SHP_5920,REGULAR AIR,2012-08-22
SHP_5921,REGULAR AIR,2009-04-12
SHP_5922,REGULAR AIR,2009-04-14
SHP_5923,EXPRESS AIR,2009-05-14
SHP_5924,REGULAR AIR,2009-05-21
SHP_5925,REGULAR AIR,2009-02-06
SHP_5926,REGULAR AIR,2009-02-01
SHP_5927,REGULAR AIR,2011-02-19
SHP_5928,REGULAR AIR,2009-12-02
SHP_5929,DELIVERY TRUCK,2009-07-19
SHP_5930,REGULAR AIR,2009-07-19
SHP_5931,EXPRESS AIR,2009-09-11
SHP_5932,REGULAR AIR,2009-09-13
SHP_5933,REGULAR AIR,2012-02-20
SHP_5934,REGULAR AIR,2012-07-10
SHP_5935,REGULAR AIR,2012-07-09
SHP_5936,DELIVERY TRUCK,2012-07-10
SHP_5937,REGULAR AIR,2012-08-31
SHP_5938,REGULAR AIR,2010-04-15
SHP_5939,REGULAR AIR,2012-01-16
SHP_5940,REGULAR AIR,2012-01-17
SHP_5941,DELIVERY TRUCK,2012-10-29
SHP_5942,REGULAR AIR,2009-07-18
SHP_5943,REGULAR AIR,2012-10-28
SHP_5944,REGULAR AIR,2009-07-03
SHP_5945,REGULAR AIR,2010-08-12
SHP_5946,REGULAR AIR,2012-03-17
SHP_5947,REGULAR AIR,2012-03-16
SHP_5948,DELIVERY TRUCK,2010-05-27
SHP_5949,DELIVERY TRUCK,2009-11-25
SHP_5950,REGULAR AIR,2012-08-13
SHP_5951,REGULAR AIR,2012-09-03
SHP_5952,REGULAR AIR,2012-09-04
SHP_5953,EXPRESS AIR,2012-04-16
SHP_5954,REGULAR AIR,2011-12-08
SHP_5955,REGULAR AIR,2010-10-16
SHP_5956,DELIVERY TRUCK,2009-10-10
SHP_5957,REGULAR AIR,2010-09-29
SHP_5958,REGULAR AIR,2011-10-11
SHP_5959,REGULAR AIR,2010-07-04
SHP_5960,REGULAR AIR,2010-07-03
SHP_5961,DELIVERY TRUCK,2010-06-20
SHP_5962,REGULAR AIR,2011-08-15
SHP_5963,REGULAR AIR,2011-08-17
SHP_5964,DELIVERY TRUCK,2009-03-19
SHP_5965,REGULAR AIR,2011-06-25
SHP_5966,REGULAR AIR,2012-08-15
SHP_5967,REGULAR AIR,2009-08-06
SHP_5968,REGULAR AIR,2009-05-24
SHP_5969,REGULAR AIR,2010-09-05
SHP_5970,REGULAR AIR,2012-05-28
SHP_5971,REGULAR AIR,2012-05-27
SHP_5972,REGULAR AIR,2011-07-08
SHP_5973,DELIVERY TRUCK,2010-06-15
SHP_5974,REGULAR AIR,2010-06-12
SHP_5975,DELIVERY TRUCK,2010-06-13
SHP_5976,REGULAR AIR,2009-05-27
SHP_5977,REGULAR AIR,2012-12-27
SHP_5978,REGULAR AIR,2012-08-28
SHP_5979,REGULAR AIR,2011-06-27
SHP_5980,REGULAR AIR,2010-12-23
SHP_5981,REGULAR AIR,2011-09-10
SHP_5982,REGULAR AIR,2012-11-21
SHP_5983,REGULAR AIR,2009-02-07
SHP_5984,REGULAR AIR,2012-11-03
SHP_5985,REGULAR AIR,2010-05-30
SHP_5986,REGULAR AIR,2010-05-31
SHP_5987,REGULAR AIR,2009-12-10
SHP_5988,REGULAR AIR,2009-12-12
SHP_5989,REGULAR AIR,2009-12-07
SHP_5990,EXPRESS AIR,2011-11-20
SHP_5991,REGULAR AIR,2011-01-19
SHP_5992,REGULAR AIR,2012-01-01
SHP_5993,REGULAR AIR,2011-07-28
SHP_5994,REGULAR AIR,2011-07-27
SHP_5995,REGULAR AIR,2010-11-13
SHP_5996,DELIVERY TRUCK,2010-11-15
SHP_5997,REGULAR AIR,2010-11-15
SHP_5998,REGULAR AIR,2012-08-12
SHP_5999,DELIVERY TRUCK,2012-08-16
SHP_6000,REGULAR AIR,2012-06-11
SHP_6001,REGULAR AIR,2012-02-07
SHP_6002,REGULAR AIR,2012-02-09
SHP_6003,REGULAR AIR,2012-03-29
SHP_6004,REGULAR AIR,2012-02-18
SHP_6005,REGULAR AIR,2012-02-19
SHP_6006,REGULAR AIR,2011-11-08
SHP_6007,REGULAR AIR,2012-04-18
SHP_6008,REGULAR AIR,2011-05-26
SHP_6009,REGULAR AIR,2011-05-27
SHP_6010,REGULAR AIR,2012-01-03
SHP_6011,EXPRESS AIR,2010-10-07
SHP_6012,DELIVERY TRUCK,2010-03-19
SHP_6013,EXPRESS AIR,2010-05-25
SHP_6014,DELIVERY TRUCK,2009-10-19
SHP_6015,REGULAR AIR,2012-04-02
SHP_6016,REGULAR AIR,2011-06-29
SHP_6017,REGULAR AIR,2011-06-30
SHP_6018,DELIVERY TRUCK,2009-06-05
SHP_6019,REGULAR AIR,2009-02-15
SHP_6020,DELIVERY TRUCK,2011-04-22
SHP_6021,REGULAR AIR,2010-07-04
SHP_6022,REGULAR AIR,2012-05-19
SHP_6023,DELIVERY TRUCK,2009-03-20
SHP_6024,REGULAR AIR,2012-08-14
SHP_6025,REGULAR AIR,2012-03-30
SHP_6026,EXPRESS AIR,2011-05-08
SHP_6027,DELIVERY TRUCK,2010-11-27
SHP_6028,DELIVERY TRUCK,2011-11-03
SHP_6029,REGULAR AIR,2011-02-11
SHP_6030,REGULAR AIR,2010-12-01
SHP_6031,EXPRESS AIR,2010-07-30
SHP_6032,REGULAR AIR,2010-04-11
SHP_6033,REGULAR AIR,2012-11-13
SHP_6034,EXPRESS AIR,2009-05-27
SHP_6035,REGULAR AIR,2009-05-26
SHP_6036,REGULAR AIR,2009-05-27
SHP_6037,REGULAR AIR,2011-01-29
SHP_6038,REGULAR AIR,2010-08-24
SHP_6039,REGULAR AIR,2010-12-29
SHP_6040,REGULAR AIR,2009-06-18
SHP_6041,REGULAR AIR,2009-05-17
SHP_6042,REGULAR AIR,2011-04-01
SHP_6043,DELIVERY TRUCK,2009-02-06
SHP_6044,REGULAR AIR,2009-02-07
SHP_6045,REGULAR AIR,2011-08-22
SHP_6046,REGULAR AIR,2011-11-14
SHP_6047,REGULAR AIR,2012-10-04
SHP_6048,REGULAR AIR,2012-10-03
SHP_6049,REGULAR AIR,2012-06-22
SHP_6050,REGULAR AIR,2012-06-21
SHP_6051,DELIVERY TRUCK,2012-06-23
SHP_6052,REGULAR AIR,2009-12-22
SHP_6053,REGULAR AIR,2011-09-14
SHP_6054,EXPRESS AIR,2011-02-07
SHP_6055,REGULAR AIR,2011-02-07
SHP_6056,REGULAR AIR,2011-02-09
SHP_6057,DELIVERY TRUCK,2010-10-30
SHP_6058,REGULAR AIR,2010-10-31
SHP_6059,REGULAR AIR,2012-04-14
SHP_6060,REGULAR AIR,2010-09-05
SHP_6061,REGULAR AIR,2011-09-05
SHP_6062,REGULAR AIR,2010-06-05
SHP_6063,EXPRESS AIR,2011-09-13
SHP_6064,REGULAR AIR,2012-08-16
SHP_6065,REGULAR AIR,2010-05-26
SHP_6066,REGULAR AIR,2011-09-23
SHP_6067,EXPRESS AIR,2011-09-22
SHP_6068,EXPRESS AIR,2009-05-21
SHP_6069,REGULAR AIR,2009-04-18
SHP_6070,REGULAR AIR,2009-04-17
SHP_6071,EXPRESS AIR,2009-05-07
SHP_6072,REGULAR AIR,2010-03-03
SHP_6073,REGULAR AIR,2011-05-04
SHP_6074,REGULAR AIR,2011-11-08
SHP_6075,REGULAR AIR,2009-11-21
SHP_6076,REGULAR AIR,2010-02-12
SHP_6077,REGULAR AIR,2009-07-16
SHP_6078,REGULAR AIR,2011-07-19
SHP_6079,DELIVERY TRUCK,2012-11-25
SHP_6080,REGULAR AIR,2011-12-23
SHP_6081,REGULAR AIR,2011-03-17
SHP_6082,REGULAR AIR,2010-05-06
SHP_6083,REGULAR AIR,2009-07-10
SHP_6084,REGULAR AIR,2009-07-14
SHP_6085,EXPRESS AIR,2011-02-27
SHP_6086,REGULAR AIR,2011-03-16
SHP_6087,DELIVERY TRUCK,2011-01-13
SHP_6088,REGULAR AIR,2011-01-11
SHP_6089,REGULAR AIR,2012-03-04
SHP_6090,EXPRESS AIR,2012-03-05
SHP_6091,REGULAR AIR,2011-07-18
SHP_6092,REGULAR AIR,2012-09-05
SHP_6093,REGULAR AIR,2012-12-30
SHP_6094,REGULAR AIR,2012-04-08
SHP_6095,DELIVERY TRUCK,2012-12-15
SHP_6096,REGULAR AIR,2012-01-28
SHP_6097,DELIVERY TRUCK,2009-08-06
SHP_6098,REGULAR AIR,2009-11-16
SHP_6099,REGULAR AIR,2009-11-18
SHP_6100,REGULAR AIR,2010-03-30
SHP_6101,REGULAR AIR,2011-03-04
SHP_6102,REGULAR AIR,2010-12-02
SHP_6103,REGULAR AIR,2012-07-27
SHP_6104,REGULAR AIR,2012-07-29
SHP_6105,REGULAR AIR,2010-04-12
SHP_6106,REGULAR AIR,2010-04-14
SHP_6107,REGULAR AIR,2010-09-08
SHP_6108,REGULAR AIR,2011-09-17
SHP_6109,DELIVERY TRUCK,2011-09-15
SHP_6110,REGULAR AIR,2009-06-22
SHP_6111,REGULAR AIR,2009-06-19
SHP_6112,REGULAR AIR,2011-10-16
SHP_6113,REGULAR AIR,2011-10-15
SHP_6114,REGULAR AIR,2010-04-08
SHP_6115,EXPRESS AIR,2011-09-10
SHP_6116,EXPRESS AIR,2011-09-13
SHP_6117,REGULAR AIR,2010-07-19
SHP_6118,REGULAR AIR,2011-01-21
SHP_6119,REGULAR AIR,2011-05-21
SHP_6120,REGULAR AIR,2012-05-26
SHP_6121,REGULAR AIR,2010-09-28
SHP_6122,EXPRESS AIR,2011-08-06
SHP_6123,REGULAR AIR,2011-08-05
SHP_6124,REGULAR AIR,2009-05-27
SHP_6125,REGULAR AIR,2012-01-20
SHP_6126,DELIVERY TRUCK,2012-01-10
SHP_6127,REGULAR AIR,2009-01-26
SHP_6128,REGULAR AIR,2012-03-12
SHP_6129,REGULAR AIR,2011-04-27
SHP_6130,DELIVERY TRUCK,2011-04-22
SHP_6131,REGULAR AIR,2011-01-12
SHP_6132,DELIVERY TRUCK,2010-03-15
SHP_6133,REGULAR AIR,2010-11-21
SHP_6134,DELIVERY TRUCK,2010-03-06
SHP_6135,REGULAR AIR,2010-03-06
SHP_6136,REGULAR AIR,2009-06-05
SHP_6137,EXPRESS AIR,2009-09-21
SHP_6138,DELIVERY TRUCK,2009-01-16
SHP_6139,REGULAR AIR,2009-01-17
SHP_6140,EXPRESS AIR,2009-01-11
SHP_6141,REGULAR AIR,2010-11-20
SHP_6142,REGULAR AIR,2012-02-06
SHP_6143,EXPRESS AIR,2011-08-27
SHP_6144,REGULAR AIR,2009-05-21
SHP_6145,REGULAR AIR,2009-06-14
SHP_6146,REGULAR AIR,2010-11-12
SHP_6147,EXPRESS AIR,2009-07-25
SHP_6148,REGULAR AIR,2009-07-25
SHP_6149,REGULAR AIR,2011-12-09
SHP_6150,DELIVERY TRUCK,2010-08-31
SHP_6151,REGULAR AIR,2011-12-08
SHP_6152,REGULAR AIR,2011-12-06
SHP_6153,EXPRESS AIR,2011-01-24
SHP_6154,REGULAR AIR,2011-01-24
SHP_6155,REGULAR AIR,2009-09-08
SHP_6156,REGULAR AIR,2009-09-09
SHP_6157,REGULAR AIR,2010-02-19
SHP_6158,EXPRESS AIR,2010-11-17
SHP_6159,REGULAR AIR,2010-11-18
SHP_6160,REGULAR AIR,2009-05-06
SHP_6161,REGULAR AIR,2009-04-08
SHP_6162,REGULAR AIR,2009-07-12
SHP_6163,REGULAR AIR,2011-10-15
SHP_6164,REGULAR AIR,2012-12-26
SHP_6165,REGULAR AIR,2009-11-12
SHP_6166,REGULAR AIR,2010-09-30
SHP_6167,REGULAR AIR,2010-10-01
SHP_6168,REGULAR AIR,2009-08-31
SHP_6169,REGULAR AIR,2009-08-27
SHP_6170,REGULAR AIR,2009-09-03
SHP_6171,REGULAR AIR,2011-05-21
SHP_6172,REGULAR AIR,2012-08-13
SHP_6173,REGULAR AIR,2010-09-09
SHP_6174,DELIVERY TRUCK,2009-03-24
SHP_6175,REGULAR AIR,2009-04-10
SHP_6176,REGULAR AIR,2010-10-30
SHP_6177,REGULAR AIR,2009-09-06
SHP_6178,REGULAR AIR,2010-07-11
SHP_6179,DELIVERY TRUCK,2009-08-05
SHP_6180,REGULAR AIR,2009-08-05
SHP_6181,DELIVERY TRUCK,2009-06-03
SHP_6182,REGULAR AIR,2010-09-22
SHP_6183,REGULAR AIR,2009-09-29
SHP_6184,REGULAR AIR,2010-06-18
SHP_6185,REGULAR AIR,2011-02-07
SHP_6186,DELIVERY TRUCK,2011-12-15
SHP_6187,DELIVERY TRUCK,2011-02-21
SHP_6188,REGULAR AIR,2011-02-21
SHP_6189,REGULAR AIR,2010-12-21
SHP_6190,EXPRESS AIR,2010-12-26
SHP_6191,DELIVERY TRUCK,2009-11-21
SHP_6192,EXPRESS AIR,2010-01-12
SHP_6193,REGULAR AIR,2011-11-25
SHP_6194,REGULAR AIR,2010-06-26
SHP_6195,REGULAR AIR,2010-07-27
SHP_6196,REGULAR AIR,2012-02-12
SHP_6197,REGULAR AIR,2009-05-17
SHP_6198,REGULAR AIR,2009-05-18
SHP_6199,EXPRESS AIR,2009-05-15
SHP_6200,REGULAR AIR,2009-08-20
SHP_6201,EXPRESS AIR,2011-04-12
SHP_6202,REGULAR AIR,2011-04-11
SHP_6203,REGULAR AIR,2012-12-03
SHP_6204,REGULAR AIR,2012-12-02
SHP_6205,DELIVERY TRUCK,2009-01-18
SHP_6206,REGULAR AIR,2009-01-13
SHP_6207,REGULAR AIR,2012-02-26
SHP_6208,REGULAR AIR,2010-02-01
SHP_6209,REGULAR AIR,2012-03-08
SHP_6210,REGULAR AIR,2012-03-07
SHP_6211,REGULAR AIR,2010-05-17
SHP_6212,REGULAR AIR,2010-05-19
SHP_6213,REGULAR AIR,2009-08-02
SHP_6214,DELIVERY TRUCK,2011-02-17
SHP_6215,REGULAR AIR,2012-10-16
SHP_6216,REGULAR AIR,2012-05-12
SHP_6217,REGULAR AIR,2012-05-13
SHP_6218,REGULAR AIR,2010-09-26
SHP_6219,REGULAR AIR,2010-10-27
SHP_6220,DELIVERY TRUCK,2010-10-28
SHP_6221,REGULAR AIR,2009-11-10
SHP_6222,REGULAR AIR,2009-12-19
SHP_6223,EXPRESS AIR,2010-07-11
SHP_6224,DELIVERY TRUCK,2010-11-09
SHP_6225,EXPRESS AIR,2012-03-24
SHP_6226,REGULAR AIR,2012-03-25
SHP_6227,DELIVERY TRUCK,2009-10-04
SHP_6228,DELIVERY TRUCK,2009-12-15
SHP_6229,REGULAR AIR,2009-03-30
SHP_6230,EXPRESS AIR,2011-08-03
SHP_6231,REGULAR AIR,2011-02-23
SHP_6232,DELIVERY TRUCK,2011-02-23
SHP_6233,DELIVERY TRUCK,2010-05-11
SHP_6234,REGULAR AIR,2011-03-04
SHP_6235,REGULAR AIR,2012-10-08
SHP_6236,REGULAR AIR,2010-12-13
SHP_6237,REGULAR AIR,2010-12-20
SHP_6238,DELIVERY TRUCK,2012-02-13
SHP_6239,REGULAR AIR,2012-10-31
SHP_6240,REGULAR AIR,2010-09-02
SHP_6241,REGULAR AIR,2010-10-09
SHP_6242,REGULAR AIR,2012-03-16
SHP_6243,EXPRESS AIR,2012-03-17
SHP_6244,REGULAR AIR,2009-02-08
SHP_6245,REGULAR AIR,2009-04-30
SHP_6246,REGULAR AIR,2012-10-28
SHP_6247,REGULAR AIR,2012-05-22
SHP_6248,REGULAR AIR,2012-09-22
SHP_6249,REGULAR AIR,2012-01-14
SHP_6250,EXPRESS AIR,2009-04-24
SHP_6251,DELIVERY TRUCK,2009-09-05
SHP_6252,REGULAR AIR,2009-08-29
SHP_6253,REGULAR AIR,2012-05-30
SHP_6254,EXPRESS AIR,2012-05-21
SHP_6255,REGULAR AIR,2010-12-31
SHP_6256,REGULAR AIR,2011-01-02
SHP_6257,DELIVERY TRUCK,2009-02-13
SHP_6258,REGULAR AIR,2009-02-27
SHP_6259,REGULAR AIR,2012-08-07
SHP_6260,REGULAR AIR,2009-09-18
SHP_6261,REGULAR AIR,2011-12-20
SHP_6262,REGULAR AIR,2011-07-30
SHP_6263,REGULAR AIR,2011-08-04
SHP_6264,REGULAR AIR,2009-01-29
SHP_6265,REGULAR AIR,2009-01-30
SHP_6266,DELIVERY TRUCK,2012-11-05
SHP_6267,REGULAR AIR,2011-10-01
SHP_6268,REGULAR AIR,2011-09-30
SHP_6269,EXPRESS AIR,2010-04-12
SHP_6270,REGULAR AIR,2009-03-20
SHP_6271,DELIVERY TRUCK,2009-08-24
SHP_6272,REGULAR AIR,2010-11-15
SHP_6273,REGULAR AIR,2010-01-15
SHP_6274,DELIVERY TRUCK,2011-01-16
SHP_6275,REGULAR AIR,2011-01-10
SHP_6276,REGULAR AIR,2011-01-27
SHP_6277,REGULAR AIR,2010-03-28
SHP_6278,DELIVERY TRUCK,2012-08-24
SHP_6279,DELIVERY TRUCK,2010-05-24
SHP_6280,REGULAR AIR,2010-08-02
SHP_6281,DELIVERY TRUCK,2010-07-05
SHP_6282,REGULAR AIR,2010-07-06
SHP_6283,DELIVERY TRUCK,2012-12-10
SHP_6284,REGULAR AIR,2009-04-11
SHP_6285,REGULAR AIR,2010-08-14
SHP_6286,EXPRESS AIR,2009-07-14
SHP_6287,REGULAR AIR,2011-11-01
SHP_6288,DELIVERY TRUCK,2012-03-28
SHP_6289,EXPRESS AIR,2011-06-11
SHP_6290,REGULAR AIR,2012-11-14
SHP_6291,EXPRESS AIR,2009-05-17
SHP_6292,REGULAR AIR,2011-06-07
SHP_6293,REGULAR AIR,2011-02-22
SHP_6294,DELIVERY TRUCK,2011-02-21
SHP_6295,REGULAR AIR,2010-07-10
SHP_6296,REGULAR AIR,2010-07-09
SHP_6297,REGULAR AIR,2011-02-04
SHP_6298,REGULAR AIR,2011-02-03
SHP_6299,REGULAR AIR,2011-02-02
SHP_6300,REGULAR AIR,2011-01-31
SHP_6301,REGULAR AIR,2012-11-11
SHP_6302,EXPRESS AIR,2012-11-10
SHP_6303,DELIVERY TRUCK,2011-12-11
SHP_6304,DELIVERY TRUCK,2010-03-30
SHP_6305,EXPRESS AIR,2009-02-19
SHP_6306,REGULAR AIR,2009-05-28
SHP_6307,REGULAR AIR,2011-03-05
SHP_6308,DELIVERY TRUCK,2012-07-22
SHP_6309,DELIVERY TRUCK,2012-04-04
SHP_6310,REGULAR AIR,2012-04-04
SHP_6311,DELIVERY TRUCK,2012-04-29
SHP_6312,DELIVERY TRUCK,2010-04-03
SHP_6313,REGULAR AIR,2012-12-12
SHP_6314,REGULAR AIR,2011-12-11
SHP_6315,DELIVERY TRUCK,2011-12-12
SHP_6316,REGULAR AIR,2011-12-12
SHP_6317,REGULAR AIR,2011-05-01
SHP_6318,EXPRESS AIR,2010-10-20
SHP_6319,EXPRESS AIR,2010-06-26
SHP_6320,DELIVERY TRUCK,2010-06-28
SHP_6321,REGULAR AIR,2010-06-26
SHP_6322,REGULAR AIR,2012-01-14
SHP_6323,REGULAR AIR,2009-04-27
SHP_6324,EXPRESS AIR,2010-09-22
SHP_6325,REGULAR AIR,2011-07-07
SHP_6326,DELIVERY TRUCK,2010-04-02
SHP_6327,REGULAR AIR,2012-07-04
SHP_6328,REGULAR AIR,2011-04-20
SHP_6329,REGULAR AIR,2011-01-19
SHP_6330,REGULAR AIR,2010-12-30
SHP_6331,REGULAR AIR,2010-11-21
SHP_6332,REGULAR AIR,2010-11-19
SHP_6333,REGULAR AIR,2012-10-29
SHP_6334,REGULAR AIR,2009-01-08
SHP_6335,REGULAR AIR,2012-12-12
SHP_6336,EXPRESS AIR,2011-05-07
SHP_6337,REGULAR AIR,2009-08-30
SHP_6338,DELIVERY TRUCK,2010-11-07
SHP_6339,REGULAR AIR,2010-07-27
SHP_6340,REGULAR AIR,2009-07-17
SHP_6341,REGULAR AIR,2009-02-14
SHP_6342,REGULAR AIR,2009-02-09
SHP_6343,REGULAR AIR,2009-07-12
SHP_6344,EXPRESS AIR,2009-07-14
SHP_6345,REGULAR AIR,2009-10-31
SHP_6346,EXPRESS AIR,2011-03-15
SHP_6347,DELIVERY TRUCK,2010-01-20
SHP_6348,REGULAR AIR,2012-03-07
SHP_6349,DELIVERY TRUCK,2009-12-18
SHP_6350,REGULAR AIR,2010-05-27
SHP_6351,REGULAR AIR,2011-12-20
SHP_6352,REGULAR AIR,2009-05-27
SHP_6353,REGULAR AIR,2012-10-04
SHP_6354,REGULAR AIR,2012-10-03
SHP_6355,REGULAR AIR,2012-09-03
SHP_6356,REGULAR AIR,2010-06-10
SHP_6357,REGULAR AIR,2012-06-23
SHP_6358,REGULAR AIR,2012-09-16
SHP_6359,REGULAR AIR,2012-11-26
SHP_6360,REGULAR AIR,2012-06-13
SHP_6361,DELIVERY TRUCK,2012-11-03
SHP_6362,EXPRESS AIR,2011-11-29
SHP_6363,REGULAR AIR,2011-11-30
SHP_6364,REGULAR AIR,2011-12-11
SHP_6365,REGULAR AIR,2011-12-12
SHP_6366,REGULAR AIR,2010-11-01
SHP_6367,REGULAR AIR,2009-10-02
SHP_6368,REGULAR AIR,2010-04-08
SHP_6369,REGULAR AIR,2011-05-21
SHP_6370,REGULAR AIR,2011-05-22
SHP_6371,EXPRESS AIR,2011-05-21
SHP_6372,REGULAR AIR,2011-09-12
SHP_6373,REGULAR AIR,2011-10-20
SHP_6374,REGULAR AIR,2010-02-03
SHP_6375,DELIVERY TRUCK,2011-03-12
SHP_6376,REGULAR AIR,2010-03-11
SHP_6377,REGULAR AIR,2011-09-21
SHP_6378,REGULAR AIR,2010-08-04
SHP_6379,DELIVERY TRUCK,2010-09-24
SHP_6380,DELIVERY TRUCK,2011-07-09
SHP_6381,REGULAR AIR,2010-04-09
SHP_6382,REGULAR AIR,2012-01-27
SHP_6383,REGULAR AIR,2012-12-20
SHP_6384,REGULAR AIR,2009-04-01
SHP_6385,REGULAR AIR,2012-06-30
SHP_6386,REGULAR AIR,2012-01-12
SHP_6387,REGULAR AIR,2010-04-28
SHP_6388,REGULAR AIR,2011-10-05
SHP_6389,EXPRESS AIR,2011-04-01
SHP_6390,EXPRESS AIR,2010-09-25
SHP_6391,REGULAR AIR,2010-09-26
SHP_6392,REGULAR AIR,2009-07-10
SHP_6393,REGULAR AIR,2012-01-17
SHP_6394,REGULAR AIR,2012-01-16
SHP_6395,REGULAR AIR,2012-06-01
SHP_6396,DELIVERY TRUCK,2009-04-12
SHP_6397,EXPRESS AIR,2012-12-28
SHP_6398,DELIVERY TRUCK,2012-03-30
SHP_6399,REGULAR AIR,2012-10-04
SHP_6400,EXPRESS AIR,2012-10-04
SHP_6401,REGULAR AIR,2009-05-10
SHP_6402,DELIVERY TRUCK,2011-05-03
SHP_6403,REGULAR AIR,2010-06-22
SHP_6404,REGULAR AIR,2010-07-07
SHP_6405,REGULAR AIR,2011-09-28
SHP_6406,REGULAR AIR,2011-09-26
SHP_6407,REGULAR AIR,2011-10-03
SHP_6408,REGULAR AIR,2011-06-29
SHP_6409,DELIVERY TRUCK,2011-06-28
SHP_6410,REGULAR AIR,2010-06-06
SHP_6411,REGULAR AIR,2010-06-07
SHP_6412,REGULAR AIR,2009-09-24
SHP_6413,REGULAR AIR,2009-09-19
SHP_6414,REGULAR AIR,2009-01-10
SHP_6415,REGULAR AIR,2009-01-09
SHP_6416,REGULAR AIR,2010-05-05
SHP_6417,REGULAR AIR,2011-07-03
SHP_6418,DELIVERY TRUCK,2011-07-04
SHP_6419,REGULAR AIR,2009-11-05
SHP_6420,REGULAR AIR,2009-11-06
SHP_6421,DELIVERY TRUCK,2012-03-05
SHP_6422,REGULAR AIR,2012-03-05
SHP_6423,REGULAR AIR,2010-01-13
SHP_6424,REGULAR AIR,2009-02-17
SHP_6425,REGULAR AIR,2009-02-16
SHP_6426,EXPRESS AIR,2011-11-13
SHP_6427,REGULAR AIR,2011-11-14
SHP_6428,REGULAR AIR,2012-06-21
SHP_6429,DELIVERY TRUCK,2012-06-20
SHP_6430,REGULAR AIR,2009-05-13
SHP_6431,REGULAR AIR,2009-05-12
SHP_6432,REGULAR AIR,2009-05-11
SHP_6433,DELIVERY TRUCK,2012-08-07
SHP_6434,REGULAR AIR,2012-08-04
SHP_6435,REGULAR AIR,2011-08-20
SHP_6436,REGULAR AIR,2009-05-09
SHP_6437,EXPRESS AIR,2012-09-03
SHP_6438,REGULAR AIR,2009-01-11
SHP_6439,DELIVERY TRUCK,2012-10-20
SHP_6440,REGULAR AIR,2011-10-26
SHP_6441,REGULAR AIR,2011-02-13
SHP_6442,EXPRESS AIR,2011-02-12
SHP_6443,DELIVERY TRUCK,2012-03-30
SHP_6444,REGULAR AIR,2012-09-29
SHP_6445,EXPRESS AIR,2010-12-18
SHP_6446,REGULAR AIR,2010-08-04
SHP_6447,EXPRESS AIR,2010-08-04
SHP_6448,EXPRESS AIR,2009-04-07
SHP_6449,REGULAR AIR,2009-04-07
SHP_6450,REGULAR AIR,2011-11-11
SHP_6451,REGULAR AIR,2011-01-19
SHP_6452,REGULAR AIR,2012-03-28
SHP_6453,DELIVERY TRUCK,2012-11-19
SHP_6454,REGULAR AIR,2012-11-18
SHP_6455,REGULAR AIR,2012-03-05
SHP_6456,EXPRESS AIR,2009-12-19
SHP_6457,EXPRESS AIR,2009-07-06
SHP_6458,EXPRESS AIR,2012-11-29
SHP_6459,REGULAR AIR,2011-08-08
SHP_6460,DELIVERY TRUCK,2011-12-27
SHP_6461,REGULAR AIR,2011-12-27
SHP_6462,REGULAR AIR,2009-07-01
SHP_6463,REGULAR AIR,2009-07-03
SHP_6464,REGULAR AIR,2012-06-08
SHP_6465,EXPRESS AIR,2012-06-06
SHP_6466,REGULAR AIR,2010-03-01
SHP_6467,EXPRESS AIR,2009-09-07
SHP_6468,REGULAR AIR,2009-09-07
SHP_6469,REGULAR AIR,2010-01-15
SHP_6470,REGULAR AIR,2009-10-05
SHP_6471,REGULAR AIR,2011-06-05
SHP_6472,EXPRESS AIR,2011-06-05
SHP_6473,REGULAR AIR,2011-06-08
SHP_6474,DELIVERY TRUCK,2009-01-02
SHP_6475,DELIVERY TRUCK,2009-01-04
SHP_6476,REGULAR AIR,2009-01-09
SHP_6477,EXPRESS AIR,2010-02-23
SHP_6478,REGULAR AIR,2010-02-24
SHP_6479,REGULAR AIR,2010-01-08
SHP_6480,EXPRESS AIR,2009-08-18
SHP_6481,REGULAR AIR,2010-11-06
SHP_6482,DELIVERY TRUCK,2010-12-03
SHP_6483,REGULAR AIR,2009-12-02
SHP_6484,REGULAR AIR,2010-05-29
SHP_6485,DELIVERY TRUCK,2010-05-01
SHP_6486,REGULAR AIR,2009-09-06
SHP_6487,REGULAR AIR,2011-06-06
SHP_6488,EXPRESS AIR,2011-06-06
SHP_6489,EXPRESS AIR,2011-10-26
SHP_6490,REGULAR AIR,2011-10-28
SHP_6491,REGULAR AIR,2009-06-26
SHP_6492,REGULAR AIR,2011-07-14
SHP_6493,REGULAR AIR,2011-07-17
SHP_6494,REGULAR AIR,2011-12-19
SHP_6495,EXPRESS AIR,2009-10-20
SHP_6496,REGULAR AIR,2009-10-21
SHP_6497,EXPRESS AIR,2012-10-01
SHP_6498,REGULAR AIR,2012-09-09
SHP_6499,REGULAR AIR,2012-09-06
SHP_6500,REGULAR AIR,2010-01-03
SHP_6501,REGULAR AIR,2010-04-05
SHP_6502,REGULAR AIR,2010-04-06
SHP_6503,REGULAR AIR,2010-09-07
SHP_6504,DELIVERY TRUCK,2010-04-22
SHP_6505,REGULAR AIR,2010-04-24
SHP_6506,DELIVERY TRUCK,2010-04-20
SHP_6507,REGULAR AIR,2011-01-12
SHP_6508,REGULAR AIR,2009-12-27
SHP_6509,REGULAR AIR,2009-12-28
SHP_6510,REGULAR AIR,2009-05-03
SHP_6511,REGULAR AIR,2009-05-04
SHP_6512,EXPRESS AIR,2009-05-25
SHP_6513,REGULAR AIR,2011-09-04
SHP_6514,REGULAR AIR,2011-09-05
SHP_6515,REGULAR AIR,2011-04-18
SHP_6516,EXPRESS AIR,2011-12-18
SHP_6517,EXPRESS AIR,2011-12-19
SHP_6518,REGULAR AIR,2011-12-19
SHP_6519,REGULAR AIR,2009-09-23
SHP_6520,DELIVERY TRUCK,2009-09-25
SHP_6521,EXPRESS AIR,2011-05-05
SHP_6522,REGULAR AIR,2011-05-04
SHP_6523,REGULAR AIR,2010-09-22
SHP_6524,DELIVERY TRUCK,2012-07-23
SHP_6525,REGULAR AIR,2012-07-22
SHP_6526,REGULAR AIR,2009-03-09
SHP_6527,EXPRESS AIR,2009-03-04
SHP_6528,REGULAR AIR,2009-02-28
SHP_6529,REGULAR AIR,2012-09-16
SHP_6530,REGULAR AIR,2011-10-23
SHP_6531,REGULAR AIR,2009-11-04
SHP_6532,DELIVERY TRUCK,2009-08-16
SHP_6533,REGULAR AIR,2009-08-15
SHP_6534,REGULAR AIR,2010-10-14
SHP_6535,EXPRESS AIR,2010-10-16
SHP_6536,REGULAR AIR,2010-10-16
SHP_6537,REGULAR AIR,2010-10-15
SHP_6538,EXPRESS AIR,2010-08-12
SHP_6539,DELIVERY TRUCK,2010-01-13
SHP_6540,REGULAR AIR,2010-06-02
SHP_6541,REGULAR AIR,2010-05-28
SHP_6542,EXPRESS AIR,2011-10-07
SHP_6543,REGULAR AIR,2012-10-09
SHP_6544,REGULAR AIR,2012-10-11
SHP_6545,REGULAR AIR,2012-04-16
SHP_6546,DELIVERY TRUCK,2010-05-20
SHP_6547,REGULAR AIR,2010-05-17
SHP_6548,DELIVERY TRUCK,2011-05-13
SHP_6549,REGULAR AIR,2012-01-04
SHP_6550,REGULAR AIR,2012-08-29
SHP_6551,REGULAR AIR,2011-01-10
SHP_6552,REGULAR AIR,2012-06-14
SHP_6553,REGULAR AIR,2010-10-31
SHP_6554,REGULAR AIR,2009-02-27
SHP_6555,REGULAR AIR,2009-09-17
SHP_6556,REGULAR AIR,2012-10-05
SHP_6557,REGULAR AIR,2011-11-21
SHP_6558,EXPRESS AIR,2009-01-04
SHP_6559,REGULAR AIR,2009-01-02
SHP_6560,REGULAR AIR,2012-03-14
SHP_6561,REGULAR AIR,2010-01-07
SHP_6562,EXPRESS AIR,2012-03-25
SHP_6563,DELIVERY TRUCK,2012-03-25
SHP_6564,DELIVERY TRUCK,2012-03-24
SHP_6565,REGULAR AIR,2012-03-26
SHP_6566,DELIVERY TRUCK,2012-08-09
SHP_6567,REGULAR AIR,2009-04-24
SHP_6568,REGULAR AIR,2012-01-23
SHP_6569,REGULAR AIR,2012-06-04
SHP_6570,REGULAR AIR,2012-06-05
SHP_6571,REGULAR AIR,2009-09-12
SHP_6572,DELIVERY TRUCK,2009-04-10
SHP_6573,REGULAR AIR,2010-04-12
SHP_6574,EXPRESS AIR,2010-04-15
SHP_6575,DELIVERY TRUCK,2010-07-27
SHP_6576,REGULAR AIR,2012-04-21
SHP_6577,EXPRESS AIR,2009-05-01
SHP_6578,EXPRESS AIR,2009-05-02
SHP_6579,DELIVERY TRUCK,2010-04-15
SHP_6580,REGULAR AIR,2010-04-13
SHP_6581,REGULAR AIR,2010-04-15
SHP_6582,EXPRESS AIR,2009-08-04
SHP_6583,REGULAR AIR,2009-08-04
SHP_6584,DELIVERY TRUCK,2010-04-12
SHP_6585,REGULAR AIR,2012-06-10
SHP_6586,REGULAR AIR,2011-06-19
SHP_6587,REGULAR AIR,2010-07-26
SHP_6588,REGULAR AIR,2009-11-10
SHP_6589,REGULAR AIR,2009-03-28
SHP_6590,REGULAR AIR,2009-06-08
SHP_6591,REGULAR AIR,2009-06-09
SHP_6592,REGULAR AIR,2012-03-13
SHP_6593,REGULAR AIR,2011-12-31
SHP_6594,REGULAR AIR,2012-06-26
SHP_6595,REGULAR AIR,2010-07-05
SHP_6596,REGULAR AIR,2009-02-21
SHP_6597,EXPRESS AIR,2009-12-29
SHP_6598,REGULAR AIR,2009-06-08
SHP_6599,REGULAR AIR,2012-10-24
SHP_6600,DELIVERY TRUCK,2011-05-23
SHP_6601,REGULAR AIR,2010-07-29
SHP_6602,REGULAR AIR,2010-07-28
SHP_6603,REGULAR AIR,2010-09-08
SHP_6604,REGULAR AIR,2009-06-14
SHP_6605,REGULAR AIR,2009-06-13
SHP_6606,REGULAR AIR,2009-08-31
SHP_6607,DELIVERY TRUCK,2009-08-30
SHP_6608,REGULAR AIR,2009-08-30
SHP_6609,REGULAR AIR,2012-01-12
SHP_6610,REGULAR AIR,2009-08-16
SHP_6611,EXPRESS AIR,2010-10-13
SHP_6612,DELIVERY TRUCK,2009-12-17
SHP_6613,DELIVERY TRUCK,2011-07-24
SHP_6614,REGULAR AIR,2012-04-10
SHP_6615,REGULAR AIR,2010-05-26
SHP_6616,REGULAR AIR,2012-03-05
SHP_6617,REGULAR AIR,2012-12-17
SHP_6618,EXPRESS AIR,2009-10-13
SHP_6619,REGULAR AIR,2011-08-04
SHP_6620,EXPRESS AIR,2011-08-03
SHP_6621,REGULAR AIR,2011-12-06
SHP_6622,REGULAR AIR,2012-12-26
SHP_6623,REGULAR AIR,2011-08-30
SHP_6624,DELIVERY TRUCK,2010-05-05
SHP_6625,DELIVERY TRUCK,2009-02-16
SHP_6626,REGULAR AIR,2010-01-09
SHP_6627,REGULAR AIR,2011-03-12
SHP_6628,REGULAR AIR,2010-01-23
SHP_6629,EXPRESS AIR,2009-04-17
SHP_6630,DELIVERY TRUCK,2009-04-18
SHP_6631,REGULAR AIR,2012-05-14
SHP_6632,REGULAR AIR,2009-10-27
SHP_6633,DELIVERY TRUCK,2009-10-26
SHP_6634,REGULAR AIR,2009-10-25
SHP_6635,REGULAR AIR,2009-10-26
SHP_6636,DELIVERY TRUCK,2012-12-30
SHP_6637,EXPRESS AIR,2012-12-30
SHP_6638,EXPRESS AIR,2012-06-11
SHP_6639,REGULAR AIR,2010-06-08
SHP_6640,REGULAR AIR,2010-06-23
SHP_6641,DELIVERY TRUCK,2012-05-08
SHP_6642,REGULAR AIR,2010-02-24
SHP_6643,REGULAR AIR,2012-03-05
SHP_6644,REGULAR AIR,2012-03-03
SHP_6645,REGULAR AIR,2011-07-08
SHP_6646,REGULAR AIR,2011-09-04
SHP_6647,REGULAR AIR,2011-09-07
SHP_6648,DELIVERY TRUCK,2012-02-25
SHP_6649,REGULAR AIR,2012-02-18
SHP_6650,REGULAR AIR,2010-01-31
SHP_6651,REGULAR AIR,2010-02-01
SHP_6652,DELIVERY TRUCK,2010-10-04
SHP_6653,REGULAR AIR,2011-04-13
SHP_6654,REGULAR AIR,2011-04-12
SHP_6655,DELIVERY TRUCK,2010-09-11
SHP_6656,REGULAR AIR,2012-08-30
SHP_6657,REGULAR AIR,2011-11-04
SHP_6658,REGULAR AIR,2010-03-24
SHP_6659,REGULAR AIR,2011-10-29
SHP_6660,REGULAR AIR,2010-02-26
SHP_6661,REGULAR AIR,2010-09-27
SHP_6662,REGULAR AIR,2012-03-17
SHP_6663,REGULAR AIR,2012-07-20
SHP_6664,REGULAR AIR,2012-06-02
SHP_6665,DELIVERY TRUCK,2012-09-08
SHP_6666,REGULAR AIR,2012-10-24
SHP_6667,REGULAR AIR,2011-10-23
SHP_6668,REGULAR AIR,2010-04-17
SHP_6669,REGULAR AIR,2010-10-20
SHP_6670,REGULAR AIR,2010-10-23
SHP_6671,REGULAR AIR,2012-03-21
SHP_6672,EXPRESS AIR,2010-12-08
SHP_6673,REGULAR AIR,2010-03-05
SHP_6674,REGULAR AIR,2010-03-07
SHP_6675,REGULAR AIR,2010-12-14
SHP_6676,REGULAR AIR,2012-08-05
SHP_6677,REGULAR AIR,2011-07-14
SHP_6678,REGULAR AIR,2011-07-15
SHP_6679,REGULAR AIR,2009-04-14
SHP_6680,REGULAR AIR,2009-04-12
SHP_6681,DELIVERY TRUCK,2009-04-14
SHP_6682,REGULAR AIR,2010-04-11
SHP_6683,REGULAR AIR,2009-08-12
SHP_6684,EXPRESS AIR,2012-06-27
SHP_6685,REGULAR AIR,2012-06-26
SHP_6686,REGULAR AIR,2009-11-17
SHP_6687,REGULAR AIR,2009-11-19
SHP_6688,REGULAR AIR,2011-10-01
SHP_6689,REGULAR AIR,2011-10-03
SHP_6690,REGULAR AIR,2011-12-01
SHP_6691,DELIVERY TRUCK,2011-04-27
SHP_6692,DELIVERY TRUCK,2012-02-29
SHP_6693,REGULAR AIR,2012-03-03
SHP_6694,DELIVERY TRUCK,2009-02-15
SHP_6695,REGULAR AIR,2009-02-19
SHP_6696,REGULAR AIR,2011-11-22
SHP_6697,REGULAR AIR,2012-10-26
SHP_6698,REGULAR AIR,2012-10-18
SHP_6699,REGULAR AIR,2012-10-20
SHP_6700,REGULAR AIR,2012-05-30
SHP_6701,REGULAR AIR,2011-12-10
SHP_6702,REGULAR AIR,2010-07-25
SHP_6703,REGULAR AIR,2010-05-28
SHP_6704,REGULAR AIR,2010-05-29
SHP_6705,REGULAR AIR,2009-10-17
SHP_6706,REGULAR AIR,2010-01-12
SHP_6707,REGULAR AIR,2011-05-26
SHP_6708,REGULAR AIR,2009-08-08
SHP_6709,REGULAR AIR,2009-08-07
SHP_6710,REGULAR AIR,2011-05-15
SHP_6711,DELIVERY TRUCK,2009-03-17
SHP_6712,REGULAR AIR,2009-03-18
SHP_6713,EXPRESS AIR,2011-02-07
SHP_6714,REGULAR AIR,2010-08-09
SHP_6715,REGULAR AIR,2009-09-18
SHP_6716,REGULAR AIR,2011-07-14
SHP_6717,REGULAR AIR,2010-12-17
SHP_6718,REGULAR AIR,2012-08-19
SHP_6719,REGULAR AIR,2012-08-21
SHP_6720,REGULAR AIR,2011-09-06
SHP_6721,REGULAR AIR,2009-04-11
SHP_6722,REGULAR AIR,2012-08-31
SHP_6723,DELIVERY TRUCK,2012-08-30
SHP_6724,REGULAR AIR,2010-05-13
SHP_6725,REGULAR AIR,2010-05-12
SHP_6726,DELIVERY TRUCK,2011-07-02
SHP_6727,REGULAR AIR,2011-07-03
SHP_6728,DELIVERY TRUCK,2011-07-03
SHP_6729,REGULAR AIR,2010-10-31
SHP_6730,DELIVERY TRUCK,2010-12-21
SHP_6731,REGULAR AIR,2009-05-02
SHP_6732,REGULAR AIR,2010-11-13
SHP_6733,REGULAR AIR,2010-11-14
SHP_6734,EXPRESS AIR,2009-06-13
SHP_6735,EXPRESS AIR,2012-12-13
SHP_6736,REGULAR AIR,2012-12-13
SHP_6737,REGULAR AIR,2011-06-22
SHP_6738,REGULAR AIR,2011-06-23
SHP_6739,REGULAR AIR,2010-12-17
SHP_6740,EXPRESS AIR,2011-06-02
SHP_6741,REGULAR AIR,2011-06-02
SHP_6742,REGULAR AIR,2012-10-09
SHP_6743,DELIVERY TRUCK,2009-05-23
SHP_6744,DELIVERY TRUCK,2011-08-15
SHP_6745,DELIVERY TRUCK,2010-01-27
SHP_6746,REGULAR AIR,2010-01-26
SHP_6747,REGULAR AIR,2011-05-02
SHP_6748,REGULAR AIR,2010-07-17
SHP_6749,REGULAR AIR,2010-07-16
SHP_6750,DELIVERY TRUCK,2011-12-14
SHP_6751,REGULAR AIR,2011-12-15
SHP_6752,EXPRESS AIR,2011-12-15
SHP_6753,REGULAR AIR,2009-08-19
SHP_6754,DELIVERY TRUCK,2009-08-20
SHP_6755,EXPRESS AIR,2009-08-19
SHP_6756,REGULAR AIR,2009-08-20
SHP_6757,EXPRESS AIR,2009-10-31
SHP_6758,REGULAR AIR,2009-10-31
SHP_6759,REGULAR AIR,2009-10-30
SHP_6760,REGULAR AIR,2012-08-20
SHP_6761,EXPRESS AIR,2012-08-19
SHP_6762,REGULAR AIR,2010-05-30
SHP_6763,REGULAR AIR,2012-02-19
SHP_6764,REGULAR AIR,2011-05-21
SHP_6765,REGULAR AIR,2012-07-07
SHP_6766,REGULAR AIR,2009-10-24
SHP_6767,REGULAR AIR,2012-04-18
SHP_6768,REGULAR AIR,2012-04-22
SHP_6769,EXPRESS AIR,2009-09-15
SHP_6770,DELIVERY TRUCK,2009-09-15
SHP_6771,REGULAR AIR,2009-09-15
SHP_6772,DELIVERY TRUCK,2009-12-11
SHP_6773,DELIVERY TRUCK,2009-11-07
SHP_6774,REGULAR AIR,2012-12-30
SHP_6775,EXPRESS AIR,2011-07-15
SHP_6776,REGULAR AIR,2010-06-10
SHP_6777,DELIVERY TRUCK,2009-02-22
SHP_6778,REGULAR AIR,2010-12-10
SHP_6779,DELIVERY TRUCK,2009-01-14
SHP_6780,REGULAR AIR,2009-01-16
SHP_6781,REGULAR AIR,2012-06-09
SHP_6782,REGULAR AIR,2012-06-10
SHP_6783,REGULAR AIR,2012-03-25
SHP_6784,DELIVERY TRUCK,2009-03-25
SHP_6785,REGULAR AIR,2012-03-26
SHP_6786,REGULAR AIR,2011-06-11
SHP_6787,REGULAR AIR,2011-06-10
SHP_6788,REGULAR AIR,2010-02-02
SHP_6789,REGULAR AIR,2010-01-25
SHP_6790,REGULAR AIR,2010-09-14
SHP_6791,REGULAR AIR,2010-09-15
SHP_6792,DELIVERY TRUCK,2011-08-26
SHP_6793,REGULAR AIR,2011-08-26
SHP_6794,REGULAR AIR,2010-05-08
SHP_6795,REGULAR AIR,2012-01-12
SHP_6796,REGULAR AIR,2012-01-10
SHP_6797,REGULAR AIR,2010-02-01
SHP_6798,REGULAR AIR,2009-07-26
SHP_6799,EXPRESS AIR,2009-05-09
SHP_6800,REGULAR AIR,2012-05-20
SHP_6801,REGULAR AIR,2010-09-05
SHP_6802,REGULAR AIR,2010-09-20
SHP_6803,EXPRESS AIR,2010-08-09
SHP_6804,REGULAR AIR,2010-08-08
SHP_6805,REGULAR AIR,2009-01-24
SHP_6806,REGULAR AIR,2010-02-15
SHP_6807,REGULAR AIR,2010-02-18
SHP_6808,REGULAR AIR,2010-07-29
SHP_6809,REGULAR AIR,2011-04-01
SHP_6810,REGULAR AIR,2009-02-05
SHP_6811,REGULAR AIR,2009-03-31
SHP_6812,REGULAR AIR,2009-04-01
SHP_6813,REGULAR AIR,2009-09-26
SHP_6814,REGULAR AIR,2012-06-30
SHP_6815,REGULAR AIR,2012-12-05
SHP_6816,DELIVERY TRUCK,2012-12-09
SHP_6817,REGULAR AIR,2012-08-20
SHP_6818,EXPRESS AIR,2012-01-24
SHP_6819,REGULAR AIR,2011-06-28
SHP_6820,REGULAR AIR,2009-11-06
SHP_6821,REGULAR AIR,2009-11-10
SHP_6822,REGULAR AIR,2009-07-09
SHP_6823,REGULAR AIR,2009-07-05
SHP_6824,REGULAR AIR,2011-09-04
SHP_6825,EXPRESS AIR,2010-10-09
SHP_6826,REGULAR AIR,2011-02-06
SHP_6827,REGULAR AIR,2009-09-25
SHP_6828,REGULAR AIR,2011-07-03
SHP_6829,REGULAR AIR,2009-05-15
SHP_6830,REGULAR AIR,2010-08-26
SHP_6831,REGULAR AIR,2010-08-21
SHP_6832,REGULAR AIR,2012-02-07
SHP_6833,REGULAR AIR,2010-03-22
SHP_6834,REGULAR AIR,2012-09-20
SHP_6835,EXPRESS AIR,2012-02-05
SHP_6836,DELIVERY TRUCK,2009-07-06
SHP_6837,EXPRESS AIR,2012-12-18
SHP_6838,DELIVERY TRUCK,2010-01-19
SHP_6839,REGULAR AIR,2010-01-20
SHP_6840,REGULAR AIR,2011-11-13
SHP_6841,REGULAR AIR,2011-11-14
SHP_6842,REGULAR AIR,2011-06-14
SHP_6843,REGULAR AIR,2010-01-15
SHP_6844,REGULAR AIR,2012-09-27
SHP_6845,REGULAR AIR,2011-04-02
SHP_6846,REGULAR AIR,2012-02-19
SHP_6847,EXPRESS AIR,2011-04-05
SHP_6848,REGULAR AIR,2011-04-06
SHP_6849,REGULAR AIR,2009-12-21
SHP_6850,REGULAR AIR,2012-02-13
SHP_6851,REGULAR AIR,2012-02-15
SHP_6852,REGULAR AIR,2010-02-05
SHP_6853,REGULAR AIR,2010-07-16
SHP_6854,REGULAR AIR,2011-02-06
SHP_6855,REGULAR AIR,2011-05-21
SHP_6856,REGULAR AIR,2009-06-22
SHP_6857,REGULAR AIR,2012-02-22
SHP_6858,REGULAR AIR,2011-11-23
SHP_6859,REGULAR AIR,2011-11-18
SHP_6860,REGULAR AIR,2011-11-20
SHP_6861,REGULAR AIR,2010-07-05
SHP_6862,REGULAR AIR,2010-07-06
SHP_6863,DELIVERY TRUCK,2011-05-07
SHP_6864,REGULAR AIR,2012-10-08
SHP_6865,REGULAR AIR,2012-10-09
SHP_6866,REGULAR AIR,2012-01-20
SHP_6867,REGULAR AIR,2011-04-27
SHP_6868,EXPRESS AIR,2011-01-04
SHP_6869,REGULAR AIR,2011-09-15
SHP_6870,REGULAR AIR,2009-12-26
SHP_6871,EXPRESS AIR,2009-04-20
SHP_6872,DELIVERY TRUCK,2009-04-21
SHP_6873,REGULAR AIR,2012-09-14
SHP_6874,EXPRESS AIR,2010-02-15
SHP_6875,REGULAR AIR,2010-02-19
SHP_6876,REGULAR AIR,2010-04-26
SHP_6877,EXPRESS AIR,2010-04-26
SHP_6878,REGULAR AIR,2010-04-27
SHP_6879,REGULAR AIR,2011-03-04
SHP_6880,REGULAR AIR,2012-11-10
SHP_6881,REGULAR AIR,2011-04-12
SHP_6882,REGULAR AIR,2012-02-08
SHP_6883,EXPRESS AIR,2012-02-08
SHP_6884,REGULAR AIR,2009-09-06
SHP_6885,REGULAR AIR,2009-06-02
SHP_6886,REGULAR AIR,2009-05-26
SHP_6887,REGULAR AIR,2011-09-02
SHP_6888,REGULAR AIR,2010-11-23
SHP_6889,REGULAR AIR,2011-10-12
SHP_6890,EXPRESS AIR,2011-08-23
SHP_6891,REGULAR AIR,2012-01-09
SHP_6892,REGULAR AIR,2010-04-10
SHP_6893,REGULAR AIR,2012-08-24
SHP_6894,REGULAR AIR,2009-10-07
SHP_6895,REGULAR AIR,2009-10-08
SHP_6896,REGULAR AIR,2010-05-01
SHP_6897,REGULAR AIR,2012-10-27
SHP_6898,REGULAR AIR,2011-09-23
SHP_6899,REGULAR AIR,2011-09-25
SHP_6900,REGULAR AIR,2011-06-09
SHP_6901,REGULAR AIR,2011-06-08
SHP_6902,REGULAR AIR,2011-06-10
SHP_6903,REGULAR AIR,2009-01-28
SHP_6904,DELIVERY TRUCK,2010-02-20
SHP_6905,DELIVERY TRUCK,2010-09-21
SHP_6906,REGULAR AIR,2010-09-19
SHP_6907,REGULAR AIR,2011-03-15
SHP_6908,DELIVERY TRUCK,2010-09-23
SHP_6909,REGULAR AIR,2009-04-03
SHP_6910,REGULAR AIR,2009-04-04
SHP_6911,REGULAR AIR,2011-12-01
SHP_6912,REGULAR AIR,2009-05-06
SHP_6913,DELIVERY TRUCK,2009-05-05
SHP_6914,EXPRESS AIR,2009-05-04
SHP_6915,REGULAR AIR,2011-04-13
SHP_6916,REGULAR AIR,2010-04-13
SHP_6917,EXPRESS AIR,2010-04-12
SHP_6918,DELIVERY TRUCK,2010-04-13
SHP_6919,REGULAR AIR,2010-02-12
SHP_6920,REGULAR AIR,2010-12-07
SHP_6921,REGULAR AIR,2010-03-21
SHP_6922,REGULAR AIR,2011-08-19
SHP_6923,REGULAR AIR,2012-11-27
SHP_6924,DELIVERY TRUCK,2012-12-22
SHP_6925,REGULAR AIR,2012-12-11
SHP_6926,REGULAR AIR,2012-12-12
SHP_6927,EXPRESS AIR,2012-12-12
SHP_6928,REGULAR AIR,2010-09-08
SHP_6929,REGULAR AIR,2009-03-19
SHP_6930,REGULAR AIR,2012-05-23
SHP_6931,REGULAR AIR,2009-11-29
SHP_6932,REGULAR AIR,2012-04-01
SHP_6933,REGULAR AIR,2010-10-30
SHP_6934,REGULAR AIR,2011-08-24
SHP_6935,REGULAR AIR,2011-09-23
SHP_6936,DELIVERY TRUCK,2011-09-24
SHP_6937,DELIVERY TRUCK,2012-06-03
SHP_6938,REGULAR AIR,2012-06-04
SHP_6939,EXPRESS AIR,2011-12-16
SHP_6940,EXPRESS AIR,2010-09-12
SHP_6941,REGULAR AIR,2010-09-14
SHP_6942,REGULAR AIR,2010-09-13
SHP_6943,EXPRESS AIR,2011-04-05
SHP_6944,EXPRESS AIR,2009-05-23
SHP_6945,DELIVERY TRUCK,2010-09-16
SHP_6946,EXPRESS AIR,2010-10-04
SHP_6947,REGULAR AIR,2012-09-19
SHP_6948,REGULAR AIR,2010-02-14
SHP_6949,DELIVERY TRUCK,2012-10-23
SHP_6950,DELIVERY TRUCK,2012-10-19
SHP_6951,REGULAR AIR,2011-10-15
SHP_6952,REGULAR AIR,2011-11-01
SHP_6953,REGULAR AIR,2012-10-16
SHP_6954,REGULAR AIR,2012-10-15
SHP_6955,REGULAR AIR,2012-11-02
SHP_6956,REGULAR AIR,2010-02-22
SHP_6957,REGULAR AIR,2010-02-20
SHP_6958,REGULAR AIR,2009-11-27
SHP_6959,REGULAR AIR,2009-11-24
SHP_6960,REGULAR AIR,2009-09-06
SHP_6961,REGULAR AIR,2009-09-07
SHP_6962,REGULAR AIR,2010-06-07
SHP_6963,DELIVERY TRUCK,2012-03-15
SHP_6964,REGULAR AIR,2012-03-15
SHP_6965,REGULAR AIR,2010-09-25
SHP_6966,REGULAR AIR,2010-12-06
SHP_6967,EXPRESS AIR,2009-12-11
SHP_6968,REGULAR AIR,2009-02-02
SHP_6969,REGULAR AIR,2010-01-26
SHP_6970,REGULAR AIR,2011-03-01
SHP_6971,DELIVERY TRUCK,2011-10-22
SHP_6972,REGULAR AIR,2011-12-13
SHP_6973,REGULAR AIR,2011-12-11
SHP_6974,REGULAR AIR,2010-12-18
SHP_6975,REGULAR AIR,2010-06-15
SHP_6976,REGULAR AIR,2009-01-14
SHP_6977,DELIVERY TRUCK,2009-01-15
SHP_6978,DELIVERY TRUCK,2009-01-16
SHP_6979,REGULAR AIR,2010-09-04
SHP_6980,REGULAR AIR,2012-07-12
SHP_6981,REGULAR AIR,2012-01-08
SHP_6982,DELIVERY TRUCK,2010-12-13
SHP_6983,REGULAR AIR,2012-03-25
SHP_6984,REGULAR AIR,2009-10-08
SHP_6985,EXPRESS AIR,2009-10-09
SHP_6986,REGULAR AIR,2010-07-30
SHP_6987,REGULAR AIR,2012-04-27
SHP_6988,REGULAR AIR,2012-04-19
SHP_6989,REGULAR AIR,2009-02-18
SHP_6990,EXPRESS AIR,2010-08-19
SHP_6991,REGULAR AIR,2011-11-21
SHP_6992,DELIVERY TRUCK,2010-10-27
SHP_6993,REGULAR AIR,2010-10-27
SHP_6994,EXPRESS AIR,2012-11-20
SHP_6995,REGULAR AIR,2011-12-03
SHP_6996,REGULAR AIR,2011-12-02
SHP_6997,REGULAR AIR,2009-09-06
SHP_6998,DELIVERY TRUCK,2011-03-09
SHP_6999,REGULAR AIR,2011-03-10
SHP_7000,REGULAR AIR,2010-10-26
SHP_7001,EXPRESS AIR,2012-01-05
SHP_7002,EXPRESS AIR,2009-06-08
SHP_7003,REGULAR AIR,2009-06-08
SHP_7004,EXPRESS AIR,2012-11-21
SHP_7005,REGULAR AIR,2009-08-15
SHP_7006,DELIVERY TRUCK,2009-08-17
SHP_7007,REGULAR AIR,2012-07-28
SHP_7008,DELIVERY TRUCK,2011-11-04
SHP_7009,DELIVERY TRUCK,2011-05-03
SHP_7010,REGULAR AIR,2011-05-02
SHP_7011,DELIVERY TRUCK,2011-10-24
SHP_7012,DELIVERY TRUCK,2012-10-13
SHP_7013,REGULAR AIR,2011-02-02
SHP_7014,REGULAR AIR,2011-03-13
SHP_7015,EXPRESS AIR,2011-02-03
SHP_7016,REGULAR AIR,2010-04-24
SHP_7017,REGULAR AIR,2010-04-24
SHP_7018,EXPRESS AIR,2010-04-27
SHP_7019,REGULAR AIR,2009-03-14
SHP_7020,REGULAR AIR,2012-09-30
SHP_7021,REGULAR AIR,2012-10-02
SHP_7022,EXPRESS AIR,2011-04-08
SHP_7023,REGULAR AIR,2010-10-12
SHP_7024,DELIVERY TRUCK,2012-10-04
SHP_7025,REGULAR AIR,2012-10-04
SHP_7026,EXPRESS AIR,2012-05-03
SHP_7027,REGULAR AIR,2012-05-23
SHP_7028,REGULAR AIR,2011-11-21
SHP_7029,REGULAR AIR,2010-08-20
SHP_7030,REGULAR AIR,2010-08-19
SHP_7031,DELIVERY TRUCK,2009-08-05
SHP_7032,EXPRESS AIR,2011-05-16
SHP_7033,EXPRESS AIR,2011-05-15
SHP_7034,REGULAR AIR,2012-07-04
SHP_7035,REGULAR AIR,2012-07-06
SHP_7036,REGULAR AIR,2012-07-05
SHP_7037,REGULAR AIR,2009-05-21
SHP_7038,REGULAR AIR,2010-11-01
SHP_7039,REGULAR AIR,2011-12-30
SHP_7040,REGULAR AIR,2009-05-16
SHP_7041,REGULAR AIR,2009-05-22
SHP_7042,REGULAR AIR,2009-05-23
SHP_7043,REGULAR AIR,2009-10-19
SHP_7044,EXPRESS AIR,2012-12-13
SHP_7045,REGULAR AIR,2012-12-13
SHP_7046,EXPRESS AIR,2011-04-21
SHP_7047,REGULAR AIR,2009-07-08
SHP_7048,DELIVERY TRUCK,2012-12-09
SHP_7049,REGULAR AIR,2012-12-08
SHP_7050,REGULAR AIR,2010-08-28
SHP_7051,REGULAR AIR,2011-05-22
SHP_7052,REGULAR AIR,2011-07-14
SHP_7053,REGULAR AIR,2011-07-13
SHP_7054,REGULAR AIR,2010-05-03
SHP_7055,REGULAR AIR,2011-08-24
SHP_7056,EXPRESS AIR,2011-08-25
SHP_7057,DELIVERY TRUCK,2012-06-12
SHP_7058,REGULAR AIR,2012-06-12
SHP_7059,REGULAR AIR,2012-06-13
SHP_7060,REGULAR AIR,2011-01-30
SHP_7061,REGULAR AIR,2009-02-10
SHP_7062,REGULAR AIR,2010-10-11
SHP_7063,REGULAR AIR,2010-02-11
SHP_7064,REGULAR AIR,2010-02-12
SHP_7065,REGULAR AIR,2010-02-13
SHP_7066,DELIVERY TRUCK,2010-02-12
SHP_7067,REGULAR AIR,2012-05-04
SHP_7068,REGULAR AIR,2012-09-12
SHP_7069,REGULAR AIR,2011-05-21
SHP_7070,REGULAR AIR,2012-10-28
SHP_7071,REGULAR AIR,2012-05-07
SHP_7072,REGULAR AIR,2011-07-12
SHP_7073,REGULAR AIR,2011-07-10
SHP_7074,DELIVERY TRUCK,2010-10-31
SHP_7075,REGULAR AIR,2009-09-02
SHP_7076,DELIVERY TRUCK,2012-05-19
SHP_7077,REGULAR AIR,2011-05-29
SHP_7078,REGULAR AIR,2010-05-22
SHP_7079,REGULAR AIR,2009-07-16
SHP_7080,REGULAR AIR,2009-05-23
SHP_7081,REGULAR AIR,2009-05-22
SHP_7082,REGULAR AIR,2011-04-11
SHP_7083,REGULAR AIR,2012-01-04
SHP_7084,REGULAR AIR,2012-01-05
SHP_7085,DELIVERY TRUCK,2009-08-19
SHP_7086,REGULAR AIR,2009-08-20
SHP_7087,REGULAR AIR,2009-08-22
SHP_7088,REGULAR AIR,2010-05-05
SHP_7089,REGULAR AIR,2009-05-02
SHP_7090,REGULAR AIR,2009-01-08
SHP_7091,REGULAR AIR,2012-11-15
SHP_7092,REGULAR AIR,2011-07-31
SHP_7093,REGULAR AIR,2012-09-28
SHP_7094,REGULAR AIR,2009-09-05
SHP_7095,REGULAR AIR,2009-03-17
SHP_7096,REGULAR AIR,2011-07-28
SHP_7097,REGULAR AIR,2011-07-26
SHP_7098,REGULAR AIR,2011-07-29
SHP_7099,REGULAR AIR,2009-07-13
SHP_7100,REGULAR AIR,2009-01-19
SHP_7101,REGULAR AIR,2009-08-21
SHP_7102,REGULAR AIR,2009-08-20
SHP_7103,EXPRESS AIR,2009-08-20
SHP_7104,REGULAR AIR,2012-10-02
SHP_7105,REGULAR AIR,2009-05-04
SHP_7106,REGULAR AIR,2010-04-10
SHP_7107,REGULAR AIR,2012-10-23
SHP_7108,REGULAR AIR,2010-10-26
SHP_7109,REGULAR AIR,2010-11-19
SHP_7110,EXPRESS AIR,2010-11-19
SHP_7111,REGULAR AIR,2010-11-20
SHP_7112,EXPRESS AIR,2010-08-31
SHP_7113,REGULAR AIR,2010-08-31
SHP_7114,REGULAR AIR,2010-11-26
SHP_7115,REGULAR AIR,2011-09-16
SHP_7116,REGULAR AIR,2010-04-17
SHP_7117,EXPRESS AIR,2010-04-16
SHP_7118,EXPRESS AIR,2010-04-18
SHP_7119,REGULAR AIR,2011-09-23
SHP_7120,REGULAR AIR,2010-07-06
SHP_7121,REGULAR AIR,2012-09-27
SHP_7122,REGULAR AIR,2009-09-19
SHP_7123,DELIVERY TRUCK,2009-05-24
SHP_7124,REGULAR AIR,2009-05-26
SHP_7125,REGULAR AIR,2012-11-16
SHP_7126,REGULAR AIR,2011-02-01
SHP_7127,REGULAR AIR,2012-10-21
SHP_7128,REGULAR AIR,2012-10-20
SHP_7129,REGULAR AIR,2010-09-07
SHP_7130,REGULAR AIR,2011-02-17
SHP_7131,REGULAR AIR,2012-07-16
SHP_7132,REGULAR AIR,2012-07-17
SHP_7133,REGULAR AIR,2010-07-30
SHP_7134,REGULAR AIR,2011-12-18
SHP_7135,REGULAR AIR,2011-12-19
SHP_7136,DELIVERY TRUCK,2012-11-26
SHP_7137,REGULAR AIR,2012-11-25
SHP_7138,REGULAR AIR,2010-09-30
SHP_7139,REGULAR AIR,2010-01-19
SHP_7140,REGULAR AIR,2011-10-02
SHP_7141,REGULAR AIR,2011-10-05
SHP_7142,DELIVERY TRUCK,2011-06-17
SHP_7143,REGULAR AIR,2010-04-21
SHP_7144,DELIVERY TRUCK,2010-04-21
SHP_7145,REGULAR AIR,2010-04-22
SHP_7146,REGULAR AIR,2012-02-20
SHP_7147,REGULAR AIR,2012-08-18
SHP_7148,DELIVERY TRUCK,2012-02-26
SHP_7149,EXPRESS AIR,2012-02-24
SHP_7150,REGULAR AIR,2012-12-29
SHP_7151,REGULAR AIR,2011-04-26
SHP_7152,DELIVERY TRUCK,2012-10-31
SHP_7153,DELIVERY TRUCK,2009-08-22
SHP_7154,REGULAR AIR,2009-08-23
SHP_7155,REGULAR AIR,2010-11-18
SHP_7156,EXPRESS AIR,2010-11-18
SHP_7157,REGULAR AIR,2009-08-07
SHP_7158,REGULAR AIR,2010-08-23
SHP_7159,REGULAR AIR,2010-11-08
SHP_7160,REGULAR AIR,2010-11-09
SHP_7161,REGULAR AIR,2010-11-10
SHP_7162,DELIVERY TRUCK,2012-02-25
SHP_7163,REGULAR AIR,2012-01-13
SHP_7164,DELIVERY TRUCK,2011-09-12
SHP_7165,DELIVERY TRUCK,2012-01-09
SHP_7166,REGULAR AIR,2010-11-02
SHP_7167,DELIVERY TRUCK,2011-07-25
SHP_7168,REGULAR AIR,2009-07-20
SHP_7169,REGULAR AIR,2011-06-02
SHP_7170,REGULAR AIR,2011-06-04
SHP_7171,REGULAR AIR,2012-05-09
SHP_7172,REGULAR AIR,2012-12-06
SHP_7173,REGULAR AIR,2012-12-04
SHP_7174,REGULAR AIR,2012-12-05
SHP_7175,REGULAR AIR,2011-11-02
SHP_7176,REGULAR AIR,2012-04-06
SHP_7177,DELIVERY TRUCK,2012-03-09
SHP_7178,REGULAR AIR,2011-12-05
SHP_7179,DELIVERY TRUCK,2012-06-04
SHP_7180,REGULAR AIR,2010-02-22
SHP_7181,REGULAR AIR,2010-01-10
SHP_7182,REGULAR AIR,2012-03-27
SHP_7183,REGULAR AIR,2009-05-05
SHP_7184,REGULAR AIR,2009-05-04
SHP_7185,REGULAR AIR,2010-06-20
SHP_7186,REGULAR AIR,2010-06-21
SHP_7187,REGULAR AIR,2012-05-14
SHP_7188,EXPRESS AIR,2012-05-12
SHP_7189,REGULAR AIR,2012-05-15
SHP_7190,REGULAR AIR,2009-09-19
SHP_7191,REGULAR AIR,2009-09-21
SHP_7192,REGULAR AIR,2012-07-15
SHP_7193,REGULAR AIR,2011-08-13
SHP_7194,DELIVERY TRUCK,2010-04-20
SHP_7195,REGULAR AIR,2010-04-23
SHP_7196,REGULAR AIR,2012-02-03
SHP_7197,DELIVERY TRUCK,2012-02-02
SHP_7198,EXPRESS AIR,2010-06-05
SHP_7199,REGULAR AIR,2009-01-04
SHP_7200,REGULAR AIR,2009-06-06
SHP_7201,REGULAR AIR,2010-05-20
SHP_7202,DELIVERY TRUCK,2010-05-21
SHP_7203,DELIVERY TRUCK,2010-09-07
SHP_7204,REGULAR AIR,2010-09-05
SHP_7205,REGULAR AIR,2011-02-21
SHP_7206,DELIVERY TRUCK,2011-02-21
SHP_7207,REGULAR AIR,2009-09-19
SHP_7208,DELIVERY TRUCK,2010-02-06
SHP_7209,REGULAR AIR,2010-05-16
SHP_7210,REGULAR AIR,2010-05-31
SHP_7211,REGULAR AIR,2010-12-03
SHP_7212,REGULAR AIR,2009-04-06
SHP_7213,EXPRESS AIR,2009-04-06
SHP_7214,DELIVERY TRUCK,2012-07-13
SHP_7215,REGULAR AIR,2011-12-03
SHP_7216,EXPRESS AIR,2011-02-10
SHP_7217,REGULAR AIR,2011-02-12
SHP_7218,REGULAR AIR,2012-12-28
SHP_7219,DELIVERY TRUCK,2011-09-06
SHP_7220,REGULAR AIR,2009-06-26
SHP_7221,REGULAR AIR,2012-12-02
SHP_7222,REGULAR AIR,2012-12-01
SHP_7223,DELIVERY TRUCK,2012-12-02
SHP_7224,REGULAR AIR,2011-04-09
SHP_7225,REGULAR AIR,2011-04-10
SHP_7226,REGULAR AIR,2012-09-25
SHP_7227,DELIVERY TRUCK,2010-04-07
SHP_7228,EXPRESS AIR,2012-05-08
SHP_7229,REGULAR AIR,2012-06-02
SHP_7230,REGULAR AIR,2010-09-18
SHP_7231,REGULAR AIR,2010-10-08
SHP_7232,REGULAR AIR,2012-04-29
SHP_7233,REGULAR AIR,2012-11-01
SHP_7234,EXPRESS AIR,2010-09-21
SHP_7235,REGULAR AIR,2011-08-12
SHP_7236,REGULAR AIR,2011-03-30
SHP_7237,REGULAR AIR,2011-03-07
SHP_7238,DELIVERY TRUCK,2012-08-08
SHP_7239,REGULAR AIR,2012-03-30
SHP_7240,REGULAR AIR,2010-12-05
SHP_7241,REGULAR AIR,2011-07-06
SHP_7242,REGULAR AIR,2009-05-16
SHP_7243,REGULAR AIR,2011-01-01
SHP_7244,REGULAR AIR,2010-06-24
SHP_7245,DELIVERY TRUCK,2010-01-05
SHP_7246,REGULAR AIR,2009-08-04
SHP_7247,DELIVERY TRUCK,2009-08-07
SHP_7248,REGULAR AIR,2009-08-07
SHP_7249,DELIVERY TRUCK,2011-10-04
SHP_7250,DELIVERY TRUCK,2011-10-03
SHP_7251,REGULAR AIR,2011-10-02
SHP_7252,DELIVERY TRUCK,2009-06-14
SHP_7253,REGULAR AIR,2012-03-21
SHP_7254,REGULAR AIR,2010-06-08
SHP_7255,REGULAR AIR,2012-10-20
SHP_7256,EXPRESS AIR,2010-12-26
SHP_7257,REGULAR AIR,2010-12-27
SHP_7258,REGULAR AIR,2011-07-29
SHP_7259,REGULAR AIR,2012-02-18
SHP_7260,REGULAR AIR,2012-07-22
SHP_7261,EXPRESS AIR,2012-07-22
SHP_7262,REGULAR AIR,2010-09-02
SHP_7263,REGULAR AIR,2011-05-07
SHP_7264,EXPRESS AIR,2010-07-05
SHP_7265,REGULAR AIR,2009-07-07
SHP_7266,REGULAR AIR,2009-07-14
SHP_7267,DELIVERY TRUCK,2010-01-12
SHP_7268,DELIVERY TRUCK,2010-09-23
SHP_7269,REGULAR AIR,2012-08-18
SHP_7270,EXPRESS AIR,2009-12-24
SHP_7271,REGULAR AIR,2009-12-24
SHP_7272,DELIVERY TRUCK,2009-12-23
SHP_7273,DELIVERY TRUCK,2010-06-24
SHP_7274,EXPRESS AIR,2009-07-22
SHP_7275,REGULAR AIR,2011-12-11
SHP_7276,REGULAR AIR,2012-08-30
SHP_7277,REGULAR AIR,2012-05-01
SHP_7278,REGULAR AIR,2011-08-05
SHP_7279,DELIVERY TRUCK,2010-03-21
SHP_7280,REGULAR AIR,2012-05-21
SHP_7281,REGULAR AIR,2009-10-25
SHP_7282,REGULAR AIR,2009-10-26
SHP_7283,REGULAR AIR,2012-05-31
SHP_7284,REGULAR AIR,2009-02-23
SHP_7285,REGULAR AIR,2012-05-06
SHP_7286,REGULAR AIR,2012-05-09
SHP_7287,REGULAR AIR,2009-03-28
SHP_7288,REGULAR AIR,2009-06-17
SHP_7289,REGULAR AIR,2009-06-16
SHP_7290,REGULAR AIR,2011-04-21
SHP_7291,REGULAR AIR,2012-05-28
SHP_7292,REGULAR AIR,2011-11-23
SHP_7293,DELIVERY TRUCK,2012-08-10
SHP_7294,REGULAR AIR,2011-07-10
SHP_7295,REGULAR AIR,2011-05-08
SHP_7296,REGULAR AIR,2010-01-25
SHP_7297,REGULAR AIR,2012-08-24
SHP_7298,DELIVERY TRUCK,2010-08-28
SHP_7299,DELIVERY TRUCK,2009-08-18
SHP_7300,REGULAR AIR,2009-08-18
SHP_7301,EXPRESS AIR,2009-12-22
SHP_7302,REGULAR AIR,2012-10-13
SHP_7303,REGULAR AIR,2012-02-29
SHP_7304,EXPRESS AIR,2011-07-17
SHP_7305,REGULAR AIR,2010-08-31
SHP_7306,REGULAR AIR,2011-11-28
SHP_7307,EXPRESS AIR,2011-11-29
SHP_7308,REGULAR AIR,2011-11-29
SHP_7309,REGULAR AIR,2011-11-30
SHP_7310,REGULAR AIR,2011-01-27
SHP_7311,REGULAR AIR,2011-04-16
SHP_7312,REGULAR AIR,2010-04-11
SHP_7313,REGULAR AIR,2010-04-12
SHP_7314,REGULAR AIR,2011-10-09
SHP_7315,REGULAR AIR,2011-10-10
SHP_7316,REGULAR AIR,2011-08-27
SHP_7317,REGULAR AIR,2011-02-25
SHP_7318,REGULAR AIR,2012-01-05
SHP_7319,DELIVERY TRUCK,2009-11-17
SHP_7320,REGULAR AIR,2012-10-19
SHP_7321,REGULAR AIR,2009-08-13
SHP_7322,REGULAR AIR,2011-09-28
SHP_7323,REGULAR AIR,2009-12-29
SHP_7324,EXPRESS AIR,2009-12-28
SHP_7325,REGULAR AIR,2009-04-11
SHP_7326,REGULAR AIR,2009-04-16
SHP_7327,REGULAR AIR,2012-03-11
SHP_7328,DELIVERY TRUCK,2009-12-19
SHP_7329,REGULAR AIR,2012-04-22
SHP_7330,REGULAR AIR,2010-04-27
SHP_7331,DELIVERY TRUCK,2009-08-21
SHP_7332,REGULAR AIR,2010-12-19
SHP_7333,REGULAR AIR,2012-06-04
SHP_7334,EXPRESS AIR,2012-02-13
SHP_7335,REGULAR AIR,2011-02-23
SHP_7336,REGULAR AIR,2011-02-24
SHP_7337,REGULAR AIR,2011-02-22
SHP_7338,REGULAR AIR,2010-10-03
SHP_7339,REGULAR AIR,2012-02-21
SHP_7340,REGULAR AIR,2012-12-22
SHP_7341,REGULAR AIR,2011-12-23
SHP_7342,REGULAR AIR,2011-07-23
SHP_7343,REGULAR AIR,2009-06-04
SHP_7344,REGULAR AIR,2009-06-03
SHP_7345,REGULAR AIR,2009-05-02
SHP_7346,REGULAR AIR,2012-04-07
SHP_7347,REGULAR AIR,2009-10-24
SHP_7348,REGULAR AIR,2011-06-21
SHP_7349,REGULAR AIR,2009-08-22
SHP_7350,REGULAR AIR,2009-08-23
SHP_7351,REGULAR AIR,2009-10-03
SHP_7352,REGULAR AIR,2009-09-30
SHP_7353,EXPRESS AIR,2012-06-14
SHP_7354,REGULAR AIR,2009-01-04
SHP_7355,REGULAR AIR,2009-05-23
SHP_7356,EXPRESS AIR,2012-02-12
SHP_7357,REGULAR AIR,2011-04-16
SHP_7358,REGULAR AIR,2011-04-09
SHP_7359,DELIVERY TRUCK,2009-01-05
SHP_7360,REGULAR AIR,2011-02-28
SHP_7361,REGULAR AIR,2011-02-26
SHP_7362,EXPRESS AIR,2010-06-06
SHP_7363,EXPRESS AIR,2009-03-01
SHP_7364,EXPRESS AIR,2011-02-10
SHP_7365,EXPRESS AIR,2011-07-29
SHP_7366,REGULAR AIR,2012-03-26
SHP_7367,REGULAR AIR,2012-01-01
SHP_7368,EXPRESS AIR,2009-01-29
SHP_7369,EXPRESS AIR,2009-01-28
SHP_7370,REGULAR AIR,2009-05-16
SHP_7371,REGULAR AIR,2009-05-18
SHP_7372,REGULAR AIR,2011-03-07
SHP_7373,REGULAR AIR,2011-03-06
SHP_7374,REGULAR AIR,2009-10-01
SHP_7375,REGULAR AIR,2009-08-26
SHP_7376,REGULAR AIR,2009-07-13
SHP_7377,EXPRESS AIR,2009-07-14
SHP_7378,REGULAR AIR,2012-12-19
SHP_7379,REGULAR AIR,2012-12-20
SHP_7380,REGULAR AIR,2010-11-06
SHP_7381,REGULAR AIR,2010-12-16
SHP_7382,REGULAR AIR,2011-09-17
SHP_7383,DELIVERY TRUCK,2011-01-06
SHP_7384,EXPRESS AIR,2011-01-07
SHP_7385,REGULAR AIR,2009-06-29
SHP_7386,REGULAR AIR,2011-06-08
SHP_7387,REGULAR AIR,2009-10-30
SHP_7388,DELIVERY TRUCK,2010-06-07
SHP_7389,DELIVERY TRUCK,2012-06-01
SHP_7390,REGULAR AIR,2012-06-01
SHP_7391,REGULAR AIR,2012-04-12
SHP_7392,REGULAR AIR,2012-08-29
SHP_7393,REGULAR AIR,2012-05-22
SHP_7394,EXPRESS AIR,2012-07-12
SHP_7395,REGULAR AIR,2012-07-11
SHP_7396,DELIVERY TRUCK,2011-07-02
SHP_7397,REGULAR AIR,2012-12-10
SHP_7398,DELIVERY TRUCK,2012-12-10
SHP_7399,EXPRESS AIR,2012-12-10
SHP_7400,DELIVERY TRUCK,2009-01-22
SHP_7401,REGULAR AIR,2009-01-22
SHP_7402,REGULAR AIR,2009-01-23
SHP_7403,REGULAR AIR,2011-03-03
SHP_7404,REGULAR AIR,2011-11-04
SHP_7405,REGULAR AIR,2010-02-08
SHP_7406,EXPRESS AIR,2010-07-24
SHP_7407,DELIVERY TRUCK,2010-07-25
SHP_7408,EXPRESS AIR,2010-07-25
SHP_7409,REGULAR AIR,2011-08-08
SHP_7410,DELIVERY TRUCK,2012-08-21
SHP_7411,REGULAR AIR,2011-11-10
SHP_7412,REGULAR AIR,2009-02-21
SHP_7413,REGULAR AIR,2010-09-20
SHP_7414,EXPRESS AIR,2011-06-17
SHP_7415,REGULAR AIR,2011-06-18
SHP_7416,REGULAR AIR,2010-12-21
SHP_7417,REGULAR AIR,2010-12-20
SHP_7418,EXPRESS AIR,2011-04-25
SHP_7419,REGULAR AIR,2011-06-02
SHP_7420,REGULAR AIR,2011-06-01
SHP_7421,REGULAR AIR,2009-03-24
SHP_7422,REGULAR AIR,2012-09-01
SHP_7423,REGULAR AIR,2012-02-18
SHP_7424,EXPRESS AIR,2012-02-18
SHP_7425,EXPRESS AIR,2011-02-05
SHP_7426,REGULAR AIR,2012-07-22
SHP_7427,REGULAR AIR,2010-12-11
SHP_7428,REGULAR AIR,2011-05-28
SHP_7429,REGULAR AIR,2011-05-29
SHP_7430,REGULAR AIR,2011-05-03
SHP_7431,REGULAR AIR,2012-03-04
SHP_7432,EXPRESS AIR,2009-06-10
SHP_7433,DELIVERY TRUCK,2009-06-03
SHP_7434,REGULAR AIR,2009-06-05
SHP_7435,REGULAR AIR,2009-01-11
SHP_7436,REGULAR AIR,2012-06-07
SHP_7437,REGULAR AIR,2010-02-16
SHP_7438,REGULAR AIR,2009-09-02
SHP_7439,REGULAR AIR,2011-05-14
SHP_7440,REGULAR AIR,2009-09-08
SHP_7441,REGULAR AIR,2010-06-04
SHP_7442,REGULAR AIR,2012-08-09
SHP_7443,REGULAR AIR,2009-04-24
SHP_7444,EXPRESS AIR,2012-10-09
SHP_7445,REGULAR AIR,2011-11-02
SHP_7446,REGULAR AIR,2011-10-31
SHP_7447,REGULAR AIR,2009-03-11
SHP_7448,REGULAR AIR,2009-08-24
SHP_7449,REGULAR AIR,2009-04-26
SHP_7450,DELIVERY TRUCK,2009-04-24
SHP_7451,DELIVERY TRUCK,2011-08-13
SHP_7452,EXPRESS AIR,2011-08-12
SHP_7453,DELIVERY TRUCK,2011-11-04
SHP_7454,REGULAR AIR,2009-04-27
SHP_7455,REGULAR AIR,2009-06-16
SHP_7456,DELIVERY TRUCK,2009-06-14
SHP_7457,REGULAR AIR,2011-11-18
SHP_7458,REGULAR AIR,2010-03-29
SHP_7459,REGULAR AIR,2009-02-18
SHP_7460,REGULAR AIR,2009-02-19
SHP_7461,DELIVERY TRUCK,2009-12-11
SHP_7462,REGULAR AIR,2012-02-21
SHP_7463,REGULAR AIR,2011-07-17
SHP_7464,DELIVERY TRUCK,2011-07-16
SHP_7465,REGULAR AIR,2011-10-30
SHP_7466,REGULAR AIR,2011-11-01
SHP_7467,REGULAR AIR,2010-01-13
SHP_7468,DELIVERY TRUCK,2012-08-03
SHP_7469,DELIVERY TRUCK,2011-08-23
SHP_7470,REGULAR AIR,2011-08-22
SHP_7471,REGULAR AIR,2012-11-03
SHP_7472,REGULAR AIR,2012-10-05
SHP_7473,REGULAR AIR,2012-10-06
SHP_7474,REGULAR AIR,2009-09-10
SHP_7475,REGULAR AIR,2009-09-11
SHP_7476,REGULAR AIR,2012-04-25
SHP_7477,REGULAR AIR,2012-04-27
SHP_7478,REGULAR AIR,2012-04-26
SHP_7479,REGULAR AIR,2009-04-30
SHP_7480,REGULAR AIR,2011-11-07
SHP_7481,REGULAR AIR,2012-03-23
SHP_7482,REGULAR AIR,2012-04-27
SHP_7483,DELIVERY TRUCK,2009-05-27
SHP_7484,REGULAR AIR,2009-07-22
SHP_7485,REGULAR AIR,2009-07-21
SHP_7486,REGULAR AIR,2012-10-14
SHP_7487,REGULAR AIR,2012-10-13
SHP_7488,DELIVERY TRUCK,2009-12-22
SHP_7489,REGULAR AIR,2009-01-10
SHP_7490,REGULAR AIR,2010-05-08
SHP_7491,REGULAR AIR,2010-05-10
SHP_7492,REGULAR AIR,2011-04-08
SHP_7493,REGULAR AIR,2009-03-23
SHP_7494,REGULAR AIR,2012-08-06
SHP_7495,REGULAR AIR,2009-05-17
SHP_7496,REGULAR AIR,2012-04-15
SHP_7497,REGULAR AIR,2009-07-05
SHP_7498,REGULAR AIR,2009-07-10
SHP_7499,EXPRESS AIR,2010-05-24
SHP_7500,REGULAR AIR,2011-01-07
SHP_7501,REGULAR AIR,2011-04-05
SHP_7502,EXPRESS AIR,2009-05-27
SHP_7503,REGULAR AIR,2012-01-20
SHP_7504,REGULAR AIR,2010-09-11
SHP_7505,REGULAR AIR,2011-09-06
SHP_7506,REGULAR AIR,2010-08-07
SHP_7507,REGULAR AIR,2010-05-25
SHP_7508,REGULAR AIR,2010-05-27
SHP_7509,REGULAR AIR,2012-03-30
SHP_7510,REGULAR AIR,2012-03-29
SHP_7511,EXPRESS AIR,2012-03-30
SHP_7512,REGULAR AIR,2009-08-11
SHP_7513,EXPRESS AIR,2011-12-28
SHP_7514,REGULAR AIR,2011-12-27
SHP_7515,REGULAR AIR,2009-04-18
SHP_7516,REGULAR AIR,2010-05-22
SHP_7517,REGULAR AIR,2010-05-21
SHP_7518,EXPRESS AIR,2011-02-24
SHP_7519,REGULAR AIR,2009-08-15
SHP_7520,REGULAR AIR,2009-11-26
SHP_7521,REGULAR AIR,2011-06-17
SHP_7522,REGULAR AIR,2010-04-14
SHP_7523,DELIVERY TRUCK,2010-04-09
SHP_7524,REGULAR AIR,2012-10-21
SHP_7525,EXPRESS AIR,2009-10-22
SHP_7526,REGULAR AIR,2012-12-09
SHP_7527,REGULAR AIR,2011-10-20
SHP_7528,DELIVERY TRUCK,2011-10-21
SHP_7529,REGULAR AIR,2012-05-14
SHP_7530,REGULAR AIR,2012-05-13
SHP_7531,REGULAR AIR,2009-03-22
SHP_7532,REGULAR AIR,2012-02-17
SHP_7533,REGULAR AIR,2012-02-18
SHP_7534,EXPRESS AIR,2010-12-01
SHP_7535,REGULAR AIR,2010-11-30
SHP_7536,REGULAR AIR,2012-04-01
SHP_7537,REGULAR AIR,2012-10-28
SHP_7538,REGULAR AIR,2009-10-29
SHP_7539,REGULAR AIR,2011-08-19
SHP_7540,REGULAR AIR,2011-04-06
SHP_7541,REGULAR AIR,2011-04-07
SHP_7542,REGULAR AIR,2009-02-28
SHP_7543,REGULAR AIR,2009-02-27
SHP_7544,DELIVERY TRUCK,2011-05-07
SHP_7545,REGULAR AIR,2011-05-07
SHP_7546,REGULAR AIR,2009-12-25
SHP_7547,EXPRESS AIR,2010-04-22
SHP_7548,REGULAR AIR,2009-11-24
SHP_7549,EXPRESS AIR,2009-07-08
SHP_7550,REGULAR AIR,2012-04-18
SHP_7551,REGULAR AIR,2010-03-11
SHP_7552,REGULAR AIR,2010-03-12
SHP_7553,REGULAR AIR,2011-04-08
SHP_7554,DELIVERY TRUCK,2012-11-23
SHP_7555,REGULAR AIR,2010-09-24
SHP_7556,DELIVERY TRUCK,2012-06-02
SHP_7557,REGULAR AIR,2012-06-02
SHP_7558,DELIVERY TRUCK,2009-03-10
SHP_7559,REGULAR AIR,2009-01-25
SHP_7560,REGULAR AIR,2011-09-26
SHP_7561,REGULAR AIR,2011-09-27
SHP_7562,REGULAR AIR,2009-09-05
SHP_7563,DELIVERY TRUCK,2009-09-05
SHP_7564,REGULAR AIR,2009-09-06
SHP_7565,REGULAR AIR,2012-02-21
SHP_7566,REGULAR AIR,2011-03-08
SHP_7567,REGULAR AIR,2009-11-15
SHP_7568,REGULAR AIR,2009-11-14
SHP_7569,EXPRESS AIR,2009-05-26
SHP_7570,REGULAR AIR,2009-05-25
SHP_7571,REGULAR AIR,2012-11-29
SHP_7572,DELIVERY TRUCK,2012-11-30
SHP_7573,EXPRESS AIR,2012-11-30
SHP_7574,EXPRESS AIR,2012-05-29
SHP_7575,REGULAR AIR,2012-05-29
SHP_7576,REGULAR AIR,2012-05-31
SHP_7577,DELIVERY TRUCK,2009-07-30
SHP_7578,DELIVERY TRUCK,2012-09-09
SHP_7579,REGULAR AIR,2012-09-09
SHP_7580,REGULAR AIR,2011-07-04
SHP_7581,REGULAR AIR,2011-07-05
SHP_7582,REGULAR AIR,2011-07-15
SHP_7583,REGULAR AIR,2012-03-24
SHP_7584,REGULAR AIR,2012-09-23
SHP_7585,REGULAR AIR,2012-09-24
SHP_7586,EXPRESS AIR,2012-09-24
SHP_7587,REGULAR AIR,2011-04-27
SHP_7588,REGULAR AIR,2011-11-06
SHP_7589,DELIVERY TRUCK,2011-02-09
SHP_7590,REGULAR AIR,2010-02-03
SHP_7591,DELIVERY TRUCK,2010-02-03
SHP_7592,REGULAR AIR,2010-11-06
SHP_7593,REGULAR AIR,2012-04-20
SHP_7594,REGULAR AIR,2012-08-20
SHP_7595,REGULAR AIR,2012-09-16
SHP_7596,DELIVERY TRUCK,2010-03-20
SHP_7597,REGULAR AIR,2011-02-12
SHP_7598,EXPRESS AIR,2011-02-11
SHP_7599,REGULAR AIR,2012-02-09
SHP_7600,REGULAR AIR,2011-07-19
SHP_7601,REGULAR AIR,2010-10-04
SHP_7602,EXPRESS AIR,2010-12-09
SHP_7603,REGULAR AIR,2010-12-09
SHP_7604,REGULAR AIR,2010-10-04
SHP_7605,REGULAR AIR,2009-03-23
SHP_7606,REGULAR AIR,2009-01-22
SHP_7607,REGULAR AIR,2012-02-29
SHP_7608,EXPRESS AIR,2010-07-28
SHP_7609,REGULAR AIR,2010-07-28
SHP_7610,EXPRESS AIR,2010-07-27
SHP_7611,REGULAR AIR,2010-02-08
SHP_7612,REGULAR AIR,2010-02-07
SHP_7613,DELIVERY TRUCK,2012-01-15
SHP_7614,EXPRESS AIR,2011-07-06
SHP_7615,DELIVERY TRUCK,2011-07-06
SHP_7616,EXPRESS AIR,2011-07-07
SHP_7617,REGULAR AIR,2010-05-15
SHP_7618,REGULAR AIR,2012-10-04
SHP_7619,REGULAR AIR,2012-10-06
SHP_7620,REGULAR AIR,2012-10-01
SHP_7621,REGULAR AIR,2009-03-14
SHP_7622,REGULAR AIR,2009-08-06
SHP_7623,EXPRESS AIR,2009-08-09
SHP_7624,DELIVERY TRUCK,2010-10-02
SHP_7625,EXPRESS AIR,2010-11-11
SHP_7626,REGULAR AIR,2012-02-03
SHP_7627,REGULAR AIR,2011-05-23
SHP_7628,EXPRESS AIR,2011-03-11
SHP_7629,DELIVERY TRUCK,2009-02-16
SHP_7630,REGULAR AIR,2010-12-23
SHP_7631,REGULAR AIR,2012-11-29
SHP_7632,REGULAR AIR,2012-11-27
SHP_7633,REGULAR AIR,2009-07-19
SHP_7634,REGULAR AIR,2009-10-25
SHP_7635,REGULAR AIR,2012-02-01
SHP_7636,REGULAR AIR,2012-02-03
SHP_7637,REGULAR AIR,2009-12-22
SHP_7638,REGULAR AIR,2012-08-01
SHP_7639,REGULAR AIR,2011-07-12
SHP_7640,REGULAR AIR,2011-06-29
SHP_7641,REGULAR AIR,2010-11-29
SHP_7642,EXPRESS AIR,2010-09-14
SHP_7643,REGULAR AIR,2010-04-17
SHP_7644,REGULAR AIR,2012-08-14
SHP_7645,REGULAR AIR,2009-09-20
SHP_7646,DELIVERY TRUCK,2012-03-09
SHP_7647,REGULAR AIR,2010-08-09
SHP_7648,REGULAR AIR,2012-02-03
SHP_7649,REGULAR AIR,2010-05-19
SHP_7650,REGULAR AIR,2010-05-26
SHP_7651,DELIVERY TRUCK,2011-11-04
SHP_7652,EXPRESS AIR,2011-10-31
SHP_7653,REGULAR AIR,2011-07-18
SHP_7654,REGULAR AIR,2012-01-10
SHP_7655,REGULAR AIR,2012-01-11
SHP_7656,REGULAR AIR,2012-04-24
SHP_7657,EXPRESS AIR,2012-04-25
SHP_7658,REGULAR AIR,2012-04-26
SHP_7659,DELIVERY TRUCK,2012-09-01
SHP_7660,REGULAR AIR,2012-04-04
SHP_7661,REGULAR AIR,2012-05-09
SHP_7662,REGULAR AIR,2012-05-10
SHP_7663,REGULAR AIR,2012-03-03
SHP_7664,DELIVERY TRUCK,2009-07-08
SHP_7665,EXPRESS AIR,2010-07-05
SHP_7666,EXPRESS AIR,2010-03-04
SHP_7667,REGULAR AIR,2009-02-16
SHP_7668,REGULAR AIR,2010-01-12
SHP_7669,DELIVERY TRUCK,2010-01-13
SHP_7670,EXPRESS AIR,2010-01-12
SHP_7671,REGULAR AIR,2009-11-11
SHP_7672,REGULAR AIR,2010-06-05
SHP_7673,REGULAR AIR,2012-09-03
SHP_7674,REGULAR AIR,2012-09-10
SHP_7675,DELIVERY TRUCK,2010-07-29
SHP_7676,REGULAR AIR,2010-07-31
SHP_7677,REGULAR AIR,2010-04-20
SHP_7678,DELIVERY TRUCK,2010-04-22
SHP_7679,DELIVERY TRUCK,2009-07-04
SHP_7680,REGULAR AIR,2009-07-03
SHP_7681,REGULAR AIR,2012-12-17
SHP_7682,REGULAR AIR,2010-02-04
SHP_7683,EXPRESS AIR,2012-04-29
SHP_7684,REGULAR AIR,2012-04-30
SHP_7685,DELIVERY TRUCK,2011-07-03
SHP_7686,REGULAR AIR,2009-04-28
SHP_7687,DELIVERY TRUCK,2011-05-11
SHP_7688,REGULAR AIR,2011-05-15
SHP_7689,REGULAR AIR,2010-11-09
SHP_7690,DELIVERY TRUCK,2010-05-17
SHP_7691,REGULAR AIR,2011-04-20
SHP_7692,EXPRESS AIR,2012-09-14
SHP_7693,REGULAR AIR,2009-09-17
SHP_7694,DELIVERY TRUCK,2010-10-10
SHP_7695,EXPRESS AIR,2012-07-16
SHP_7696,DELIVERY TRUCK,2011-07-31
SHP_7697,DELIVERY TRUCK,2010-08-09
SHP_7698,REGULAR AIR,2010-08-11
SHP_7699,EXPRESS AIR,2011-04-10
SHP_7700,REGULAR AIR,2011-04-09
SHP_7701,EXPRESS AIR,2009-02-11
